{
  "engajamentoneural": 73.75739020581639,
  "cognitivedemand": 78.6742135694428,
  "focus": 15.094971315652316
}