{
  "engajamentoneural": 74.92252999985696,
  "cognitivedemand": 77.13458258957186,
  "focus": 18.993559569693772
}