{
  "engajamentoneural": 71.64253290177403,
  "cognitivedemand": 71.15250157258677,
  "focus": 7.911823392532247
}