{
  "engajamentoneural": 81.56614592494424,
  "cognitivedemand": 55.06683777890191,
  "focus": 12.930889015111413
}