{
  "engajamentoneural": 76.22623647539024,
  "cognitivedemand": 81.78761958006444,
  "focus": 7.823935191215248
}