{
  "engajamentoneural": 81.30510541135452,
  "cognitivedemand": 64.7473305607916,
  "focus": 27.14920621939021
}