{
  "tempos": [
    0.0,
    0.5,
    1.0,
    1.5,
    2.0,
    2.5,
    3.0,
    3.5,
    4.0,
    4.5,
    5.0,
    5.5,
    6.0,
    6.5,
    7.0,
    7.5,
    8.0,
    8.5,
    9.0,
    9.5,
    10.0
  ],
  "engajamentoneural": [
    61.678575184022996,
    69.41867178497043,
    79.11618635190814,
    85.4996699654494,
    87.87927628864897,
    87.49820357038091,
    85.50897942267044,
    82.89109475372234,
    80.38846932239814,
    78.33295365191523,
    76.74958914455429,
    75.60451370031666,
    74.8921156381242,
    74.54615960595865,
    74.3929721355128,
    74.2625240858496,
    74.11415008860803,
    74.0012879370314,
    73.94124205130164,
    73.89369647644006,
    73.85117334536389
  ],
  "cognitivedemand": [
    43.60757277012692,
    45.729639771433206,
    56.105448619658446,
    71.6683454249057,
    76.95293590416425,
    76.93019479201345,
    61.845724722149285,
    70.49479288547617,
    70.59144534902914,
    70.59098520577463,
    52.33041320194771,
    36.97484040287536,
    69.90143837685122,
    75.25736673459443,
    76.19397585293535,
    68.74409908877018,
    31.949602296896114,
    61.60862676122715,
    72.10446268458887,
    73.77328945673577,
    73.84394953222936
  ],
  "focus": [
    16.32473744732385,
    15.93989390278278,
    26.934192406631613,
    32.7658087802379,
    22.17908385992913,
    19.430391603473854,
    23.232738363354034,
    7.8968228299147425,
    8.368409279474221,
    8.791439545928435,
    8.799769727814013,
    10.907401187930088,
    31.870075838900632,
    35.69287393111785,
    25.296838813870053,
    18.07437181508198,
    14.034294318376155,
    9.567434827538209,
    19.61579993028747,
    19.67925385277337,
    15.47960450490124
  ]
}