{
  "tempos": [
    0.0,
    0.5,
    1.0,
    1.5,
    2.0,
    2.5,
    3.0,
    3.5,
    4.0,
    4.5,
    5.0,
    5.5,
    6.0,
    6.5,
    7.0,
    7.5,
    8.0,
    8.5,
    9.0,
    9.5,
    10.0
  ],
  "engajamentoneural": [
    61.720338592128776,
    69.03042880516665,
    78.02300090030045,
    83.63142672115113,
    85.06006891131736,
    83.3390043186195,
    79.68417778220899,
    75.45320837538291,
    71.79057072387491,
    69.20540446478257,
    67.63728925574338,
    66.78071549461986,
    66.34958737207744,
    66.19536657023497,
    66.29419242407056,
    66.64789981241422,
    67.18141998983009,
    67.72154309753327,
    68.0856951579439,
    68.21412938613062,
    68.2097602533589
  ],
  "cognitivedemand": [
    33.64229456386231,
    42.90362168180992,
    51.239792603544565,
    65.259785794229,
    71.39700099362243,
    71.91626078219642,
    71.99726629177522,
    66.76750662104664,
    64.35961521439833,
    71.0312710442218,
    71.25770819269852,
    71.45522211744579,
    69.9987028966466,
    54.70451355346346,
    65.54802226751556,
    69.56937585370957,
    69.69584692034982,
    69.69510911478751,
    69.69496999224252,
    69.69496195640131,
    69.6949697905337
  ],
  "focus": [
    24.830201832825427,
    21.256471937417494,
    15.525007164175168,
    22.40053329566562,
    64.43360769021739,
    66.7800730737835,
    58.27951910669777,
    46.333478933000286,
    19.105171597878705,
    10.186418881992019,
    34.21532573130939,
    38.80795261874331,
    29.572267574133086,
    19.90593152569076,
    9.575588929580597,
    13.660110238420895,
    16.730513365024027,
    17.6092136522775,
    14.507308064651815,
    16.031430656695967,
    16.112351180880374
  ]
}