{
  "engajamentoneural": 88.0283834188156,
  "cognitivedemand": 85.36182114954653,
  "focus": 8.302861983892363
}