{
  "engajamentoneural": 77.91600995495243,
  "cognitivedemand": 80.14477409443951,
  "focus": 12.235986730704829
}