{
  "engajamentoneural": 70.74003270742863,
  "cognitivedemand": 97.32993918647891,
  "focus": 7.960910123817544
}