{
  "engajamentoneural": 77.93287979469541,
  "cognitivedemand": 91.9266597939544,
  "focus": 8.376377930423896
}