{
  "engajamentoneural": 70.0290722776513,
  "cognitivedemand": 74.1172839403015,
  "focus": 10.907464078972207
}