{
  "engajamentoneural": 72.02314985519158,
  "cognitivedemand": 81.64753992518084,
  "focus": 24.194837013872938
}