{
  "engajamentoneural": 82.22875541271239,
  "cognitivedemand": 69.90241021872436,
  "focus": 47.51531790332931
}