{
  "engajamentoneural": 59.037658821269204,
  "cognitivedemand": 65.35827516778352,
  "focus": 44.43182210664291
}