{
  "engajamentoneural": 86.70896202091416,
  "cognitivedemand": 59.046059246139734,
  "focus": 9.955209303070923
}