{
  "engajamentoneural": 67.07921774419104,
  "cognitivedemand": 72.90618516082847,
  "focus": 8.143427233332723
}