{
  "engajamentoneural": 69.97624454153004,
  "cognitivedemand": 63.792058541071306,
  "focus": 9.256697640324907
}