{
  "engajamentoneural": 78.56493935487043,
  "cognitivedemand": 87.41025737934818,
  "focus": 11.149418123676934
}