{
  "engajamentoneural": 69.80208819861859,
  "cognitivedemand": 56.54348666005201,
  "focus": 8.119931674993985
}