{
  "engajamentoneural": 69.59695138193963,
  "cognitivedemand": 84.01841831641606,
  "focus": 7.876186717801947
}