{
  "engajamentoneural": 77.3614135142756,
  "cognitivedemand": 89.82062119877776,
  "focus": 14.344236595463089
}