{
  "engajamentoneural": 81.31076901580667,
  "cognitivedemand": 94.088630086255,
  "focus": 7.9730790268748075
}