{
  "engajamentoneural": 80.219430752485,
  "cognitivedemand": 85.3902424757278,
  "focus": 33.52757189352534
}