{
  "engajamentoneural": 73.65193784599518,
  "cognitivedemand": 90.62324848349904,
  "focus": 8.128671434599655
}