{
  "tempos": [
    0.0,
    0.5,
    1.0,
    1.5,
    2.0,
    2.5,
    3.0,
    3.5,
    4.0,
    4.5,
    5.0,
    5.5,
    6.0,
    6.5,
    7.0,
    7.5,
    8.0,
    8.5,
    9.0,
    9.5,
    10.0,
    10.5,
    11.0,
    11.5,
    12.0,
    12.5,
    13.0,
    13.5,
    14.0,
    14.5,
    15.0
  ],
  "engajamentoneural": [
    44.63901861658645,
    52.25925522660576,
    63.51452558077628,
    72.71740807652644,
    77.26482843763645,
    77.8495074674445,
    76.15326231370678,
    73.93559747650599,
    72.593437316122,
    72.71308723434231,
    74.03188113612954,
    75.82211579960708,
    77.36542792459305,
    78.23762235819052,
    78.36428836825333,
    77.9451738553221,
    77.3081603820749,
    76.71775586434424,
    76.240247547605,
    75.77021560710341,
    75.16897228185651,
    74.37229581656936,
    73.4034539043595,
    72.33775094705689,
    71.27546997688486,
    70.31344493730754,
    69.47674487979812,
    68.66261694062959,
    67.73348333973753,
    66.75079324057192,
    66.07145378915236
  ],
  "cognitivedemand": [
    23.12588268850417,
    28.66090424662666,
    45.17383274592484,
    47.129866650298204,
    47.22553269269356,
    47.22758748210914,
    46.32156985081266,
    31.840842072250354,
    43.16687339359963,
    50.900219756740526,
    54.21304715546013,
    54.68186185654516,
    54.681033186968875,
    54.22930021202662,
    35.776413283162945,
    29.880963657394595,
    38.924082678032576,
    47.69354918558301,
    51.18485014832544,
    51.27964054368713,
    51.28009181762853,
    51.55472783085503,
    51.70343428366648,
    51.61497599883395,
    51.19953096693422,
    30.058936275586404,
    33.53225427652701,
    41.06824364124419,
    41.77955243702799,
    41.781159090776484,
    41.78115910258566
  ],
  "focus": [
    8.088118947290038,
    46.28956968274479,
    31.62630718468383,
    12.377528546465566,
    19.1229399384992,
    22.445670564942418,
    20.75175226995217,
    10.598019358354126,
    19.936943253696167,
    26.77811108569291,
    28.031534575203803,
    17.806111918162348,
    14.245028630124414,
    11.318709406509777,
    10.581735597223753,
    8.648918146357923,
    8.554022806148513,
    18.860047645306413,
    42.57100617603851,
    31.830093080870455,
    22.127636567215433,
    20.47392778915336,
    22.094591366130285,
    23.323791844181137,
    22.563286205454272,
    19.310392832958364,
    34.64373457081886,
    58.711298799429414,
    52.33327293424379,
    41.35556347662034,
    28.387856136696414
  ]
}