{
  "engajamentoneural": 78.1157819850223,
  "cognitivedemand": 85.1239514461767,
  "focus": 16.020065481985178
}