{
  "engajamentoneural": 76.82969880190798,
  "cognitivedemand": 82.77924091500853,
  "focus": 18.873949607653493
}