{
  "engajamentoneural": 85.10016373167794,
  "cognitivedemand": 82.54565920425716,
  "focus": 10.258001811303451
}