{
  "engajamentoneural": 78.35522587413848,
  "cognitivedemand": 82.10642667655273,
  "focus": 32.77802139409239
}