{
  "engajamentoneural": 81.76736809556968,
  "cognitivedemand": 85.25547517512098,
  "focus": 14.900077351559137
}