{
  "engajamentoneural": 81.22144353680817,
  "cognitivedemand": 78.96957343233665,
  "focus": 7.834014512939569
}