{
  "engajamentoneural": 78.83320927769299,
  "cognitivedemand": 71.06948288459407,
  "focus": 8.058817094510795
}