{
  "engajamentoneural": 78.58838466669071,
  "cognitivedemand": 77.5869291506646,
  "focus": 8.035366213539884
}