{
  "engajamentoneural": 69.83217695889819,
  "cognitivedemand": 61.09636541357592,
  "focus": 13.289627174687734
}