{
  "engajamentoneural": 74.50192295971142,
  "cognitivedemand": 75.00259140408676,
  "focus": 7.934380661670648
}