{
  "engajamentoneural": 77.08038105704362,
  "cognitivedemand": 76.82622152664469,
  "focus": 13.98048746307705
}