{
  "engajamentoneural": 82.17320255649616,
  "cognitivedemand": 66.56982474295687,
  "focus": 11.358891891225586
}