{
  "engajamentoneural": 85.86870789188725,
  "cognitivedemand": 67.41449410961108,
  "focus": 9.128448155572322
}