{
  "engajamentoneural": 79.04124071846452,
  "cognitivedemand": 74.08519461000974,
  "focus": 7.837230750570678
}