{
  "tempos": [
    0.0,
    0.5,
    1.0,
    1.5,
    2.0,
    2.5,
    3.0,
    3.5,
    4.0,
    4.5,
    5.0,
    5.5,
    6.0,
    6.5,
    7.0,
    7.5,
    8.0,
    8.5,
    9.0,
    9.5,
    10.0,
    10.5,
    11.0,
    11.5,
    12.0,
    12.5,
    13.0,
    13.5,
    14.0,
    14.5,
    15.0
  ],
  "engajamentoneural": [
    48.50026477523615,
    55.679097912698175,
    65.78316306237824,
    73.51220919881402,
    76.84387538823688,
    76.60564097237238,
    74.45398714021874,
    72.07306632096645,
    70.66955945783262,
    70.63334316483548,
    71.63994280550634,
    73.03488190449647,
    74.20792218534447,
    74.8003599619364,
    74.76415909406302,
    74.3267281285532,
    73.85231155733028,
    73.61262097165631,
    73.62068930825296,
    73.67766747013619,
    73.56246275165897,
    73.17194522646561,
    72.53278880838741,
    71.74779085089193,
    70.94862462489016,
    70.25202063934537,
    69.68885909963319,
    69.15884213302752,
    68.52480536086938,
    67.81863865165408,
    67.31773914209914
  ],
  "cognitivedemand": [
    22.878428131533195,
    31.64349398755104,
    56.30473445031785,
    58.586372172619704,
    58.7060511299447,
    58.69991970063638,
    56.82914543413889,
    35.826362071766766,
    52.239316528133514,
    62.422028466745246,
    66.69056203392333,
    67.3293677375631,
    67.3305056728664,
    66.76550300034269,
    41.649312040980234,
    32.5823018265925,
    44.781730423416434,
    56.238211940661095,
    61.249762148663656,
    61.372672366975024,
    61.372720881024755,
    61.69953002205082,
    61.849515279808784,
    61.756841827193966,
    61.28269512727219,
    33.7316125663725,
    39.57277788199638,
    50.862923642089406,
    51.88358318528712,
    51.90113102709023,
    51.901101737540706
  ],
  "focus": [
    7.889314718953692,
    20.33540107656435,
    11.72582363204486,
    10.139101913966506,
    15.366781975919368,
    17.863795696720242,
    11.982432947780064,
    8.020576864630968,
    11.838662766464067,
    12.845422963560733,
    11.038391555873421,
    8.473559232518955,
    8.131936906104784,
    7.935378806738577,
    7.920712341210142,
    7.866056167760057,
    8.458441000492568,
    19.35361262619177,
    31.930296773246965,
    20.818532174731548,
    13.105164989876926,
    11.443753274225543,
    12.971698707006727,
    13.006716975790631,
    12.327099087380999,
    11.818246903853199,
    22.399862052554322,
    49.01673148628797,
    51.81251202723465,
    44.096338918307985,
    30.095795880435702
  ]
}