{
  "tempos": [
    0.0,
    0.5,
    1.0,
    1.5,
    2.0,
    2.5,
    3.0,
    3.5,
    4.0,
    4.5,
    5.0,
    5.5,
    6.0,
    6.5,
    7.0,
    7.5,
    8.0,
    8.5,
    9.0,
    9.5,
    10.0,
    10.5,
    11.0,
    11.5,
    12.0,
    12.5,
    13.0,
    13.5,
    14.0,
    14.5,
    15.0
  ],
  "engajamentoneural": [
    67.50207491547371,
    74.0403760554285,
    81.74144896566298,
    86.29728319132677,
    87.27571924137112,
    85.58957217642251,
    82.19312320977959,
    78.10191625771678,
    74.16091749328979,
    70.82796539028703,
    68.35668425814413,
    67.0284964469131,
    67.06618825946403,
    68.34610794051578,
    70.31065427707235,
    72.2489376458046,
    73.66705100666125,
    74.4193607830131,
    74.60858933264991,
    74.44202170135121,
    74.13081368316014,
    73.80783646463811,
    73.46564840959732,
    72.9789617049209,
    72.21844412919044,
    71.15592574442304,
    69.87029480134073,
    68.47935496747672,
    67.10759980410036,
    65.93872381247823,
    65.2415793008702
  ],
  "cognitivedemand": [
    24.952264961906657,
    60.892684524204626,
    74.36021338001146,
    74.98722352521762,
    75.0683404583852,
    75.16054793512573,
    75.22886109510239,
    75.30678729489473,
    75.37350828037295,
    75.09933797479626,
    33.53928432363547,
    35.31216190362136,
    45.18809841469117,
    54.42400617903244,
    68.99384124900034,
    70.30786276867543,
    70.50325691610684,
    71.0317196320547,
    69.9591682605274,
    69.74770108171788,
    34.19277661881763,
    46.86890080477472,
    54.01235949901289,
    61.00103446535823,
    61.242149439167626,
    61.34648983130912,
    61.467704576585405,
    61.6004951145264,
    61.72049580723157,
    61.81960466342809,
    61.932348391120264
  ],
  "focus": [
    11.537980890312213,
    8.961213071671756,
    8.767116643033882,
    14.517247773267753,
    15.254643314321267,
    19.45010384255761,
    17.430844669625163,
    17.144938714916286,
    17.88821626825756,
    17.31014354433141,
    18.696175816396146,
    11.00961410487201,
    18.494011729335806,
    29.745878946526666,
    13.982141882126184,
    8.305683450140386,
    7.855847114516312,
    7.874467883728168,
    7.8726341634118935,
    7.856900777089126,
    7.8628112227420255,
    13.59925957447896,
    45.17307034658566,
    38.975283159523485,
    36.982261776993916,
    24.18394771934974,
    23.62562234079935,
    25.30729211184344,
    28.260133289979635,
    30.474397435408623,
    32.952386632546485
  ]
}