{
  "tempos": [
    0.0,
    0.5,
    1.0,
    1.5,
    2.0,
    2.5,
    3.0,
    3.5,
    4.0,
    4.5,
    5.0,
    5.5,
    6.0,
    6.5,
    7.0,
    7.5,
    8.0,
    8.5,
    9.0,
    9.5,
    10.0,
    10.5,
    11.0,
    11.5,
    12.0,
    12.5,
    13.0,
    13.5,
    14.0,
    14.5,
    15.0
  ],
  "engajamentoneural": [
    64.34976039048196,
    71.56293520249748,
    80.29040522745049,
    85.68066045580254,
    87.17412745074864,
    85.81180894275163,
    82.62267285243398,
    78.67068622469564,
    74.88817245119405,
    71.7906552978821,
    69.53675555899768,
    68.12869464302392,
    67.47905892494703,
    67.39049229469492,
    67.59656288240315,
    67.86289329656499,
    68.04374287797127,
    68.05713174208535,
    67.84693323082513,
    67.40318183705517,
    66.82331183488553,
    66.32297414647739,
    66.13926077556496,
    66.38962720351691,
    67.00355789780106,
    67.76016473079427,
    68.36841934930904,
    68.55142821741227,
    68.1781399927137,
    67.43304022013352,
    66.82225727708776
  ],
  "cognitivedemand": [
    23.58889834866767,
    58.03174981251804,
    74.41108724956563,
    80.53045260846312,
    82.56907870208666,
    83.05797288450368,
    83.22141139236066,
    83.04318068207834,
    83.14528016851074,
    83.19757945417739,
    40.99647451411135,
    41.61559127897707,
    50.99653787475311,
    59.09513069031111,
    59.51404329102216,
    59.60298477384961,
    59.715522748273656,
    59.83084617323977,
    59.92474280938569,
    59.991005088079866,
    36.02563089131784,
    48.48040394799901,
    64.15776394072878,
    66.2660120249973,
    66.26532348834013,
    66.24920558656476,
    66.25281035380527,
    66.25870286671162,
    66.26429680682871,
    66.2694224492825,
    66.27883698377441
  ],
  "focus": [
    28.801039195562183,
    13.940356122841768,
    10.271984889114716,
    16.858696477458814,
    45.07810087982105,
    27.88887056796051,
    18.587592730359965,
    15.18522987999445,
    16.07429181897143,
    14.5006204589266,
    11.78968158453639,
    8.826512177407066,
    14.037673477045127,
    48.45305315375178,
    62.23043723281354,
    52.93418805282351,
    44.51069073548196,
    40.37542468128723,
    38.898619534138795,
    38.71076437770731,
    38.69270578407025,
    28.14675625927606,
    21.77023559159133,
    18.501646685826852,
    18.25501610779802,
    19.805160855395016,
    19.39212570493216,
    19.778992505963277,
    19.97079548205323,
    20.008924186182043,
    20.04740049578312
  ]
}