{
  "engajamentoneural": 15.48699266929821,
  "cognitivedemand": 33.08984674841275,
  "focus": 29.612006091640897
}