{
  "engajamentoneural": 81.92204366576239,
  "cognitivedemand": 63.96517581736902,
  "focus": 8.624827416822711
}