{
  "engajamentoneural": 81.53745890883813,
  "cognitivedemand": 55.048885015676895,
  "focus": 12.891255082818297
}