{
  "tempos": [
    0.0,
    0.5,
    1.0,
    1.5,
    2.0,
    2.5,
    3.0,
    3.5,
    4.0,
    4.5,
    5.0,
    5.5,
    6.0,
    6.5,
    7.0,
    7.5,
    8.0,
    8.5,
    9.0,
    9.5,
    10.0
  ],
  "engajamentoneural": [
    61.59526722803664,
    69.25019257438201,
    78.81577102569416,
    85.0570887717562,
    87.24611146170653,
    86.55355458933485,
    84.09896905095286,
    80.92690836995571,
    77.95910885660801,
    75.72783321221897,
    74.31216484755112,
    73.49868109236267,
    73.00239660245397,
    72.63765071298303,
    72.37379375862491,
    72.25993407575062,
    72.29315810392447,
    72.35838925383803,
    72.31008509788609,
    72.12330786117096,
    71.9440660296016
  ],
  "cognitivedemand": [
    43.60757829959344,
    45.732276349975066,
    55.97023603096899,
    71.47896361978651,
    77.34253350990016,
    77.77658127849338,
    77.83984899910725,
    72.53065661960726,
    65.872000839412,
    76.93206797020562,
    77.0689681174366,
    77.22394030999142,
    75.6278305034937,
    51.17528630127708,
    65.83007383983397,
    69.89112583990847,
    71.48672615989844,
    71.65923235641995,
    71.51569927926154,
    71.48220420604508,
    71.48283101569824
  ],
  "focus": [
    16.210271864085676,
    16.240976780734545,
    27.12388913401057,
    30.33734855421947,
    17.663519170592757,
    14.348389875089714,
    17.71013965053368,
    20.376202202986335,
    33.02284360065605,
    20.377661922263272,
    8.7632216774026,
    10.190398651502623,
    17.49426687874695,
    21.08242793771192,
    20.05540214872371,
    45.759398588217614,
    38.65139415111464,
    21.918990270866452,
    20.923184550542945,
    20.510962085995743,
    20.727835112031002
  ]
}