{
  "tempos": [
    0.0,
    0.5,
    1.0,
    1.5,
    2.0,
    2.5,
    3.0,
    3.5,
    4.0,
    4.5,
    5.0,
    5.5,
    6.0,
    6.5,
    7.0,
    7.5,
    8.0,
    8.5,
    9.0,
    9.5,
    10.0
  ],
  "engajamentoneural": [
    61.7333617774118,
    69.04086508762313,
    78.03417820776184,
    83.65632980955121,
    85.12835614995676,
    83.51486263545699,
    80.0666241389596,
    76.11065442626874,
    72.66732811009638,
    70.13651427693013,
    68.52259658541335,
    67.76324469704711,
    67.76267703454253,
    68.2527295467744,
    68.81488029260552,
    69.11907405883294,
    69.1041171887777,
    68.89421026149114,
    68.59933985113629,
    68.2797484764142,
    68.05053079682185
  ],
  "cognitivedemand": [
    33.64229456386231,
    42.90362288473681,
    51.13790505391384,
    65.08791988943415,
    71.70302167535151,
    71.86026570994316,
    60.77615960068091,
    78.10415458997014,
    81.3074272444497,
    81.95885159481175,
    59.096902499815705,
    33.861946751632686,
    62.913189758258206,
    68.61831999046859,
    69.69161327190837,
    62.712367240096306,
    29.62573190295706,
    51.550907033333075,
    58.9884007699263,
    60.29932025782562,
    60.43276081731327
  ],
  "focus": [
    25.55105435563321,
    21.375989796324898,
    14.666374675044041,
    22.27126843310914,
    65.90798985376999,
    68.07508897903267,
    47.07163243922191,
    10.264012929639588,
    20.89237405388228,
    17.850067920516544,
    15.660973353395097,
    18.06618339930435,
    10.210858144074304,
    19.4966769721714,
    18.59658363531191,
    17.11900265095367,
    17.7900351447308,
    12.466240587569331,
    39.797545248874094,
    33.103683706251445,
    26.017324840994185
  ]
}