{
  "engajamentoneural": 65.722363076036,
  "cognitivedemand": 65.5745449548038,
  "focus": 13.592502292904186,
  "embeddings": [
    0.19605760276317596,
    0.19268809258937836,
    -0.0438353605568409,
    0.2116096466779709,
    -0.21674744784832,
    0.00021360784012358636,
    -0.17012430727481842,
    -0.15506649017333984,
    -0.10579612106084824,
    -0.114357590675354
  ]
}