{
  "engajamentoneural": 78.45456924209789,
  "cognitivedemand": 70.71385401155077,
  "focus": 12.364318827522647,
  "embeddings": [
    0.1894979327917099,
    0.19161152839660645,
    -0.03190615400671959,
    0.211201012134552,
    -0.22107692062854767,
    -0.010507685132324696,
    -0.16691122949123383,
    -0.1527012139558792,
    -0.11086968332529068,
    -0.12693919241428375
  ]
}