{
  "engajamentoneural": 89.32851961730299,
  "cognitivedemand": 89.9355241850929,
  "focus": 13.863278290655812,
  "embeddings": [
    0.1984863132238388,
    0.18546277284622192,
    -0.04073936864733696,
    0.21281404793262482,
    -0.21685485541820526,
    -0.0013029157416895032,
    -0.16363872587680817,
    -0.1650000959634781,
    -0.09722373634576797,
    -0.11761830002069473
  ]
}