{
  "engajamentoneural": 84.58947092650064,
  "cognitivedemand": 82.35562974975198,
  "focus": 9.46236394084301,
  "embeddings": [
    0.2011280059814453,
    0.1914735585451126,
    -0.05113398656249046,
    0.2130168229341507,
    -0.2134377807378769,
    0.007634269539266825,
    -0.169497549533844,
    -0.1610664576292038,
    -0.09892475605010986,
    -0.10623659938573837
  ]
}