{
  "engajamentoneural": 76.999449466457,
  "cognitivedemand": 75.73623955946036,
  "focus": 9.028124631620727,
  "embeddings": [
    0.201604962348938,
    0.1911195069551468,
    -0.05171782895922661,
    0.21311581134796143,
    -0.21321283280849457,
    0.007853161543607712,
    -0.16956816613674164,
    -0.1612672209739685,
    -0.09879893809556961,
    -0.10578670352697372
  ]
}