{
  "engajamentoneural": 69.64582193022353,
  "cognitivedemand": 85.46465974061981,
  "focus": 8.479702437351788,
  "embeddings": [
    0.20260752737522125,
    0.1932469755411148,
    -0.05631783604621887,
    0.21377544105052948,
    -0.2113683670759201,
    0.010617471300065517,
    -0.1717156171798706,
    -0.15978334844112396,
    -0.10045308619737625,
    -0.10127288848161697
  ]
}