{
  "engajamentoneural": 78.50059244558246,
  "cognitivedemand": 81.86331839235847,
  "focus": 7.9861943220169485,
  "embeddings": [
    0.1979506015777588,
    0.19252461194992065,
    -0.047414302825927734,
    0.21241110563278198,
    -0.21507640182971954,
    0.0035055738408118486,
    -0.1699315458536148,
    -0.15740306675434113,
    -0.10337819904088974,
    -0.11054229736328125
  ]
}