{
  "engajamentoneural": 74.2528088628728,
  "cognitivedemand": 69.39140214261627,
  "focus": 13.456338503330812,
  "embeddings": [
    0.19115830957889557,
    0.18821243941783905,
    -0.030056653544306755,
    0.21112923324108124,
    -0.22168968617916107,
    -0.009522867389023304,
    -0.16392281651496887,
    -0.1577274203300476,
    -0.10525869578123093,
    -0.1280013471841812
  ]
}