{
  "engajamentoneural": 51.9697192421765,
  "cognitivedemand": 42.10788643292675,
  "focus": 18.40079068323668,
  "embeddings": [
    0.19784806668758392,
    0.1929558962583542,
    -0.04653865098953247,
    0.21236802637577057,
    -0.21547050774097443,
    0.004188465420156717,
    -0.1697760969400406,
    -0.15783679485321045,
    -0.1024789810180664,
    -0.11064683645963669
  ]
}