{
  "engajamentoneural": 79.42799713677131,
  "cognitivedemand": 66.6381079827692,
  "focus": 38.68090564886231,
  "embeddings": [
    0.1967058777809143,
    0.19276392459869385,
    -0.045710254460573196,
    0.21203738451004028,
    -0.21588172018527985,
    0.0011625256156548858,
    -0.17035789787769318,
    -0.15568287670612335,
    -0.10572709888219833,
    -0.11251873522996902
  ]
}