{
  "engajamentoneural": 73.09334304699628,
  "cognitivedemand": 42.770189221530316,
  "focus": 58.84423228770556,
  "embeddings": [
    0.19120649993419647,
    0.19321495294570923,
    -0.035409022122621536,
    0.21101118624210358,
    -0.22015781700611115,
    -0.005814871285110712,
    -0.1685926765203476,
    -0.15262776613235474,
    -0.10919195413589478,
    -0.12249615043401718
  ]
}