{
  "engajamentoneural": 72.31800098509598,
  "cognitivedemand": 76.18804903112199,
  "focus": 8.216588307398688,
  "embeddings": [
    0.1973608285188675,
    0.1893557757139206,
    -0.04270690679550171,
    0.21220438182353973,
    -0.21663109958171844,
    0.00018590611580293626,
    -0.16691303253173828,
    -0.16010506451129913,
    -0.10118123143911362,
    -0.11538562178611755
  ]
}