{
  "engajamentoneural": 81.07264240779809,
  "cognitivedemand": 77.39410054286833,
  "focus": 7.957789734041065,
  "embeddings": [
    0.19700853526592255,
    0.19149236381053925,
    -0.044122904539108276,
    0.21208076179027557,
    -0.21639306843280792,
    0.0017168596386909485,
    -0.16866153478622437,
    -0.15788328647613525,
    -0.10276626795530319,
    -0.1136535033583641
  ]
}