{
  "engajamentoneural": 89.13922561409183,
  "cognitivedemand": 61.54814609651014,
  "focus": 9.342141219296396,
  "embeddings": [
    0.1898985654115677,
    0.19365544617176056,
    -0.033965762704610825,
    0.21104450523853302,
    -0.22065865993499756,
    -0.007519014645367861,
    -0.1685669869184494,
    -0.1514759212732315,
    -0.11090580374002457,
    -0.12406017631292343
  ]
}