{
  "engajamentoneural": 67.73433033871503,
  "cognitivedemand": 84.85613167079543,
  "focus": 25.724469299977095,
  "embeddings": [
    0.1896267980337143,
    0.19560040533542633,
    -0.0358494333922863,
    0.21082954108715057,
    -0.22022797167301178,
    -0.006711233407258987,
    -0.17055802047252655,
    -0.14869126677513123,
    -0.11342068761587143,
    -0.12253109365701675
  ]
}