{
  "engajamentoneural": 78.34488278774714,
  "cognitivedemand": 76.12246827424197,
  "focus": 8.464067492993689,
  "embeddings": [
    0.18832218647003174,
    0.19416789710521698,
    -0.032237935811281204,
    0.20999382436275482,
    -0.22159604728221893,
    -0.010235642082989216,
    -0.16940730810165405,
    -0.1484227329492569,
    -0.1139008030295372,
    -0.12651629745960236
  ]
}