{
  "engajamentoneural": 90.12475108166117,
  "cognitivedemand": 81.75251566980144,
  "focus": 7.838095174750381,
  "embeddings": [
    0.19473563134670258,
    0.19438950717449188,
    -0.04395651817321777,
    0.21196961402893066,
    -0.21666060388088226,
    0.0001460411585867405,
    -0.17093296349048615,
    -0.1531289964914322,
    -0.10822701454162598,
    -0.11438766121864319
  ]
}