{
  "engajamentoneural": 80.51962023951722,
  "cognitivedemand": 66.52192621308824,
  "focus": 8.499077657678388,
  "embeddings": [
    0.20333586633205414,
    0.19035840034484863,
    -0.05296425521373749,
    0.213582381606102,
    -0.21244265139102936,
    0.009903126396238804,
    -0.1687365025281906,
    -0.1643214374780655,
    -0.09564671665430069,
    -0.10382307320833206
  ]
}