{
  "engajamentoneural": 49.9310319979018,
  "cognitivedemand": 32.171250657011626,
  "focus": 10.493865636392986,
  "embeddings": [
    0.1908801794052124,
    0.20091195404529572,
    -0.04500611126422882,
    0.21246467530727386,
    -0.2167678028345108,
    -0.0012496858835220337,
    -0.1756836175918579,
    -0.14472897350788116,
    -0.11772506684064865,
    -0.11353781819343567
  ]
}