{
  "engajamentoneural": 79.24411720302997,
  "cognitivedemand": 82.61990186781577,
  "focus": 8.127548074611912,
  "embeddings": [
    0.19427543878555298,
    0.1907465010881424,
    -0.03858937695622444,
    0.2117643803358078,
    -0.21839730441570282,
    -0.0032370174303650856,
    -0.1669839769601822,
    -0.1573847532272339,
    -0.10453575849533081,
    -0.11943880468606949
  ]
}