{
  "engajamentoneural": 84.79826885468012,
  "cognitivedemand": 52.16091622897299,
  "focus": 38.376227285929254,
  "embeddings": [
    0.18938088417053223,
    0.1930968314409256,
    -0.03266766294836998,
    0.2104390263557434,
    -0.2212294489145279,
    -0.009012754075229168,
    -0.16836011409759521,
    -0.15098057687282562,
    -0.11145017296075821,
    -0.12579327821731567
  ]
}