{
  "engajamentoneural": 67.60944230071452,
  "cognitivedemand": 75.35741585218997,
  "focus": 12.2020663563696,
  "embeddings": [
    0.19289112091064453,
    0.19434557855129242,
    -0.04033863544464111,
    0.211504265666008,
    -0.21808572113513947,
    -0.003032824955880642,
    -0.1703440099954605,
    -0.15201336145401,
    -0.10988780856132507,
    -0.11791034787893295
  ]
}