{
  "engajamentoneural": 79.00268235407289,
  "cognitivedemand": 37.954617917009884,
  "focus": 28.90649916975012,
  "embeddings": [
    0.18902814388275146,
    0.20254679024219513,
    -0.04301894083619118,
    0.2119399458169937,
    -0.21773116290569305,
    -0.002695944160223007,
    -0.1769505888223648,
    -0.1415048986673355,
    -0.12095911055803299,
    -0.11538270115852356
  ]
}