{
  "engajamentoneural": 74.58876079584395,
  "cognitivedemand": 66.87776171810879,
  "focus": 70.67981056509932,
  "embeddings": [
    0.18811984360218048,
    0.19570498168468475,
    -0.033362243324518204,
    0.21039831638336182,
    -0.22123205661773682,
    -0.00912403129041195,
    -0.1704527586698532,
    -0.14730291068553925,
    -0.11520370841026306,
    -0.12516199052333832
  ]
}