{
  "engajamentoneural": 39.374759629597044,
  "cognitivedemand": 38.2743460510782,
  "focus": 17.084414549006578,
  "embeddings": [
    0.2083139419555664,
    0.19768701493740082,
    -0.07226591557264328,
    0.2182675153017044,
    -0.2040649801492691,
    0.02288590930402279,
    -0.1758800745010376,
    -0.16176535189151764,
    -0.09907255321741104,
    -0.08499303460121155
  ]
}