{
  "engajamentoneural": 67.70018107969243,
  "cognitivedemand": 74.43791873966539,
  "focus": 11.538877240755374,
  "embeddings": [
    0.20875443518161774,
    0.191736102104187,
    -0.0648067370057106,
    0.21508587896823883,
    -0.20760869979858398,
    0.019111890345811844,
    -0.17143361270427704,
    -0.16624392569065094,
    -0.09290263056755066,
    -0.0919608473777771
  ]
}