{
  "engajamentoneural": 78.59395442593664,
  "cognitivedemand": 62.213779717994555,
  "focus": 23.455700301486427,
  "embeddings": [
    0.18988628685474396,
    0.19478553533554077,
    -0.03488742560148239,
    0.21073941886425018,
    -0.22057348489761353,
    -0.006255853921175003,
    -0.16957421600818634,
    -0.15021799504756927,
    -0.11146751791238785,
    -0.1230098083615303
  ]
}