{
  "engajamentoneural": 77.52311062365318,
  "cognitivedemand": 90.2597010463367,
  "focus": 9.675878096834634,
  "embeddings": [
    0.19246448576450348,
    0.19386102259159088,
    -0.03872179612517357,
    0.21146327257156372,
    -0.21876902878284454,
    -0.003320809220895171,
    -0.16935932636260986,
    -0.1529807597398758,
    -0.10870929807424545,
    -0.1192283034324646
  ]
}