{
  "engajamentoneural": 79.75929650504582,
  "cognitivedemand": 78.62102412333903,
  "focus": 11.346594540119437,
  "embeddings": [
    0.19881325960159302,
    0.19304639101028442,
    -0.0490073598921299,
    0.2125014215707779,
    -0.21453863382339478,
    0.005254529416561127,
    -0.17052684724330902,
    -0.15775024890899658,
    -0.10253544896841049,
    -0.10862011462450027
  ]
}