{
  "engajamentoneural": 81.25451509108754,
  "cognitivedemand": 78.16288152615304,
  "focus": 8.223832050543223,
  "embeddings": [
    0.19358091056346893,
    0.19040794670581818,
    -0.036825161427259445,
    0.21153195202350616,
    -0.21911996603012085,
    -0.004365240689367056,
    -0.16657763719558716,
    -0.1571209579706192,
    -0.10482408851385117,
    -0.12111961841583252
  ]
}