{
  "engajamentoneural": 82.25287843036995,
  "cognitivedemand": 91.68847896641562,
  "focus": 8.317298023806806,
  "embeddings": [
    0.20459257066249847,
    0.19126830995082855,
    -0.05772634968161583,
    0.21447688341140747,
    -0.21044252812862396,
    0.012287542223930359,
    -0.17028014361858368,
    -0.16352690756320953,
    -0.09673070162534714,
    -0.09989604353904724
  ]
}