{
  "engajamentoneural": 38.921223319589195,
  "cognitivedemand": 43.513786224841844,
  "focus": 50.87768318549889,
  "embeddings": [
    0.201480433344841,
    0.20130209624767303,
    -0.06574715673923492,
    0.21433866024017334,
    -0.20821388065814972,
    0.013012290000915527,
    -0.1808069944381714,
    -0.14803940057754517,
    -0.11273518949747086,
    -0.09381064027547836
  ]
}