{
  "engajamentoneural": 72.30728324281361,
  "cognitivedemand": 49.661642494698214,
  "focus": 33.74012679302978,
  "embeddings": [
    0.1863601803779602,
    0.1938651204109192,
    -0.02785242535173893,
    0.20953911542892456,
    -0.22336705029010773,
    -0.013055124320089817,
    -0.1683405041694641,
    -0.14825664460659027,
    -0.11432504653930664,
    -0.13059182465076447
  ]
}