{
  "engajamentoneural": 81.94218578978298,
  "cognitivedemand": 72.40526856896068,
  "focus": 9.609237116978765,
  "embeddings": [
    0.1896928995847702,
    0.1905144304037094,
    -0.030306754633784294,
    0.21081572771072388,
    -0.22194184362888336,
    -0.009716280736029148,
    -0.16563567519187927,
    -0.15437038242816925,
    -0.10821374505758286,
    -0.12803785502910614
  ]
}