{
  "engajamentoneural": 74.34199948910441,
  "cognitivedemand": 69.68209638950547,
  "focus": 7.848656841204016,
  "embeddings": [
    0.1921253204345703,
    0.19913382828235626,
    -0.04451693221926689,
    0.21274375915527344,
    -0.2166575789451599,
    -0.000749077124055475,
    -0.1742643266916275,
    -0.14733976125717163,
    -0.11507833003997803,
    -0.11368592828512192
  ]
}