{
  "engajamentoneural": 77.45235992547723,
  "cognitivedemand": 64.99890910992663,
  "focus": 16.977635630080368,
  "embeddings": [
    0.19299058616161346,
    0.19419074058532715,
    -0.03889147564768791,
    0.2121172994375229,
    -0.21858739852905273,
    -0.001428956282325089,
    -0.16865749657154083,
    -0.15484777092933655,
    -0.10693416744470596,
    -0.1180974543094635
  ]
}