{
  "engajamentoneural": 76.96590000461462,
  "cognitivedemand": 71.95647100502913,
  "focus": 11.992367262945546,
  "embeddings": [
    0.18895864486694336,
    0.19016684591770172,
    -0.028147516772150993,
    0.21003776788711548,
    -0.22275955975055695,
    -0.011869559995830059,
    -0.1654772311449051,
    -0.1539943963289261,
    -0.10869938880205154,
    -0.13001008331775665
  ]
}