{
  "engajamentoneural": 89.3371253434446,
  "cognitivedemand": 85.45863971483469,
  "focus": 8.157218472897254,
  "embeddings": [
    0.19290487468242645,
    0.19043706357479095,
    -0.03580394387245178,
    0.21170414984226227,
    -0.2195214480161667,
    -0.005243832711130381,
    -0.1662868857383728,
    -0.1568622589111328,
    -0.10541286319494247,
    -0.12223657965660095
  ]
}