{
  "engajamentoneural": 87.05696528356923,
  "cognitivedemand": 72.67449644501353,
  "focus": 7.990904187275838,
  "embeddings": [
    0.19172106683254242,
    0.18770788609981537,
    -0.030230553820729256,
    0.2104353904724121,
    -0.22170870006084442,
    -0.009607580490410328,
    -0.16396617889404297,
    -0.15818731486797333,
    -0.10410920530557632,
    -0.1276552379131317
  ]
}