{
  "engajamentoneural": 83.74210020133454,
  "cognitivedemand": 71.34132274811324,
  "focus": 7.986791817917505,
  "embeddings": [
    0.19295962154865265,
    0.1858840435743332,
    -0.030294334515929222,
    0.2111121565103531,
    -0.22149209678173065,
    -0.008017049171030521,
    -0.16193163394927979,
    -0.1618601679801941,
    -0.10037939995527267,
    -0.1274622231721878
  ]
}