{
  "engajamentoneural": 78.25496931775525,
  "cognitivedemand": 76.9828260270249,
  "focus": 14.275394172782295,
  "embeddings": [
    0.18895860016345978,
    0.1947864443063736,
    -0.0345977246761322,
    0.21020913124084473,
    -0.22067219018936157,
    -0.009273221716284752,
    -0.1706627607345581,
    -0.14763808250427246,
    -0.11496400833129883,
    -0.12450418621301651
  ]
}