{
  "engajamentoneural": 66.17849729896416,
  "cognitivedemand": 75.53410115113203,
  "focus": 8.680293107741832,
  "embeddings": [
    0.20398986339569092,
    0.19504188001155853,
    -0.060975342988967896,
    0.2142147421836853,
    -0.2095751017332077,
    0.014027352444827557,
    -0.17394624650478363,
    -0.15855459868907928,
    -0.10129791498184204,
    -0.09674910455942154
  ]
}