{
  "engajamentoneural": 78.05965089368156,
  "cognitivedemand": 37.586023704929744,
  "focus": 12.037742898346938,
  "embeddings": [
    0.19391018152236938,
    0.19231273233890533,
    -0.03914984315633774,
    0.21097783744335175,
    -0.2185947746038437,
    -0.0027760483790189028,
    -0.16881217062473297,
    -0.15497630834579468,
    -0.10612266510725021,
    -0.11859023571014404
  ]
}