{
  "engajamentoneural": 83.81723078270345,
  "cognitivedemand": 72.80132570012185,
  "focus": 8.866472038900163,
  "embeddings": [
    0.20136409997940063,
    0.19077914953231812,
    -0.05073222890496254,
    0.21274511516094208,
    -0.2136979103088379,
    0.007417270448058844,
    -0.1692555695772171,
    -0.1613934189081192,
    -0.09845498949289322,
    -0.10671035200357437
  ]
}