{
  "engajamentoneural": 71.55209926327191,
  "cognitivedemand": 78.35423518145059,
  "focus": 7.849789546936892,
  "embeddings": [
    0.20141442120075226,
    0.18972671031951904,
    -0.05001191794872284,
    0.21310065686702728,
    -0.21377356350421906,
    0.0066152471117675304,
    -0.16829197108745575,
    -0.16233034431934357,
    -0.09820855408906937,
    -0.10758032649755478
  ]
}