{
  "engajamentoneural": 79.61813600333151,
  "cognitivedemand": 83.23423346757305,
  "focus": 8.01543418576145,
  "embeddings": [
    0.1958032250404358,
    0.19394426047801971,
    -0.046083349734544754,
    0.21207427978515625,
    -0.215719535946846,
    0.0004047794791404158,
    -0.17138826847076416,
    -0.1533145159482956,
    -0.10808151215314865,
    -0.11261653155088425
  ]
}