{
  "engajamentoneural": 70.58694084937741,
  "cognitivedemand": 65.27279475026823,
  "focus": 10.70545598074688,
  "embeddings": [
    0.19776023924350739,
    0.19058692455291748,
    -0.044286321848630905,
    0.21237333118915558,
    -0.21614259481430054,
    0.0024135862477123737,
    -0.16767919063568115,
    -0.15984821319580078,
    -0.10084176808595657,
    -0.11326899379491806
  ]
}