{
  "engajamentoneural": 74.65923827464648,
  "cognitivedemand": 71.60081987635716,
  "focus": 7.932625415742134,
  "embeddings": [
    0.19887793064117432,
    0.18813230097293854,
    -0.044027019292116165,
    0.21224750578403473,
    -0.21603989601135254,
    0.0016539957141503692,
    -0.16631077229976654,
    -0.16215753555297852,
    -0.09872522950172424,
    -0.11405793577432632
  ]
}