{
  "engajamentoneural": 82.41546016870018,
  "cognitivedemand": 69.68597245500415,
  "focus": 8.818842096372803,
  "embeddings": [
    0.18792100250720978,
    0.19264130294322968,
    -0.029292866587638855,
    0.2100074142217636,
    -0.22264324128627777,
    -0.01143192034214735,
    -0.16749103367328644,
    -0.15053246915340424,
    -0.11193978041410446,
    -0.12909850478172302
  ]
}