{
  "engajamentoneural": 71.76877878270724,
  "cognitivedemand": 51.04028798527687,
  "focus": 10.816696781645696,
  "embeddings": [
    0.197405144572258,
    0.19005556404590607,
    -0.04229021072387695,
    0.21223993599414825,
    -0.21688295900821686,
    0.0014838249189779162,
    -0.16679824888706207,
    -0.1608644723892212,
    -0.09995497018098831,
    -0.11486825346946716
  ]
}