{
  "engajamentoneural": 70.82075917517302,
  "cognitivedemand": 79.81049462062518,
  "focus": 10.039384496608662,
  "embeddings": [
    0.18919342756271362,
    0.1928614228963852,
    -0.03156062588095665,
    0.21041850745677948,
    -0.22166156768798828,
    -0.009118893183767796,
    -0.16768121719360352,
    -0.1516706347465515,
    -0.11064962297677994,
    -0.12662316858768463
  ]
}