{
  "engajamentoneural": 71.48839224743246,
  "cognitivedemand": 73.51830483249846,
  "focus": 8.597882412566848,
  "embeddings": [
    0.20112194120883942,
    0.19388337433338165,
    -0.0550774484872818,
    0.2133447676897049,
    -0.21189145743846893,
    0.008746715262532234,
    -0.17239798605442047,
    -0.15740947425365448,
    -0.1029081866145134,
    -0.10302235931158066
  ]
}