{
  "engajamentoneural": 71.649349784032,
  "cognitivedemand": 88.37206306776912,
  "focus": 7.8478112644434495,
  "embeddings": [
    0.1979035586118698,
    0.1941520720720291,
    -0.04838235303759575,
    0.21249592304229736,
    -0.2148907333612442,
    0.004804534371942282,
    -0.17134778201580048,
    -0.15574045479297638,
    -0.10479024052619934,
    -0.10921094566583633
  ]
}