{
  "engajamentoneural": 80.03253341858134,
  "cognitivedemand": 68.32656662961463,
  "focus": 8.749560034232552,
  "embeddings": [
    0.19577331840991974,
    0.19077865779399872,
    -0.04081203415989876,
    0.2120293527841568,
    -0.21755705773830414,
    -0.000303611159324646,
    -0.16717404127120972,
    -0.15876571834087372,
    -0.10248300433158875,
    -0.11677958816289902
  ]
}