{
  "engajamentoneural": 89.35036288814149,
  "cognitivedemand": 71.39231201946068,
  "focus": 7.868903577160635,
  "embeddings": [
    0.19128255546092987,
    0.1876160055398941,
    -0.029470106586813927,
    0.21020662784576416,
    -0.2220628261566162,
    -0.010394285432994366,
    -0.16394160687923431,
    -0.1576690375804901,
    -0.10457441955804825,
    -0.12858590483665466
  ]
}