{
  "engajamentoneural": 78.6387857671501,
  "cognitivedemand": 77.8656119356052,
  "focus": 39.841378752294055,
  "embeddings": [
    0.1970863938331604,
    0.18288324773311615,
    -0.03126973286271095,
    0.212558314204216,
    -0.22041483223438263,
    -0.002178928814828396,
    -0.15797202289104462,
    -0.17145805060863495,
    -0.08989965915679932,
    -0.12458498030900955
  ]
}