{
  "engajamentoneural": 85.15670057389372,
  "cognitivedemand": 85.96450405825307,
  "focus": 8.984506654815739,
  "embeddings": [
    0.18911604583263397,
    0.19107668101787567,
    -0.029799604788422585,
    0.21034793555736542,
    -0.22219641506671906,
    -0.010474043898284435,
    -0.16613832116127014,
    -0.15336687862873077,
    -0.109156034886837,
    -0.1285194605588913
  ]
}