{
  "engajamentoneural": 74.29694574919027,
  "cognitivedemand": 55.40087345949407,
  "focus": 8.005532227431988,
  "embeddings": [
    0.20483772456645966,
    0.19009576737880707,
    -0.05622369050979614,
    0.21438777446746826,
    -0.21098433434963226,
    0.01178160309791565,
    -0.16908641159534454,
    -0.16539208590984344,
    -0.09498531371355057,
    -0.10108020156621933
  ]
}