{
  "engajamentoneural": 75.419773366113,
  "cognitivedemand": 76.60208698070137,
  "focus": 14.506315680618776,
  "embeddings": [
    0.1955946683883667,
    0.1929338574409485,
    -0.04364350438117981,
    0.21177919209003448,
    -0.21669022738933563,
    1.6184678315767087e-05,
    -0.169892355799675,
    -0.15526045858860016,
    -0.10603252053260803,
    -0.1145772859454155
  ]
}