{
  "engajamentoneural": 46.12941120917524,
  "cognitivedemand": 60.48631929636402,
  "focus": 9.489881939455703,
  "embeddings": [
    0.19106237590312958,
    0.19151276350021362,
    -0.03368842229247093,
    0.2118610292673111,
    -0.22028081119060516,
    -0.007342958357185125,
    -0.16648297011852264,
    -0.1549844890832901,
    -0.10821279883384705,
    -0.12432476133108139
  ]
}