{
  "engajamentoneural": 79.750375768304,
  "cognitivedemand": 67.26506504378646,
  "focus": 15.303499511143803,
  "embeddings": [
    0.19320183992385864,
    0.1916906088590622,
    -0.03671030327677727,
    0.21105585992336273,
    -0.21944737434387207,
    -0.003988166805356741,
    -0.1675090342760086,
    -0.1559380739927292,
    -0.10543525964021683,
    -0.12081722170114517
  ]
}