{
  "engajamentoneural": 86.58524159066052,
  "cognitivedemand": 92.73551592366412,
  "focus": 12.248469256341622,
  "embeddings": [
    0.18830464780330658,
    0.1912391632795334,
    -0.028534049168229103,
    0.21009336411952972,
    -0.22269482910633087,
    -0.012154944241046906,
    -0.1663784384727478,
    -0.15220396220684052,
    -0.11060824990272522,
    -0.12996239960193634
  ]
}