{
  "engajamentoneural": 68.97373652571058,
  "cognitivedemand": 48.43738469485632,
  "focus": 10.705226873806017,
  "embeddings": [
    0.1864343285560608,
    0.19599907100200653,
    -0.031040264293551445,
    0.20941193401813507,
    -0.22236418724060059,
    -0.010953021235764027,
    -0.17049521207809448,
    -0.1458309292793274,
    -0.11630664020776749,
    -0.1275552362203598
  ]
}