{
  "engajamentoneural": 73.72800165463701,
  "cognitivedemand": 61.74358383923021,
  "focus": 8.280696133230837,
  "embeddings": [
    0.19807489216327667,
    0.19017183780670166,
    -0.04422460123896599,
    0.21230165660381317,
    -0.21619091928005219,
    0.0028632518369704485,
    -0.1673506498336792,
    -0.16053852438926697,
    -0.0998695120215416,
    -0.11321709305047989
  ]
}