{
  "engajamentoneural": 66.5397056651143,
  "cognitivedemand": 75.86928447492784,
  "focus": 8.629919191379543,
  "embeddings": [
    0.20300842821598053,
    0.18930940330028534,
    -0.05209321156144142,
    0.213553786277771,
    -0.21272335946559906,
    0.009248895570635796,
    -0.16788668930530548,
    -0.1648237556219101,
    -0.09523501247167587,
    -0.1053265854716301
  ]
}