{
  "engajamentoneural": 88.81059750388611,
  "cognitivedemand": 83.77761648164702,
  "focus": 10.445523418335645,
  "embeddings": [
    0.1881762146949768,
    0.19316484034061432,
    -0.03084256686270237,
    0.2101278156042099,
    -0.22203780710697174,
    -0.01113023143261671,
    -0.16845732927322388,
    -0.14952072501182556,
    -0.113148033618927,
    -0.12802216410636902
  ]
}