{
  "engajamentoneural": 59.474513215867454,
  "cognitivedemand": 69.43358220625892,
  "focus": 21.747002124864924,
  "embeddings": [
    0.21142025291919708,
    0.189408078789711,
    -0.0657331570982933,
    0.21546417474746704,
    -0.20686765015125275,
    0.020066097378730774,
    -0.16984665393829346,
    -0.17019645869731903,
    -0.08878233283758163,
    -0.09067979454994202
  ]
}