{
  "engajamentoneural": 81.65606383954857,
  "cognitivedemand": 77.74127175249026,
  "focus": 11.027139934643193,
  "embeddings": [
    0.19513726234436035,
    0.1892288327217102,
    -0.03849374130368233,
    0.21206732094287872,
    -0.21825699508190155,
    -0.003063193755224347,
    -0.1658163070678711,
    -0.15964090824127197,
    -0.10243866592645645,
    -0.11949612945318222
  ]
}