{
  "engajamentoneural": 75.70024001823434,
  "cognitivedemand": 83.10709412337431,
  "focus": 7.9439878533656305,
  "embeddings": [
    0.19951991736888885,
    0.1891172081232071,
    -0.0460936613380909,
    0.21272970736026764,
    -0.21523769199848175,
    0.0033493235241621733,
    -0.1671355813741684,
    -0.16188110411167145,
    -0.09903315454721451,
    -0.11174830049276352
  ]
}