{
  "engajamentoneural": 78.92801407626501,
  "cognitivedemand": 88.26132985643099,
  "focus": 8.010084557854992,
  "embeddings": [
    0.19600041210651398,
    0.19672821462154388,
    -0.04849374294281006,
    0.2125948667526245,
    -0.21497082710266113,
    0.0036062486469745636,
    -0.17320401966571808,
    -0.15183575451374054,
    -0.10929781943559647,
    -0.10955530405044556
  ]
}