{
  "engajamentoneural": 78.22942216457969,
  "cognitivedemand": 71.54767108498332,
  "focus": 12.14235459714561,
  "embeddings": [
    0.18731705844402313,
    0.19584088027477264,
    -0.03284510597586632,
    0.2100142240524292,
    -0.2215142399072647,
    -0.010573201812803745,
    -0.1709236055612564,
    -0.1458384245634079,
    -0.11672717332839966,
    -0.12630900740623474
  ]
}