{
  "engajamentoneural": 75.13645827651476,
  "cognitivedemand": 63.15038956770933,
  "focus": 8.169766394110201,
  "embeddings": [
    0.18761473894119263,
    0.19291190803050995,
    -0.029596753418445587,
    0.21022073924541473,
    -0.22247715294361115,
    -0.011600349098443985,
    -0.16765284538269043,
    -0.15004795789718628,
    -0.11275795102119446,
    -0.1291131228208542
  ]
}