{
  "engajamentoneural": 68.7907662522298,
  "cognitivedemand": 48.46901997512564,
  "focus": 10.678924536656954,
  "embeddings": [
    0.18685273826122284,
    0.19594918191432953,
    -0.03174630180001259,
    0.20951932668685913,
    -0.2220703363418579,
    -0.01031662616878748,
    -0.17055654525756836,
    -0.14618749916553497,
    -0.11587744951248169,
    -0.12682974338531494
  ]
}