{
  "engajamentoneural": 72.99531930673676,
  "cognitivedemand": 64.29902078174523,
  "focus": 12.644277994512688,
  "embeddings": [
    0.20423810184001923,
    0.19340109825134277,
    -0.05853317677974701,
    0.21329949796199799,
    -0.21067661046981812,
    0.013115464709699154,
    -0.17261409759521484,
    -0.160435751080513,
    -0.09870842844247818,
    -0.09869471937417984
  ]
}