{
  "engajamentoneural": 84.74204967832574,
  "cognitivedemand": 85.98908794915359,
  "focus": 7.852126846900798,
  "embeddings": [
    0.20332692563533783,
    0.19322019815444946,
    -0.05734969675540924,
    0.2137882560491562,
    -0.2109498828649521,
    0.011676094494760036,
    -0.17194323241710663,
    -0.1603468805551529,
    -0.0996333435177803,
    -0.10010388493537903
  ]
}