{
  "engajamentoneural": 73.55242528677638,
  "cognitivedemand": 62.10263501293972,
  "focus": 9.618571599905579,
  "embeddings": [
    0.18922317028045654,
    0.19296389818191528,
    -0.03182769566774368,
    0.21068590879440308,
    -0.2215508222579956,
    -0.008844738826155663,
    -0.1676853895187378,
    -0.15182600915431976,
    -0.11055710166692734,
    -0.12625138461589813
  ]
}