{
  "engajamentoneural": 77.20142083637174,
  "cognitivedemand": 73.48987034644956,
  "focus": 21.37545769222353,
  "embeddings": [
    0.19065959751605988,
    0.19346249103546143,
    -0.03600386902689934,
    0.2109031230211258,
    -0.21986635029315948,
    -0.007465009111911058,
    -0.1693800836801529,
    -0.15084415674209595,
    -0.11173853278160095,
    -0.12281056493520737
  ]
}