{
  "engajamentoneural": 72.29012783533972,
  "cognitivedemand": 70.95849370997747,
  "focus": 15.329412934388277,
  "embeddings": [
    0.19401784241199493,
    0.19180864095687866,
    -0.039373088628053665,
    0.2120276689529419,
    -0.21814388036727905,
    -0.0030758148059248924,
    -0.1679222583770752,
    -0.15603356063365936,
    -0.10613217949867249,
    -0.1186155378818512
  ]
}