{
  "engajamentoneural": 69.17993324030579,
  "cognitivedemand": 72.95795154082614,
  "focus": 18.770320285689923,
  "embeddings": [
    0.18866465985774994,
    0.19455671310424805,
    -0.03291231393814087,
    0.21021628379821777,
    -0.22129221260547638,
    -0.009014678187668324,
    -0.16951893270015717,
    -0.14884494245052338,
    -0.11342623829841614,
    -0.12561413645744324
  ]
}