{
  "engajamentoneural": 91.5674634746211,
  "cognitivedemand": 87.4798978443862,
  "focus": 9.140189015424859,
  "embeddings": [
    0.18862517178058624,
    0.19363130629062653,
    -0.03146856650710106,
    0.21088986098766327,
    -0.2216576337814331,
    -0.009094235487282276,
    -0.16795898973941803,
    -0.15101172029972076,
    -0.11163568496704102,
    -0.1265844851732254
  ]
}