{
  "engajamentoneural": 69.35228155693167,
  "cognitivedemand": 81.55988369803305,
  "focus": 10.250950389714419,
  "embeddings": [
    0.2035229355096817,
    0.19126339256763458,
    -0.055648889392614365,
    0.2137676477432251,
    -0.21145693957805634,
    0.011060334742069244,
    -0.17004449665546417,
    -0.162669837474823,
    -0.09731275588274002,
    -0.10188961774110794
  ]
}