{
  "engajamentoneural": 72.19371959647599,
  "cognitivedemand": 85.10139126765257,
  "focus": 8.29352229077822,
  "embeddings": [
    0.19845141470432281,
    0.19532394409179688,
    -0.050773005932569504,
    0.21289213001728058,
    -0.21398524940013885,
    0.006522274110466242,
    -0.17246389389038086,
    -0.1550856977701187,
    -0.10535534471273422,
    -0.10675793886184692
  ]
}