{
  "engajamentoneural": 79.81418780834306,
  "cognitivedemand": 89.53916179193197,
  "focus": 7.830006733982797,
  "embeddings": [
    0.19219224154949188,
    0.19185467064380646,
    -0.036215730011463165,
    0.2112734168767929,
    -0.2196015864610672,
    -0.005220435094088316,
    -0.16768865287303925,
    -0.1543901562690735,
    -0.10744035243988037,
    -0.12203097343444824
  ]
}