{
  "engajamentoneural": 69.85968953491384,
  "cognitivedemand": 46.29716186117185,
  "focus": 55.482938886864815,
  "embeddings": [
    0.21200330555438995,
    0.19995276629924774,
    -0.07922547310590744,
    0.216026172041893,
    -0.2025417536497116,
    0.02870982140302658,
    -0.18084420263767242,
    -0.15891122817993164,
    -0.09874498099088669,
    -0.07759199291467667
  ]
}