{
  "engajamentoneural": 83.71526942139005,
  "cognitivedemand": 52.677791928956594,
  "focus": 39.54284302666443,
  "embeddings": [
    0.18870629370212555,
    0.19454710185527802,
    -0.033527713268995285,
    0.2101319581270218,
    -0.2211310863494873,
    -0.009496090933680534,
    -0.17005306482315063,
    -0.14818833768367767,
    -0.11420676112174988,
    -0.12529900670051575
  ]
}