{
  "engajamentoneural": 71.1783914545413,
  "cognitivedemand": 69.02614727619599,
  "focus": 8.780631476134548,
  "embeddings": [
    0.1985064297914505,
    0.1925368309020996,
    -0.04784997180104256,
    0.2125607579946518,
    -0.2148951292037964,
    0.004833833780139685,
    -0.16976314783096313,
    -0.1581653207540512,
    -0.10213959962129593,
    -0.1096811592578888
  ]
}