{
  "engajamentoneural": 39.55065730880277,
  "cognitivedemand": 86.56239682055666,
  "focus": 29.573527803072686,
  "embeddings": [
    0.19586873054504395,
    0.19493849575519562,
    -0.045505791902542114,
    0.21115459501743317,
    -0.21636341512203217,
    0.00209884368814528,
    -0.17199386656284332,
    -0.152974933385849,
    -0.1069883406162262,
    -0.11233729869127274
  ]
}