{
  "engajamentoneural": 70.69845074455905,
  "cognitivedemand": 48.132334201567886,
  "focus": 27.578296992793415,
  "embeddings": [
    0.1945403814315796,
    0.1925422102212906,
    -0.04076037183403969,
    0.21170087158679962,
    -0.21781910955905914,
    -0.0014670295640826225,
    -0.16883140802383423,
    -0.15553739666938782,
    -0.10578638315200806,
    -0.11693287640810013
  ]
}