{
  "engajamentoneural": 68.67389993684426,
  "cognitivedemand": 80.35373627435136,
  "focus": 42.99686945233334,
  "embeddings": [
    0.18902425467967987,
    0.19345730543136597,
    -0.03188219666481018,
    0.21075816452503204,
    -0.2215161770582199,
    -0.008674168027937412,
    -0.1679222583770752,
    -0.15138836205005646,
    -0.11111555248498917,
    -0.12615205347537994
  ]
}