{
  "engajamentoneural": 72.39726820033661,
  "cognitivedemand": 57.90979440817121,
  "focus": 10.04626721191797,
  "embeddings": [
    0.19202864170074463,
    0.19263426959514618,
    -0.03654174879193306,
    0.2115393877029419,
    -0.2194775491952896,
    -0.0049146325327456,
    -0.16799099743366241,
    -0.1542545109987259,
    -0.10788863897323608,
    -0.12138115614652634
  ]
}