{
  "engajamentoneural": 75.38231834143564,
  "cognitivedemand": 86.43359605090947,
  "focus": 7.86538237277159,
  "embeddings": [
    0.195963516831398,
    0.18887518346309662,
    -0.039251960813999176,
    0.21195675432682037,
    -0.21805234253406525,
    -0.0015837360406294465,
    -0.16563791036605835,
    -0.1604069471359253,
    -0.10104260593652725,
    -0.11849433928728104
  ]
}