{
  "engajamentoneural": 93.64463673476307,
  "cognitivedemand": 89.03133026034305,
  "focus": 7.836747111323006,
  "embeddings": [
    0.18993021547794342,
    0.19038765132427216,
    -0.03020717203617096,
    0.21067024767398834,
    -0.22190631926059723,
    -0.009597121737897396,
    -0.16552914679050446,
    -0.15484179556369781,
    -0.1076604500412941,
    -0.12787790596485138
  ]
}