{
  "engajamentoneural": 88.22157036110731,
  "cognitivedemand": 82.93374624022024,
  "focus": 10.144238790827309,
  "embeddings": [
    0.20112890005111694,
    0.19115610420703888,
    -0.05097919702529907,
    0.21309638023376465,
    -0.2134011834859848,
    0.007515649776905775,
    -0.1692006140947342,
    -0.1612459421157837,
    -0.09887492656707764,
    -0.10649735480546951
  ]
}