{
  "engajamentoneural": 75.62149445138544,
  "cognitivedemand": 56.12646697173895,
  "focus": 8.938992745128992,
  "embeddings": [
    0.1995098739862442,
    0.19035661220550537,
    -0.04645027220249176,
    0.21241076290607452,
    -0.21533851325511932,
    0.004747651983052492,
    -0.16792427003383636,
    -0.1614973396062851,
    -0.09870180487632751,
    -0.11069845408201218
  ]
}