{
  "engajamentoneural": 86.62902245586254,
  "cognitivedemand": 80.76640834195813,
  "focus": 15.287803380816033,
  "embeddings": [
    0.20681948959827423,
    0.19008056819438934,
    -0.06005546823143959,
    0.2147189825773239,
    -0.2093774527311325,
    0.01447646226733923,
    -0.16981707513332367,
    -0.16621480882167816,
    -0.093708336353302,
    -0.09733205288648605
  ]
}