{
  "engajamentoneural": 78.67248731869633,
  "cognitivedemand": 69.90069527100053,
  "focus": 8.296526385778424,
  "embeddings": [
    0.1946384161710739,
    0.19371505081653595,
    -0.04289929196238518,
    0.2118174433708191,
    -0.21709387004375458,
    -0.0008332918514497578,
    -0.1703377217054367,
    -0.15382520854473114,
    -0.10764410346746445,
    -0.11522489786148071
  ]
}