{
  "engajamentoneural": 71.82785802362119,
  "cognitivedemand": 66.7604139547805,
  "focus": 7.9376055093318465,
  "embeddings": [
    0.1993062049150467,
    0.19326968491077423,
    -0.05023684725165367,
    0.2125411033630371,
    -0.2140502780675888,
    0.0059763104654848576,
    -0.1709776073694229,
    -0.15767569839954376,
    -0.10255342721939087,
    -0.10732558369636536
  ]
}