{
  "engajamentoneural": 68.25474985130658,
  "cognitivedemand": 74.76432119745995,
  "focus": 9.332117822891073,
  "embeddings": [
    0.19931882619857788,
    0.19284369051456451,
    -0.050158921629190445,
    0.21319806575775146,
    -0.2138080596923828,
    0.00601164111867547,
    -0.17025534808635712,
    -0.15845151245594025,
    -0.10235652327537537,
    -0.1076471209526062
  ]
}