{
  "engajamentoneural": 67.05345978495743,
  "cognitivedemand": 68.88677560887712,
  "focus": 28.90845477278011,
  "embeddings": [
    0.18903577327728271,
    0.19493477046489716,
    -0.0340522825717926,
    0.21083074808120728,
    -0.22082538902759552,
    -0.007977454923093319,
    -0.16969259083271027,
    -0.1493515521287918,
    -0.11306890100240707,
    -0.12423070520162582
  ]
}