{
  "engajamentoneural": 74.45775148067482,
  "cognitivedemand": 60.80279271931571,
  "focus": 11.81459383496426,
  "embeddings": [
    0.1886833906173706,
    0.19350750744342804,
    -0.031980350613594055,
    0.2106662541627884,
    -0.2214486449956894,
    -0.009376543574035168,
    -0.16811621189117432,
    -0.15081928670406342,
    -0.11191723495721817,
    -0.12641389667987823
  ]
}