{
  "engajamentoneural": 84.9975666583318,
  "cognitivedemand": 79.66337673700083,
  "focus": 8.099001310999299,
  "embeddings": [
    0.18831844627857208,
    0.18980152904987335,
    -0.02777636982500553,
    0.20944790542125702,
    -0.2230152040719986,
    -0.014330308884382248,
    -0.1661677360534668,
    -0.15171124041080475,
    -0.11125574260950089,
    -0.13140475749969482
  ]
}