{
  "engajamentoneural": 71.37644302783448,
  "cognitivedemand": 53.518966710812066,
  "focus": 9.562362294868777,
  "embeddings": [
    0.195790633559227,
    0.19086115062236786,
    -0.04059239476919174,
    0.21200525760650635,
    -0.2176750898361206,
    -0.0004546777345240116,
    -0.16721291840076447,
    -0.15887872874736786,
    -0.10232365131378174,
    -0.11674055457115173
  ]
}