{
  "engajamentoneural": 74.47381515421942,
  "cognitivedemand": 46.77872687698568,
  "focus": 74.2892326320145,
  "embeddings": [
    0.19266152381896973,
    0.19337648153305054,
    -0.038427550345659256,
    0.21127857267856598,
    -0.21894074976444244,
    -0.003666106378659606,
    -0.16930873692035675,
    -0.1530291587114334,
    -0.1084451749920845,
    -0.11962747573852539
  ]
}