{
  "engajamentoneural": 76.89078784959675,
  "cognitivedemand": 96.14063509202052,
  "focus": 27.293170110805697,
  "embeddings": [
    0.1920456886291504,
    0.19416670501232147,
    -0.038690101355314255,
    0.21080799400806427,
    -0.2189735323190689,
    -0.004594179801642895,
    -0.1704823225736618,
    -0.15069463849067688,
    -0.11096914857625961,
    -0.11979164928197861
  ]
}