{
  "engajamentoneural": 75.1794568069875,
  "cognitivedemand": 84.34880985474805,
  "focus": 9.691755075416154,
  "embeddings": [
    0.18748867511749268,
    0.1955229640007019,
    -0.03301915526390076,
    0.20991122722625732,
    -0.22141523659229279,
    -0.010852853767573833,
    -0.17101402580738068,
    -0.1455737203359604,
    -0.11710762977600098,
    -0.12637333571910858
  ]
}