{
  "engajamentoneural": 63.784405584111795,
  "cognitivedemand": 34.36316123213849,
  "focus": 10.417651842061716,
  "embeddings": [
    0.1892201155424118,
    0.20318041741847992,
    -0.044040974229574203,
    0.21143172681331635,
    -0.2176518440246582,
    -0.0021176147274672985,
    -0.17772911489009857,
    -0.14087820053100586,
    -0.12103778123855591,
    -0.11433640122413635
  ]
}