{
  "engajamentoneural": 70.72275274592982,
  "cognitivedemand": 65.97689457086811,
  "focus": 8.245434513156912,
  "embeddings": [
    0.19734883308410645,
    0.1894538551568985,
    -0.04241039231419563,
    0.21185411512851715,
    -0.21692653000354767,
    0.0008330868440680206,
    -0.1669163703918457,
    -0.16014708578586578,
    -0.10048234462738037,
    -0.11539597064256668
  ]
}