{
  "engajamentoneural": 73.42935558691622,
  "cognitivedemand": 63.776770533752824,
  "focus": 10.892898547542362,
  "embeddings": [
    0.19602268934249878,
    0.19515319168567657,
    -0.046078890562057495,
    0.21216130256652832,
    -0.21596914529800415,
    0.003068172372877598,
    -0.17148470878601074,
    -0.15412165224552155,
    -0.10637112706899643,
    -0.11144864559173584
  ]
}