{
  "engajamentoneural": 88.22500609637859,
  "cognitivedemand": 84.17499779396077,
  "focus": 8.769107326488502,
  "embeddings": [
    0.19586725533008575,
    0.19010545313358307,
    -0.04090007767081261,
    0.2122058868408203,
    -0.2173755168914795,
    -0.0015318264486268163,
    -0.16702938079833984,
    -0.15874899923801422,
    -0.10311540961265564,
    -0.11719974130392075
  ]
}