{
  "engajamentoneural": 50.62184227063674,
  "cognitivedemand": 67.04627654770192,
  "focus": 7.96452831169554,
  "embeddings": [
    0.18878470361232758,
    0.20771123468875885,
    -0.051690105348825455,
    0.21068453788757324,
    -0.2150021195411682,
    -0.0015066807391121984,
    -0.1851412057876587,
    -0.13110266625881195,
    -0.1309063583612442,
    -0.1095583438873291
  ]
}