{
  "engajamentoneural": 72.64544101070484,
  "cognitivedemand": 86.23718769972986,
  "focus": 17.994582887912024,
  "embeddings": [
    0.20314736664295197,
    0.1915472149848938,
    -0.0546448789536953,
    0.21379347145557404,
    -0.2118840217590332,
    0.010924205183982849,
    -0.16984550654888153,
    -0.162510946393013,
    -0.09738760441541672,
    -0.10245803743600845
  ]
}