{
  "engajamentoneural": 79.4995471543531,
  "cognitivedemand": 71.28314380286831,
  "focus": 12.9314586085159,
  "embeddings": [
    0.19086326658725739,
    0.19419801235198975,
    -0.0356568917632103,
    0.2114540934562683,
    -0.21994662284851074,
    -0.005379345268011093,
    -0.16881704330444336,
    -0.15245182812213898,
    -0.10994315147399902,
    -0.12187551707029343
  ]
}