{
  "engajamentoneural": 76.22880790745343,
  "cognitivedemand": 65.08441944679574,
  "focus": 36.711517933968075,
  "embeddings": [
    0.19709576666355133,
    0.1899881809949875,
    -0.04110114648938179,
    0.21357734501361847,
    -0.21699868142604828,
    0.0016103466041386127,
    -0.1653159111738205,
    -0.16292278468608856,
    -0.09909353405237198,
    -0.11539101600646973
  ]
}