{
  "engajamentoneural": 89.05094284716147,
  "cognitivedemand": 83.75646903433741,
  "focus": 13.4699286683293,
  "embeddings": [
    0.19948619604110718,
    0.19078314304351807,
    -0.04790860414505005,
    0.21291591227054596,
    -0.21457986533641815,
    0.004482249263674021,
    -0.16851919889450073,
    -0.16070710122585297,
    -0.10023469477891922,
    -0.10986420512199402
  ]
}