{
  "engajamentoneural": 81.63236350610505,
  "cognitivedemand": 76.31282136801508,
  "focus": 8.932786125350356,
  "embeddings": [
    0.19346673786640167,
    0.18890000879764557,
    -0.034176990389823914,
    0.2116798311471939,
    -0.2199852615594864,
    -0.005093759391456842,
    -0.16449464857578278,
    -0.15987680852413177,
    -0.10229682922363281,
    -0.12317798286676407
  ]
}