{
  "engajamentoneural": 79.40222633111114,
  "cognitivedemand": 76.34148578769455,
  "focus": 7.963267048153222,
  "embeddings": [
    0.18814904987812042,
    0.1932019591331482,
    -0.030282527208328247,
    0.21023571491241455,
    -0.2223110795021057,
    -0.010255388915538788,
    -0.1679001897573471,
    -0.15028931200504303,
    -0.11205927282571793,
    -0.12804001569747925
  ]
}