{
  "engajamentoneural": 69.04853657843387,
  "cognitivedemand": 84.56964251301915,
  "focus": 7.877185898981409,
  "embeddings": [
    0.19270212948322296,
    0.1922711580991745,
    -0.03776755556464195,
    0.21172578632831573,
    -0.218916654586792,
    -0.003910812083631754,
    -0.16793201863765717,
    -0.1548936367034912,
    -0.10707327723503113,
    -0.12036196142435074
  ]
}