{
  "engajamentoneural": 76.21222271604613,
  "cognitivedemand": 87.4212792803177,
  "focus": 18.596641082015818,
  "embeddings": [
    0.20451568067073822,
    0.191475048661232,
    -0.05784888565540314,
    0.21392154693603516,
    -0.21054385602474213,
    0.012162785977125168,
    -0.17102865874767303,
    -0.1621178537607193,
    -0.09779120236635208,
    -0.09983064979314804
  ]
}