{
  "engajamentoneural": 67.68993178497152,
  "cognitivedemand": 42.1517880362267,
  "focus": 41.50790974731139,
  "embeddings": [
    0.19493310153484344,
    0.19148428738117218,
    -0.04074658453464508,
    0.21194042265415192,
    -0.217678502202034,
    -0.0014117984101176262,
    -0.16806775331497192,
    -0.15657907724380493,
    -0.10482782870531082,
    -0.11727559566497803
  ]
}