{
  "engajamentoneural": 72.52490515022943,
  "cognitivedemand": 82.03659242961598,
  "focus": 9.170271388875895,
  "embeddings": [
    0.19188861548900604,
    0.1924472451210022,
    -0.03627829626202583,
    0.211674764752388,
    -0.21954680979251862,
    -0.005148588214069605,
    -0.1677616387605667,
    -0.15428046882152557,
    -0.10801216214895248,
    -0.1218264102935791
  ]
}