{
  "engajamentoneural": 72.12753020673672,
  "cognitivedemand": 81.89401720994854,
  "focus": 10.403896359329657,
  "embeddings": [
    0.20837314426898956,
    0.18958282470703125,
    -0.0616615004837513,
    0.2152303010225296,
    -0.20857755839824677,
    0.017251204699277878,
    -0.16914568841457367,
    -0.16833741962909698,
    -0.091208316385746,
    -0.09502295404672623
  ]
}