{
  "engajamentoneural": 71.459600369171,
  "cognitivedemand": 33.59516614003911,
  "focus": 88.83553863162223,
  "embeddings": [
    0.19941890239715576,
    0.1945144087076187,
    -0.052086684852838516,
    0.21182884275913239,
    -0.21366333961486816,
    0.006353992968797684,
    -0.17314602434635162,
    -0.15520115196704865,
    -0.10462555289268494,
    -0.10594135522842407
  ]
}