{
  "engajamentoneural": 81.91531342378084,
  "cognitivedemand": 74.45523498587436,
  "focus": 7.9141145149649095,
  "embeddings": [
    0.1956986039876938,
    0.1891411691904068,
    -0.039277333766222,
    0.21201497316360474,
    -0.2180352658033371,
    -0.00195090111810714,
    -0.1658729463815689,
    -0.15997295081615448,
    -0.10172790288925171,
    -0.11859295517206192
  ]
}