{
  "engajamentoneural": 77.9396999035892,
  "cognitivedemand": 80.11000024817002,
  "focus": 7.9661855138349,
  "embeddings": [
    0.20379717648029327,
    0.19103066623210907,
    -0.05534246563911438,
    0.21360941231250763,
    -0.2116302251815796,
    0.010877623222768307,
    -0.17005042731761932,
    -0.1629507690668106,
    -0.09688263386487961,
    -0.10196393728256226
  ]
}