{
  "engajamentoneural": 74.91139779113213,
  "cognitivedemand": 57.150463398753736,
  "focus": 9.874150934672276,
  "embeddings": [
    0.196306511759758,
    0.18960313498973846,
    -0.03992109373211861,
    0.21172352135181427,
    -0.21788616478443146,
    -0.0008447859436273575,
    -0.16639167070388794,
    -0.16027911007404327,
    -0.10084240883588791,
    -0.11739334464073181
  ]
}