{
  "engajamentoneural": 88.54637542729029,
  "cognitivedemand": 72.49113837606092,
  "focus": 9.189611376163187,
  "embeddings": [
    0.19429771602153778,
    0.1886512190103531,
    -0.03474577143788338,
    0.21149758994579315,
    -0.21984702348709106,
    -0.003991490229964256,
    -0.16427834331989288,
    -0.16081275045871735,
    -0.10071306675672531,
    -0.12229373306035995
  ]
}