{
  "engajamentoneural": 71.02161724541543,
  "cognitivedemand": 80.15639344874096,
  "focus": 47.150365048958285,
  "embeddings": [
    0.19572775065898895,
    0.19113104045391083,
    -0.040506619960069656,
    0.21237021684646606,
    -0.2176492065191269,
    6.289159500738606e-05,
    -0.16701079905033112,
    -0.15902204811573029,
    -0.10242354869842529,
    -0.11659765243530273
  ]
}