{
  "engajamentoneural": 68.62444229106606,
  "cognitivedemand": 58.583391017935384,
  "focus": 37.53962037783744,
  "embeddings": [
    0.18820518255233765,
    0.19451677799224854,
    -0.03227871656417847,
    0.21072955429553986,
    -0.22144758701324463,
    -0.00954414065927267,
    -0.16908115148544312,
    -0.14928777515888214,
    -0.11353377252817154,
    -0.12622050940990448
  ]
}