{
  "engajamentoneural": 62.6272533982855,
  "cognitivedemand": 68.57758269119779,
  "focus": 8.648079225477545,
  "embeddings": [
    0.21393519639968872,
    0.19392485916614532,
    -0.07954218238592148,
    0.21924424171447754,
    -0.2009633630514145,
    0.02599000744521618,
    -0.17603671550750732,
    -0.16562481224536896,
    -0.09570452570915222,
    -0.07921891659498215
  ]
}