{
  "engajamentoneural": 69.142120408876,
  "cognitivedemand": 73.21506817927116,
  "focus": 11.485005577451313,
  "embeddings": [
    0.18883965909481049,
    0.1942889243364334,
    -0.032802607864141464,
    0.2106948345899582,
    -0.22127461433410645,
    -0.008701483719050884,
    -0.16899365186691284,
    -0.15000881254673004,
    -0.11252810806035995,
    -0.12539027631282806
  ]
}