{
  "engajamentoneural": 94.48916955740034,
  "cognitivedemand": 79.83734834582972,
  "focus": 8.791020744407717,
  "embeddings": [
    0.19456614553928375,
    0.1850852519273758,
    -0.032184094190597534,
    0.2119971662759781,
    -0.22033695876598358,
    -0.006474403198808432,
    -0.16139112412929535,
    -0.16439323127269745,
    -0.09841173887252808,
    -0.12541575729846954
  ]
}