{
  "engajamentoneural": 55.834397646253755,
  "cognitivedemand": 94.04285028021192,
  "focus": 10.21962085014172,
  "embeddings": [
    0.19174297153949738,
    0.1875094771385193,
    -0.029905105009675026,
    0.21100176870822906,
    -0.2217223048210144,
    -0.00884444359689951,
    -0.16309314966201782,
    -0.15961164236068726,
    -0.10301992297172546,
    -0.12787534296512604
  ]
}