{
  "engajamentoneural": 79.65728349779569,
  "cognitivedemand": 72.7470767629952,
  "focus": 8.438258154099888,
  "embeddings": [
    0.19401895999908447,
    0.1926594227552414,
    -0.03974480181932449,
    0.21124213933944702,
    -0.2183825820684433,
    -0.0016457008896395564,
    -0.168734610080719,
    -0.15526960790157318,
    -0.10560067743062973,
    -0.11793411523103714
  ]
}