{
  "engajamentoneural": 76.84887292625923,
  "cognitivedemand": 79.9453506439105,
  "focus": 7.837268594833846,
  "embeddings": [
    0.1982124298810959,
    0.19256682693958282,
    -0.047150950878858566,
    0.21215243637561798,
    -0.21532945334911346,
    0.004495270550251007,
    -0.16985058784484863,
    -0.15776516497135162,
    -0.10227543115615845,
    -0.1103290244936943
  ]
}