{
  "engajamentoneural": 83.54307280643715,
  "cognitivedemand": 79.33699746127765,
  "focus": 13.647282377204984,
  "embeddings": [
    0.2017771601676941,
    0.19320110976696014,
    -0.054129283875226974,
    0.213853657245636,
    -0.21214888989925385,
    0.010491522960364819,
    -0.17061889171600342,
    -0.16084766387939453,
    -0.0995391383767128,
    -0.10299637168645859
  ]
}