{
  "engajamentoneural": 81.78228891452778,
  "cognitivedemand": 49.30954633168443,
  "focus": 10.64369137852983,
  "embeddings": [
    0.19915662705898285,
    0.19211189448833466,
    -0.048560041934251785,
    0.21283341944217682,
    -0.2144526243209839,
    0.004949335940182209,
    -0.1696883589029312,
    -0.15894271433353424,
    -0.10176771134138107,
    -0.10908403992652893
  ]
}