{
  "engajamentoneural": 69.48601106592753,
  "cognitivedemand": 72.26771490103052,
  "focus": 7.998223946177974,
  "embeddings": [
    0.18537282943725586,
    0.1996677666902542,
    -0.03404616937041283,
    0.20966048538684845,
    -0.22151494026184082,
    -0.011180739849805832,
    -0.17438556253910065,
    -0.13995327055454254,
    -0.12254806607961655,
    -0.12558366358280182
  ]
}