{
  "engajamentoneural": 76.98793684057543,
  "cognitivedemand": 69.67244858694657,
  "focus": 7.857802330910779,
  "embeddings": [
    0.19399799406528473,
    0.19129781424999237,
    -0.038857199251651764,
    0.21173609793186188,
    -0.21842928230762482,
    -0.003244047984480858,
    -0.16763770580291748,
    -0.15628640353679657,
    -0.10556626319885254,
    -0.11923741549253464
  ]
}