{
  "engajamentoneural": 61.87843036623604,
  "cognitivedemand": 75.07133241305553,
  "focus": 34.50773471696424,
  "embeddings": [
    0.18855410814285278,
    0.19476784765720367,
    -0.03309069201350212,
    0.21070833504199982,
    -0.22118251025676727,
    -0.009010342881083488,
    -0.16947680711746216,
    -0.14897023141384125,
    -0.11362015455961227,
    -0.12536194920539856
  ]
}