{
  "engajamentoneural": 84.58715889554807,
  "cognitivedemand": 83.99474798130674,
  "focus": 8.014832448207375,
  "embeddings": [
    0.19099359214305878,
    0.18896393477916718,
    -0.030765829607844353,
    0.2108641415834427,
    -0.22150741517543793,
    -0.00933005753904581,
    -0.16465355455875397,
    -0.1568041294813156,
    -0.10585346817970276,
    -0.12744790315628052
  ]
}