{
  "engajamentoneural": 72.78037533627935,
  "cognitivedemand": 65.31685080074564,
  "focus": 73.41371056936015,
  "embeddings": [
    0.1880338191986084,
    0.1968294233083725,
    -0.03462652117013931,
    0.21019907295703888,
    -0.22086381912231445,
    -0.0086001455783844,
    -0.17166626453399658,
    -0.1458248347043991,
    -0.11648702621459961,
    -0.12399053573608398
  ]
}