{
  "engajamentoneural": 82.37387782330659,
  "cognitivedemand": 62.788794591230136,
  "focus": 10.672344939002954,
  "embeddings": [
    0.200337752699852,
    0.18887193500995636,
    -0.04702575504779816,
    0.21275871992111206,
    -0.21488820016384125,
    0.004587959032505751,
    -0.16705222427845,
    -0.16278338432312012,
    -0.09767001867294312,
    -0.11061278730630875
  ]
}