{
  "engajamentoneural": 77.73084893751914,
  "cognitivedemand": 76.61330875979678,
  "focus": 9.744904290994238,
  "embeddings": [
    0.19374434649944305,
    0.19293774664402008,
    -0.04013659432530403,
    0.2115641087293625,
    -0.21813970804214478,
    -0.002260433742776513,
    -0.1691368967294693,
    -0.15441469848155975,
    -0.10700031369924545,
    -0.11795008927583694
  ]
}