{
  "engajamentoneural": 74.13282296823051,
  "cognitivedemand": 77.8416486775966,
  "focus": 22.191283071317613,
  "embeddings": [
    0.1883304864168167,
    0.19630415737628937,
    -0.0353311151266098,
    0.21053153276443481,
    -0.22050292789936066,
    -0.008777819573879242,
    -0.1714663952589035,
    -0.1463223248720169,
    -0.11630145460367203,
    -0.12367687374353409
  ]
}