{
  "engajamentoneural": 72.92838309603418,
  "cognitivedemand": 67.55742626041062,
  "focus": 11.192150873136963,
  "embeddings": [
    0.2013469785451889,
    0.19239182770252228,
    -0.0532694011926651,
    0.2130836844444275,
    -0.21263670921325684,
    0.007795542012900114,
    -0.17114005982875824,
    -0.15925419330596924,
    -0.10109376907348633,
    -0.10459212213754654
  ]
}