{
  "engajamentoneural": 69.09934539818646,
  "cognitivedemand": 72.31944934945007,
  "focus": 7.992356396378875,
  "embeddings": [
    0.18460537493228912,
    0.20098881423473358,
    -0.034281257539987564,
    0.20929835736751556,
    -0.22164632380008698,
    -0.011520497500896454,
    -0.17568759620189667,
    -0.13770681619644165,
    -0.12464524060487747,
    -0.12552227079868317
  ]
}