{
  "engajamentoneural": 80.29347002861837,
  "cognitivedemand": 64.79924720378338,
  "focus": 8.028033101691822,
  "embeddings": [
    0.19005151093006134,
    0.1913880705833435,
    -0.032096151262521744,
    0.2107282131910324,
    -0.22121231257915497,
    -0.0091036232188344,
    -0.16680346429347992,
    -0.15342827141284943,
    -0.10917279869318008,
    -0.12636004388332367
  ]
}