{
  "engajamentoneural": 80.15208450126556,
  "cognitivedemand": 67.56090927925726,
  "focus": 7.924640224209467,
  "embeddings": [
    0.19153690338134766,
    0.1923014521598816,
    -0.03578393906354904,
    0.21116358041763306,
    -0.21982984244823456,
    -0.0062406365759670734,
    -0.16808034479618073,
    -0.1533460021018982,
    -0.10887407511472702,
    -0.1226273849606514
  ]
}