{
  "engajamentoneural": 78.96568319052646,
  "cognitivedemand": 73.69044029808992,
  "focus": 13.82579041652976,
  "embeddings": [
    0.19568713009357452,
    0.192777618765831,
    -0.04288133978843689,
    0.2119252234697342,
    -0.21699273586273193,
    0.0008783000521361828,
    -0.16919201612472534,
    -0.15639840066432953,
    -0.10445902496576309,
    -0.11471041291952133
  ]
}