{
  "engajamentoneural": 10.789376535444156,
  "cognitivedemand": 27.168267432241528,
  "focus": 7.871951058722049,
  "embeddings": [
    0.19685478508472443,
    0.2020590901374817,
    -0.05714942887425423,
    0.2130977064371109,
    -0.2121119648218155,
    0.007961039431393147,
    -0.17961330711841583,
    -0.14582018554210663,
    -0.11496272683143616,
    -0.1015452966094017
  ]
}