{
  "engajamentoneural": 78.9255319216875,
  "cognitivedemand": 82.3686318323331,
  "focus": 8.391524066936507,
  "embeddings": [
    0.19375933706760406,
    0.19202835857868195,
    -0.0389825738966465,
    0.21178114414215088,
    -0.21846508979797363,
    -0.0027333591133356094,
    -0.167910635471344,
    -0.15587101876735687,
    -0.10583803802728653,
    -0.11879963427782059
  ]
}