{
  "engajamentoneural": 72.0733648995673,
  "cognitivedemand": 72.83602226069176,
  "focus": 12.677507383454078,
  "embeddings": [
    0.2017272710800171,
    0.1942942887544632,
    -0.05654504895210266,
    0.21358704566955566,
    -0.2113335281610489,
    0.009930234402418137,
    -0.1729956716299057,
    -0.15747343003749847,
    -0.10298138111829758,
    -0.10144367069005966
  ]
}