{
  "engajamentoneural": 70.61141088921137,
  "cognitivedemand": 79.79686680235066,
  "focus": 13.188795045265822,
  "embeddings": [
    0.19498132169246674,
    0.19307763874530792,
    -0.042374711483716965,
    0.21173597872257233,
    -0.2172701358795166,
    -0.00022084607917349786,
    -0.16957201063632965,
    -0.1551574468612671,
    -0.10590043663978577,
    -0.11553739756345749
  ]
}