{
  "engajamentoneural": 71.8315164259429,
  "cognitivedemand": 65.71398832932772,
  "focus": 9.098210407435236,
  "embeddings": [
    0.19403527677059174,
    0.1928609013557434,
    -0.04046424850821495,
    0.211961567401886,
    -0.21784882247447968,
    -0.0015654154121875763,
    -0.1686577945947647,
    -0.1553192287683487,
    -0.10631736367940903,
    -0.11741345375776291
  ]
}