{
  "engajamentoneural": 91.30259499571376,
  "cognitivedemand": 80.26240362523009,
  "focus": 41.635942783802285,
  "embeddings": [
    0.19443894922733307,
    0.1904182881116867,
    -0.038368500769138336,
    0.21171768009662628,
    -0.21857766807079315,
    -0.002958962693810463,
    -0.1668398231267929,
    -0.15754806995391846,
    -0.10413096100091934,
    -0.11959756165742874
  ]
}