{
  "engajamentoneural": 92.5744524615141,
  "cognitivedemand": 78.75390703033158,
  "focus": 48.26873663374743,
  "embeddings": [
    0.19174815714359283,
    0.1910068541765213,
    -0.03417298570275307,
    0.21121883392333984,
    -0.22035914659500122,
    -0.0064196460880339146,
    -0.16657137870788574,
    -0.1553674042224884,
    -0.10679551213979721,
    -0.12387049198150635
  ]
}