{
  "engajamentoneural": 77.6405998012008,
  "cognitivedemand": 42.67235780372914,
  "focus": 58.10331902948217,
  "embeddings": [
    0.19082732498645782,
    0.19385649263858795,
    -0.03546697273850441,
    0.21086432039737701,
    -0.2202395349740982,
    -0.005928471218794584,
    -0.16916753351688385,
    -0.15156644582748413,
    -0.11015355587005615,
    -0.12249774485826492
  ]
}