{
  "engajamentoneural": 72.7492660298847,
  "cognitivedemand": 42.8981147035963,
  "focus": 58.95298723217527,
  "embeddings": [
    0.1909094899892807,
    0.19335581362247467,
    -0.035069841891527176,
    0.21091477572917938,
    -0.22032411396503448,
    -0.006195154041051865,
    -0.16869215667247772,
    -0.15221478044986725,
    -0.10963233560323715,
    -0.12288367003202438
  ]
}