{
  "engajamentoneural": 55.479427772701825,
  "cognitivedemand": 36.44741686902904,
  "focus": 35.06252633347603,
  "embeddings": [
    0.1955205202102661,
    0.1983545422554016,
    -0.049076538532972336,
    0.2124413698911667,
    -0.21505393087863922,
    0.00405433913692832,
    -0.17446883022785187,
    -0.15049850940704346,
    -0.11045641452074051,
    -0.10856232792139053
  ]
}