{
  "engajamentoneural": 86.76527555122148,
  "cognitivedemand": 78.88695278325972,
  "focus": 7.837415800787562,
  "embeddings": [
    0.20303194224834442,
    0.19357262551784515,
    -0.0571187399327755,
    0.21348504722118378,
    -0.21119391918182373,
    0.011704924516379833,
    -0.17225874960422516,
    -0.1598372608423233,
    -0.09974095970392227,
    -0.10021723061800003
  ]
}