{
  "engajamentoneural": 71.84252647224737,
  "cognitivedemand": 62.145035825629236,
  "focus": 14.920647337795788,
  "embeddings": [
    0.18936645984649658,
    0.19186115264892578,
    -0.03130527585744858,
    0.2103697806596756,
    -0.22170500457286835,
    -0.00986933708190918,
    -0.16729594767093658,
    -0.1521037220954895,
    -0.1104460135102272,
    -0.1271272748708725
  ]
}