{
  "engajamentoneural": 81.05270245171803,
  "cognitivedemand": 59.19369204992947,
  "focus": 11.012306152939356,
  "embeddings": [
    0.1972343474626541,
    0.18910332024097443,
    -0.04110390320420265,
    0.2124699205160141,
    -0.21714015305042267,
    0.00020016248163301498,
    -0.16578589379787445,
    -0.1619103103876114,
    -0.09960391372442245,
    -0.11620771884918213
  ]
}