{
  "engajamentoneural": 83.41219585766864,
  "cognitivedemand": 84.8364273881406,
  "focus": 9.89885284303802,
  "embeddings": [
    0.1964518278837204,
    0.18925662338733673,
    -0.040971461683511734,
    0.21231774985790253,
    -0.21725614368915558,
    -0.0013145786942914128,
    -0.1663772612810135,
    -0.16003616154193878,
    -0.10185574740171432,
    -0.11711902171373367
  ]
}