{
  "engajamentoneural": 79.69672286490575,
  "cognitivedemand": 72.72244427762396,
  "focus": 8.451691487627745,
  "embeddings": [
    0.1948082000017166,
    0.19264088571071625,
    -0.04109986498951912,
    0.21142524480819702,
    -0.2178146243095398,
    -0.0004538660869002342,
    -0.16889967024326324,
    -0.15584683418273926,
    -0.10487308353185654,
    -0.11651557683944702
  ]
}