{
  "engajamentoneural": 79.38079041966853,
  "cognitivedemand": 64.4218814817295,
  "focus": 8.944220786139812,
  "embeddings": [
    0.19547273218631744,
    0.19238503277301788,
    -0.042654771357774734,
    0.21186695992946625,
    -0.21703486144542694,
    -0.00029997993260622025,
    -0.1691635400056839,
    -0.15597756206989288,
    -0.10527657717466354,
    -0.11527272313833237
  ]
}