{
  "engajamentoneural": 80.50875426736108,
  "cognitivedemand": 37.26302524173209,
  "focus": 39.017669749233384,
  "embeddings": [
    0.19477736949920654,
    0.19149911403656006,
    -0.04001693055033684,
    0.21145178377628326,
    -0.21806202828884125,
    -0.002159886062145233,
    -0.16821378469467163,
    -0.15610148012638092,
    -0.10506200045347214,
    -0.11785989999771118
  ]
}