{
  "engajamentoneural": 77.62508902787111,
  "cognitivedemand": 63.878499095588616,
  "focus": 8.571499545382345,
  "embeddings": [
    0.19367539882659912,
    0.18961364030838013,
    -0.035902466624975204,
    0.2113957554101944,
    -0.21950221061706543,
    -0.004381981212645769,
    -0.1657131165266037,
    -0.1582847386598587,
    -0.10342767089605331,
    -0.12191980332136154
  ]
}