{
  "engajamentoneural": 68.64664749150053,
  "cognitivedemand": 58.5630570218294,
  "focus": 37.527150889951145,
  "embeddings": [
    0.18821418285369873,
    0.19452887773513794,
    -0.032305147498846054,
    0.21073205769062042,
    -0.22143882513046265,
    -0.009517057798802853,
    -0.16909217834472656,
    -0.14928479492664337,
    -0.11353082209825516,
    -0.1261909008026123
  ]
}