{
  "engajamentoneural": 79.53046583888627,
  "cognitivedemand": 63.0276404653994,
  "focus": 25.123823682103907,
  "embeddings": [
    0.18967701494693756,
    0.1932165026664734,
    -0.033404264599084854,
    0.2108442783355713,
    -0.22086544334888458,
    -0.008342708460986614,
    -0.16836927831172943,
    -0.15127603709697723,
    -0.11126003414392471,
    -0.12501130998134613
  ]
}