{
  "engajamentoneural": 80.2545075787663,
  "cognitivedemand": 68.30454114670805,
  "focus": 10.246805704032557,
  "embeddings": [
    0.20116572082042694,
    0.19090203940868378,
    -0.05034073814749718,
    0.2129824012517929,
    -0.2136780470609665,
    0.007265071850270033,
    -0.16899438202381134,
    -0.1617325395345688,
    -0.09843937307596207,
    -0.10692513734102249
  ]
}