{
  "engajamentoneural": 81.04797424044041,
  "cognitivedemand": 71.2213245046597,
  "focus": 7.899309803197019,
  "embeddings": [
    0.1882561594247818,
    0.19021423161029816,
    -0.02740330807864666,
    0.21006536483764648,
    -0.2232120782136917,
    -0.012496939860284328,
    -0.1653619110584259,
    -0.1530103236436844,
    -0.10972398519515991,
    -0.1311580091714859
  ]
}