{
  "engajamentoneural": 80.42758923201151,
  "cognitivedemand": 75.70830396920968,
  "focus": 10.245683933745253,
  "embeddings": [
    0.19718091189861298,
    0.19313271343708038,
    -0.04595590755343437,
    0.21228079497814178,
    -0.21575702726840973,
    0.003415337996557355,
    -0.16989539563655853,
    -0.15702937543392181,
    -0.10348302125930786,
    -0.11153310537338257
  ]
}