{
  "engajamentoneural": 91.60409816113612,
  "cognitivedemand": 86.43420786925589,
  "focus": 8.009519269046406,
  "embeddings": [
    0.19628192484378815,
    0.18712632358074188,
    -0.03801410645246506,
    0.2119167000055313,
    -0.21841125190258026,
    -0.0025328153278678656,
    -0.16430169343948364,
    -0.1620018035173416,
    -0.09948316216468811,
    -0.11993115395307541
  ]
}