{
  "engajamentoneural": 56.10033709966127,
  "cognitivedemand": 59.56340231688648,
  "focus": 18.929638819698337,
  "embeddings": [
    0.19696784019470215,
    0.19285474717617035,
    -0.04505978152155876,
    0.2122132033109665,
    -0.2160489559173584,
    0.0025001545436680317,
    -0.16967272758483887,
    -0.15697090327739716,
    -0.10378104448318481,
    -0.11244549602270126
  ]
}