{
  "engajamentoneural": 72.15520498273891,
  "cognitivedemand": 80.82218150745669,
  "focus": 7.965527525323957,
  "embeddings": [
    0.20348615944385529,
    0.19227731227874756,
    -0.05717422440648079,
    0.2136930674314499,
    -0.21088530123233795,
    0.011073037981987,
    -0.17141635715961456,
    -0.16093546152114868,
    -0.09915900230407715,
    -0.10084477812051773
  ]
}