{
  "engajamentoneural": 89.06015796502167,
  "cognitivedemand": 81.7957335566185,
  "focus": 8.296390357141913,
  "embeddings": [
    0.19121767580509186,
    0.19019484519958496,
    -0.03239341080188751,
    0.21063053607940674,
    -0.2209782600402832,
    -0.008309063501656055,
    -0.1659826934337616,
    -0.1555938422679901,
    -0.10667607933282852,
    -0.12577277421951294
  ]
}