{
  "engajamentoneural": 85.12055875798225,
  "cognitivedemand": 80.78693168687727,
  "focus": 14.914885238751951,
  "embeddings": [
    0.2018376737833023,
    0.18780197203159332,
    -0.048263031989336014,
    0.213227316737175,
    -0.21417438983917236,
    0.005819424986839294,
    -0.16635148227214813,
    -0.1652059704065323,
    -0.09529706090688705,
    -0.10914134979248047
  ]
}