{
  "engajamentoneural": 69.90375048468617,
  "cognitivedemand": 54.09262612590149,
  "focus": 39.795819225342356,
  "embeddings": [
    0.18995879590511322,
    0.19427816569805145,
    -0.035195279866456985,
    0.21080131828784943,
    -0.22032256424427032,
    -0.007147668395191431,
    -0.16958732903003693,
    -0.14980685710906982,
    -0.11229276657104492,
    -0.12342241406440735
  ]
}