{
  "engajamentoneural": 93.25457506466799,
  "cognitivedemand": 80.8970326647106,
  "focus": 8.840821382635088,
  "embeddings": [
    0.19093650579452515,
    0.18818581104278564,
    -0.02980344183743,
    0.21096615493297577,
    -0.22178001701831818,
    -0.010172390379011631,
    -0.16397185623645782,
    -0.15757475793361664,
    -0.10539566725492477,
    -0.1284564584493637
  ]
}