{
  "engajamentoneural": 77.66383846973339,
  "cognitivedemand": 71.62652522736201,
  "focus": 46.775377922508575,
  "embeddings": [
    0.20058155059814453,
    0.19240522384643555,
    -0.051156625151634216,
    0.21358977258205414,
    -0.21335090696811676,
    0.007466701790690422,
    -0.16986332833766937,
    -0.16038952767848969,
    -0.10049041360616684,
    -0.10599655658006668
  ]
}