{
  "engajamentoneural": 51.70798366971575,
  "cognitivedemand": 53.553761929392664,
  "focus": 23.78064705753299,
  "embeddings": [
    0.18833251297473907,
    0.19796420633792877,
    -0.03526679053902626,
    0.2089138776063919,
    -0.22117401659488678,
    -0.006775281857699156,
    -0.17298120260238647,
    -0.14472244679927826,
    -0.11591225117444992,
    -0.12273925542831421
  ]
}