{
  "engajamentoneural": 62.73113725735193,
  "cognitivedemand": 54.44318528232001,
  "focus": 9.195645086442461,
  "embeddings": [
    0.1930849403142929,
    0.1950259953737259,
    -0.0405455119907856,
    0.2123873084783554,
    -0.2179003208875656,
    -0.0013587562134489417,
    -0.16986794769763947,
    -0.15367847681045532,
    -0.10835317522287369,
    -0.1169339045882225
  ]
}