{
  "engajamentoneural": 66.44434822501341,
  "cognitivedemand": 78.27643230022919,
  "focus": 10.980173329132903,
  "embeddings": [
    0.19616298377513885,
    0.19281716644763947,
    -0.044236958026885986,
    0.21299295127391815,
    -0.21612395346164703,
    0.0009599542245268822,
    -0.16929350793361664,
    -0.15661171078681946,
    -0.10540910810232162,
    -0.11362922191619873
  ]
}