{
  "engajamentoneural": 73.31264057372273,
  "cognitivedemand": 86.66547057504805,
  "focus": 8.243843189027578,
  "embeddings": [
    0.19990666210651398,
    0.18965351581573486,
    -0.04716476425528526,
    0.2124028354883194,
    -0.21504001319408417,
    0.0046884906478226185,
    -0.16785584390163422,
    -0.1616370677947998,
    -0.09850727766752243,
    -0.11056341975927353
  ]
}