{
  "engajamentoneural": 87.79635198300248,
  "cognitivedemand": 73.75301578649483,
  "focus": 9.683190195434088,
  "embeddings": [
    0.19544601440429688,
    0.19165374338626862,
    -0.04124574735760689,
    0.21197426319122314,
    -0.21746040880680084,
    -0.00048377938219346106,
    -0.16793395578861237,
    -0.15749044716358185,
    -0.10379678010940552,
    -0.11635222285985947
  ]
}