{
  "engajamentoneural": 89.33213134363321,
  "cognitivedemand": 89.6507131301011,
  "focus": 32.790932422484346,
  "embeddings": [
    0.19230520725250244,
    0.18723119795322418,
    -0.031071029603481293,
    0.21101927757263184,
    -0.22129034996032715,
    -0.00820829626172781,
    -0.16345402598381042,
    -0.15917180478572845,
    -0.10313361883163452,
    -0.12716446816921234
  ]
}