{
  "engajamentoneural": 88.80381811881568,
  "cognitivedemand": 82.02120344935014,
  "focus": 8.071395628684108,
  "embeddings": [
    0.19172979891300201,
    0.18954221904277802,
    -0.032622601836919785,
    0.21087831258773804,
    -0.22088772058486938,
    -0.007435288280248642,
    -0.16542606055736542,
    -0.156494602560997,
    -0.10552731901407242,
    -0.12561893463134766
  ]
}