{
  "engajamentoneural": 80.93325666123789,
  "cognitivedemand": 75.79714312393006,
  "focus": 11.629448684195776,
  "embeddings": [
    0.20413655042648315,
    0.18985192477703094,
    -0.05570066347718239,
    0.21405094861984253,
    -0.21119289100170135,
    0.00963585264980793,
    -0.1694028377532959,
    -0.1637425422668457,
    -0.09677193313837051,
    -0.10236474871635437
  ]
}