{
  "engajamentoneural": 78.22721877135882,
  "cognitivedemand": 95.87902546651061,
  "focus": 9.17057429278454,
  "embeddings": [
    0.19157356023788452,
    0.1947488784790039,
    -0.0380256287753582,
    0.2111912965774536,
    -0.21922588348388672,
    -0.004616002086549997,
    -0.17023412883281708,
    -0.15110968053340912,
    -0.11081624776124954,
    -0.11996495723724365
  ]
}