{
  "engajamentoneural": 80.31139821217425,
  "cognitivedemand": 68.18810155533647,
  "focus": 8.862348476160875,
  "embeddings": [
    0.19310104846954346,
    0.19158519804477692,
    -0.037119824439287186,
    0.2114480584859848,
    -0.21920134127140045,
    -0.0038823194336146116,
    -0.16738151013851166,
    -0.15591047704219818,
    -0.10579333454370499,
    -0.12070324271917343
  ]
}