{
  "engajamentoneural": 74.09869272909555,
  "cognitivedemand": 71.64884222297377,
  "focus": 7.884753643792908,
  "embeddings": [
    0.1910453885793686,
    0.18994750082492828,
    -0.03207867220044136,
    0.21069161593914032,
    -0.22126959264278412,
    -0.00884226430207491,
    -0.1659771054983139,
    -0.15495263040065765,
    -0.10740726441144943,
    -0.12629584968090057
  ]
}