{
  "engajamentoneural": 75.93426090287736,
  "cognitivedemand": 82.03801908424737,
  "focus": 17.086004421513824,
  "embeddings": [
    0.1870097517967224,
    0.1941266804933548,
    -0.030415622517466545,
    0.2093450427055359,
    -0.22239583730697632,
    -0.012503107078373432,
    -0.16966281831264496,
    -0.1466616541147232,
    -0.11586666852235794,
    -0.1289038509130478
  ]
}