{
  "engajamentoneural": 78.49926883515852,
  "cognitivedemand": 66.82790207555634,
  "focus": 10.0584286115466,
  "embeddings": [
    0.19569794833660126,
    0.19254791736602783,
    -0.04355649650096893,
    0.21224860846996307,
    -0.2165844887495041,
    -3.6439548694033874e-06,
    -0.1694633960723877,
    -0.15568561851978302,
    -0.10575448721647263,
    -0.11470440775156021
  ]
}