{
  "engajamentoneural": 87.49349086371913,
  "cognitivedemand": 87.57918059795036,
  "focus": 8.661355974749242,
  "embeddings": [
    0.188457190990448,
    0.19502432644367218,
    -0.03346463665366173,
    0.21036605536937714,
    -0.22116540372371674,
    -0.008965056389570236,
    -0.16994647681713104,
    -0.1483040601015091,
    -0.11397987604141235,
    -0.12517331540584564
  ]
}