{
  "engajamentoneural": 70.45135718924801,
  "cognitivedemand": 82.63658207161335,
  "focus": 8.82450116552791,
  "embeddings": [
    0.1994510143995285,
    0.18757009506225586,
    -0.0436570905148983,
    0.2125549465417862,
    -0.21624191105365753,
    0.0028025656938552856,
    -0.16534855961799622,
    -0.16388534009456635,
    -0.0969018042087555,
    -0.1137186661362648
  ]
}