{
  "engajamentoneural": 76.57195229504673,
  "cognitivedemand": 71.81096535641541,
  "focus": 8.235406400883495,
  "embeddings": [
    0.1999402791261673,
    0.19311511516571045,
    -0.051353078335523605,
    0.2129494994878769,
    -0.21349114179611206,
    0.006956135854125023,
    -0.1709814816713333,
    -0.15808501839637756,
    -0.10209780186414719,
    -0.10634705424308777
  ]
}