{
  "engajamentoneural": 90.59339002859154,
  "cognitivedemand": 79.73687637299004,
  "focus": 8.45938179471104,
  "embeddings": [
    0.19321854412555695,
    0.18978719413280487,
    -0.035182442516088486,
    0.21166665852069855,
    -0.21965624392032623,
    -0.005254080519080162,
    -0.1654847115278244,
    -0.1583349108695984,
    -0.10400644689798355,
    -0.1224561333656311
  ]
}