{
  "engajamentoneural": 72.36769386322165,
  "cognitivedemand": 79.36996220391049,
  "focus": 7.829095765039229,
  "embeddings": [
    0.20014499127864838,
    0.1906442791223526,
    -0.0486033670604229,
    0.21268482506275177,
    -0.2145151048898697,
    0.005584386643022299,
    -0.16880716383457184,
    -0.1605140119791031,
    -0.09992486238479614,
    -0.10897821933031082
  ]
}