{
  "engajamentoneural": 88.74756138542341,
  "cognitivedemand": 80.17895634537948,
  "focus": 8.229465726065023,
  "embeddings": [
    0.20499812066555023,
    0.1927899867296219,
    -0.05883117392659187,
    0.21388311684131622,
    -0.2103833109140396,
    0.014442344196140766,
    -0.1714695245027542,
    -0.16268692910671234,
    -0.09663036465644836,
    -0.09799905866384506
  ]
}