{
  "engajamentoneural": 84.54079352960306,
  "cognitivedemand": 86.60125605297921,
  "focus": 20.48115112789082,
  "embeddings": [
    0.20655326545238495,
    0.19073957204818726,
    -0.060446321964263916,
    0.2146049290895462,
    -0.20933197438716888,
    0.014222506433725357,
    -0.17054788768291473,
    -0.16468749940395355,
    -0.09521940350532532,
    -0.09691811352968216
  ]
}