{
  "engajamentoneural": 75.66557532501477,
  "cognitivedemand": 60.16658750750379,
  "focus": 12.256025631528544,
  "embeddings": [
    0.19939826428890228,
    0.19448475539684296,
    -0.05078304931521416,
    0.2134772688150406,
    -0.21370501816272736,
    0.007816928438842297,
    -0.17089684307575226,
    -0.15840886533260345,
    -0.10240769386291504,
    -0.10605832934379578
  ]
}