{
  "engajamentoneural": 60.990018948460424,
  "cognitivedemand": 42.03999047456497,
  "focus": 31.33900481963796,
  "embeddings": [
    0.1966608166694641,
    0.19377772510051727,
    -0.04548079892992973,
    0.21277622878551483,
    -0.21583540737628937,
    0.0030124697368592024,
    -0.1699351817369461,
    -0.15675753355026245,
    -0.10437645763158798,
    -0.11175516247749329
  ]
}