{
  "engajamentoneural": 86.29254461767,
  "cognitivedemand": 68.97430834580804,
  "focus": 8.075003863856578,
  "embeddings": [
    0.19343137741088867,
    0.1921045035123825,
    -0.03886764869093895,
    0.21159452199935913,
    -0.21847878396511078,
    -0.00330712110735476,
    -0.16812878847122192,
    -0.15527327358722687,
    -0.1066216230392456,
    -0.11931932717561722
  ]
}