{
  "engajamentoneural": 73.75251012072648,
  "cognitivedemand": 76.9377973646687,
  "focus": 7.998901276557513,
  "embeddings": [
    0.2036694437265396,
    0.187935009598732,
    -0.05226437374949455,
    0.21362584829330444,
    -0.2124882936477661,
    0.008114643394947052,
    -0.16727101802825928,
    -0.1657056361436844,
    -0.09479093551635742,
    -0.10552314668893814
  ]
}