{
  "engajamentoneural": 73.05497322312698,
  "cognitivedemand": 48.68470667567954,
  "focus": 10.819000959943414,
  "embeddings": [
    0.18910294771194458,
    0.19727595150470734,
    -0.03714361414313316,
    0.21054565906524658,
    -0.21984539926052094,
    -0.005936974193900824,
    -0.17212314903736115,
    -0.14665454626083374,
    -0.11520414799451828,
    -0.12124717235565186
  ]
}