{
  "engajamentoneural": 78.538808680259,
  "cognitivedemand": 72.43074120492786,
  "focus": 11.947294234016216,
  "embeddings": [
    0.20566385984420776,
    0.19192056357860565,
    -0.059638410806655884,
    0.21446608006954193,
    -0.2097722887992859,
    0.014548993669450283,
    -0.17088156938552856,
    -0.16403667628765106,
    -0.0958087220788002,
    -0.09745800495147705
  ]
}