{
  "engajamentoneural": 76.28831183491755,
  "cognitivedemand": 75.03614764729257,
  "focus": 7.9650430672078,
  "embeddings": [
    0.19760854542255402,
    0.19154761731624603,
    -0.04547704756259918,
    0.2124727964401245,
    -0.21572178602218628,
    0.00225060130469501,
    -0.16886739432811737,
    -0.15829680860042572,
    -0.10277986526489258,
    -0.11243284493684769
  ]
}