{
  "engajamentoneural": 72.70366578987414,
  "cognitivedemand": 34.50826271397735,
  "focus": 43.750403632020884,
  "embeddings": [
    0.19631953537464142,
    0.19386468827724457,
    -0.04486559331417084,
    0.2121090441942215,
    -0.21633021533489227,
    0.0024608762469142675,
    -0.17038708925247192,
    -0.15556539595127106,
    -0.1050448939204216,
    -0.1125183179974556
  ]
}