{
  "engajamentoneural": 70.37833049127657,
  "cognitivedemand": 69.557081052213,
  "focus": 10.603060309932344,
  "embeddings": [
    0.20119471848011017,
    0.193285271525383,
    -0.05453779920935631,
    0.21371810138225555,
    -0.21192002296447754,
    0.007393289357423782,
    -0.17218326032161713,
    -0.15721546113491058,
    -0.10391474515199661,
    -0.10415612906217575
  ]
}