{
  "engajamentoneural": 39.570720887425566,
  "cognitivedemand": 86.56099773149754,
  "focus": 29.58425125152335,
  "embeddings": [
    0.1959182769060135,
    0.1949409395456314,
    -0.045584216713905334,
    0.21117353439331055,
    -0.21632784605026245,
    0.002179622184485197,
    -0.1719955950975418,
    -0.15302570164203644,
    -0.10693710297346115,
    -0.11224599927663803
  ]
}