{
  "engajamentoneural": 71.49564977680927,
  "cognitivedemand": 67.19138802743738,
  "focus": 12.183113674299562,
  "embeddings": [
    0.1990557760000229,
    0.19307075440883636,
    -0.05022352561354637,
    0.21310144662857056,
    -0.21387428045272827,
    0.0052321855910122395,
    -0.17080380022525787,
    -0.15739883482456207,
    -0.103701651096344,
    -0.10782400518655777
  ]
}