{
  "engajamentoneural": 71.14932343655632,
  "cognitivedemand": 47.97551660008237,
  "focus": 29.65901632401615,
  "embeddings": [
    0.1871628761291504,
    0.19450616836547852,
    -0.02980027347803116,
    0.2104233056306839,
    -0.22253288328647614,
    -0.01070092711597681,
    -0.16840709745883942,
    -0.14930459856987,
    -0.11334019154310226,
    -0.1281888782978058
  ]
}