{
  "engajamentoneural": 70.58626515629336,
  "cognitivedemand": 65.2727278279608,
  "focus": 10.704367571251883,
  "embeddings": [
    0.19775640964508057,
    0.1905972808599472,
    -0.044291477650403976,
    0.21237225830554962,
    -0.21614189445972443,
    0.002416043309494853,
    -0.16768838465213776,
    -0.15983416140079498,
    -0.10085443407297134,
    -0.11326411366462708
  ]
}