{
  "engajamentoneural": 72.98906505083148,
  "cognitivedemand": 57.37853514404559,
  "focus": 10.678482721507176,
  "embeddings": [
    0.1935499757528305,
    0.19156545400619507,
    -0.03775154426693916,
    0.21163254976272583,
    -0.2188962697982788,
    -0.003281621029600501,
    -0.16731096804141998,
    -0.15650714933872223,
    -0.1052078977227211,
    -0.11991328001022339
  ]
}