{
  "engajamentoneural": 69.48856494726763,
  "cognitivedemand": 79.05115961983867,
  "focus": 22.104034143164817,
  "embeddings": [
    0.1902991384267807,
    0.1894611120223999,
    -0.030367562547326088,
    0.21041929721832275,
    -0.22169525921344757,
    -0.010067933239042759,
    -0.16504815220832825,
    -0.15527580678462982,
    -0.1072014570236206,
    -0.1283351182937622
  ]
}