{
  "engajamentoneural": 78.88585444423384,
  "cognitivedemand": 79.57561578604144,
  "focus": 7.8302415732471875,
  "embeddings": [
    0.19130444526672363,
    0.19050441682338715,
    -0.032635707408189774,
    0.21053512394428253,
    -0.22106494009494781,
    -0.007963002659380436,
    -0.16635338962078094,
    -0.15527482330799103,
    -0.106746144592762,
    -0.1252552717924118
  ]
}