{
  "engajamentoneural": 88.64015072495567,
  "cognitivedemand": 82.04617922947038,
  "focus": 8.560695466426104,
  "embeddings": [
    0.20092140138149261,
    0.19213970005512238,
    -0.05186852812767029,
    0.21324491500854492,
    -0.21308934688568115,
    0.007525559980422258,
    -0.17018312215805054,
    -0.1602335125207901,
    -0.10037499666213989,
    -0.10563904792070389
  ]
}