{
  "engajamentoneural": 65.97516906366022,
  "cognitivedemand": 81.8238331620857,
  "focus": 15.359747216248664,
  "embeddings": [
    0.2079584002494812,
    0.1937786340713501,
    -0.06607495248317719,
    0.21519215404987335,
    -0.20722298324108124,
    0.019480152055621147,
    -0.17333930730819702,
    -0.163103386759758,
    -0.09614399075508118,
    -0.0909179225564003
  ]
}