{
  "engajamentoneural": 73.1416814802375,
  "cognitivedemand": 74.90471672212585,
  "focus": 8.832411655269535,
  "embeddings": [
    0.19233430922031403,
    0.19518566131591797,
    -0.03956489637494087,
    0.21176011860370636,
    -0.21850407123565674,
    -0.0028727762401103973,
    -0.17036493122577667,
    -0.15190787613391876,
    -0.11001380532979965,
    -0.11817056685686111
  ]
}