{
  "engajamentoneural": 79.50922947232502,
  "cognitivedemand": 79.4906865055807,
  "focus": 10.707514287848463,
  "embeddings": [
    0.19028913974761963,
    0.1889663189649582,
    -0.029022647067904472,
    0.21055223047733307,
    -0.22215180099010468,
    -0.01062869280576706,
    -0.16422729194164276,
    -0.1566605567932129,
    -0.10613298416137695,
    -0.12902945280075073
  ]
}