{
  "engajamentoneural": 67.49726951774949,
  "cognitivedemand": 65.09267035750351,
  "focus": 7.858297761646682,
  "embeddings": [
    0.19376283884048462,
    0.1996219903230667,
    -0.04744137451052666,
    0.21374273300170898,
    -0.2153666764497757,
    0.002179062692448497,
    -0.17469221353530884,
    -0.14860446751117706,
    -0.11371142417192459,
    -0.11038032919168472
  ]
}