{
  "engajamentoneural": 67.20078779374548,
  "cognitivedemand": 45.88600630640177,
  "focus": 34.64682520530838,
  "embeddings": [
    0.19807611405849457,
    0.18967024981975555,
    -0.043820422142744064,
    0.2126319855451584,
    -0.21612273156642914,
    0.0019992210436612368,
    -0.1668550819158554,
    -0.16101950407028198,
    -0.10001680254936218,
    -0.11372669786214828
  ]
}