{
  "engajamentoneural": 88.70479735256656,
  "cognitivedemand": 73.25626866733853,
  "focus": 11.31557136496153,
  "embeddings": [
    0.21387018263339996,
    0.19323177635669708,
    -0.07528800517320633,
    0.21714822947978973,
    -0.2032078355550766,
    0.027690956369042397,
    -0.17360223829746246,
    -0.16896402835845947,
    -0.09006618708372116,
    -0.08099328726530075
  ]
}