{
  "engajamentoneural": 72.06450306784986,
  "cognitivedemand": 81.84509157388882,
  "focus": 7.963993084893706,
  "embeddings": [
    0.1921612024307251,
    0.19097845256328583,
    -0.0352868027985096,
    0.211539164185524,
    -0.21975809335708618,
    -0.006039574276655912,
    -0.1666252166032791,
    -0.15585951507091522,
    -0.10661250352859497,
    -0.12290870398283005
  ]
}