{
  "engajamentoneural": 80.82938168807179,
  "cognitivedemand": 75.04699594783716,
  "focus": 10.766919342195958,
  "embeddings": [
    0.1902814358472824,
    0.1889381855726242,
    -0.02824980579316616,
    0.2109723687171936,
    -0.222456693649292,
    -0.009179998189210892,
    -0.16333264112472534,
    -0.1582595705986023,
    -0.10421337932348251,
    -0.12906576693058014
  ]
}