{
  "engajamentoneural": 70.70151565725124,
  "cognitivedemand": 75.08248966615854,
  "focus": 30.990214682254113,
  "embeddings": [
    0.19881658256053925,
    0.19060109555721283,
    -0.046004291623830795,
    0.21256160736083984,
    -0.2154560685157776,
    0.0038380951154977083,
    -0.16799624264240265,
    -0.16044574975967407,
    -0.10032109171152115,
    -0.11141195148229599
  ]
}