{
  "engajamentoneural": 76.86892424296417,
  "cognitivedemand": 70.54071804039158,
  "focus": 12.483420166257098,
  "embeddings": [
    0.20084691047668457,
    0.1890895813703537,
    -0.048305053263902664,
    0.2132236361503601,
    -0.21425242722034454,
    0.005355542525649071,
    -0.1672878861427307,
    -0.1632162481546402,
    -0.09768372774124146,
    -0.10933319479227066
  ]
}