{
  "engajamentoneural": 79.68025449461378,
  "cognitivedemand": 67.31730528923467,
  "focus": 8.907171725886931,
  "embeddings": [
    0.18867237865924835,
    0.1942332237958908,
    -0.03301524743437767,
    0.21050475537776947,
    -0.2211359739303589,
    -0.009460209868848324,
    -0.1692613959312439,
    -0.14929819107055664,
    -0.11336717009544373,
    -0.12565352022647858
  ]
}