{
  "engajamentoneural": 85.368559487818,
  "cognitivedemand": 72.84341546677398,
  "focus": 8.001458641111192,
  "embeddings": [
    0.19560694694519043,
    0.19042640924453735,
    -0.04012176766991615,
    0.21203289926052094,
    -0.21781492233276367,
    -0.0009402004070580006,
    -0.16688765585422516,
    -0.1587459146976471,
    -0.10267308354377747,
    -0.1175360456109047
  ]
}