{
  "engajamentoneural": 83.70994500624852,
  "cognitivedemand": 76.25960713312698,
  "focus": 8.419987704599219,
  "embeddings": [
    0.1976921558380127,
    0.1911999136209488,
    -0.044345781207084656,
    0.21166713535785675,
    -0.21637608110904694,
    0.002253612270578742,
    -0.16852395236492157,
    -0.15891169011592865,
    -0.10145755857229233,
    -0.11306623369455338
  ]
}