{
  "engajamentoneural": 79.91839366799007,
  "cognitivedemand": 75.21924947308108,
  "focus": 9.423327990062337,
  "embeddings": [
    0.19434984028339386,
    0.19280481338500977,
    -0.04112361744046211,
    0.21139423549175262,
    -0.21777303516864777,
    -0.0015835012309253216,
    -0.16934828460216522,
    -0.15465553104877472,
    -0.10650131106376648,
    -0.1170058622956276
  ]
}