{
  "engajamentoneural": 83.1205971590782,
  "cognitivedemand": 84.84195372401089,
  "focus": 7.846268525706668,
  "embeddings": [
    0.20557434856891632,
    0.1927405148744583,
    -0.060772184282541275,
    0.21434442698955536,
    -0.2094212770462036,
    0.014784672297537327,
    -0.17189741134643555,
    -0.1626129150390625,
    -0.09705110639333725,
    -0.0965084359049797
  ]
}