{
  "engajamentoneural": 76.53829351202945,
  "cognitivedemand": 37.12525220174718,
  "focus": 44.207804247567054,
  "embeddings": [
    0.19696806371212006,
    0.19198912382125854,
    -0.04467995837330818,
    0.21208202838897705,
    -0.21618662774562836,
    0.001489168149419129,
    -0.16936402022838593,
    -0.1568378061056137,
    -0.1039193645119667,
    -0.11321631819009781
  ]
}