{
  "engajamentoneural": 89.50703001189315,
  "cognitivedemand": 80.5501135311826,
  "focus": 8.162929166890542,
  "embeddings": [
    0.21906495094299316,
    0.1712809056043625,
    -0.05485658720135689,
    0.21799702942371368,
    -0.20883958041667938,
    0.022453242912888527,
    -0.15018169581890106,
    -0.2018495798110962,
    -0.057736217975616455,
    -0.09871966391801834
  ]
}