{
  "engajamentoneural": 80.15889077656463,
  "cognitivedemand": 65.87092752277243,
  "focus": 62.22908203093917,
  "embeddings": [
    0.19165468215942383,
    0.19858932495117188,
    -0.04330452159047127,
    0.21287000179290771,
    -0.21701933443546295,
    -0.0015289672883227468,
    -0.1733584851026535,
    -0.14779067039489746,
    -0.11475025862455368,
    -0.11497331410646439
  ]
}