{
  "engajamentoneural": 83.75743882171118,
  "cognitivedemand": 59.2681982876045,
  "focus": 9.808084568009946,
  "embeddings": [
    0.20016878843307495,
    0.19675910472869873,
    -0.055369529873132706,
    0.2138102650642395,
    -0.2120964378118515,
    0.009788704104721546,
    -0.17394514381885529,
    -0.15536528825759888,
    -0.10504984855651855,
    -0.10191664844751358
  ]
}