{
  "engajamentoneural": 79.05772259401249,
  "cognitivedemand": 89.88754354177465,
  "focus": 37.53589030994596,
  "embeddings": [
    0.2039760798215866,
    0.18672144412994385,
    -0.04978286102414131,
    0.21418516337871552,
    -0.2133171409368515,
    0.009121565148234367,
    -0.164670929312706,
    -0.1696055382490158,
    -0.09079670906066895,
    -0.10652490705251694
  ]
}