{
  "engajamentoneural": 71.89909522308744,
  "cognitivedemand": 76.07525566206495,
  "focus": 8.187680613278792,
  "embeddings": [
    0.19710582494735718,
    0.18960881233215332,
    -0.04255376383662224,
    0.2121420055627823,
    -0.21672756969928741,
    1.3810116797685623e-05,
    -0.16709105670452118,
    -0.15966491401195526,
    -0.10161781311035156,
    -0.1155623197555542
  ]
}