{
  "engajamentoneural": 91.93742857613216,
  "cognitivedemand": 78.80296635471412,
  "focus": 47.73087515758429,
  "embeddings": [
    0.18970918655395508,
    0.1916772574186325,
    -0.03139553964138031,
    0.21072876453399658,
    -0.2215920090675354,
    -0.008907034061849117,
    -0.16670596599578857,
    -0.15323524177074432,
    -0.1091810092329979,
    -0.1268576830625534
  ]
}