{
  "engajamentoneural": 73.85929151720163,
  "cognitivedemand": 67.06898424793695,
  "focus": 25.319130930837495,
  "embeddings": [
    0.18842990696430206,
    0.19614927470684052,
    -0.035047292709350586,
    0.2104732245206833,
    -0.22055543959140778,
    -0.008707278408110142,
    -0.17134732007980347,
    -0.14661499857902527,
    -0.11601042002439499,
    -0.12380648404359818
  ]
}