{
  "engajamentoneural": 73.45620777976734,
  "cognitivedemand": 85.76936926165817,
  "focus": 14.532114014501696,
  "embeddings": [
    0.19948343932628632,
    0.19575469195842743,
    -0.05320046469569206,
    0.2133423089981079,
    -0.2128780484199524,
    0.008218023926019669,
    -0.17296773195266724,
    -0.1553676277399063,
    -0.1051790714263916,
    -0.10443294793367386
  ]
}