{
  "engajamentoneural": 89.26055531704517,
  "cognitivedemand": 89.2012804760996,
  "focus": 7.922769605711988,
  "embeddings": [
    0.19060127437114716,
    0.18878768384456635,
    -0.029284683987498283,
    0.2110000103712082,
    -0.22200743854045868,
    -0.009628839790821075,
    -0.16389964520931244,
    -0.1577315330505371,
    -0.10505285859107971,
    -0.12857334315776825
  ]
}