{
  "engajamentoneural": 87.25887600287487,
  "cognitivedemand": 83.84583806825825,
  "focus": 14.356732671948524,
  "embeddings": [
    0.20053695142269135,
    0.18986834585666656,
    -0.048537012189626694,
    0.21344254910945892,
    -0.21418090164661407,
    0.005674771498888731,
    -0.16771091520786285,
    -0.1624947190284729,
    -0.09849593043327332,
    -0.1089865043759346
  ]
}