{
  "engajamentoneural": 83.12988493069993,
  "cognitivedemand": 67.60831552445119,
  "focus": 7.928965701381796,
  "embeddings": [
    0.19129419326782227,
    0.19195497035980225,
    -0.03484325483441353,
    0.21101610362529755,
    -0.220221146941185,
    -0.006632056552916765,
    -0.1675778180360794,
    -0.15373340249061584,
    -0.108378104865551,
    -0.12343820929527283
  ]
}