{
  "engajamentoneural": 84.56717871800136,
  "cognitivedemand": 54.875412258762864,
  "focus": 31.1080631079381,
  "embeddings": [
    0.18934494256973267,
    0.19917108118534088,
    -0.04025156423449516,
    0.21089017391204834,
    -0.21873342990875244,
    -0.005315841641277075,
    -0.17436976730823517,
    -0.14438068866729736,
    -0.11787553876638412,
    -0.11849260330200195
  ]
}