{
  "engajamentoneural": 69.90305521872135,
  "cognitivedemand": 56.85809319581925,
  "focus": 39.93861737440281,
  "embeddings": [
    0.1921505182981491,
    0.19511258602142334,
    -0.039554283022880554,
    0.2112317681312561,
    -0.21849370002746582,
    -0.0036507602781057358,
    -0.17075936496257782,
    -0.1509445458650589,
    -0.11106682568788528,
    -0.11843905597925186
  ]
}