{
  "engajamentoneural": 70.15756649662804,
  "cognitivedemand": 63.02838514735668,
  "focus": 15.766574288246948,
  "embeddings": [
    0.1969212144613266,
    0.19287239015102386,
    -0.045929569751024246,
    0.2121121734380722,
    -0.21576182544231415,
    0.0021438291296362877,
    -0.17022983729839325,
    -0.15597544610500336,
    -0.10484015941619873,
    -0.11221275478601456
  ]
}