{
  "engajamentoneural": 83.90598926335366,
  "cognitivedemand": 50.58134386923443,
  "focus": 21.78207513345084,
  "embeddings": [
    0.21083439886569977,
    0.19857114553451538,
    -0.07591333240270615,
    0.21778804063796997,
    -0.20317675173282623,
    0.027023719623684883,
    -0.17766499519348145,
    -0.1619444340467453,
    -0.09737551212310791,
    -0.08027725666761398
  ]
}