{
  "engajamentoneural": 78.25811767189295,
  "cognitivedemand": 79.08040377275263,
  "focus": 8.138610570802406,
  "embeddings": [
    0.196986123919487,
    0.19412149488925934,
    -0.04721115529537201,
    0.21209806203842163,
    -0.21541500091552734,
    0.003257997566834092,
    -0.17125855386257172,
    -0.1550336331129074,
    -0.10549196600914001,
    -0.11062846332788467
  ]
}