{
  "engajamentoneural": 81.97605603599466,
  "cognitivedemand": 82.51531628005738,
  "focus": 29.82450203490954,
  "embeddings": [
    0.19142840802669525,
    0.1900860071182251,
    -0.031904637813568115,
    0.2115178108215332,
    -0.22095972299575806,
    -0.007201358675956726,
    -0.16474048793315887,
    -0.15783190727233887,
    -0.1048872098326683,
    -0.12561260163784027
  ]
}