{
  "engajamentoneural": 94.84623887853768,
  "cognitivedemand": 56.11013417819084,
  "focus": 31.914668516284085,
  "embeddings": [
    0.1914709061384201,
    0.19391703605651855,
    -0.03695743903517723,
    0.21185927093029022,
    -0.21930843591690063,
    -0.004843491595238447,
    -0.16876204311847687,
    -0.1528043895959854,
    -0.10961071401834488,
    -0.12096918374300003
  ]
}