{
  "engajamentoneural": 65.98476543127141,
  "cognitivedemand": 51.46551602948476,
  "focus": 54.52050587260432,
  "embeddings": [
    0.19143135845661163,
    0.20223496854305267,
    -0.047668587416410446,
    0.21072430908679962,
    -0.21637733280658722,
    -0.00034801833680830896,
    -0.17863626778125763,
    -0.14145469665527344,
    -0.11949646472930908,
    -0.11150800436735153
  ]
}