{
  "engajamentoneural": 80.00128783699006,
  "cognitivedemand": 64.30792550119385,
  "focus": 36.304584308176025,
  "embeddings": [
    0.19324226677417755,
    0.1945587545633316,
    -0.04073251038789749,
    0.21206940710544586,
    -0.21788932383060455,
    -0.0017075006617233157,
    -0.17017310857772827,
    -0.15275759994983673,
    -0.10906243324279785,
    -0.11714009195566177
  ]
}