{
  "engajamentoneural": 65.71902104254403,
  "cognitivedemand": 86.05481721673974,
  "focus": 30.37948025872056,
  "embeddings": [
    0.19298438727855682,
    0.2024751752614975,
    -0.049684375524520874,
    0.2123531848192215,
    -0.2151748687028885,
    0.0028368898201733828,
    -0.17808149755001068,
    -0.14384932816028595,
    -0.11742130666971207,
    -0.10857260227203369
  ]
}