{
  "engajamentoneural": 74.47309319714981,
  "cognitivedemand": 77.3276565089795,
  "focus": 19.73077534049137,
  "embeddings": [
    0.19308829307556152,
    0.1969011276960373,
    -0.044108133763074875,
    0.21341627836227417,
    -0.21638602018356323,
    -0.0013294070959091187,
    -0.1721416711807251,
    -0.15064643323421478,
    -0.11259111762046814,
    -0.11419397592544556
  ]
}