{
  "engajamentoneural": 48.677665840126345,
  "cognitivedemand": 49.03382536681004,
  "focus": 18.13024038454092,
  "embeddings": [
    0.1899520307779312,
    0.20034044981002808,
    -0.04180878400802612,
    0.2118852138519287,
    -0.21808330714702606,
    -0.002911143936216831,
    -0.17479448020458221,
    -0.14489082992076874,
    -0.11752927303314209,
    -0.11631182581186295
  ]
}