{
  "engajamentoneural": 79.0083176326738,
  "cognitivedemand": 65.48096964433381,
  "focus": 7.848492516457339,
  "embeddings": [
    0.20698510110378265,
    0.1879236102104187,
    -0.05792347714304924,
    0.2156626433134079,
    -0.2097219079732895,
    0.013169314712285995,
    -0.16735334694385529,
    -0.1692700982093811,
    -0.09191886335611343,
    -0.09930198639631271
  ]
}