{
  "engajamentoneural": 79.6945473008746,
  "cognitivedemand": 74.91925339677965,
  "focus": 9.737574913206481,
  "embeddings": [
    0.1928185075521469,
    0.19717806577682495,
    -0.04349182918667793,
    0.21279464662075043,
    -0.2167736142873764,
    -0.001138182356953621,
    -0.17263783514499664,
    -0.14941836893558502,
    -0.11298818141222,
    -0.11463373154401779
  ]
}