{
  "engajamentoneural": 88.17763647147146,
  "cognitivedemand": 87.65620709020686,
  "focus": 10.33032543535002,
  "embeddings": [
    0.1913345605134964,
    0.19722788035869598,
    -0.04148838296532631,
    0.2113965004682541,
    -0.21803522109985352,
    -0.003521672682836652,
    -0.17329029738903046,
    -0.14727668464183807,
    -0.11465511471033096,
    -0.11734931915998459
  ]
}