{
  "engajamentoneural": 76.1358022516959,
  "cognitivedemand": 48.55781643913335,
  "focus": 43.33037479817807,
  "embeddings": [
    0.18956468999385834,
    0.19742727279663086,
    -0.037502188235521317,
    0.21090102195739746,
    -0.21965855360031128,
    -0.005625745747238398,
    -0.1720619797706604,
    -0.14697426557540894,
    -0.11489373445510864,
    -0.12053879350423813
  ]
}