{
  "engajamentoneural": 57.31914120358211,
  "cognitivedemand": 69.7304110785827,
  "focus": 55.8966475571159,
  "embeddings": [
    0.19345855712890625,
    0.1953309178352356,
    -0.04170948639512062,
    0.21268630027770996,
    -0.21743333339691162,
    -0.0005985150928609073,
    -0.17023734748363495,
    -0.15356849133968353,
    -0.10879263281822205,
    -0.1155778169631958
  ]
}