{
  "engajamentoneural": 93.78661962438373,
  "cognitivedemand": 79.00655069916127,
  "focus": 7.966752025995993,
  "embeddings": [
    0.19322048127651215,
    0.19344736635684967,
    -0.039480652660131454,
    0.21226006746292114,
    -0.21826958656311035,
    -0.002691897563636303,
    -0.16885410249233246,
    -0.15458570420742035,
    -0.10771278291940689,
    -0.11821281909942627
  ]
}