{
  "engajamentoneural": 90.42739387186845,
  "cognitivedemand": 79.86931272564235,
  "focus": 14.736697633911122,
  "embeddings": [
    0.19776715338230133,
    0.19359691441059113,
    -0.04808695614337921,
    0.21321409940719604,
    -0.2147425413131714,
    0.003697288455441594,
    -0.17054365575313568,
    -0.15687038004398346,
    -0.10475090891122818,
    -0.10957511514425278
  ]
}