{
  "engajamentoneural": 93.368683872486,
  "cognitivedemand": 66.3935715806499,
  "focus": 7.882133811079939,
  "embeddings": [
    0.20663392543792725,
    0.19182461500167847,
    -0.061129938811063766,
    0.214570090174675,
    -0.20921246707439423,
    0.015734588727355003,
    -0.17118938267230988,
    -0.16445814073085785,
    -0.09508606791496277,
    -0.09581010788679123
  ]
}