{
  "engajamentoneural": 52.627049292671494,
  "cognitivedemand": 45.51961989252311,
  "focus": 34.80604373002322,
  "embeddings": [
    0.19443662464618683,
    0.19108891487121582,
    -0.03949775919318199,
    0.21091778576374054,
    -0.21834856271743774,
    -0.0036586776841431856,
    -0.16852295398712158,
    -0.15527895092964172,
    -0.10603955388069153,
    -0.11887528747320175
  ]
}