{
  "engajamentoneural": 91.45635742929505,
  "cognitivedemand": 64.5781746949779,
  "focus": 11.512433983546444,
  "embeddings": [
    0.19661013782024384,
    0.1889163851737976,
    -0.039620157331228256,
    0.2129189372062683,
    -0.21759074926376343,
    -0.00017122023564297706,
    -0.1647292822599411,
    -0.16274915635585785,
    -0.0992104783654213,
    -0.11730720847845078
  ]
}