{
  "engajamentoneural": 88.15457582983703,
  "cognitivedemand": 76.4650422373831,
  "focus": 7.932276864066745,
  "embeddings": [
    0.18819451332092285,
    0.1946978121995926,
    -0.03201621025800705,
    0.21093864738941193,
    -0.22158342599868774,
    -0.009072077460587025,
    -0.1688566952943802,
    -0.14972035586833954,
    -0.11300376802682877,
    -0.1260637491941452
  ]
}