{
  "engajamentoneural": 92.79791877255363,
  "cognitivedemand": 68.71194523873761,
  "focus": 10.250873109605374,
  "embeddings": [
    0.1889234185218811,
    0.19268010556697845,
    -0.03136464208364487,
    0.21085651218891144,
    -0.22164487838745117,
    -0.010046493262052536,
    -0.16761618852615356,
    -0.15164817869663239,
    -0.11138025671243668,
    -0.12691687047481537
  ]
}