{
  "engajamentoneural": 85.88223865789959,
  "cognitivedemand": 61.543601417357465,
  "focus": 12.759614873216861,
  "embeddings": [
    0.19087325036525726,
    0.19375866651535034,
    -0.035803262144327164,
    0.21150349080562592,
    -0.21990682184696198,
    -0.005861315876245499,
    -0.16867570579051971,
    -0.15266351401805878,
    -0.10982946306467056,
    -0.12196002155542374
  ]
}