{
  "engajamentoneural": 90.99677754424086,
  "cognitivedemand": 78.58339855072593,
  "focus": 15.91766372685739,
  "embeddings": [
    0.19339455664157867,
    0.1933501809835434,
    -0.040042631328105927,
    0.2124086618423462,
    -0.2179902195930481,
    -0.00284198927693069,
    -0.16901959478855133,
    -0.15437506139278412,
    -0.10814603418111801,
    -0.11785683035850525
  ]
}