{
  "engajamentoneural": 86.47031526316131,
  "cognitivedemand": 80.84547305483478,
  "focus": 7.891909287044663,
  "embeddings": [
    0.1888037472963333,
    0.19295717775821686,
    -0.031101880595088005,
    0.21089603006839752,
    -0.22172623872756958,
    -0.009482561610639095,
    -0.16742616891860962,
    -0.1518966406583786,
    -0.11089413613080978,
    -0.12690682709217072
  ]
}