{
  "engajamentoneural": 82.76178045691256,
  "cognitivedemand": 70.75921438072858,
  "focus": 8.699577833602667,
  "embeddings": [
    0.18781249225139618,
    0.19222940504550934,
    -0.028629086911678314,
    0.21042080223560333,
    -0.22270648181438446,
    -0.011884032748639584,
    -0.1668228656053543,
    -0.15138255059719086,
    -0.11168450117111206,
    -0.1296086460351944
  ]
}