{
  "engajamentoneural": 63.77784493526653,
  "cognitivedemand": 47.906135722932746,
  "focus": 10.813862792659812,
  "embeddings": [
    0.19112032651901245,
    0.19191579520702362,
    -0.033746276050806046,
    0.21084414422512054,
    -0.22068597376346588,
    -0.006663249805569649,
    -0.16723383963108063,
    -0.15412147343158722,
    -0.10761025547981262,
    -0.12404017895460129
  ]
}