{
  "engajamentoneural": 92.42747966478801,
  "cognitivedemand": 61.798400855111225,
  "focus": 14.698229053574297,
  "embeddings": [
    0.1903068572282791,
    0.1917511224746704,
    -0.03228187933564186,
    0.21091116964817047,
    -0.221160888671875,
    -0.008387056179344654,
    -0.16680456697940826,
    -0.15403415262699127,
    -0.10859754681587219,
    -0.12558874487876892
  ]
}