{
  "engajamentoneural": 91.70975022496694,
  "cognitivedemand": 63.030325047133495,
  "focus": 11.54585377940045,
  "embeddings": [
    0.1926206797361374,
    0.19201959669589996,
    -0.03681023046374321,
    0.21172745525836945,
    -0.21929092705249786,
    -0.004734930116683245,
    -0.16754937171936035,
    -0.15554086863994598,
    -0.10688770562410355,
    -0.12091109156608582
  ]
}