{
  "engajamentoneural": 70.4011852007734,
  "cognitivedemand": 47.73071692501995,
  "focus": 28.615219992102137,
  "embeddings": [
    0.20258772373199463,
    0.18931132555007935,
    -0.050630275160074234,
    0.2132100611925125,
    -0.2133876234292984,
    0.00809590145945549,
    -0.16776521503925323,
    -0.16438551247119904,
    -0.09565257281064987,
    -0.10629837960004807
  ]
}