{
  "engajamentoneural": 77.94652940862046,
  "cognitivedemand": 68.52706229420903,
  "focus": 9.1442696868683,
  "embeddings": [
    0.19172817468643188,
    0.19290953874588013,
    -0.03634822741150856,
    0.21113860607147217,
    -0.2196517437696457,
    -0.005151799879968166,
    -0.16839472949504852,
    -0.15322062373161316,
    -0.10857202857732773,
    -0.12168750911951065
  ]
}