{
  "engajamentoneural": 83.07200471401428,
  "cognitivedemand": 53.282082134977216,
  "focus": 8.75954509110246,
  "embeddings": [
    0.19083474576473236,
    0.1944078803062439,
    -0.03649122640490532,
    0.21163159608840942,
    -0.21964621543884277,
    -0.005563897546380758,
    -0.16926057636737823,
    -0.15186406672000885,
    -0.1106596365571022,
    -0.12134116142988205
  ]
}