{
  "engajamentoneural": 87.00594389272524,
  "cognitivedemand": 68.02439692721637,
  "focus": 13.02568035972822,
  "embeddings": [
    0.1946229785680771,
    0.19402790069580078,
    -0.042485084384679794,
    0.21279694139957428,
    -0.2169950008392334,
    -0.00016283926379401237,
    -0.16959166526794434,
    -0.1552058756351471,
    -0.10695090889930725,
    -0.11496112495660782
  ]
}