{
  "engajamentoneural": 64.24901382200913,
  "cognitivedemand": 66.37805427617296,
  "focus": 13.086708475818142,
  "embeddings": [
    0.19948458671569824,
    0.19181686639785767,
    -0.049035340547561646,
    0.2126433402299881,
    -0.21433673799037933,
    0.004994160030037165,
    -0.1699887067079544,
    -0.15862521529197693,
    -0.10193485021591187,
    -0.1089010238647461
  ]
}