{
  "engajamentoneural": 57.048848755633145,
  "cognitivedemand": 50.57509938565712,
  "focus": 15.211255271028424,
  "embeddings": [
    0.19571028649806976,
    0.18915587663650513,
    -0.038706183433532715,
    0.21204914152622223,
    -0.21814477443695068,
    -0.0021419436670839787,
    -0.16565965116024017,
    -0.1603715866804123,
    -0.1013457179069519,
    -0.11878546327352524
  ]
}