{
  "engajamentoneural": 91.50330355467962,
  "cognitivedemand": 61.0658618324862,
  "focus": 7.831715407111028,
  "embeddings": [
    0.19170616567134857,
    0.1916712075471878,
    -0.03454328700900078,
    0.21176643669605255,
    -0.22012114524841309,
    -0.005828785244375467,
    -0.1666058897972107,
    -0.1559559553861618,
    -0.1066548228263855,
    -0.12297769635915756
  ]
}