{
  "engajamentoneural": 80.19630508702072,
  "cognitivedemand": 85.04672005390155,
  "focus": 8.35954208851366,
  "embeddings": [
    0.19529111683368683,
    0.1914224475622177,
    -0.04096866771578789,
    0.2126041203737259,
    -0.21740929782390594,
    -0.001032211002893746,
    -0.1675153523683548,
    -0.15786375105381012,
    -0.10416080802679062,
    -0.11672982573509216
  ]
}