{
  "engajamentoneural": 88.91616263107079,
  "cognitivedemand": 71.79934861803142,
  "focus": 7.975395440133348,
  "embeddings": [
    0.19345904886722565,
    0.19227755069732666,
    -0.03869376704096794,
    0.21155039966106415,
    -0.2186434417963028,
    -0.0033588046208024025,
    -0.16834656894207,
    -0.15506647527217865,
    -0.10678410530090332,
    -0.11923595517873764
  ]
}