{
  "engajamentoneural": 87.23955532891327,
  "cognitivedemand": 63.586728234948666,
  "focus": 8.198553628943706,
  "embeddings": [
    0.20126521587371826,
    0.1934063881635666,
    -0.05346386507153511,
    0.213908851146698,
    -0.21245791018009186,
    0.009160964749753475,
    -0.17095376551151276,
    -0.15982650220394135,
    -0.10077372193336487,
    -0.10369177907705307
  ]
}