{
  "engajamentoneural": 82.3331777573963,
  "cognitivedemand": 73.69428905250524,
  "focus": 8.318605864824026,
  "embeddings": [
    0.20054034888744354,
    0.1920078545808792,
    -0.0505070798099041,
    0.21318376064300537,
    -0.21377189457416534,
    0.007362378761172295,
    -0.16966266930103302,
    -0.1604473739862442,
    -0.09988483786582947,
    -0.10662773996591568
  ]
}