{
  "engajamentoneural": 85.27657512077027,
  "cognitivedemand": 70.8879951416721,
  "focus": 7.978747642741646,
  "embeddings": [
    0.18995867669582367,
    0.19494034349918365,
    -0.03531098738312721,
    0.21168267726898193,
    -0.2201366424560547,
    -0.006240800488740206,
    -0.16922076046466827,
    -0.15123063325881958,
    -0.11149638891220093,
    -0.12243364006280899
  ]
}