{
  "engajamentoneural": 3.4826420586999114,
  "cognitivedemand": 28.61337835704727,
  "focus": 7.825999960688135,
  "embeddings": [
    0.19556587934494019,
    0.20070715248584747,
    -0.053225841373205185,
    0.21033577620983124,
    -0.21393723785877228,
    0.0035655025858432055,
    -0.17952768504619598,
    -0.14349232614040375,
    -0.11653236299753189,
    -0.10615158826112747
  ]
}