{
  "engajamentoneural": 44.64564541829776,
  "cognitivedemand": 75.804263863988,
  "focus": 13.92885855668946,
  "embeddings": [
    0.20108620822429657,
    0.2026943415403366,
    -0.06612414121627808,
    0.21397434175014496,
    -0.20829929411411285,
    0.013362773694097996,
    -0.1821007877588272,
    -0.14615632593631744,
    -0.11402275413274765,
    -0.09343095868825912
  ]
}