{
  "engajamentoneural": 56.626067583593766,
  "cognitivedemand": 57.06858940237357,
  "focus": 11.751330310678298,
  "embeddings": [
    0.19792430102825165,
    0.19475311040878296,
    -0.04863334074616432,
    0.21293151378631592,
    -0.21465380489826202,
    0.00585279380902648,
    -0.1710633635520935,
    -0.1566496640443802,
    -0.10399088263511658,
    -0.1084650531411171
  ]
}