{
  "engajamentoneural": 67.49048997957465,
  "cognitivedemand": 46.01425567068321,
  "focus": 13.120544881228046,
  "embeddings": [
    0.19557471573352814,
    0.18725460767745972,
    -0.03732731565833092,
    0.21258294582366943,
    -0.21816955506801605,
    -0.0037263694684952497,
    -0.16412629187107086,
    -0.16155017912387848,
    -0.10081218928098679,
    -0.1214011013507843
  ]
}