{
  "engajamentoneural": 73.54821041666695,
  "cognitivedemand": 79.9736871050487,
  "focus": 8.157787222444867,
  "embeddings": [
    0.1938496232032776,
    0.18585295975208282,
    -0.031934142112731934,
    0.2126057744026184,
    -0.22037875652313232,
    -0.006763286888599396,
    -0.16127733886241913,
    -0.16399502754211426,
    -0.09949418157339096,
    -0.12569548189640045
  ]
}