{
  "engajamentoneural": 61.04706613694789,
  "cognitivedemand": 72.54491799421506,
  "focus": 9.582744808323174,
  "embeddings": [
    0.19139529764652252,
    0.19549167156219482,
    -0.0384100042283535,
    0.21187824010849,
    -0.21897034347057343,
    -0.0037965665105730295,
    -0.1700940728187561,
    -0.1515139937400818,
    -0.11077574640512466,
    -0.11922911554574966
  ]
}