{
  "engajamentoneural": 81.04523354798945,
  "cognitivedemand": 71.04992572020097,
  "focus": 12.68672916590521,
  "embeddings": [
    0.19465219974517822,
    0.20532004535198212,
    -0.058272987604141235,
    0.2127932906150818,
    -0.21180051565170288,
    0.006036914885044098,
    -0.18290364742279053,
    -0.1390487551689148,
    -0.12220511585474014,
    -0.10174310952425003
  ]
}