{
  "engajamentoneural": 64.37606842326909,
  "cognitivedemand": 76.23576581965509,
  "focus": 9.061901333789478,
  "embeddings": [
    0.18810701370239258,
    0.19401200115680695,
    -0.031117582693696022,
    0.21015290915966034,
    -0.22206521034240723,
    -0.010079699568450451,
    -0.16872496902942657,
    -0.14952079951763153,
    -0.11279132962226868,
    -0.1271177977323532
  ]
}