{
  "engajamentoneural": 33.578298454149866,
  "cognitivedemand": 36.96622414283561,
  "focus": 7.824202390512136,
  "embeddings": [
    0.200663223862648,
    0.19754095375537872,
    -0.05650624260306358,
    0.21224607527256012,
    -0.2121676355600357,
    0.011446565389633179,
    -0.17516903579235077,
    -0.1546928733587265,
    -0.10459627956151962,
    -0.10057976841926575
  ]
}