{
  "engajamentoneural": 89.12445447558908,
  "cognitivedemand": 61.87192003493674,
  "focus": 10.66100648590842,
  "embeddings": [
    0.19349344074726105,
    0.1931815892457962,
    -0.03848721459507942,
    0.21235878765583038,
    -0.21849285066127777,
    -0.0019556304905563593,
    -0.1677389293909073,
    -0.15661723911762238,
    -0.10554821044206619,
    -0.118171326816082
  ]
}