{
  "engajamentoneural": 71.11522596810906,
  "cognitivedemand": 86.79626497795162,
  "focus": 11.083251819099216,
  "embeddings": [
    0.19123703241348267,
    0.18958322703838348,
    -0.031348805874586105,
    0.21081912517547607,
    -0.22121049463748932,
    -0.008607557974755764,
    -0.16514183580875397,
    -0.15672515332698822,
    -0.10611751675605774,
    -0.12644267082214355
  ]
}