{
  "engajamentoneural": 54.412693987708735,
  "cognitivedemand": 51.11968788589427,
  "focus": 17.91533406326602,
  "embeddings": [
    0.18822287023067474,
    0.19921256601810455,
    -0.03744262456893921,
    0.21163634955883026,
    -0.21965380012989044,
    -0.005988018121570349,
    -0.17286211252212524,
    -0.1447855830192566,
    -0.11775123327970505,
    -0.12084537744522095
  ]
}