{
  "engajamentoneural": 80.68547108866649,
  "cognitivedemand": 98.80985646010508,
  "focus": 16.97340074170972,
  "embeddings": [
    0.20930255949497223,
    0.19270960986614227,
    -0.0675814226269722,
    0.215049147605896,
    -0.2065677046775818,
    0.019380148500204086,
    -0.1733199506998062,
    -0.16425442695617676,
    -0.09502815455198288,
    -0.08991080522537231
  ]
}