{
  "engajamentoneural": 72.00330477648784,
  "cognitivedemand": 79.51130232149355,
  "focus": 28.055397414773953,
  "embeddings": [
    0.19489383697509766,
    0.19549961388111115,
    -0.044573768973350525,
    0.2126222848892212,
    -0.21636039018630981,
    0.0007108806748874485,
    -0.17126965522766113,
    -0.15352188050746918,
    -0.10850787162780762,
    -0.1128227487206459
  ]
}