{
  "engajamentoneural": 74.80991698110472,
  "cognitivedemand": 80.17228042572772,
  "focus": 9.8730039542551,
  "embeddings": [
    0.1950429528951645,
    0.1836097091436386,
    -0.030656762421131134,
    0.2129160612821579,
    -0.22057978808879852,
    -0.005610564257949591,
    -0.1585744172334671,
    -0.16874922811985016,
    -0.09444534033536911,
    -0.12619197368621826
  ]
}