{
  "engajamentoneural": 68.2388376847127,
  "cognitivedemand": 62.37631617808649,
  "focus": 48.36988474863346,
  "embeddings": [
    0.19406460225582123,
    0.18459512293338776,
    -0.0295078307390213,
    0.21171905100345612,
    -0.22142916917800903,
    -0.006609744857996702,
    -0.15997417271137238,
    -0.1658536046743393,
    -0.09645656496286392,
    -0.12716546654701233
  ]
}