{
  "engajamentoneural": 66.31722183019971,
  "cognitivedemand": 85.27712248151653,
  "focus": 22.68128715350275,
  "embeddings": [
    0.20039193332195282,
    0.1941443681716919,
    -0.05206376314163208,
    0.21427328884601593,
    -0.21293677389621735,
    0.009002240374684334,
    -0.17079629004001617,
    -0.1595461219549179,
    -0.10151243209838867,
    -0.1046271026134491
  ]
}