{
  "engajamentoneural": 6.287584117428831,
  "cognitivedemand": 21.016939656219527,
  "focus": 7.823272600079534,
  "embeddings": [
    0.19609946012496948,
    0.19552521407604218,
    -0.04941593483090401,
    0.20996643602848053,
    -0.21527767181396484,
    -0.0003275188209954649,
    -0.1759355515241623,
    -0.14760012924671173,
    -0.11276666074991226,
    -0.11066502332687378
  ]
}