{
  "engajamentoneural": 74.92334579091762,
  "cognitivedemand": 81.52141012511628,
  "focus": 9.747550649169789,
  "embeddings": [
    0.19296179711818695,
    0.19554418325424194,
    -0.04170515760779381,
    0.21283406019210815,
    -0.21708442270755768,
    -0.0023338915780186653,
    -0.17088405787944794,
    -0.15165135264396667,
    -0.11134747415781021,
    -0.11615923792123795
  ]
}