{
  "engajamentoneural": 90.04331584419084,
  "cognitivedemand": 79.05238541275553,
  "focus": 63.69065349546316,
  "embeddings": [
    0.1897355318069458,
    0.1981310099363327,
    -0.03885115683078766,
    0.2108098715543747,
    -0.21928395330905914,
    -0.0049369134940207005,
    -0.17308370769023895,
    -0.14612655341625214,
    -0.11575376987457275,
    -0.11953500658273697
  ]
}