{
  "engajamentoneural": 66.01638373456692,
  "cognitivedemand": 73.52537025059334,
  "focus": 7.874457102073507,
  "embeddings": [
    0.18990172445774078,
    0.20149284601211548,
    -0.04337354376912117,
    0.21157459914684296,
    -0.217754527926445,
    -0.0023819177877157927,
    -0.17624972760677338,
    -0.14279483258724213,
    -0.11909321695566177,
    -0.11514583975076675
  ]
}