{
  "engajamentoneural": 75.24637483622219,
  "cognitivedemand": 59.64634651489546,
  "focus": 7.931034285224192,
  "embeddings": [
    0.19354470074176788,
    0.1937067061662674,
    -0.040690336376428604,
    0.21227745711803436,
    -0.2178061604499817,
    -0.0021258071064949036,
    -0.16932356357574463,
    -0.15422149002552032,
    -0.10781931132078171,
    -0.11733654141426086
  ]
}