{
  "engajamentoneural": 6.159644419520148,
  "cognitivedemand": 34.39849539969504,
  "focus": 18.623498533847638,
  "embeddings": [
    0.20853741466999054,
    0.20033591985702515,
    -0.07423877716064453,
    0.21655617654323578,
    -0.20437483489513397,
    0.023989951238036156,
    -0.17986761033535004,
    -0.15677998960018158,
    -0.10271558165550232,
    -0.08312807232141495
  ]
}