{
  "engajamentoneural": 14.990314030987722,
  "cognitivedemand": 46.69562294358219,
  "focus": 8.716126957588521,
  "embeddings": [
    0.1890573501586914,
    0.20716089010238647,
    -0.04911771044135094,
    0.21154652535915375,
    -0.21593020856380463,
    -0.0005583870224654675,
    -0.18201370537281036,
    -0.1353209763765335,
    -0.12669655680656433,
    -0.10981596261262894
  ]
}