{
  "engajamentoneural": 62.5279609325296,
  "cognitivedemand": 60.722610242684205,
  "focus": 39.467762574883594,
  "embeddings": [
    0.20069241523742676,
    0.198309063911438,
    -0.05852052941918373,
    0.21431158483028412,
    -0.21077680587768555,
    0.010990790091454983,
    -0.17587478458881378,
    -0.1535588651895523,
    -0.10731259733438492,
    -0.09899421781301498
  ]
}