{
  "engajamentoneural": 63.94735940839132,
  "cognitivedemand": 49.75786555096944,
  "focus": 51.22751168190782,
  "embeddings": [
    0.1901676207780838,
    0.20331145823001862,
    -0.04608527943491936,
    0.21069538593292236,
    -0.21711419522762299,
    -0.000551760196685791,
    -0.17866240441799164,
    -0.1407761573791504,
    -0.12026389688253403,
    -0.11236970871686935
  ]
}