{
  "engajamentoneural": 44.99154140974249,
  "cognitivedemand": 70.25220358154718,
  "focus": 8.190339227895315,
  "embeddings": [
    0.19099636375904083,
    0.19802671670913696,
    -0.041755128651857376,
    0.21264274418354034,
    -0.2175333946943283,
    -0.0036718386691063643,
    -0.17266122996807098,
    -0.14753805100917816,
    -0.11556834727525711,
    -0.1166752502322197
  ]
}