{
  "engajamentoneural": 82.92356702558405,
  "cognitivedemand": 41.20095737769138,
  "focus": 33.029179322636935,
  "embeddings": [
    0.18901854753494263,
    0.19521725177764893,
    -0.03368479385972023,
    0.210905984044075,
    -0.22099308669567108,
    -0.00748685235157609,
    -0.16955327987670898,
    -0.1498342603445053,
    -0.11248724907636642,
    -0.12412653118371964
  ]
}