{
  "engajamentoneural": 65.50222219581528,
  "cognitivedemand": 98.03667321733609,
  "focus": 8.257625879948094,
  "embeddings": [
    0.19286978244781494,
    0.20221243798732758,
    -0.049614086747169495,
    0.2117793709039688,
    -0.21523983776569366,
    0.0022373630199581385,
    -0.17805986106395721,
    -0.14357762038707733,
    -0.11786184459924698,
    -0.10879787802696228
  ]
}