{
  "engajamentoneural": 75.490961501487,
  "cognitivedemand": 84.63559350195237,
  "focus": 54.011829640295836,
  "embeddings": [
    0.19184546172618866,
    0.2048574835062027,
    -0.05255967006087303,
    0.2122061401605606,
    -0.21412573754787445,
    0.0012036702828481793,
    -0.18187515437602997,
    -0.1374863088130951,
    -0.12436298280954361,
    -0.10734043270349503
  ]
}