{
  "engajamentoneural": 44.087557353909204,
  "cognitivedemand": 54.45790683387296,
  "focus": 27.051805817658124,
  "embeddings": [
    0.194990873336792,
    0.202494278550148,
    -0.055366043001413345,
    0.21131493151187897,
    -0.21296344697475433,
    0.00451905932277441,
    -0.1810045689344406,
    -0.1417478322982788,
    -0.11893587559461594,
    -0.10439413040876389
  ]
}