{
  "engajamentoneural": 92.24027183078493,
  "cognitivedemand": 55.24792796902285,
  "focus": 27.063508231081467,
  "embeddings": [
    0.18876369297504425,
    0.1993379443883896,
    -0.03952642157673836,
    0.21226613223552704,
    -0.21864859759807587,
    -0.0058168708346784115,
    -0.17380213737487793,
    -0.1446056216955185,
    -0.11892028898000717,
    -0.11919219046831131
  ]
}