{
  "engajamentoneural": 9.720689340163325,
  "cognitivedemand": 99.89274637805325,
  "focus": 7.854836284520772,
  "embeddings": [
    0.18993812799453735,
    0.1999039202928543,
    -0.04206659272313118,
    0.21129006147384644,
    -0.21794863045215607,
    -0.004091648850589991,
    -0.1750224232673645,
    -0.14393769204616547,
    -0.11848343163728714,
    -0.11694532632827759
  ]
}