{
  "engajamentoneural": 85.65481566152029,
  "cognitivedemand": 61.10776847047832,
  "focus": 30.398481158852576,
  "embeddings": [
    0.19117610156536102,
    0.19325898587703705,
    -0.036390271037817,
    0.2118578553199768,
    -0.2193918228149414,
    -0.0063788010738790035,
    -0.16855140030384064,
    -0.15269051492214203,
    -0.1103498637676239,
    -0.1220800057053566
  ]
}