{
  "engajamentoneural": 74.63223122446728,
  "cognitivedemand": 56.1722063775879,
  "focus": 61.06634009147021,
  "embeddings": [
    0.20655904710292816,
    0.20022715628147125,
    -0.07045888155698776,
    0.21495161950588226,
    -0.20622651278972626,
    0.021654844284057617,
    -0.1794469803571701,
    -0.15508639812469482,
    -0.10370061546564102,
    -0.08677246421575546
  ]
}