{
  "engajamentoneural": 77.943318066094,
  "cognitivedemand": 91.39449614819476,
  "focus": 20.108441371161412,
  "embeddings": [
    0.18983787298202515,
    0.19152455031871796,
    -0.031640104949474335,
    0.21065695583820343,
    -0.22135597467422485,
    -0.009411296807229519,
    -0.16681669652462006,
    -0.15313272178173065,
    -0.1094730794429779,
    -0.12681764364242554
  ]
}