{
  "engajamentoneural": 69.109784124317,
  "cognitivedemand": 57.92592744134265,
  "focus": 7.99520635777955,
  "embeddings": [
    0.19357167184352875,
    0.1992586851119995,
    -0.046193499118089676,
    0.21280789375305176,
    -0.2161366194486618,
    0.002351870760321617,
    -0.17402134835720062,
    -0.14913727343082428,
    -0.11227197200059891,
    -0.11113976687192917
  ]
}