{
  "engajamentoneural": 63.998869200626274,
  "cognitivedemand": 71.3264261759353,
  "focus": 11.581893710166158,
  "embeddings": [
    0.19023460149765015,
    0.18963782489299774,
    -0.02990933693945408,
    0.21071241796016693,
    -0.2218654900789261,
    -0.009678559377789497,
    -0.1648530811071396,
    -0.15609858930110931,
    -0.10653433203697205,
    -0.1282496303319931
  ]
}