{
  "engajamentoneural": 60.09376547333679,
  "cognitivedemand": 71.59350009698375,
  "focus": 12.024357789544894,
  "embeddings": [
    0.2053355723619461,
    0.18465296924114227,
    -0.049365267157554626,
    0.2131265550851822,
    -0.21349024772644043,
    0.009323225356638432,
    -0.16382886469364166,
    -0.17162376642227173,
    -0.08796427398920059,
    -0.10685949772596359
  ]
}