{
  "engajamentoneural": 67.46741375779816,
  "cognitivedemand": 81.99140570720947,
  "focus": 11.257472812527647,
  "embeddings": [
    0.18651284277439117,
    0.19521231949329376,
    -0.03043747879564762,
    0.20937621593475342,
    -0.22249789535999298,
    -0.012897011823952198,
    -0.1704624444246292,
    -0.14555607736110687,
    -0.11729568243026733,
    -0.1285790055990219
  ]
}