{
  "engajamentoneural": 74.30965555652584,
  "cognitivedemand": 56.51402922802544,
  "focus": 17.62728202369772,
  "embeddings": [
    0.19458270072937012,
    0.19343464076519012,
    -0.040996432304382324,
    0.2129676342010498,
    -0.21750259399414062,
    0.00030933041125535965,
    -0.16816674172878265,
    -0.15687821805477142,
    -0.1048487052321434,
    -0.11605647951364517
  ]
}