{
  "engajamentoneural": 74.13198995389824,
  "cognitivedemand": 87.69187267444582,
  "focus": 7.875383791375223,
  "embeddings": [
    0.18670304119586945,
    0.19491560757160187,
    -0.03048603981733322,
    0.2094559520483017,
    -0.22247515618801117,
    -0.01223695371299982,
    -0.1700407713651657,
    -0.14621306955814362,
    -0.11629986017942429,
    -0.12862253189086914
  ]
}