{
  "engajamentoneural": 84.00853365961292,
  "cognitivedemand": 59.153811233297596,
  "focus": 21.365940222540925,
  "embeddings": [
    0.1917908936738968,
    0.1864074021577835,
    -0.02819695509970188,
    0.2109513133764267,
    -0.22216320037841797,
    -0.009015320800244808,
    -0.16157566010951996,
    -0.16153521835803986,
    -0.10082394629716873,
    -0.12947119772434235
  ]
}