{
  "engajamentoneural": 72.66345942895983,
  "cognitivedemand": 60.431874319442294,
  "focus": 33.22549629289641,
  "embeddings": [
    0.2116730958223343,
    0.18727153539657593,
    -0.06542583554983139,
    0.2163752168416977,
    -0.20658214390277863,
    0.01974071003496647,
    -0.16785000264644623,
    -0.1727859228849411,
    -0.08733564615249634,
    -0.09128629416227341
  ]
}