{
  "engajamentoneural": 91.51370971770241,
  "cognitivedemand": 65.37929662804328,
  "focus": 11.241245562820957,
  "embeddings": [
    0.19048695266246796,
    0.18803121149539948,
    -0.027538565918803215,
    0.21035127341747284,
    -0.22276665270328522,
    -0.010150658898055553,
    -0.16305099427700043,
    -0.15847675502300262,
    -0.1036495491862297,
    -0.13016536831855774
  ]
}