{
  "engajamentoneural": 84.35517140821052,
  "cognitivedemand": 90.5729365942321,
  "focus": 27.17949788653815,
  "embeddings": [
    0.1920812726020813,
    0.1893276423215866,
    -0.03341378644108772,
    0.2115911841392517,
    -0.22027097642421722,
    -0.007674784865230322,
    -0.16508764028549194,
    -0.15766094624996185,
    -0.10542234778404236,
    -0.12493988126516342
  ]
}