{
  "engajamentoneural": 78.27496810915959,
  "cognitivedemand": 90.05039198189432,
  "focus": 11.282778386299075,
  "embeddings": [
    0.19558356702327728,
    0.18630319833755493,
    -0.0348905548453331,
    0.2116592526435852,
    -0.2195732146501541,
    -0.003667893586680293,
    -0.1625557690858841,
    -0.1638592630624771,
    -0.09780197590589523,
    -0.12245094031095505
  ]
}