{
  "engajamentoneural": 67.56089166437714,
  "cognitivedemand": 67.517523119628,
  "focus": 8.189863614200977,
  "embeddings": [
    0.19185207784175873,
    0.1950165182352066,
    -0.03882056102156639,
    0.211603581905365,
    -0.21875901520252228,
    -0.003712394507601857,
    -0.17013435065746307,
    -0.15166746079921722,
    -0.1104007363319397,
    -0.11901234835386276
  ]
}