{
  "engajamentoneural": 78.51556162238047,
  "cognitivedemand": 89.7693797213933,
  "focus": 8.084590346756393,
  "embeddings": [
    0.18813006579875946,
    0.19115500152111053,
    -0.028310539200901985,
    0.2097638100385666,
    -0.22289204597473145,
    -0.012441222555935383,
    -0.16647972166538239,
    -0.15174026787281036,
    -0.11088436841964722,
    -0.1303398460149765
  ]
}