{
  "engajamentoneural": 59.63236146509326,
  "cognitivedemand": 75.80817216901661,
  "focus": 25.83694942422916,
  "embeddings": [
    0.19334767758846283,
    0.18768422305583954,
    -0.033327311277389526,
    0.21164976060390472,
    -0.220086470246315,
    -0.007180848624557257,
    -0.1638154834508896,
    -0.15999488532543182,
    -0.10278988629579544,
    -0.12474885582923889
  ]
}