{
  "engajamentoneural": 73.89968666693163,
  "cognitivedemand": 87.68116188781119,
  "focus": 7.874143090795682,
  "embeddings": [
    0.18652398884296417,
    0.1955745816230774,
    -0.0311318039894104,
    0.20943665504455566,
    -0.22228707373142242,
    -0.012170505709946156,
    -0.1707783341407776,
    -0.14513593912124634,
    -0.11739328503608704,
    -0.1281723976135254
  ]
}