{
  "engajamentoneural": 76.69710667638078,
  "cognitivedemand": 81.20582590394103,
  "focus": 24.69736619211741,
  "embeddings": [
    0.20360291004180908,
    0.1911931037902832,
    -0.055948447436094284,
    0.21463535726070404,
    -0.21104253828525543,
    0.01053155679255724,
    -0.1698698252439499,
    -0.1630915254354477,
    -0.09802868217229843,
    -0.1015855073928833
  ]
}