{
  "engajamentoneural": 71.49031903938014,
  "cognitivedemand": 77.57833814152858,
  "focus": 8.37689131452153,
  "embeddings": [
    0.1914626508951187,
    0.18871437013149261,
    -0.030819090083241463,
    0.21133370697498322,
    -0.22131292521953583,
    -0.008444941602647305,
    -0.16388802230358124,
    -0.15857379138469696,
    -0.10424572974443436,
    -0.12701167166233063
  ]
}