{
  "engajamentoneural": 60.927421259293766,
  "cognitivedemand": 88.06842236242012,
  "focus": 9.527104918352203,
  "embeddings": [
    0.19057928025722504,
    0.19684384763240814,
    -0.03972533345222473,
    0.2111058384180069,
    -0.2186577469110489,
    -0.005765928421169519,
    -0.1728133112192154,
    -0.14669322967529297,
    -0.11588875204324722,
    -0.11924400180578232
  ]
}