{
  "engajamentoneural": 63.77240907747526,
  "cognitivedemand": 91.69540614004048,
  "focus": 8.920797746073772,
  "embeddings": [
    0.19620417058467865,
    0.19551880657672882,
    -0.04760637879371643,
    0.21282953023910522,
    -0.21517054736614227,
    0.0024654599837958813,
    -0.17227290570735931,
    -0.15314342081546783,
    -0.1086016297340393,
    -0.11045541614294052
  ]
}