{
  "engajamentoneural": 69.69218613683353,
  "cognitivedemand": 66.32085186129812,
  "focus": 23.704053979570674,
  "embeddings": [
    0.18598759174346924,
    0.19707746803760529,
    -0.031232282519340515,
    0.20885370671749115,
    -0.22257785499095917,
    -0.011728581972420216,
    -0.17189852893352509,
    -0.1434936225414276,
    -0.11836311966180801,
    -0.12765301764011383
  ]
}