{
  "engajamentoneural": 60.533394257720566,
  "cognitivedemand": 50.75438805352519,
  "focus": 15.458679379113471,
  "embeddings": [
    0.19225454330444336,
    0.1979771852493286,
    -0.04223307967185974,
    0.21285201609134674,
    -0.21750648319721222,
    -0.0001057580448105,
    -0.17198075354099274,
    -0.15054096281528473,
    -0.11150700598955154,
    -0.11487946659326553
  ]
}