{
  "engajamentoneural": 82.93365907439437,
  "cognitivedemand": 77.48242550218474,
  "focus": 8.190156268676452,
  "embeddings": [
    0.20008976757526398,
    0.18796519935131073,
    -0.04452040418982506,
    0.21325738728046417,
    -0.21553707122802734,
    0.004613800439983606,
    -0.16488017141819,
    -0.1660262793302536,
    -0.09495121985673904,
    -0.11235157400369644
  ]
}