{
  "engajamentoneural": 83.81389937968247,
  "cognitivedemand": 91.19336049665884,
  "focus": 8.04886368643265,
  "embeddings": [
    0.18798290193080902,
    0.19293330609798431,
    -0.03009147010743618,
    0.20955078303813934,
    -0.22243033349514008,
    -0.011983211152255535,
    -0.16848981380462646,
    -0.14879581332206726,
    -0.11348792165517807,
    -0.12885577976703644
  ]
}