{
  "engajamentoneural": 78.6196884018631,
  "cognitivedemand": 82.19395611995526,
  "focus": 9.4410490637147,
  "embeddings": [
    0.19904619455337524,
    0.1885758489370346,
    -0.04452912509441376,
    0.2132665365934372,
    -0.21556317806243896,
    0.0026258553843945265,
    -0.16587717831134796,
    -0.16349098086357117,
    -0.09815894812345505,
    -0.11310545355081558
  ]
}