{
  "engajamentoneural": 72.60878114229199,
  "cognitivedemand": 73.07792410478375,
  "focus": 7.840918613610803,
  "embeddings": [
    0.18692715466022491,
    0.19620263576507568,
    -0.0321139357984066,
    0.20953524112701416,
    -0.22190998494625092,
    -0.01120034884661436,
    -0.17125427722930908,
    -0.1451854705810547,
    -0.11740171909332275,
    -0.12674586474895477
  ]
}