{
  "engajamentoneural": 47.897257781932396,
  "cognitivedemand": 52.13180335726696,
  "focus": 31.499082687866654,
  "embeddings": [
    0.20183728635311127,
    0.19126395881175995,
    -0.05116197094321251,
    0.21259398758411407,
    -0.2134731560945511,
    0.008723372593522072,
    -0.16945646703243256,
    -0.16182245314121246,
    -0.09753624349832535,
    -0.10562953352928162
  ]
}