{
  "engajamentoneural": 67.30669946303021,
  "cognitivedemand": 72.67411341980025,
  "focus": 9.125777162985415,
  "embeddings": [
    0.18719764053821564,
    0.1953437328338623,
    -0.03197726234793663,
    0.21004672348499298,
    -0.2217624932527542,
    -0.011502672918140888,
    -0.17029817402362823,
    -0.1465727686882019,
    -0.11635386943817139,
    -0.12694717943668365
  ]
}