{
  "engajamentoneural": 67.41470754324297,
  "cognitivedemand": 82.03348847385459,
  "focus": 11.215336484840833,
  "embeddings": [
    0.18664167821407318,
    0.19561810791492462,
    -0.03118402324616909,
    0.20947617292404175,
    -0.22222477197647095,
    -0.01238433737307787,
    -0.1708592027425766,
    -0.14524701237678528,
    -0.11757562309503555,
    -0.12784451246261597
  ]
}