{
  "engajamentoneural": 83.6042829412258,
  "cognitivedemand": 88.15045134597457,
  "focus": 7.909187068921808,
  "embeddings": [
    0.1956688016653061,
    0.18526136875152588,
    -0.03417928144335747,
    0.21246981620788574,
    -0.21948756277561188,
    -0.004260588902980089,
    -0.16149793565273285,
    -0.1651681512594223,
    -0.0975094810128212,
    -0.1232360377907753
  ]
}