{
  "engajamentoneural": 75.46749321479231,
  "cognitivedemand": 46.89866364230022,
  "focus": 9.045276395116563,
  "embeddings": [
    0.18870122730731964,
    0.200334832072258,
    -0.04013003036379814,
    0.21046330034732819,
    -0.21904079616069794,
    -0.004982932936400175,
    -0.17545907199382782,
    -0.14247097074985504,
    -0.11918928474187851,
    -0.11868534237146378
  ]
}