{
  "engajamentoneural": 86.94666972525076,
  "cognitivedemand": 74.75972891373385,
  "focus": 8.461338708022016,
  "embeddings": [
    0.18625545501708984,
    0.19556689262390137,
    -0.02968093752861023,
    0.2095814347267151,
    -0.22291509807109833,
    -0.011363618075847626,
    -0.1697712540626526,
    -0.1465880423784256,
    -0.11539527773857117,
    -0.128750279545784
  ]
}