{
  "engajamentoneural": 76.75826823533116,
  "cognitivedemand": 80.63623096729903,
  "focus": 12.429079317495795,
  "embeddings": [
    0.18960832059383392,
    0.19174669682979584,
    -0.03136872872710228,
    0.21076607704162598,
    -0.22152478992938995,
    -0.009622165001928806,
    -0.1668076515197754,
    -0.1531829684972763,
    -0.10963227599859238,
    -0.12686948478221893
  ]
}