{
  "engajamentoneural": 83.5293085928912,
  "cognitivedemand": 89.59080367330264,
  "focus": 7.995648862566984,
  "embeddings": [
    0.18724758923053741,
    0.1934363692998886,
    -0.02902422659099102,
    0.20955051481723785,
    -0.22290582954883575,
    -0.011504754424095154,
    -0.16815656423568726,
    -0.14891067147254944,
    -0.11317791789770126,
    -0.12955163419246674
  ]
}