{
  "engajamentoneural": 63.58283610151626,
  "cognitivedemand": 47.77978229003703,
  "focus": 7.929763300058212,
  "embeddings": [
    0.18824279308319092,
    0.20005981624126434,
    -0.039731111377477646,
    0.2109944224357605,
    -0.21900016069412231,
    -0.006595287472009659,
    -0.1752765029668808,
    -0.14146964251995087,
    -0.12096527963876724,
    -0.11980387568473816
  ]
}