{
  "engajamentoneural": 83.49092272815564,
  "cognitivedemand": 91.72271429268284,
  "focus": 14.587387820456721,
  "embeddings": [
    0.20126128196716309,
    0.18253731727600098,
    -0.039569735527038574,
    0.21420814096927643,
    -0.21679387986660004,
    0.0035506964195519686,
    -0.15895280241966248,
    -0.1739729791879654,
    -0.08763376623392105,
    -0.11664221435785294
  ]
}