{
  "engajamentoneural": 71.29501856978145,
  "cognitivedemand": 69.88739482937126,
  "focus": 12.065268089136705,
  "embeddings": [
    0.19098500907421112,
    0.19450466334819794,
    -0.036617711186409,
    0.21127329766750336,
    -0.21968144178390503,
    -0.004940459504723549,
    -0.16943152248859406,
    -0.1515403687953949,
    -0.11046350747346878,
    -0.12129649519920349
  ]
}