{
  "engajamentoneural": 72.59869269242967,
  "cognitivedemand": 59.412581770641204,
  "focus": 10.230925351222563,
  "embeddings": [
    0.18807554244995117,
    0.19719244539737701,
    -0.03558257594704628,
    0.20863892138004303,
    -0.22091646492481232,
    -0.008524132892489433,
    -0.17320309579372406,
    -0.14416930079460144,
    -0.11688796430826187,
    -0.123597152531147
  ]
}