{
  "engajamentoneural": 77.64698690769636,
  "cognitivedemand": 79.64150142152627,
  "focus": 20.310756490528647,
  "embeddings": [
    0.20233266055583954,
    0.1862781047821045,
    -0.04734710976481438,
    0.21375489234924316,
    -0.214207723736763,
    0.006541115697473288,
    -0.16428111493587494,
    -0.1684623807668686,
    -0.09236925095319748,
    -0.10987118631601334
  ]
}