{
  "engajamentoneural": 72.22915269392017,
  "cognitivedemand": 86.91387874907714,
  "focus": 8.441859340203472,
  "embeddings": [
    0.19591696560382843,
    0.1896771341562271,
    -0.04031248018145561,
    0.212349072098732,
    -0.21752285957336426,
    -0.001330222119577229,
    -0.1662939041852951,
    -0.1598018854856491,
    -0.10214114934206009,
    -0.11755206435918808
  ]
}