{
  "engajamentoneural": 66.1594720215869,
  "cognitivedemand": 58.21930585402717,
  "focus": 45.730714484622666,
  "embeddings": [
    0.18967795372009277,
    0.19446606934070587,
    -0.033974047750234604,
    0.21101932227611542,
    -0.2207055538892746,
    -0.007288331165909767,
    -0.16891229152679443,
    -0.1507386565208435,
    -0.11152134090662003,
    -0.1238812804222107
  ]
}