{
  "engajamentoneural": 60.65637068690835,
  "cognitivedemand": 76.48970748891405,
  "focus": 22.8946275278469,
  "embeddings": [
    0.19303135573863983,
    0.19377630949020386,
    -0.04022159054875374,
    0.21149729192256927,
    -0.2181052416563034,
    -0.003935817163437605,
    -0.17035657167434692,
    -0.15192824602127075,
    -0.11036309599876404,
    -0.11828633397817612
  ]
}