{
  "engajamentoneural": 73.94517313743943,
  "cognitivedemand": 75.13058483343367,
  "focus": 34.66306053293331,
  "embeddings": [
    0.1900176852941513,
    0.19236285984516144,
    -0.032709695398807526,
    0.21028786897659302,
    -0.22126330435276031,
    -0.008728102780878544,
    -0.1679285317659378,
    -0.15208469331264496,
    -0.11001653224229813,
    -0.12558646500110626
  ]
}