{
  "engajamentoneural": 78.61669551123339,
  "cognitivedemand": 88.74909599188295,
  "focus": 66.15411291159148,
  "embeddings": [
    0.21360574662685394,
    0.18351984024047852,
    -0.06389429420232773,
    0.21641652286052704,
    -0.20687712728977203,
    0.019944317638874054,
    -0.16477073729038239,
    -0.17864738404750824,
    -0.08128634840250015,
    -0.09258472919464111
  ]
}