{
  "engajamentoneural": 76.34247259877166,
  "cognitivedemand": 80.37677790308942,
  "focus": 26.634691162304936,
  "embeddings": [
    0.19190482795238495,
    0.1941947489976883,
    -0.03895127400755882,
    0.21100331842899323,
    -0.21877890825271606,
    -0.0048647536896169186,
    -0.17047107219696045,
    -0.15053625404834747,
    -0.11126973479986191,
    -0.11986497044563293
  ]
}