{
  "engajamentoneural": 69.41236299849898,
  "cognitivedemand": 56.356635040665736,
  "focus": 10.810678998105594,
  "embeddings": [
    0.18755050003528595,
    0.1998988389968872,
    -0.038345593959093094,
    0.20902840793132782,
    -0.22002381086349487,
    -0.007893691770732403,
    -0.175714373588562,
    -0.14073099195957184,
    -0.12069046497344971,
    -0.12115585058927536
  ]
}