{
  "engajamentoneural": 64.4471421731235,
  "cognitivedemand": 56.372577643820655,
  "focus": 9.141774971514959,
  "embeddings": [
    0.1930164247751236,
    0.1995306760072708,
    -0.04561586305499077,
    0.21284852921962738,
    -0.2163304090499878,
    0.0018776903161779046,
    -0.17406022548675537,
    -0.14866678416728973,
    -0.11290670186281204,
    -0.11175612360239029
  ]
}