{
  "engajamentoneural": 24.005962558993904,
  "cognitivedemand": 28.234440717130088,
  "focus": 26.47531024504587,
  "embeddings": [
    0.2020290046930313,
    0.19563786685466766,
    -0.056157778948545456,
    0.2133852243423462,
    -0.21183405816555023,
    0.012753237038850784,
    -0.17289143800735474,
    -0.1587204784154892,
    -0.10053801536560059,
    -0.10037853568792343
  ]
}