{
  "engajamentoneural": 61.188359669814815,
  "cognitivedemand": 53.47714958848916,
  "focus": 7.8611800315275815,
  "embeddings": [
    0.18801672756671906,
    0.19865500926971436,
    -0.03702302277088165,
    0.2113327533006668,
    -0.21977417171001434,
    -0.007772716227918863,
    -0.17371810972690582,
    -0.1434418112039566,
    -0.11956486850976944,
    -0.12192734330892563
  ]
}