{
  "engajamentoneural": 93.03559399903784,
  "cognitivedemand": 75.8080626651119,
  "focus": 8.243992857821802,
  "embeddings": [
    0.19097046554088593,
    0.18935561180114746,
    -0.030138423666357994,
    0.211283341050148,
    -0.22169536352157593,
    -0.008450787514448166,
    -0.16409054398536682,
    -0.15793372690677643,
    -0.10479681938886642,
    -0.12729662656784058
  ]
}