{
  "engajamentoneural": 59.57126478611965,
  "cognitivedemand": 81.43996450297503,
  "focus": 36.736315224148164,
  "embeddings": [
    0.20919577777385712,
    0.1927364617586136,
    -0.06646643579006195,
    0.21556584537029266,
    -0.2070232778787613,
    0.020556604489684105,
    -0.17237716913223267,
    -0.16567081212997437,
    -0.09336939454078674,
    -0.09019393473863602
  ]
}