{
  "engajamentoneural": 94.32590003958742,
  "cognitivedemand": 66.08573300912356,
  "focus": 14.046675924464669,
  "embeddings": [
    0.20812825858592987,
    0.1926688551902771,
    -0.06530872732400894,
    0.21508921682834625,
    -0.20760655403137207,
    0.018316421657800674,
    -0.172685906291008,
    -0.1642565131187439,
    -0.09511514753103256,
    -0.09188493341207504
  ]
}