{
  "engajamentoneural": 68.65589722482854,
  "cognitivedemand": 78.95755208697082,
  "focus": 18.109001324119035,
  "embeddings": [
    0.19893652200698853,
    0.18943047523498535,
    -0.04694228991866112,
    0.21433742344379425,
    -0.21433264017105103,
    0.0017110394546762109,
    -0.16739924252033234,
    -0.1611185520887375,
    -0.10191673785448074,
    -0.11181018501520157
  ]
}