{
  "engajamentoneural": 87.83908546775446,
  "cognitivedemand": 78.7012223542333,
  "focus": 24.863317401258477,
  "embeddings": [
    0.19039131700992584,
    0.1898031234741211,
    -0.02926829643547535,
    0.21095888316631317,
    -0.22219912707805634,
    -0.008421284146606922,
    -0.16417105495929718,
    -0.15740209817886353,
    -0.10480829328298569,
    -0.12799252569675446
  ]
}