{
  "engajamentoneural": 88.41699978749037,
  "cognitivedemand": 77.67256346743471,
  "focus": 7.938175603140896,
  "embeddings": [
    0.189268097281456,
    0.19277948141098022,
    -0.03227287158370018,
    0.21098248660564423,
    -0.22122935950756073,
    -0.00933051761239767,
    -0.16775333881378174,
    -0.15170638263225555,
    -0.11120820045471191,
    -0.12608473002910614
  ]
}