{
  "engajamentoneural": 47.527469547594215,
  "cognitivedemand": 26.3805651951072,
  "focus": 11.085829271355108,
  "embeddings": [
    0.2055557370185852,
    0.1931954026222229,
    -0.06145310401916504,
    0.2136446088552475,
    -0.2094278186559677,
    0.014221263118088245,
    -0.17341583967208862,
    -0.16067954897880554,
    -0.0985758975148201,
    -0.09624514728784561
  ]
}