{
  "engajamentoneural": 90.14554372980822,
  "cognitivedemand": 83.86230334759487,
  "focus": 7.888308800476818,
  "embeddings": [
    0.19541852176189423,
    0.18927234411239624,
    -0.03809800371527672,
    0.21294866502285004,
    -0.21823902428150177,
    -0.0016263662837445736,
    -0.16489477455615997,
    -0.16142235696315765,
    -0.10087189078330994,
    -0.11910244077444077
  ]
}