{
  "engajamentoneural": 71.87401194688309,
  "cognitivedemand": 69.84486816673305,
  "focus": 7.97553895466967,
  "embeddings": [
    0.19256620109081268,
    0.190723717212677,
    -0.03498372808098793,
    0.21146094799041748,
    -0.21994315087795258,
    -0.005164604168385267,
    -0.16623081266880035,
    -0.15661846101284027,
    -0.10524041205644608,
    -0.12269795686006546
  ]
}