{
  "engajamentoneural": 55.887118714449166,
  "cognitivedemand": 39.2626412282326,
  "focus": 15.820436879299393,
  "embeddings": [
    0.2055654078722,
    0.19269530475139618,
    -0.06008305773139,
    0.21455933153629303,
    -0.2096921056509018,
    0.015246150083839893,
    -0.17155086994171143,
    -0.1631239801645279,
    -0.09629640728235245,
    -0.09681341797113419
  ]
}