{
  "engajamentoneural": 82.02904831370708,
  "cognitivedemand": 61.906239773107096,
  "focus": 8.730605176480921,
  "embeddings": [
    0.1903725117444992,
    0.19216583669185638,
    -0.032895833253860474,
    0.21123217046260834,
    -0.2208598256111145,
    -0.007674267515540123,
    -0.16700105369091034,
    -0.1538897603750229,
    -0.10873524099588394,
    -0.12504468858242035
  ]
}