{
  "engajamentoneural": 93.12398520604827,
  "cognitivedemand": 83.72497531875382,
  "focus": 8.932494415348469,
  "embeddings": [
    0.19138264656066895,
    0.19028998911380768,
    -0.03263691067695618,
    0.21175211668014526,
    -0.22071175277233124,
    -0.007502996828407049,
    -0.16535429656505585,
    -0.1569620817899704,
    -0.10609296709299088,
    -0.12509186565876007
  ]
}