{
  "engajamentoneural": 69.92116712737226,
  "cognitivedemand": 70.31702824865853,
  "focus": 12.120192958388888,
  "embeddings": [
    0.20802991092205048,
    0.191969096660614,
    -0.06482362002134323,
    0.21578843891620636,
    -0.20741796493530273,
    0.017083775252103806,
    -0.1721654087305069,
    -0.16476033627986908,
    -0.09554288536310196,
    -0.09294748306274414
  ]
}