{
  "engajamentoneural": 13.659465106069534,
  "cognitivedemand": 46.83998518102784,
  "focus": 7.875092942999484,
  "embeddings": [
    0.19152431190013885,
    0.19865722954273224,
    -0.042787596583366394,
    0.21152402460575104,
    -0.21766941249370575,
    -0.001920288079418242,
    -0.1741647571325302,
    -0.1464618593454361,
    -0.11508002132177353,
    -0.1156868040561676
  ]
}