{
  "engajamentoneural": 11.301540971692281,
  "cognitivedemand": 46.315659905063136,
  "focus": 7.866408970648475,
  "embeddings": [
    0.19262270629405975,
    0.19868379831314087,
    -0.04465389624238014,
    0.21170161664485931,
    -0.21692751348018646,
    -0.00027161449543200433,
    -0.17448140680789948,
    -0.14715708792209625,
    -0.11412703990936279,
    -0.11369029432535172
  ]
}