{
  "engajamentoneural": 87.20664973916234,
  "cognitivedemand": 81.75402644122474,
  "focus": 7.934444916338657,
  "embeddings": [
    0.1888541430234909,
    0.19379861652851105,
    -0.03207296505570412,
    0.2107183188199997,
    -0.22155596315860748,
    -0.008822365663945675,
    -0.16826391220092773,
    -0.15105758607387543,
    -0.11147881299257278,
    -0.12580808997154236
  ]
}