{
  "engajamentoneural": 53.97546738930671,
  "cognitivedemand": 39.58497034197483,
  "focus": 15.60915589832188,
  "embeddings": [
    0.19853220880031586,
    0.191605806350708,
    -0.04691959545016289,
    0.21276827156543732,
    -0.21510349214076996,
    0.003581572324037552,
    -0.16913671791553497,
    -0.1591024249792099,
    -0.10190210491418839,
    -0.11069819331169128
  ]
}