{
  "engajamentoneural": 46.58962194935633,
  "cognitivedemand": 26.367475320199386,
  "focus": 11.125381102118181,
  "embeddings": [
    0.20522190630435944,
    0.19227440655231476,
    -0.05981087312102318,
    0.21344228088855743,
    -0.21001148223876953,
    0.012937490828335285,
    -0.1725553274154663,
    -0.16125880181789398,
    -0.09813302010297775,
    -0.09795103222131729
  ]
}