{
  "engajamentoneural": 75.91691216051551,
  "cognitivedemand": 80.43991672803165,
  "focus": 7.947490203167762,
  "embeddings": [
    0.1897190660238266,
    0.19509750604629517,
    -0.035089198499917984,
    0.21122853457927704,
    -0.220367893576622,
    -0.006573513150215149,
    -0.16971547901630402,
    -0.14993564784526825,
    -0.11241719871759415,
    -0.12294978648424149
  ]
}