{
  "engajamentoneural": 74.41364550211821,
  "cognitivedemand": 62.20464184373338,
  "focus": 28.29513887047107,
  "embeddings": [
    0.19487883150577545,
    0.19836793839931488,
    -0.049547482281923294,
    0.21246051788330078,
    -0.21468965709209442,
    0.0020117356907576323,
    -0.17545171082019806,
    -0.14782433211803436,
    -0.1136426255106926,
    -0.10947094112634659
  ]
}