{
  "engajamentoneural": 85.24628952796382,
  "cognitivedemand": 88.75211849507257,
  "focus": 9.99460531021381,
  "embeddings": [
    0.19257719814777374,
    0.19210194051265717,
    -0.03652430698275566,
    0.21223868429660797,
    -0.21927618980407715,
    -0.004374513402581215,
    -0.1671098917722702,
    -0.15624620020389557,
    -0.10656047612428665,
    -0.12084242701530457
  ]
}