{
  "engajamentoneural": 38.81004514469555,
  "cognitivedemand": 28.743450278317166,
  "focus": 8.389074810125985,
  "embeddings": [
    0.19387245178222656,
    0.1968396157026291,
    -0.04373912513256073,
    0.21264822781085968,
    -0.2169475555419922,
    0.0011248909868299961,
    -0.17174935340881348,
    -0.15220627188682556,
    -0.10933175683021545,
    -0.11341315507888794
  ]
}