{
  "engajamentoneural": 73.44780121552157,
  "cognitivedemand": 36.95624176098798,
  "focus": 43.89500273400705,
  "embeddings": [
    0.19694066047668457,
    0.20175562798976898,
    -0.05781097710132599,
    0.21211980283260345,
    -0.21206408739089966,
    0.007045762613415718,
    -0.18024878203868866,
    -0.1444404125213623,
    -0.11584890633821487,
    -0.10180457681417465
  ]
}