{
  "engajamentoneural": 52.81761970235285,
  "cognitivedemand": 45.07507402930662,
  "focus": 27.63638380391349,
  "embeddings": [
    0.21360784769058228,
    0.1936369389295578,
    -0.07529893517494202,
    0.21691332757472992,
    -0.20332272350788116,
    0.027369415387511253,
    -0.17464937269687653,
    -0.1675327569246292,
    -0.09122807532548904,
    -0.08097284287214279
  ]
}