{
  "engajamentoneural": 46.684713305677015,
  "cognitivedemand": 96.21061539731294,
  "focus": 9.987452012585528,
  "embeddings": [
    0.20785397291183472,
    0.19598479568958282,
    -0.06741911917924881,
    0.21572203934192657,
    -0.2068748027086258,
    0.021116644144058228,
    -0.17504645884037018,
    -0.16180501878261566,
    -0.09733245521783829,
    -0.08903004974126816
  ]
}