{
  "engajamentoneural": 61.75724743469717,
  "cognitivedemand": 86.57637238787217,
  "focus": 8.242639016322384,
  "embeddings": [
    0.19370174407958984,
    0.18997637927532196,
    -0.03560883179306984,
    0.21234194934368134,
    -0.21937310695648193,
    -0.0035243595484644175,
    -0.16491980850696564,
    -0.15982119739055634,
    -0.10236305743455887,
    -0.12160543352365494
  ]
}