{
  "engajamentoneural": 62.79013717037425,
  "cognitivedemand": 46.79951961604532,
  "focus": 20.52960255597487,
  "embeddings": [
    0.1850385218858719,
    0.20938698947429657,
    -0.04603397473692894,
    0.20952802896499634,
    -0.21779058873653412,
    -0.005739381071180105,
    -0.18465764820575714,
    -0.12881234288215637,
    -0.1334109753370285,
    -0.1141538992524147
  ]
}