{
  "engajamentoneural": 68.74052074768528,
  "cognitivedemand": 87.43983256477425,
  "focus": 9.52330065417637,
  "embeddings": [
    0.2006361335515976,
    0.1861467808485031,
    -0.04283084347844124,
    0.21314828097820282,
    -0.2160433679819107,
    0.004466021899133921,
    -0.162830650806427,
    -0.16872680187225342,
    -0.0921410620212555,
    -0.11376431584358215
  ]
}