{
  "engajamentoneural": 65.94777451546192,
  "cognitivedemand": 55.407345414549546,
  "focus": 21.999500405591732,
  "embeddings": [
    0.18773038685321808,
    0.1988256424665451,
    -0.036112356930971146,
    0.2100670337677002,
    -0.22064457833766937,
    -0.007665220648050308,
    -0.17346085608005524,
    -0.14393091201782227,
    -0.11797619611024857,
    -0.12233319133520126
  ]
}