{
  "engajamentoneural": 76.7824061778051,
  "cognitivedemand": 86.32135924171314,
  "focus": 8.270787064058482,
  "embeddings": [
    0.19629019498825073,
    0.18586575984954834,
    -0.0343034565448761,
    0.2133185714483261,
    -0.21926003694534302,
    -0.0023523876443505287,
    -0.1605122685432434,
    -0.16774873435497284,
    -0.09479454159736633,
    -0.12173554301261902
  ]
}