{
  "engajamentoneural": 74.97960710671748,
  "cognitivedemand": 66.98957765392498,
  "focus": 23.35171556150345,
  "embeddings": [
    0.20338819921016693,
    0.19227643311023712,
    -0.05566946044564247,
    0.21507306396961212,
    -0.21118749678134918,
    0.012146714143455029,
    -0.16963070631027222,
    -0.16362643241882324,
    -0.09719596058130264,
    -0.10116986185312271
  ]
}