{
  "engajamentoneural": 79.43634222885964,
  "cognitivedemand": 62.982451408218544,
  "focus": 12.175498104533844,
  "embeddings": [
    0.19243581593036652,
    0.20777976512908936,
    -0.057243093848228455,
    0.2127133160829544,
    -0.21242834627628326,
    0.00473247142508626,
    -0.18456248939037323,
    -0.1353125423192978,
    -0.1261518895626068,
    -0.10296254605054855
  ]
}