{
  "engajamentoneural": 68.48291201657919,
  "cognitivedemand": 42.45442630937243,
  "focus": 8.692378721764339,
  "embeddings": [
    0.1903080940246582,
    0.1958186775445938,
    -0.036550372838974,
    0.21185170114040375,
    -0.21973972022533417,
    -0.004953770432621241,
    -0.16990797221660614,
    -0.15074092149734497,
    -0.11172396689653397,
    -0.12103166431188583
  ]
}