{
  "engajamentoneural": 53.003813135765554,
  "cognitivedemand": 72.05983298229467,
  "focus": 13.051147350508941,
  "embeddings": [
    0.1911686211824417,
    0.194541797041893,
    -0.03723639249801636,
    0.21168066561222076,
    -0.21927432715892792,
    -0.0053941248916089535,
    -0.16961200535297394,
    -0.15160812437534332,
    -0.11084136366844177,
    -0.12074648588895798
  ]
}