{
  "engajamentoneural": 57.77270585547183,
  "cognitivedemand": 63.92970679870908,
  "focus": 8.316810437848376,
  "embeddings": [
    0.21064239740371704,
    0.18978846073150635,
    -0.06670074164867401,
    0.2160629779100418,
    -0.20644725859165192,
    0.01803119108080864,
    -0.1713370829820633,
    -0.1676798313856125,
    -0.09281479567289352,
    -0.09102963656187057
  ]
}