{
  "engajamentoneural": 44.22313953150233,
  "cognitivedemand": 50.33731161911783,
  "focus": 23.43007743531259,
  "embeddings": [
    0.20069153606891632,
    0.20007462799549103,
    -0.05910755321383476,
    0.2133454829454422,
    -0.2112109512090683,
    0.012499202974140644,
    -0.17782680690288544,
    -0.15132474899291992,
    -0.10834946483373642,
    -0.09815537184476852
  ]
}