{
  "engajamentoneural": 63.378723581244444,
  "cognitivedemand": 67.04670120431008,
  "focus": 12.414446792209288,
  "embeddings": [
    0.19945043325424194,
    0.19907565414905548,
    -0.05770840868353844,
    0.21351657807826996,
    -0.21134455502033234,
    0.009447610937058926,
    -0.17697834968566895,
    -0.1507284939289093,
    -0.11001335829496384,
    -0.10058850795030594
  ]
}