{
  "engajamentoneural": 74.18675033232911,
  "cognitivedemand": 87.96129525215724,
  "focus": 9.588332587705683,
  "embeddings": [
    0.19696997106075287,
    0.18880124390125275,
    -0.04006084427237511,
    0.21276164054870605,
    -0.21750111877918243,
    6.880192086100578e-05,
    -0.16495808959007263,
    -0.16263876855373383,
    -0.09907424449920654,
    -0.11697068065404892
  ]
}