{
  "engajamentoneural": 27.360871287748928,
  "cognitivedemand": 25.13309473744137,
  "focus": 16.764410166678957,
  "embeddings": [
    0.20827923715114594,
    0.19613228738307953,
    -0.06954773515462875,
    0.21431894600391388,
    -0.2063971906900406,
    0.020695950835943222,
    -0.17680692672729492,
    -0.1596943736076355,
    -0.09884079545736313,
    -0.08789177983999252
  ]
}