{
  "engajamentoneural": 51.51847184783893,
  "cognitivedemand": 83.97661938150206,
  "focus": 19.72805087957825,
  "embeddings": [
    0.20936553180217743,
    0.19268417358398438,
    -0.06567804515361786,
    0.216619610786438,
    -0.20704257488250732,
    0.021202662959694862,
    -0.17125289142131805,
    -0.16778911650180817,
    -0.09221486002206802,
    -0.09017493575811386
  ]
}