{
  "engajamentoneural": 81.69130115442414,
  "cognitivedemand": 52.48095358761273,
  "focus": 13.99966948314506,
  "embeddings": [
    0.1876247525215149,
    0.19337482750415802,
    -0.0311176348477602,
    0.21027977764606476,
    -0.22185392677783966,
    -0.011691532097756863,
    -0.16846595704555511,
    -0.1489596664905548,
    -0.11391063779592514,
    -0.12827226519584656
  ]
}