{
  "engajamentoneural": 8.13423288273084,
  "cognitivedemand": 41.03829129202431,
  "focus": 20.79305295737082,
  "embeddings": [
    0.1949111372232437,
    0.20538127422332764,
    -0.05730612203478813,
    0.21362967789173126,
    -0.21208788454532623,
    0.008191882632672787,
    -0.18112967908382416,
    -0.14240038394927979,
    -0.11864892393350601,
    -0.10144972801208496
  ]
}