{
  "engajamentoneural": 88.08585568660854,
  "cognitivedemand": 63.80845468942638,
  "focus": 19.81513899295324,
  "embeddings": [
    0.21495388448238373,
    0.18312124907970428,
    -0.06502355635166168,
    0.21743692457675934,
    -0.2062125951051712,
    0.022379480302333832,
    -0.1635759323835373,
    -0.18138159811496735,
    -0.07850491255521774,
    -0.09096626192331314
  ]
}