{
  "engajamentoneural": 68.600693131049,
  "cognitivedemand": 79.17522507949809,
  "focus": 7.914033004007814,
  "embeddings": [
    0.19515889883041382,
    0.186289981007576,
    -0.03453398495912552,
    0.212614968419075,
    -0.21932511031627655,
    -0.004578135907649994,
    -0.16226255893707275,
    -0.16410516202449799,
    -0.09870202094316483,
    -0.1230066642165184
  ]
}