{
  "engajamentoneural": 65.67696730081232,
  "cognitivedemand": 89.58124027216486,
  "focus": 14.094705142241004,
  "embeddings": [
    0.19319288432598114,
    0.1929474025964737,
    -0.03932088240981102,
    0.212638258934021,
    -0.21809875965118408,
    -0.0024986094795167446,
    -0.1681826263666153,
    -0.15525425970554352,
    -0.1073269248008728,
    -0.11847268790006638
  ]
}