{
  "engajamentoneural": 62.58454708558527,
  "cognitivedemand": 98.0074226959885,
  "focus": 7.9630085241872095,
  "embeddings": [
    0.18906854093074799,
    0.1958056539297104,
    -0.03548533096909523,
    0.21059101819992065,
    -0.2204309105873108,
    -0.00812717154622078,
    -0.17088691890239716,
    -0.1479211449623108,
    -0.11452444642782211,
    -0.1231868639588356
  ]
}