{
  "engajamentoneural": 43.242122084314985,
  "cognitivedemand": 67.9168331785469,
  "focus": 9.13640203837267,
  "embeddings": [
    0.21153931319713593,
    0.19682486355304718,
    -0.07757186144590378,
    0.21742260456085205,
    -0.20268885791301727,
    0.026519931852817535,
    -0.1780502200126648,
    -0.16173358261585236,
    -0.09804774075746536,
    -0.08085896074771881
  ]
}