{
  "engajamentoneural": 51.02907649280284,
  "cognitivedemand": 67.1972877488549,
  "focus": 10.15625409618024,
  "embeddings": [
    0.19471155107021332,
    0.19695110619068146,
    -0.045995865017175674,
    0.21298561990261078,
    -0.21583260595798492,
    0.002168576931580901,
    -0.17247553169727325,
    -0.1516420692205429,
    -0.11000854521989822,
    -0.11168814450502396
  ]
}