{
  "engajamentoneural": 80.07547099387965,
  "cognitivedemand": 83.06897117731387,
  "focus": 19.998826698909046,
  "embeddings": [
    0.19687765836715698,
    0.1954101175069809,
    -0.04880581423640251,
    0.2138822078704834,
    -0.21421994268894196,
    0.0032130919862538576,
    -0.17180079221725464,
    -0.15435808897018433,
    -0.10790005326271057,
    -0.10922751575708389
  ]
}