{
  "engajamentoneural": 48.961108904684984,
  "cognitivedemand": 51.52791690898698,
  "focus": 11.281016908132347,
  "embeddings": [
    0.18230225145816803,
    0.20268283784389496,
    -0.030434146523475647,
    0.20823609828948975,
    -0.2236499786376953,
    -0.013260667212307453,
    -0.17620117962360382,
    -0.13544881343841553,
    -0.12650547921657562,
    -0.12848176062107086
  ]
}