{
  "engajamentoneural": 64.9802337614155,
  "cognitivedemand": 84.54114135862346,
  "focus": 8.388350852370063,
  "embeddings": [
    0.19191443920135498,
    0.18549127876758575,
    -0.02826528064906597,
    0.21154606342315674,
    -0.22194063663482666,
    -0.009655671194195747,
    -0.16101576387882233,
    -0.16192473471164703,
    -0.1012158915400505,
    -0.13009366393089294
  ]
}