{
  "engajamentoneural": 63.38905493359874,
  "cognitivedemand": 82.3132091972942,
  "focus": 10.33702103729115,
  "embeddings": [
    0.20291058719158173,
    0.18654906749725342,
    -0.048417966812849045,
    0.21394874155521393,
    -0.2138558179140091,
    0.006861845497041941,
    -0.16475023329257965,
    -0.16820074617862701,
    -0.09264761209487915,
    -0.10862072557210922
  ]
}