{
  "engajamentoneural": 70.34163356379348,
  "cognitivedemand": 85.79795201362407,
  "focus": 8.042096251602239,
  "embeddings": [
    0.19112513959407806,
    0.20420444011688232,
    -0.04942191764712334,
    0.21267886459827423,
    -0.21509484946727753,
    0.0007032377761788666,
    -0.17964191734790802,
    -0.1398317813873291,
    -0.12241420894861221,
    -0.10955353826284409
  ]
}