{
  "engajamentoneural": 70.0143567771654,
  "cognitivedemand": 39.002849908363125,
  "focus": 18.598297809492536,
  "embeddings": [
    0.20868228375911713,
    0.19758887588977814,
    -0.07151284068822861,
    0.21557371318340302,
    -0.20551542937755585,
    0.02261205203831196,
    -0.1776852160692215,
    -0.15936078131198883,
    -0.09939118474721909,
    -0.08558714389801025
  ]
}