{
  "engajamentoneural": 81.21006576796903,
  "cognitivedemand": 86.95965181637774,
  "focus": 7.918485974664091,
  "embeddings": [
    0.20773446559906006,
    0.18212807178497314,
    -0.04998161271214485,
    0.2150976061820984,
    -0.2125166654586792,
    0.012190683744847775,
    -0.16060730814933777,
    -0.1781405210494995,
    -0.08192453533411026,
    -0.10564911365509033
  ]
}