{
  "engajamentoneural": 76.49474444600008,
  "cognitivedemand": 78.48136201455522,
  "focus": 7.84441769756703,
  "embeddings": [
    0.1913291960954666,
    0.19318969547748566,
    -0.03617465868592262,
    0.21167540550231934,
    -0.2195884734392166,
    -0.005560192745178938,
    -0.16844218969345093,
    -0.15318506956100464,
    -0.10942859202623367,
    -0.12192937731742859
  ]
}