{
  "engajamentoneural": 72.69195360803569,
  "cognitivedemand": 74.48337100887711,
  "focus": 8.209688501641455,
  "embeddings": [
    0.2004939317703247,
    0.1897876113653183,
    -0.047284532338380814,
    0.21289591491222382,
    -0.2148350328207016,
    0.006051717791706324,
    -0.16724050045013428,
    -0.16325603425502777,
    -0.09695202112197876,
    -0.10960689187049866
  ]
}