{
  "engajamentoneural": 65.88321617239966,
  "cognitivedemand": 31.65369260746073,
  "focus": 9.715413386888239,
  "embeddings": [
    0.2084067314863205,
    0.19269759953022003,
    -0.06457342952489853,
    0.21602578461170197,
    -0.20756830275058746,
    0.019662201404571533,
    -0.17152057588100433,
    -0.16602550446987152,
    -0.09338799118995667,
    -0.09188539534807205
  ]
}