{
  "engajamentoneural": 70.97072311845233,
  "cognitivedemand": 95.7801912807282,
  "focus": 10.502084820083258,
  "embeddings": [
    0.20256243646144867,
    0.183920219540596,
    -0.04330435395240784,
    0.21445365250110626,
    -0.21538609266281128,
    0.005988513585180044,
    -0.16075631976127625,
    -0.1730913519859314,
    -0.0881609246134758,
    -0.11269459873437881
  ]
}