{
  "engajamentoneural": 86.75021100517625,
  "cognitivedemand": 78.53949263435938,
  "focus": 22.742821975705986,
  "embeddings": [
    0.20229430496692657,
    0.19103361666202545,
    -0.05207647755742073,
    0.21481014788150787,
    -0.21250063180923462,
    0.00892674084752798,
    -0.16804921627044678,
    -0.16444528102874756,
    -0.09692054986953735,
    -0.10442891716957092
  ]
}