{
  "engajamentoneural": 65.50782844510404,
  "cognitivedemand": 91.64315338549535,
  "focus": 8.043606828471939,
  "embeddings": [
    0.19144052267074585,
    0.20354501903057098,
    -0.048663388937711716,
    0.21439510583877563,
    -0.21481192111968994,
    0.001132457866333425,
    -0.17800533771514893,
    -0.14267417788505554,
    -0.1206858828663826,
    -0.10994874686002731
  ]
}