{
  "engajamentoneural": 60.38109320600653,
  "cognitivedemand": 58.447863528885534,
  "focus": 8.02955161285448,
  "embeddings": [
    0.19473202526569366,
    0.19499827921390533,
    -0.04365094006061554,
    0.21247036755084991,
    -0.21674586832523346,
    0.0008784497040323913,
    -0.17056788504123688,
    -0.1541348695755005,
    -0.10756191611289978,
    -0.11377561092376709
  ]
}