{
  "engajamentoneural": 64.37427321934366,
  "cognitivedemand": 91.42452697621128,
  "focus": 12.78720158871467,
  "embeddings": [
    0.1891004890203476,
    0.19751596450805664,
    -0.03771834075450897,
    0.2115853875875473,
    -0.21942555904388428,
    -0.006886681076139212,
    -0.17231912910938263,
    -0.1461416333913803,
    -0.11694959551095963,
    -0.12105909734964371
  ]
}