{
  "engajamentoneural": 94.03391624964296,
  "cognitivedemand": 95.66212004242078,
  "focus": 15.750817177822075,
  "embeddings": [
    0.2146475911140442,
    0.17557941377162933,
    -0.05495770648121834,
    0.2162385731935501,
    -0.20957402884960175,
    0.017528148368000984,
    -0.1561632752418518,
    -0.1898416429758072,
    -0.06918469816446304,
    -0.10111687332391739
  ]
}