{
  "engajamentoneural": 68.44026380509472,
  "cognitivedemand": 41.10617079274694,
  "focus": 7.98270756617272,
  "embeddings": [
    0.18945817649364471,
    0.19903387129306793,
    -0.039838969707489014,
    0.2112313061952591,
    -0.2188912034034729,
    -0.004876197315752506,
    -0.17389322817325592,
    -0.14518098533153534,
    -0.11705825477838516,
    -0.11867991089820862
  ]
}