{
  "engajamentoneural": 83.12774604706887,
  "cognitivedemand": 87.80967967011594,
  "focus": 9.059719675700673,
  "embeddings": [
    0.19443203508853912,
    0.18680477142333984,
    -0.03385722264647484,
    0.21243520081043243,
    -0.21960137784481049,
    -0.005499471444636583,
    -0.16240240633487701,
    -0.16315442323684692,
    -0.09985479712486267,
    -0.12378308176994324
  ]
}