{
  "engajamentoneural": 34.438233492532724,
  "cognitivedemand": 37.55766677914781,
  "focus": 46.67918026953398,
  "embeddings": [
    0.1882375329732895,
    0.198543980717659,
    -0.03524334728717804,
    0.20986749231815338,
    -0.22086168825626373,
    -0.006174171343445778,
    -0.17265130579471588,
    -0.14529186487197876,
    -0.11577785015106201,
    -0.12209364771842957
  ]
}