{
  "engajamentoneural": 79.30027868308855,
  "cognitivedemand": 87.3427272458675,
  "focus": 14.141356654925797,
  "embeddings": [
    0.1942250281572342,
    0.1876751333475113,
    -0.03454810753464699,
    0.21211035549640656,
    -0.21963506937026978,
    -0.005114744417369366,
    -0.1635083556175232,
    -0.16165576875209808,
    -0.10089746862649918,
    -0.12301278114318848
  ]
}