{
  "engajamentoneural": 53.32394537471069,
  "cognitivedemand": 65.32012350105299,
  "focus": 13.82988611427789,
  "embeddings": [
    0.19683365523815155,
    0.19612658023834229,
    -0.05197439715266228,
    0.213614821434021,
    -0.2130104899406433,
    0.00273292139172554,
    -0.17431515455245972,
    -0.15107309818267822,
    -0.1117100790143013,
    -0.10771725326776505
  ]
}