{
  "engajamentoneural": 40.17626812346955,
  "cognitivedemand": 47.902341631364784,
  "focus": 63.39646398206531,
  "embeddings": [
    0.20350764691829681,
    0.2101774364709854,
    -0.07735846191644669,
    0.21491198241710663,
    -0.20440083742141724,
    0.02281072735786438,
    -0.18958882987499237,
    -0.14059865474700928,
    -0.11835324019193649,
    -0.08130154758691788
  ]
}