{
  "engajamentoneural": 59.32710503195137,
  "cognitivedemand": 46.07171929025439,
  "focus": 13.39639739298486,
  "embeddings": [
    0.19277985394001007,
    0.19612230360507965,
    -0.043278347700834274,
    0.21025866270065308,
    -0.21744032204151154,
    -0.003634548047557473,
    -0.17380107939243317,
    -0.14745181798934937,
    -0.11407182365655899,
    -0.1160450279712677
  ]
}