{
  "engajamentoneural": 76.50447613714219,
  "cognitivedemand": 39.49634468095016,
  "focus": 22.744670347144137,
  "embeddings": [
    0.18943892419338226,
    0.1966288834810257,
    -0.03582054749131203,
    0.2109328657388687,
    -0.22033999860286713,
    -0.005481258034706116,
    -0.1707780510187149,
    -0.14905385673046112,
    -0.1127375066280365,
    -0.1217866912484169
  ]
}