{
  "engajamentoneural": 68.03990396926972,
  "cognitivedemand": 57.16970199092607,
  "focus": 49.616262562407265,
  "embeddings": [
    0.1876305490732193,
    0.21366412937641144,
    -0.05523943528532982,
    0.2113717645406723,
    -0.21393238008022308,
    0.0012446753680706024,
    -0.18949449062347412,
    -0.12453479319810867,
    -0.13715516030788422,
    -0.10542965680360794
  ]
}