{
  "engajamentoneural": 47.909510700994076,
  "cognitivedemand": 73.44425092972854,
  "focus": 7.823684489131422,
  "embeddings": [
    0.21888621151447296,
    0.17921645939350128,
    -0.068492591381073,
    0.21750742197036743,
    -0.20409715175628662,
    0.022274961695075035,
    -0.16223914921283722,
    -0.1859687715768814,
    -0.0744173601269722,
    -0.088413767516613
  ]
}