{
  "engajamentoneural": 72.34239617183938,
  "cognitivedemand": 93.80292275070047,
  "focus": 9.009848172661329,
  "embeddings": [
    0.20477406680583954,
    0.18559856712818146,
    -0.04919761046767235,
    0.21359634399414062,
    -0.2135317325592041,
    0.009527313522994518,
    -0.1641165018081665,
    -0.17081095278263092,
    -0.08889040350914001,
    -0.10699795931577682
  ]
}