{
  "engajamentoneural": 82.1085251427548,
  "cognitivedemand": 73.24253461349524,
  "focus": 10.650873173882003,
  "embeddings": [
    0.20010435581207275,
    0.19206629693508148,
    -0.04897269234061241,
    0.2152184247970581,
    -0.2135760337114334,
    0.007505204062908888,
    -0.16751259565353394,
    -0.16358111798763275,
    -0.09863371402025223,
    -0.10727205872535706
  ]
}