{
  "engajamentoneural": 82.65272994804003,
  "cognitivedemand": 90.48724977649401,
  "focus": 12.82559008344355,
  "embeddings": [
    0.1908818632364273,
    0.18606998026371002,
    -0.027494363486766815,
    0.21006010472774506,
    -0.222761869430542,
    -0.01221504807472229,
    -0.16239847242832184,
    -0.15906637907028198,
    -0.10373086482286453,
    -0.13098469376564026
  ]
}