{
  "engajamentoneural": 62.79516031736836,
  "cognitivedemand": 68.23026997549083,
  "focus": 45.266576908239905,
  "embeddings": [
    0.19300323724746704,
    0.19525551795959473,
    -0.04107755422592163,
    0.21234427392482758,
    -0.2177964448928833,
    -0.0015476011903956532,
    -0.1704256385564804,
    -0.1526731699705124,
    -0.1094154492020607,
    -0.11652231216430664
  ]
}