{
  "engajamentoneural": 55.83414535053021,
  "cognitivedemand": 66.21379233530327,
  "focus": 8.562442223875966,
  "embeddings": [
    0.19247348606586456,
    0.19678688049316406,
    -0.04277491569519043,
    0.213051438331604,
    -0.21700696647167206,
    -0.00177421560510993,
    -0.17200052738189697,
    -0.1501750499010086,
    -0.11264893412590027,
    -0.11547714471817017
  ]
}