{
  "engajamentoneural": 80.14085555434136,
  "cognitivedemand": 73.64810500360176,
  "focus": 14.781508776871078,
  "embeddings": [
    0.19435127079486847,
    0.19205892086029053,
    -0.039961546659469604,
    0.2127770185470581,
    -0.21773473918437958,
    -0.0020888042636215687,
    -0.16743026673793793,
    -0.15734127163887024,
    -0.10528114438056946,
    -0.11761879920959473
  ]
}