{
  "engajamentoneural": 14.818925062205768,
  "cognitivedemand": 44.890300282538675,
  "focus": 8.429578457728137,
  "embeddings": [
    0.21522562205791473,
    0.19820399582386017,
    -0.08579321950674057,
    0.21898986399173737,
    -0.19883793592453003,
    0.0318932868540287,
    -0.1801575869321823,
    -0.16246162354946136,
    -0.09720223397016525,
    -0.07242835313081741
  ]
}