{
  "engajamentoneural": 9.877166571767482,
  "cognitivedemand": 36.53524138972794,
  "focus": 40.67613099801919,
  "embeddings": [
    0.20654994249343872,
    0.1946582943201065,
    -0.06324850767850876,
    0.21446263790130615,
    -0.20872925221920013,
    0.01829075999557972,
    -0.17336933314800262,
    -0.16210609674453735,
    -0.09661784023046494,
    -0.09318474680185318
  ]
}