{
  "engajamentoneural": 65.45894293962857,
  "cognitivedemand": 71.97429508051276,
  "focus": 27.820773391808864,
  "embeddings": [
    0.1919126957654953,
    0.20557217299938202,
    -0.05212532356381416,
    0.2123299241065979,
    -0.21444910764694214,
    0.0036753404419869184,
    -0.18140210211277008,
    -0.13923655450344086,
    -0.12193240970373154,
    -0.10674154758453369
  ]
}