{
  "engajamentoneural": 11.111037497886993,
  "cognitivedemand": 77.68558043792437,
  "focus": 7.915396216880444,
  "embeddings": [
    0.2000269740819931,
    0.19933843612670898,
    -0.05991963669657707,
    0.21283204853534698,
    -0.21076226234436035,
    0.009578302502632141,
    -0.17850299179553986,
    -0.1495973765850067,
    -0.11062531918287277,
    -0.09892064332962036
  ]
}