{
  "engajamentoneural": 60.696709016443194,
  "cognitivedemand": 69.15949135300045,
  "focus": 23.315873855521772,
  "embeddings": [
    0.1966426819562912,
    0.20031513273715973,
    -0.05385592579841614,
    0.21396780014038086,
    -0.2128615528345108,
    0.006792296189814806,
    -0.1767001897096634,
    -0.14893393218517303,
    -0.11255527287721634,
    -0.10422857850790024
  ]
}