{
  "engajamentoneural": 51.93490837900039,
  "cognitivedemand": 51.66791585152254,
  "focus": 8.165732984528429,
  "embeddings": [
    0.18766166269779205,
    0.19811953604221344,
    -0.03623292222619057,
    0.20699690282344818,
    -0.22098414599895477,
    -0.011595397256314754,
    -0.17624276876449585,
    -0.13851003348827362,
    -0.12186700105667114,
    -0.12396792322397232
  ]
}