{
  "engajamentoneural": 57.59917149992544,
  "cognitivedemand": 61.960292559383355,
  "focus": 11.516418237547876,
  "embeddings": [
    0.2107822149991989,
    0.19379188120365143,
    -0.07037048786878586,
    0.2165202647447586,
    -0.20537035167217255,
    0.023821407929062843,
    -0.17330621182918549,
    -0.16643749177455902,
    -0.09265319257974625,
    -0.0859941765666008
  ]
}