{
  "engajamentoneural": 75.36382743214442,
  "cognitivedemand": 72.77573512305655,
  "focus": 8.51616960217585,
  "embeddings": [
    0.18948398530483246,
    0.19159124791622162,
    -0.03027297556400299,
    0.21028073132038116,
    -0.22188104689121246,
    -0.0098756467923522,
    -0.1665789783000946,
    -0.15298865735530853,
    -0.10942695289850235,
    -0.12748028337955475
  ]
}