{
  "engajamentoneural": 64.34276643063575,
  "cognitivedemand": 41.43144219169045,
  "focus": 49.616233037493274,
  "embeddings": [
    0.1900879144668579,
    0.19469021260738373,
    -0.033952951431274414,
    0.21133731305599213,
    -0.2206786423921585,
    -0.00524331396445632,
    -0.16818805038928986,
    -0.15277151763439178,
    -0.1092328131198883,
    -0.12296394258737564
  ]
}