{
  "engajamentoneural": 36.3879719703732,
  "cognitivedemand": 37.62567329210423,
  "focus": 47.43412587706209,
  "embeddings": [
    0.19571812450885773,
    0.19617903232574463,
    -0.04563715681433678,
    0.2117653638124466,
    -0.21625924110412598,
    0.0030315902549773455,
    -0.17217059433460236,
    -0.15302205085754395,
    -0.10736251622438431,
    -0.11127438396215439
  ]
}