{
  "engajamentoneural": 52.899695815476136,
  "cognitivedemand": 57.133089675319326,
  "focus": 13.574431302562505,
  "embeddings": [
    0.18900920450687408,
    0.19941844046115875,
    -0.040961552411317825,
    0.21137069165706635,
    -0.21821655333042145,
    -0.006310120690613985,
    -0.17533762753009796,
    -0.14246322214603424,
    -0.12087122350931168,
    -0.11851195245981216
  ]
}