{
  "engajamentoneural": 83.72741201152014,
  "cognitivedemand": 67.4981222366091,
  "focus": 13.328675227094466,
  "embeddings": [
    0.19409631192684174,
    0.19491487741470337,
    -0.042239487171173096,
    0.21330469846725464,
    -0.2170420140028,
    -0.00021770813327748328,
    -0.16969119012355804,
    -0.15470509231090546,
    -0.10775833576917648,
    -0.11495665460824966
  ]
}