{
  "engajamentoneural": 82.1447805944053,
  "cognitivedemand": 80.53851655462296,
  "focus": 8.733077919117104,
  "embeddings": [
    0.18675458431243896,
    0.19836930930614471,
    -0.038332317024469376,
    0.2108803540468216,
    -0.21910907328128815,
    -0.012899142690002918,
    -0.17539000511169434,
    -0.13902734220027924,
    -0.12584057450294495,
    -0.12338819354772568
  ]
}