{
  "engajamentoneural": 75.05516496233491,
  "cognitivedemand": 74.79450236064989,
  "focus": 9.700935664087762,
  "embeddings": [
    0.19811443984508514,
    0.18742893636226654,
    -0.039683494716882706,
    0.21084828674793243,
    -0.2181180715560913,
    0.0007992002065293491,
    -0.16500018537044525,
    -0.16332562267780304,
    -0.09626048803329468,
    -0.11702979356050491
  ]
}