{
  "engajamentoneural": 72.39111306080709,
  "cognitivedemand": 87.33253568220887,
  "focus": 49.93665757205267,
  "embeddings": [
    0.19465899467468262,
    0.19135946035385132,
    -0.03972812369465828,
    0.2120656818151474,
    -0.21795755624771118,
    -0.0021624958608299494,
    -0.16744326055049896,
    -0.15735280513763428,
    -0.10465109348297119,
    -0.11799878627061844
  ]
}