{
  "engajamentoneural": 76.72844737654343,
  "cognitivedemand": 64.55158168291773,
  "focus": 8.147827344580705,
  "embeddings": [
    0.19264191389083862,
    0.19420193135738373,
    -0.03909202292561531,
    0.212699756026268,
    -0.21833766996860504,
    -0.0026139032561331987,
    -0.16872988641262054,
    -0.1544446498155594,
    -0.1081957221031189,
    -0.11827245354652405
  ]
}