{
  "engajamentoneural": 20.19414107249724,
  "cognitivedemand": 48.8333785694392,
  "focus": 43.65358838921709,
  "embeddings": [
    0.19292359054088593,
    0.20063264667987823,
    -0.04795033112168312,
    0.21280406415462494,
    -0.21542757749557495,
    0.000990785309113562,
    -0.17625053226947784,
    -0.14582882821559906,
    -0.11640742421150208,
    -0.11043855547904968
  ]
}