{
  "engajamentoneural": 73.35095630967064,
  "cognitivedemand": 62.73935673591312,
  "focus": 17.507699232763606,
  "embeddings": [
    0.19310741126537323,
    0.18763864040374756,
    -0.03108811378479004,
    0.2122068554162979,
    -0.2209165096282959,
    -0.005367502104490995,
    -0.16181892156600952,
    -0.16322404146194458,
    -0.0993729829788208,
    -0.12543094158172607
  ]
}