{
  "engajamentoneural": 80.6143826410354,
  "cognitivedemand": 72.64267915104952,
  "focus": 20.068994546225525,
  "embeddings": [
    0.20165473222732544,
    0.20369838178157806,
    -0.0666629746556282,
    0.21404236555099487,
    -0.20815451443195343,
    0.01601436361670494,
    -0.18216103315353394,
    -0.14658604562282562,
    -0.11286038160324097,
    -0.09163586050271988
  ]
}