{
  "engajamentoneural": 75.53561513111131,
  "cognitivedemand": 41.2261565884469,
  "focus": 15.024178666957354,
  "embeddings": [
    0.19366951286792755,
    0.19003795087337494,
    -0.035949092358350754,
    0.21231670677661896,
    -0.21936048567295074,
    -0.004054223652929068,
    -0.165327787399292,
    -0.15917371213436127,
    -0.10321274399757385,
    -0.12128447741270065
  ]
}