{
  "engajamentoneural": 78.0887744409513,
  "cognitivedemand": 94.6811426325334,
  "focus": 8.774663270982108,
  "embeddings": [
    0.20511490106582642,
    0.1848311573266983,
    -0.050328578799963,
    0.21409223973751068,
    -0.2129356414079666,
    0.009064333513379097,
    -0.16389267146587372,
    -0.17127247154712677,
    -0.08908683806657791,
    -0.10661908239126205
  ]
}