{
  "engajamentoneural": 84.41779507017887,
  "cognitivedemand": 89.60047087718118,
  "focus": 8.143107875855682,
  "embeddings": [
    0.19766144454479218,
    0.1912107616662979,
    -0.04392288997769356,
    0.2131519913673401,
    -0.2161988765001297,
    0.0030824460554867983,
    -0.16727133095264435,
    -0.16074442863464355,
    -0.10042408108711243,
    -0.1129905954003334
  ]
}