{
  "engajamentoneural": 72.11839841748177,
  "cognitivedemand": 77.16167180386417,
  "focus": 9.56893831707919,
  "embeddings": [
    0.20718993246555328,
    0.19417381286621094,
    -0.06423383951187134,
    0.21516983211040497,
    -0.20808236300945282,
    0.01862305961549282,
    -0.173357293009758,
    -0.16276775300502777,
    -0.09663975238800049,
    -0.09252458065748215
  ]
}