{
  "engajamentoneural": 81.28184740964848,
  "cognitivedemand": 59.47789605564595,
  "focus": 24.078513442397554,
  "embeddings": [
    0.19007068872451782,
    0.19841788709163666,
    -0.039974648505449295,
    0.21177728474140167,
    -0.2186051458120346,
    -0.0037870733067393303,
    -0.1730937957763672,
    -0.14672844111919403,
    -0.1155315414071083,
    -0.11817300319671631
  ]
}