{
  "engajamentoneural": 87.94190700197426,
  "cognitivedemand": 67.43069410177964,
  "focus": 36.13553647530633,
  "embeddings": [
    0.19118110835552216,
    0.19926752150058746,
    -0.042221952229738235,
    0.21265928447246552,
    -0.21760763227939606,
    -0.001160325133241713,
    -0.17340199649333954,
    -0.14777430891990662,
    -0.11457711458206177,
    -0.11527163535356522
  ]
}