{
  "engajamentoneural": 63.84279000557347,
  "cognitivedemand": 51.16108195141226,
  "focus": 15.705172708307934,
  "embeddings": [
    0.1903371661901474,
    0.20017600059509277,
    -0.043170031160116196,
    0.21233737468719482,
    -0.2173113077878952,
    -0.002930647460743785,
    -0.17517249286174774,
    -0.14433783292770386,
    -0.11840488761663437,
    -0.11563058942556381
  ]
}