{
  "engajamentoneural": 91.13858918049978,
  "cognitivedemand": 75.43115664502221,
  "focus": 24.518639288974885,
  "embeddings": [
    0.1930972784757614,
    0.18891863524913788,
    -0.03304550424218178,
    0.21194137632846832,
    -0.2204166203737259,
    -0.004654991906136274,
    -0.16353151202201843,
    -0.1607428938150406,
    -0.10131824761629105,
    -0.1241624653339386
  ]
}