{
  "engajamentoneural": 35.61630453715179,
  "cognitivedemand": 34.08765473232371,
  "focus": 27.47429244773588,
  "embeddings": [
    0.18746048212051392,
    0.2080755978822708,
    -0.04618093743920326,
    0.21028165519237518,
    -0.21756096184253693,
    -0.0009699779911898077,
    -0.18260811269283295,
    -0.13413257896900177,
    -0.12664677202701569,
    -0.11243342608213425
  ]
}