{
  "engajamentoneural": 44.86088961255007,
  "cognitivedemand": 70.56225448297485,
  "focus": 8.2424428281894,
  "embeddings": [
    0.19337284564971924,
    0.19448566436767578,
    -0.04050292447209358,
    0.21327106654644012,
    -0.21759428083896637,
    -0.0008328513358719647,
    -0.16902965307235718,
    -0.1543361097574234,
    -0.10870056599378586,
    -0.11635873466730118
  ]
}