{
  "engajamentoneural": 6.457779043955675,
  "cognitivedemand": 31.027093620455958,
  "focus": 8.256207750652589,
  "embeddings": [
    0.20154602825641632,
    0.1998671144247055,
    -0.06334508210420609,
    0.21407318115234375,
    -0.20915848016738892,
    0.012385825626552105,
    -0.17941659688949585,
    -0.14987650513648987,
    -0.11037152260541916,
    -0.09584634751081467
  ]
}