{
  "engajamentoneural": 44.23310898309575,
  "cognitivedemand": 58.46147760129314,
  "focus": 18.095164548043098,
  "embeddings": [
    0.21211576461791992,
    0.192474365234375,
    -0.07213037461042404,
    0.21653155982494354,
    -0.20431387424468994,
    0.023565510287880898,
    -0.1733182817697525,
    -0.16731686890125275,
    -0.0922190323472023,
    -0.08514103293418884
  ]
}