{
  "engajamentoneural": 79.49293154187713,
  "cognitivedemand": 95.12172372873046,
  "focus": 9.639311422217101,
  "embeddings": [
    0.19106543064117432,
    0.1936095803976059,
    -0.03719272091984749,
    0.21153630316257477,
    -0.2192038744688034,
    -0.0069839321076869965,
    -0.16941678524017334,
    -0.15114083886146545,
    -0.11195263266563416,
    -0.12170261889696121
  ]
}