{
  "engajamentoneural": 77.21869569195512,
  "cognitivedemand": 73.00585063329167,
  "focus": 7.97531793761157,
  "embeddings": [
    0.21624265611171722,
    0.1862933188676834,
    -0.0709686130285263,
    0.21749143302440643,
    -0.20419400930404663,
    0.026329269632697105,
    -0.16739845275878906,
    -0.17842994630336761,
    -0.08083001524209976,
    -0.08473760634660721
  ]
}