{
  "engajamentoneural": 15.381366835004822,
  "cognitivedemand": 36.39725269386977,
  "focus": 11.559561211250546,
  "embeddings": [
    0.19516521692276,
    0.20050431787967682,
    -0.051496654748916626,
    0.21290862560272217,
    -0.2141079306602478,
    0.004790537990629673,
    -0.17680686712265015,
    -0.1473635584115982,
    -0.11389223486185074,
    -0.10662993043661118
  ]
}