{
  "engajamentoneural": 75.68637174893415,
  "cognitivedemand": 66.83897721101697,
  "focus": 35.06525542084072,
  "embeddings": [
    0.1974194049835205,
    0.1934114247560501,
    -0.047053735703229904,
    0.21313054859638214,
    -0.21509641408920288,
    0.003298460738733411,
    -0.1701020747423172,
    -0.1572847217321396,
    -0.1044074296951294,
    -0.11043775081634521
  ]
}