{
  "engajamentoneural": 29.565480490889296,
  "cognitivedemand": 95.63272713275454,
  "focus": 7.838883006492758,
  "embeddings": [
    0.20537149906158447,
    0.19314128160476685,
    -0.06101088598370552,
    0.214616596698761,
    -0.2093619853258133,
    0.013211703859269619,
    -0.1731264591217041,
    -0.16065825521945953,
    -0.09968908876180649,
    -0.09693079441785812
  ]
}