{
  "engajamentoneural": 61.93021746274317,
  "cognitivedemand": 71.67139591445401,
  "focus": 17.26909489866275,
  "embeddings": [
    0.19213098287582397,
    0.19842316210269928,
    -0.04385899007320404,
    0.21195249259471893,
    -0.2171485275030136,
    -0.0011472840560600162,
    -0.17385895550251007,
    -0.14789871871471405,
    -0.1140083372592926,
    -0.11433476209640503
  ]
}