{
  "engajamentoneural": 23.175935380340228,
  "cognitivedemand": 42.50027924758863,
  "focus": 36.88247493393108,
  "embeddings": [
    0.2163366824388504,
    0.20043087005615234,
    -0.08818783611059189,
    0.2186548262834549,
    -0.1982220560312271,
    0.035891562700271606,
    -0.18140973150730133,
    -0.16236911714076996,
    -0.09573199599981308,
    -0.06855424493551254
  ]
}