{
  "engajamentoneural": 64.56687162257136,
  "cognitivedemand": 78.9309462452682,
  "focus": 38.69627810580276,
  "embeddings": [
    0.202378511428833,
    0.1975901573896408,
    -0.05988849326968193,
    0.21470363438129425,
    -0.2101726531982422,
    0.013454195111989975,
    -0.17493800818920135,
    -0.1558847278356552,
    -0.10429830104112625,
    -0.09732219576835632
  ]
}