{
  "engajamentoneural": 46.38653400605974,
  "cognitivedemand": 83.97548490809325,
  "focus": 11.445987511229072,
  "embeddings": [
    0.19360512495040894,
    0.19781005382537842,
    -0.04700440168380737,
    0.211886465549469,
    -0.21595799922943115,
    -0.00017484028649050742,
    -0.17472673952579498,
    -0.1471991091966629,
    -0.1141676977276802,
    -0.1124633327126503
  ]
}