{
  "engajamentoneural": 50.58864722834785,
  "cognitivedemand": 85.58827270209417,
  "focus": 8.703107982530977,
  "embeddings": [
    0.19067730009555817,
    0.19276821613311768,
    -0.03362196683883667,
    0.21104133129119873,
    -0.2206418514251709,
    -0.006228407379239798,
    -0.16729748249053955,
    -0.153652623295784,
    -0.10820915549993515,
    -0.12414895743131638
  ]
}