{
  "engajamentoneural": 87.64823879121512,
  "cognitivedemand": 91.65044194887521,
  "focus": 22.452420819621032,
  "embeddings": [
    0.19474279880523682,
    0.18185210227966309,
    -0.02790740318596363,
    0.2123335599899292,
    -0.22155244648456573,
    -0.0076530687510967255,
    -0.15752549469470978,
    -0.1691616028547287,
    -0.09385170787572861,
    -0.12928077578544617
  ]
}