{
  "engajamentoneural": 42.35741695253573,
  "cognitivedemand": 86.52325678839131,
  "focus": 18.24733846297244,
  "embeddings": [
    0.2012656331062317,
    0.19884151220321655,
    -0.06631240248680115,
    0.21578340232372284,
    -0.2071131020784378,
    0.009703573770821095,
    -0.1805524080991745,
    -0.14798420667648315,
    -0.11496094614267349,
    -0.09558089822530746
  ]
}