{
  "engajamentoneural": 52.280398795579885,
  "cognitivedemand": 36.277804012712934,
  "focus": 21.248772087485925,
  "embeddings": [
    0.1995571404695511,
    0.18991310894489288,
    -0.04578118026256561,
    0.2120300978422165,
    -0.21555237472057343,
    0.004285398870706558,
    -0.16765348613262177,
    -0.16175349056720734,
    -0.09824007004499435,
    -0.11115813255310059
  ]
}