{
  "engajamentoneural": 83.81765155972228,
  "cognitivedemand": 95.7585112714654,
  "focus": 9.034441244096358,
  "embeddings": [
    0.21168436110019684,
    0.18239659070968628,
    -0.058081578463315964,
    0.21578757464885712,
    -0.20920515060424805,
    0.017847126349806786,
    -0.1624888777732849,
    -0.1795649528503418,
    -0.07979664206504822,
    -0.09798435121774673
  ]
}