{
  "engajamentoneural": 65.87855262382291,
  "cognitivedemand": 75.6167824455038,
  "focus": 8.061770008086167,
  "embeddings": [
    0.192470982670784,
    0.20088060200214386,
    -0.0465727299451828,
    0.21358661353588104,
    -0.21576939523220062,
    0.0014950945042073727,
    -0.17516623437404633,
    -0.1464320868253708,
    -0.1158754825592041,
    -0.11118524521589279
  ]
}