{
  "engajamentoneural": 75.30848129324255,
  "cognitivedemand": 94.0226137749434,
  "focus": 8.164116860223093,
  "embeddings": [
    0.20962749421596527,
    0.1866448074579239,
    -0.05962151288986206,
    0.215354323387146,
    -0.20919151604175568,
    0.017551230266690254,
    -0.16616763174533844,
    -0.17343895137310028,
    -0.08586663752794266,
    -0.09648618847131729
  ]
}