{
  "engajamentoneural": 29.9960307753679,
  "cognitivedemand": 40.383770370884776,
  "focus": 64.86548244203223,
  "embeddings": [
    0.18854176998138428,
    0.20556123554706573,
    -0.046743232756853104,
    0.21043159067630768,
    -0.21706290543079376,
    -0.00210004230029881,
    -0.1813300997018814,
    -0.13537035882472992,
    -0.12574024498462677,
    -0.11298868060112
  ]
}