{
  "engajamentoneural": 87.98216144250522,
  "cognitivedemand": 71.63704049237182,
  "focus": 19.130702292621283,
  "embeddings": [
    0.19208770990371704,
    0.1925247311592102,
    -0.0363665409386158,
    0.21198950707912445,
    -0.21945977210998535,
    -0.004982199985533953,
    -0.16740451753139496,
    -0.15521466732025146,
    -0.10738251358270645,
    -0.12132316082715988
  ]
}