{
  "engajamentoneural": 74.789573923915,
  "cognitivedemand": 70.91572272727657,
  "focus": 8.272496779959738,
  "embeddings": [
    0.18754039704799652,
    0.19535070657730103,
    -0.03210121765732765,
    0.2102506011724472,
    -0.22172582149505615,
    -0.010272132232785225,
    -0.1700229048728943,
    -0.14724119007587433,
    -0.11525756865739822,
    -0.12665019929409027
  ]
}