{
  "engajamentoneural": 73.2559239115681,
  "cognitivedemand": 73.45023868735903,
  "focus": 9.343243625807919,
  "embeddings": [
    0.18773843348026276,
    0.19748015701770782,
    -0.03531169518828392,
    0.2106841653585434,
    -0.2205648273229599,
    -0.008557374589145184,
    -0.1722193956375122,
    -0.14478538930416107,
    -0.11778847128152847,
    -0.12366665154695511
  ]
}