{
  "engajamentoneural": 82.65631575302031,
  "cognitivedemand": 73.54176387035875,
  "focus": 8.356477758832416,
  "embeddings": [
    0.19439786672592163,
    0.19401265680789948,
    -0.04256641864776611,
    0.2114487886428833,
    -0.2173425555229187,
    -0.000975399452727288,
    -0.17077012360095978,
    -0.15277718007564545,
    -0.10828272253274918,
    -0.11564097553491592
  ]
}