{
  "engajamentoneural": 66.38030124135179,
  "cognitivedemand": 87.64833563706446,
  "focus": 73.87303337947581,
  "embeddings": [
    0.192202627658844,
    0.1902914047241211,
    -0.0347176231443882,
    0.21170198917388916,
    -0.21989990770816803,
    -0.006863800343126059,
    -0.1661660522222519,
    -0.15641097724437714,
    -0.1065148413181305,
    -0.12362727522850037
  ]
}