{
  "engajamentoneural": 66.97146150405594,
  "cognitivedemand": 91.82899183124982,
  "focus": 75.56864902014989,
  "embeddings": [
    0.19468586146831512,
    0.18901289999485016,
    -0.036902476102113724,
    0.21197499334812164,
    -0.21886111795902252,
    -0.0038059584330767393,
    -0.16527491807937622,
    -0.1598913073539734,
    -0.10234438627958298,
    -0.1208585575222969
  ]
}