{
  "engajamentoneural": 84.94487850961166,
  "cognitivedemand": 69.24324442704548,
  "focus": 14.329735676914046,
  "embeddings": [
    0.18982625007629395,
    0.19889499247074127,
    -0.04002619907259941,
    0.21103863418102264,
    -0.21882836520671844,
    -0.004141039680689573,
    -0.17383910715579987,
    -0.1452813595533371,
    -0.11646318435668945,
    -0.1183815598487854
  ]
}