{
  "engajamentoneural": 84.01471893925805,
  "cognitivedemand": 57.84275650075209,
  "focus": 8.431657672612335,
  "embeddings": [
    0.1982448548078537,
    0.1921248435974121,
    -0.04661231115460396,
    0.21234939992427826,
    -0.2153986245393753,
    0.0041942051611840725,
    -0.16932933032512665,
    -0.15842266380786896,
    -0.10187358409166336,
    -0.11083758622407913
  ]
}