{
  "engajamentoneural": 70.26919070051176,
  "cognitivedemand": 88.77264387951527,
  "focus": 7.94016159803983,
  "embeddings": [
    0.19421392679214478,
    0.1918877214193344,
    -0.039427097886800766,
    0.21212774515151978,
    -0.21817123889923096,
    -0.0021489013452082872,
    -0.16783207654953003,
    -0.15649893879890442,
    -0.1053936779499054,
    -0.11839286237955093
  ]
}