{
  "engajamentoneural": 83.50922069056142,
  "cognitivedemand": 69.96887802767144,
  "focus": 14.196716194362002,
  "embeddings": [
    0.1889265924692154,
    0.19581902027130127,
    -0.035387489944696426,
    0.20988482236862183,
    -0.22063344717025757,
    -0.008931330405175686,
    -0.17173008620738983,
    -0.14614905416965485,
    -0.115996815264225,
    -0.12368196994066238
  ]
}