{
  "engajamentoneural": 84.22244185021148,
  "cognitivedemand": 76.66680894679646,
  "focus": 18.01576640575151,
  "embeddings": [
    0.19366580247879028,
    0.19874991476535797,
    -0.04665692150592804,
    0.21113407611846924,
    -0.21624036133289337,
    0.000859977153595537,
    -0.17541088163852692,
    -0.14682041108608246,
    -0.11390482634305954,
    -0.11177565902471542
  ]
}