{
  "engajamentoneural": 79.58818470958613,
  "cognitivedemand": 75.09573689059897,
  "focus": 7.941635285765192,
  "embeddings": [
    0.1911824494600296,
    0.19478891789913177,
    -0.037542328238487244,
    0.21120519936084747,
    -0.21935470402240753,
    -0.004781410563737154,
    -0.17007334530353546,
    -0.15092885494232178,
    -0.11101901531219482,
    -0.12056514620780945
  ]
}