{
  "engajamentoneural": 67.88695262338712,
  "cognitivedemand": 70.5579571380316,
  "focus": 12.86335102941476,
  "embeddings": [
    0.19810092449188232,
    0.18982000648975372,
    -0.04417597874999046,
    0.2123100757598877,
    -0.21616220474243164,
    0.002091054804623127,
    -0.16739237308502197,
    -0.16042211651802063,
    -0.10027292370796204,
    -0.11364568024873734
  ]
}