{
  "engajamentoneural": 80.806085191208,
  "cognitivedemand": 55.448234732036674,
  "focus": 16.940121490710425,
  "embeddings": [
    0.20124782621860504,
    0.19376997649669647,
    -0.05374516546726227,
    0.21301083266735077,
    -0.21266187727451324,
    0.009702085517346859,
    -0.1717570275068283,
    -0.15861666202545166,
    -0.10094970464706421,
    -0.10350223630666733
  ]
}