{
  "engajamentoneural": 70.38393676277761,
  "cognitivedemand": 88.76270866367113,
  "focus": 7.943723851890927,
  "embeddings": [
    0.194405198097229,
    0.1919003576040268,
    -0.03977885842323303,
    0.21216903626918793,
    -0.21802984178066254,
    -0.001860534306615591,
    -0.16789822280406952,
    -0.15660525858402252,
    -0.10524916648864746,
    -0.11802957206964493
  ]
}