{
  "engajamentoneural": 79.33590349874649,
  "cognitivedemand": 77.75744264436536,
  "focus": 9.248339744274347,
  "embeddings": [
    0.18931470811367035,
    0.1963861733675003,
    -0.03580917418003082,
    0.21041738986968994,
    -0.22040654718875885,
    -0.006338206585496664,
    -0.17125095427036285,
    -0.14759542047977448,
    -0.11400007456541061,
    -0.12241816520690918
  ]
}