{
  "engajamentoneural": 64.31746902911175,
  "cognitivedemand": 82.25498221509558,
  "focus": 9.210593494228213,
  "embeddings": [
    0.18662536144256592,
    0.1883745640516281,
    -0.02046639285981655,
    0.2083531618118286,
    -0.22582776844501495,
    -0.014982394874095917,
    -0.1624155193567276,
    -0.15512360632419586,
    -0.10661864280700684,
    -0.13702492415905
  ]
}