{
  "engajamentoneural": 86.69277957770632,
  "cognitivedemand": 63.12838510936225,
  "focus": 14.95846594783985,
  "embeddings": [
    0.19810129702091217,
    0.18955224752426147,
    -0.04359574615955353,
    0.21222352981567383,
    -0.2164192795753479,
    0.0017845435068011284,
    -0.16712583601474762,
    -0.1608067899942398,
    -0.09973794221878052,
    -0.1140565276145935
  ]
}