{
  "engajamentoneural": 82.14865969351912,
  "cognitivedemand": 88.03136900391058,
  "focus": 9.153616052391822,
  "embeddings": [
    0.19078750908374786,
    0.19015757739543915,
    -0.03173917904496193,
    0.2100197672843933,
    -0.22172510623931885,
    -0.007906193844974041,
    -0.1662549376487732,
    -0.15442116558551788,
    -0.10656341165304184,
    -0.1268259733915329
  ]
}