{
  "engajamentoneural": 80.58053598369503,
  "cognitivedemand": 67.89941717739651,
  "focus": 9.890041710550278,
  "embeddings": [
    0.1932186633348465,
    0.19146795570850372,
    -0.03690841421484947,
    0.21086518466472626,
    -0.21942351758480072,
    -0.003939677495509386,
    -0.16763000190258026,
    -0.1556386947631836,
    -0.10553093999624252,
    -0.12082171440124512
  ]
}