{
  "engajamentoneural": 77.78356151860399,
  "cognitivedemand": 86.92555803939396,
  "focus": 8.125018216564438,
  "embeddings": [
    0.1862650364637375,
    0.1937754899263382,
    -0.028629178181290627,
    0.2089698165655136,
    -0.22324053943157196,
    -0.014157947152853012,
    -0.16933895647525787,
    -0.1464007943868637,
    -0.11619493365287781,
    -0.13071395456790924
  ]
}