{
  "engajamentoneural": 78.79956812489488,
  "cognitivedemand": 50.33527367765521,
  "focus": 8.552398153413666,
  "embeddings": [
    0.1990872621536255,
    0.19367051124572754,
    -0.050283972173929214,
    0.2126501351594925,
    -0.2140178084373474,
    0.006175786256790161,
    -0.1712902933359146,
    -0.1570269912481308,
    -0.103189617395401,
    -0.10737719386816025
  ]
}