{
  "engajamentoneural": 66.48298764091582,
  "cognitivedemand": 43.401819911668134,
  "focus": 9.532915224227324,
  "embeddings": [
    0.19832462072372437,
    0.1924557238817215,
    -0.04750217869877815,
    0.2121206670999527,
    -0.21515397727489471,
    0.004078624304383993,
    -0.1702033132314682,
    -0.15731997787952423,
    -0.10278543084859848,
    -0.11031102389097214
  ]
}