{
  "engajamentoneural": 88.63522065895883,
  "cognitivedemand": 85.37511033185385,
  "focus": 8.616855709148808,
  "embeddings": [
    0.18600715696811676,
    0.19221754372119904,
    -0.025971004739403725,
    0.20877395570278168,
    -0.2244291752576828,
    -0.01295482087880373,
    -0.16695429384708405,
    -0.14915913343429565,
    -0.11199154704809189,
    -0.13297885656356812
  ]
}