{
  "engajamentoneural": 72.52101061702143,
  "cognitivedemand": 82.7630997317421,
  "focus": 21.00501160593746,
  "embeddings": [
    0.20349687337875366,
    0.18845610320568085,
    -0.05237339064478874,
    0.21328140795230865,
    -0.21268439292907715,
    0.008657707832753658,
    -0.1677485853433609,
    -0.16505314409732819,
    -0.09493831545114517,
    -0.10521319508552551
  ]
}