{
  "engajamentoneural": 86.9175515311389,
  "cognitivedemand": 67.41240497297895,
  "focus": 8.756652035962276,
  "embeddings": [
    0.19073642790317535,
    0.19161011278629303,
    -0.03318161889910698,
    0.21078769862651825,
    -0.22093723714351654,
    -0.007842578925192356,
    -0.16721349954605103,
    -0.15358668565750122,
    -0.10859575867652893,
    -0.12501142919063568
  ]
}