{
  "engajamentoneural": 86.86525430736438,
  "cognitivedemand": 90.89716172123978,
  "focus": 12.340055095732216,
  "embeddings": [
    0.18561039865016937,
    0.21081896126270294,
    -0.047248393297195435,
    0.20891495048999786,
    -0.2177332043647766,
    -0.0023393724113702774,
    -0.1857525259256363,
    -0.12853547930717468,
    -0.13207395374774933,
    -0.11214946955442429
  ]
}