{
  "engajamentoneural": 84.67029258699351,
  "cognitivedemand": 75.50378947107978,
  "focus": 13.095380104314014,
  "embeddings": [
    0.18604826927185059,
    0.1973762959241867,
    -0.031362470239400864,
    0.20962218940258026,
    -0.22241543233394623,
    -0.010782133787870407,
    -0.1717309206724167,
    -0.14355866611003876,
    -0.11850720643997192,
    -0.12748654186725616
  ]
}