{
  "engajamentoneural": 69.45113473006266,
  "cognitivedemand": 88.63392689944364,
  "focus": 8.400663125034779,
  "embeddings": [
    0.20011968910694122,
    0.18720270693302155,
    -0.0452377013862133,
    0.2134632021188736,
    -0.21533642709255219,
    0.002854247810319066,
    -0.16543902456760406,
    -0.1644265502691269,
    -0.09726056456565857,
    -0.11249280720949173
  ]
}