{
  "engajamentoneural": 87.62812358328188,
  "cognitivedemand": 82.67525885642445,
  "focus": 7.839800767159444,
  "embeddings": [
    0.1992841213941574,
    0.1912836879491806,
    -0.04805548116564751,
    0.21313856542110443,
    -0.2145269513130188,
    0.004728473257273436,
    -0.16879022121429443,
    -0.1601739227771759,
    -0.1008206382393837,
    -0.10964929312467575
  ]
}