{
  "engajamentoneural": 80.48585714714935,
  "cognitivedemand": 82.1575194453829,
  "focus": 13.0230840594594,
  "embeddings": [
    0.1863919347524643,
    0.19560803472995758,
    -0.030788734555244446,
    0.20954279601573944,
    -0.22245509922504425,
    -0.012220080941915512,
    -0.17064709961414337,
    -0.14525896310806274,
    -0.11736635118722916,
    -0.12826481461524963
  ]
}