{
  "engajamentoneural": 66.31209153443743,
  "cognitivedemand": 60.3155224050428,
  "focus": 17.703215044530452,
  "embeddings": [
    0.18765263259410858,
    0.19826547801494598,
    -0.036358531564474106,
    0.2107177972793579,
    -0.2202550172805786,
    -0.00846533477306366,
    -0.1731603890657425,
    -0.14367538690567017,
    -0.11890605837106705,
    -0.12281747907400131
  ]
}