{
  "engajamentoneural": 82.00208821518481,
  "cognitivedemand": 51.643087347345784,
  "focus": 12.577250546890117,
  "embeddings": [
    0.19109882414340973,
    0.1939914971590042,
    -0.035884078592061996,
    0.21113578975200653,
    -0.219965398311615,
    -0.004993317183107138,
    -0.16891449689865112,
    -0.1522241085767746,
    -0.10941246896982193,
    -0.12178082019090652
  ]
}