{
  "engajamentoneural": 86.37141901410624,
  "cognitivedemand": 84.18407889799013,
  "focus": 8.983376187601454,
  "embeddings": [
    0.20496653020381927,
    0.19205673038959503,
    -0.0602533183991909,
    0.21461565792560577,
    -0.20942558348178864,
    0.012214794754981995,
    -0.17196999490261078,
    -0.16168473660945892,
    -0.09905955195426941,
    -0.09803441911935806
  ]
}