{
  "engajamentoneural": 72.3271366996799,
  "cognitivedemand": 88.95388489299,
  "focus": 8.582254498056653,
  "embeddings": [
    0.19766710698604584,
    0.1910049468278885,
    -0.04542906954884529,
    0.21225754916667938,
    -0.2157713621854782,
    0.0014157770201563835,
    -0.16892766952514648,
    -0.15817753970623016,
    -0.10310187190771103,
    -0.11283942312002182
  ]
}