{
  "engajamentoneural": 70.60116570643186,
  "cognitivedemand": 76.94750303307484,
  "focus": 50.519304714136304,
  "embeddings": [
    0.20545054972171783,
    0.19121484458446503,
    -0.05929318070411682,
    0.21439294517040253,
    -0.2098921537399292,
    0.013348247855901718,
    -0.17082960903644562,
    -0.16349603235721588,
    -0.096466064453125,
    -0.09831369668245316
  ]
}