{
  "engajamentoneural": 83.84303400649091,
  "cognitivedemand": 69.65410245450235,
  "focus": 9.208850673635016,
  "embeddings": [
    0.20201386511325836,
    0.19289536774158478,
    -0.0539785735309124,
    0.21408455073833466,
    -0.21219104528427124,
    0.01001027226448059,
    -0.17063497006893158,
    -0.16087234020233154,
    -0.09957762807607651,
    -0.10306461900472641
  ]
}