{
  "engajamentoneural": 80.2486966255935,
  "cognitivedemand": 85.10399204445352,
  "focus": 8.139559357919968,
  "embeddings": [
    0.1968754380941391,
    0.19471164047718048,
    -0.04747411608695984,
    0.21202929317951202,
    -0.21539141237735748,
    0.0037838772404938936,
    -0.17178477346897125,
    -0.15409888327121735,
    -0.1062995120882988,
    -0.11048277467489243
  ]
}