{
  "engajamentoneural": 75.62873152602482,
  "cognitivedemand": 76.71079634636013,
  "focus": 15.051522345643175,
  "embeddings": [
    0.1874663084745407,
    0.1912054568529129,
    -0.02677711844444275,
    0.2097504884004593,
    -0.22357766330242157,
    -0.013336953707039356,
    -0.16606807708740234,
    -0.15206821262836456,
    -0.1108144223690033,
    -0.1314803957939148
  ]
}