{
  "engajamentoneural": 80.60209754295376,
  "cognitivedemand": 73.49046418236611,
  "focus": 9.804020941127177,
  "embeddings": [
    0.19131016731262207,
    0.19479846954345703,
    -0.037420760840177536,
    0.2109949141740799,
    -0.2194768190383911,
    -0.004468982107937336,
    -0.17007647454738617,
    -0.15097485482692719,
    -0.11061223596334457,
    -0.12050196528434753
  ]
}