{
  "engajamentoneural": 87.00862858273824,
  "cognitivedemand": 79.52958129712046,
  "focus": 9.036682741329894,
  "embeddings": [
    0.20326153934001923,
    0.1972370743751526,
    -0.062095757573843,
    0.21328000724315643,
    -0.20963026583194733,
    0.014546658843755722,
    -0.17648078501224518,
    -0.15490005910396576,
    -0.10402435064315796,
    -0.09570685774087906
  ]
}