{
  "engajamentoneural": 70.6898394916581,
  "cognitivedemand": 76.49844528308819,
  "focus": 8.01148598664998,
  "embeddings": [
    0.1874186247587204,
    0.19653518497943878,
    -0.033825162798166275,
    0.20973913371562958,
    -0.22128617763519287,
    -0.010667550377547741,
    -0.17201189696788788,
    -0.14462588727474213,
    -0.11793667823076248,
    -0.1253746896982193
  ]
}