{
  "engajamentoneural": 71.4679061271525,
  "cognitivedemand": 61.17903708084699,
  "focus": 16.065045947977797,
  "embeddings": [
    0.19593699276447296,
    0.19032157957553864,
    -0.04101308807730675,
    0.21164564788341522,
    -0.21759627759456635,
    -0.0006175611051730812,
    -0.16740496456623077,
    -0.1582288295030594,
    -0.10260802507400513,
    -0.11690806597471237
  ]
}