{
  "engajamentoneural": 85.11381503209302,
  "cognitivedemand": 75.60161548950575,
  "focus": 11.288090426207598,
  "embeddings": [
    0.19715279340744019,
    0.19317233562469482,
    -0.04625513032078743,
    0.21230243146419525,
    -0.21565182507038116,
    0.002875411184504628,
    -0.17033512890338898,
    -0.15607456862926483,
    -0.10482951253652573,
    -0.11156081408262253
  ]
}