{
  "engajamentoneural": 68.22552662316616,
  "cognitivedemand": 70.28415344540649,
  "focus": 8.005947181753935,
  "embeddings": [
    0.18678069114685059,
    0.19608354568481445,
    -0.031456414610147476,
    0.20955924689769745,
    -0.2222277969121933,
    -0.010919230990111828,
    -0.17082296311855316,
    -0.1453385353088379,
    -0.11668819934129715,
    -0.12740717828273773
  ]
}