{
  "engajamentoneural": 72.72535547929158,
  "cognitivedemand": 86.16578582248373,
  "focus": 46.95378902167467,
  "embeddings": [
    0.20546893775463104,
    0.18722069263458252,
    -0.0536532960832119,
    0.21461419761180878,
    -0.21169185638427734,
    0.011363250203430653,
    -0.16597166657447815,
    -0.16972748935222626,
    -0.0907357707619667,
    -0.10312118381261826
  ]
}