{
  "engajamentoneural": 71.2598871110888,
  "cognitivedemand": 76.06232546601449,
  "focus": 14.64663845234746,
  "embeddings": [
    0.18926496803760529,
    0.19363267719745636,
    -0.03344465419650078,
    0.21056874096393585,
    -0.22096019983291626,
    -0.008769473992288113,
    -0.16891129314899445,
    -0.15011180937290192,
    -0.11226624995470047,
    -0.12529289722442627
  ]
}