{
  "engajamentoneural": 48.956078650893126,
  "cognitivedemand": 99.25729899120762,
  "focus": 12.798767353895602,
  "embeddings": [
    0.2060738205909729,
    0.19610221683979034,
    -0.06486750394105911,
    0.21504466235637665,
    -0.20792625844478607,
    0.01759440265595913,
    -0.17509835958480835,
    -0.15942879021167755,
    -0.09986242651939392,
    -0.0923701599240303
  ]
}