{
  "engajamentoneural": 2.583881451445214,
  "cognitivedemand": 20.591046101339757,
  "focus": 11.486414764312203,
  "embeddings": [
    0.19844861328601837,
    0.19584137201309204,
    -0.05406612157821655,
    0.20956701040267944,
    -0.21382452547550201,
    0.003392929909750819,
    -0.1779683381319046,
    -0.14721691608428955,
    -0.11195594817399979,
    -0.10644736140966415
  ]
}