{
  "engajamentoneural": 69.10604996095168,
  "cognitivedemand": 90.25039632756837,
  "focus": 73.10357796198403,
  "embeddings": [
    0.1925196647644043,
    0.19560253620147705,
    -0.04103008285164833,
    0.21265606582164764,
    -0.21768999099731445,
    -0.002412485657259822,
    -0.17083048820495605,
    -0.1516280323266983,
    -0.11115056276321411,
    -0.11693746596574783
  ]
}