{
  "engajamentoneural": 79.88706271899004,
  "cognitivedemand": 97.53450366087756,
  "focus": 8.247896629834429,
  "embeddings": [
    0.18916594982147217,
    0.18839819729328156,
    -0.025784745812416077,
    0.21005408465862274,
    -0.22355787456035614,
    -0.012109867297112942,
    -0.16318592429161072,
    -0.1570463627576828,
    -0.10556814819574356,
    -0.1319119781255722
  ]
}