{
  "engajamentoneural": 67.13453891957377,
  "cognitivedemand": 88.66429488051043,
  "focus": 8.435890269227864,
  "embeddings": [
    0.1872701793909073,
    0.19006527960300446,
    -0.024825692176818848,
    0.20903991162776947,
    -0.2245127409696579,
    -0.013615861535072327,
    -0.1650000363588333,
    -0.15252000093460083,
    -0.10926579684019089,
    -0.13341237604618073
  ]
}