{
  "engajamentoneural": 80.29689505329323,
  "cognitivedemand": 90.47046224909923,
  "focus": 8.38592717125839,
  "embeddings": [
    0.1956876516342163,
    0.19312362372875214,
    -0.04369204863905907,
    0.21147815883159637,
    -0.21683762967586517,
    0.00045564290485344827,
    -0.17021532356739044,
    -0.15475358068943024,
    -0.10599470883607864,
    -0.11429882049560547
  ]
}