{
  "engajamentoneural": 79.25194695219585,
  "cognitivedemand": 94.43494996348919,
  "focus": 9.376608797751329,
  "embeddings": [
    0.19076426327228546,
    0.18829591572284698,
    -0.028657345101237297,
    0.2114763706922531,
    -0.22224514186382294,
    -0.008907007053494453,
    -0.16278280317783356,
    -0.15952426195144653,
    -0.10333991050720215,
    -0.12867365777492523
  ]
}