{
  "engajamentoneural": 84.3402046146982,
  "cognitivedemand": 86.17934875066523,
  "focus": 8.100966493054873,
  "embeddings": [
    0.18861965835094452,
    0.1948266178369522,
    -0.033023905009031296,
    0.20993344485759735,
    -0.2214653491973877,
    -0.00886861328035593,
    -0.16992320120334625,
    -0.1484464854001999,
    -0.11341958492994308,
    -0.12534019351005554
  ]
}