{
  "engajamentoneural": 79.2374323889238,
  "cognitivedemand": 88.92539810893388,
  "focus": 8.731411476420403,
  "embeddings": [
    0.19286763668060303,
    0.19165556132793427,
    -0.036552537232637405,
    0.21098315715789795,
    -0.2195737361907959,
    -0.004631807096302509,
    -0.167672261595726,
    -0.15503472089767456,
    -0.10651326179504395,
    -0.12125150114297867
  ]
}