{
  "engajamentoneural": 68.2904530992276,
  "cognitivedemand": 68.80861708537266,
  "focus": 16.490310261605924,
  "embeddings": [
    0.19433407485485077,
    0.19392238557338715,
    -0.04151960834860802,
    0.21205294132232666,
    -0.21753597259521484,
    -0.0007280099089257419,
    -0.16970209777355194,
    -0.15433447062969208,
    -0.10723457485437393,
    -0.11596598476171494
  ]
}