{
  "engajamentoneural": 80.89785764833279,
  "cognitivedemand": 80.71122671874099,
  "focus": 9.60901082867287,
  "embeddings": [
    0.18817119300365448,
    0.1902742236852646,
    -0.025690311565995216,
    0.20969414710998535,
    -0.2239069938659668,
    -0.01197399664670229,
    -0.1646454930305481,
    -0.15412499010562897,
    -0.10792846232652664,
    -0.1318788081407547
  ]
}