{
  "engajamentoneural": 70.82996219579717,
  "cognitivedemand": 90.86926338809114,
  "focus": 10.214838449923814,
  "embeddings": [
    0.196697399020195,
    0.187710240483284,
    -0.03809579461812973,
    0.21156109869480133,
    -0.21863490343093872,
    -0.0010088764829561114,
    -0.16460447013378143,
    -0.16226129233837128,
    -0.09854467958211899,
    -0.11909004300832748
  ]
}