{
  "engajamentoneural": 87.26703109965945,
  "cognitivedemand": 88.6205614780177,
  "focus": 9.463379257002735,
  "embeddings": [
    0.2071956992149353,
    0.1835184097290039,
    -0.05176509916782379,
    0.2144157439470291,
    -0.21219904720783234,
    0.011683408170938492,
    -0.1627798229455948,
    -0.174577534198761,
    -0.08529869467020035,
    -0.10459890961647034
  ]
}