{
  "engajamentoneural": 83.77899217649592,
  "cognitivedemand": 77.52475999139483,
  "focus": 86.37789432034249,
  "embeddings": [
    0.208052396774292,
    0.19354267418384552,
    -0.06393545120954514,
    0.21596206724643707,
    -0.20801353454589844,
    0.02050597593188286,
    -0.1712438464164734,
    -0.1666441261768341,
    -0.09251678735017776,
    -0.09155016392469406
  ]
}