{
  "engajamentoneural": 79.12162392914618,
  "cognitivedemand": 91.93222033899288,
  "focus": 12.23334205913753,
  "embeddings": [
    0.195098415017128,
    0.18806232511997223,
    -0.03687930107116699,
    0.21202819049358368,
    -0.21876747906208038,
    -0.003941142465919256,
    -0.164755180478096,
    -0.16051821410655975,
    -0.1017104908823967,
    -0.12110918015241623
  ]
}