{
  "engajamentoneural": 74.73216347594173,
  "cognitivedemand": 61.78378839199249,
  "focus": 16.399853800283324,
  "embeddings": [
    0.1935340315103531,
    0.193425253033638,
    -0.03930100053548813,
    0.21018147468566895,
    -0.2189079076051712,
    -0.0023767254315316677,
    -0.17002379894256592,
    -0.15302525460720062,
    -0.10707468539476395,
    -0.11825951188802719
  ]
}