{
  "engajamentoneural": 81.66000755729684,
  "cognitivedemand": 95.40634861713556,
  "focus": 9.184331682777213,
  "embeddings": [
    0.19215933978557587,
    0.1896977424621582,
    -0.03284628689289093,
    0.2109132558107376,
    -0.22084063291549683,
    -0.0066622719168663025,
    -0.1652873307466507,
    -0.15724898874759674,
    -0.10456192493438721,
    -0.12473911046981812
  ]
}