{
  "engajamentoneural": 65.35838825735232,
  "cognitivedemand": 57.88476761382396,
  "focus": 13.258118319143675,
  "embeddings": [
    0.19035983085632324,
    0.19022321701049805,
    -0.0302500668913126,
    0.20938341319561005,
    -0.22223301231861115,
    -0.009330816566944122,
    -0.1661626398563385,
    -0.15407758951187134,
    -0.10698864609003067,
    -0.12770529091358185
  ]
}