{
  "engajamentoneural": 74.92349377011595,
  "cognitivedemand": 53.23965362053025,
  "focus": 12.510630513680553,
  "embeddings": [
    0.19403760135173798,
    0.20135407149791718,
    -0.05078500881791115,
    0.21200864017009735,
    -0.21470487117767334,
    0.0034137070178985596,
    -0.1777871698141098,
    -0.14491763710975647,
    -0.11600656062364578,
    -0.10779040306806564
  ]
}