{
  "engajamentoneural": 71.45157091553473,
  "cognitivedemand": 72.40601124203427,
  "focus": 7.986477462256492,
  "embeddings": [
    0.19258494675159454,
    0.19640155136585236,
    -0.04173934459686279,
    0.2123240828514099,
    -0.21761314570903778,
    -0.0014934083446860313,
    -0.17156653106212616,
    -0.15071140229701996,
    -0.11126556247472763,
    -0.11614681035280228
  ]
}