{
  "engajamentoneural": 66.89426208597716,
  "cognitivedemand": 73.16882656253829,
  "focus": 8.553389735795026,
  "embeddings": [
    0.2051890641450882,
    0.1914418488740921,
    -0.05803723633289337,
    0.21432721614837646,
    -0.21041710674762726,
    0.013593588955700397,
    -0.17040331661701202,
    -0.16394270956516266,
    -0.09580373018980026,
    -0.09898795932531357
  ]
}