{
  "engajamentoneural": 64.51674578868104,
  "cognitivedemand": 49.694787657938434,
  "focus": 65.51274927169688,
  "embeddings": [
    0.19288331270217896,
    0.19946672022342682,
    -0.045709047466516495,
    0.21244005858898163,
    -0.21633541584014893,
    0.0009326428989879787,
    -0.1747080683708191,
    -0.14756809175014496,
    -0.11409307271242142,
    -0.1121995747089386
  ]
}