{
  "engajamentoneural": 81.129822282211,
  "cognitivedemand": 75.50642325366755,
  "focus": 23.56187697065114,
  "embeddings": [
    0.20278815925121307,
    0.19534985721111298,
    -0.05834995210170746,
    0.2132316678762436,
    -0.2109471708536148,
    0.012357099913060665,
    -0.17408430576324463,
    -0.15725278854370117,
    -0.10216060280799866,
    -0.09894669055938721
  ]
}