{
  "engajamentoneural": 80.81011967468253,
  "cognitivedemand": 67.62635526062589,
  "focus": 17.789493331923257,
  "embeddings": [
    0.192940816283226,
    0.19451554119586945,
    -0.03929691016674042,
    0.21229219436645508,
    -0.21843171119689941,
    -0.001812013448216021,
    -0.1691051572561264,
    -0.15421152114868164,
    -0.1078200414776802,
    -0.11784547567367554
  ]
}