{
  "engajamentoneural": 84.8452009068663,
  "cognitivedemand": 60.85729868955283,
  "focus": 19.535794087582413,
  "embeddings": [
    0.19185452163219452,
    0.19208508729934692,
    -0.034991320222616196,
    0.2121153026819229,
    -0.2198859453201294,
    -0.005047091748565435,
    -0.16655272245407104,
    -0.15608231723308563,
    -0.1064927875995636,
    -0.12242286652326584
  ]
}