{
  "engajamentoneural": 65.42787488860338,
  "cognitivedemand": 96.11798853398703,
  "focus": 8.462145827875078,
  "embeddings": [
    0.18902848660945892,
    0.19288592040538788,
    -0.03163843974471092,
    0.21018081903457642,
    -0.22159630060195923,
    -0.010328448377549648,
    -0.16834108531475067,
    -0.15031296014785767,
    -0.11229950189590454,
    -0.126922145485878
  ]
}