{
  "engajamentoneural": 81.21425663555435,
  "cognitivedemand": 77.86627546213009,
  "focus": 8.396296025399796,
  "embeddings": [
    0.1885688453912735,
    0.1959344744682312,
    -0.03425435349345207,
    0.20927663147449493,
    -0.22127382457256317,
    -0.008479775860905647,
    -0.17146892845630646,
    -0.14662086963653564,
    -0.11474690586328506,
    -0.12422764301300049
  ]
}