{
  "engajamentoneural": 82.65471770648416,
  "cognitivedemand": 95.96980334047335,
  "focus": 17.603551609646107,
  "embeddings": [
    0.19261564314365387,
    0.18687039613723755,
    -0.02973385713994503,
    0.2109166830778122,
    -0.2217506617307663,
    -0.007627084385603666,
    -0.16227208077907562,
    -0.16139943897724152,
    -0.10051608085632324,
    -0.12733380496501923
  ]
}