{
  "engajamentoneural": 69.41432175232151,
  "cognitivedemand": 72.84687902410377,
  "focus": 8.83160176704556,
  "embeddings": [
    0.19788461923599243,
    0.1931610256433487,
    -0.047080546617507935,
    0.21303951740264893,
    -0.21511466801166534,
    0.003889627056196332,
    -0.1699395626783371,
    -0.15757955610752106,
    -0.1035812571644783,
    -0.11034542322158813
  ]
}