{
  "engajamentoneural": 69.92832088906778,
  "cognitivedemand": 84.43871106690543,
  "focus": 7.841707852817303,
  "embeddings": [
    0.1911243051290512,
    0.193818137049675,
    -0.03649979457259178,
    0.2114911824464798,
    -0.2196330577135086,
    -0.00570861017331481,
    -0.169065460562706,
    -0.15197263658046722,
    -0.11034516245126724,
    -0.1216641291975975
  ]
}