{
  "engajamentoneural": 79.83304478989795,
  "cognitivedemand": 74.37445205932586,
  "focus": 8.50605067215453,
  "embeddings": [
    0.19275546073913574,
    0.19140811264514923,
    -0.03546115756034851,
    0.21176022291183472,
    -0.21969525516033173,
    -0.004362267907708883,
    -0.16630852222442627,
    -0.15705007314682007,
    -0.1049167811870575,
    -0.12181668728590012
  ]
}