{
  "engajamentoneural": 76.33551546167523,
  "cognitivedemand": 93.99554160928848,
  "focus": 8.437014066887416,
  "embeddings": [
    0.1897275298833847,
    0.19112299382686615,
    -0.03057973086833954,
    0.2098969668149948,
    -0.2221115678548813,
    -0.009612132795155048,
    -0.1666506677865982,
    -0.15326105058193207,
    -0.10859199613332748,
    -0.1275901049375534
  ]
}