{
  "engajamentoneural": 86.12621576143698,
  "cognitivedemand": 81.78464683305211,
  "focus": 7.973173437382597,
  "embeddings": [
    0.19127577543258667,
    0.19170944392681122,
    -0.0342763289809227,
    0.20994974672794342,
    -0.22083359956741333,
    -0.007075690198689699,
    -0.1680782437324524,
    -0.15272526443004608,
    -0.10817832499742508,
    -0.1241849884390831
  ]
}