{
  "engajamentoneural": 73.62647584094475,
  "cognitivedemand": 90.28455659721415,
  "focus": 12.589851083162419,
  "embeddings": [
    0.1968383938074112,
    0.1963481903076172,
    -0.04961463436484337,
    0.21171212196350098,
    -0.21473143994808197,
    0.0038022035732865334,
    -0.17398743331432343,
    -0.15153031051158905,
    -0.10895755141973495,
    -0.10856243968009949
  ]
}