{
  "engajamentoneural": 83.23636323996668,
  "cognitivedemand": 90.26974414984497,
  "focus": 7.865510261553754,
  "embeddings": [
    0.18934156000614166,
    0.1932487040758133,
    -0.03251742571592331,
    0.21035443246364594,
    -0.22144460678100586,
    -0.008782679215073586,
    -0.16859953105449677,
    -0.15040700137615204,
    -0.11169487237930298,
    -0.12596942484378815
  ]
}