{
  "engajamentoneural": 78.58631881173359,
  "cognitivedemand": 74.45657564363788,
  "focus": 91.77729833671096,
  "embeddings": [
    0.19132857024669647,
    0.19615907967090607,
    -0.03875565528869629,
    0.21238446235656738,
    -0.21867866814136505,
    -0.0034303402062505484,
    -0.1704034060239792,
    -0.15116943418979645,
    -0.1115277111530304,
    -0.11868271976709366
  ]
}