{
  "engajamentoneural": 87.28068275137757,
  "cognitivedemand": 89.31360024437308,
  "focus": 8.213265742516729,
  "embeddings": [
    0.19783933460712433,
    0.19276459515094757,
    -0.04710468649864197,
    0.2120506316423416,
    -0.21533484756946564,
    0.003633093787357211,
    -0.17019318044185638,
    -0.1569538563489914,
    -0.10344567894935608,
    -0.11072233319282532
  ]
}