{
  "engajamentoneural": 73.49789428496341,
  "cognitivedemand": 42.553724077496355,
  "focus": 8.735119991418516,
  "embeddings": [
    0.2145172357559204,
    0.18927167356014252,
    -0.07070012390613556,
    0.21840430796146393,
    -0.2042820006608963,
    0.027046337723731995,
    -0.16839201748371124,
    -0.17641638219356537,
    -0.08351185917854309,
    -0.08430203050374985
  ]
}