{
  "engajamentoneural": 80.66011069033021,
  "cognitivedemand": 67.5013831504836,
  "focus": 14.989145325500886,
  "embeddings": [
    0.18993864953517914,
    0.19807593524456024,
    -0.03877026215195656,
    0.21149611473083496,
    -0.21916890144348145,
    -0.004085645545274019,
    -0.17235298454761505,
    -0.14752766489982605,
    -0.11456671357154846,
    -0.11908269673585892
  ]
}