{
  "engajamentoneural": 79.31572918928909,
  "cognitivedemand": 84.21348204758284,
  "focus": 9.358158489675583,
  "embeddings": [
    0.19687442481517792,
    0.18955689668655396,
    -0.04178837314248085,
    0.21196697652339935,
    -0.21710382401943207,
    -0.00040081795305013657,
    -0.1669187694787979,
    -0.15985147655010223,
    -0.10142993927001953,
    -0.1161145269870758
  ]
}