{
  "engajamentoneural": 70.34243759486051,
  "cognitivedemand": 88.24771695997435,
  "focus": 7.839658557421414,
  "embeddings": [
    0.20166610181331635,
    0.1951117366552353,
    -0.05684417486190796,
    0.21281294524669647,
    -0.2115357369184494,
    0.010247395373880863,
    -0.17406190931797028,
    -0.1560242921113968,
    -0.10377251356840134,
    -0.10100540518760681
  ]
}