{
  "engajamentoneural": 66.10937690065484,
  "cognitivedemand": 84.84475526084952,
  "focus": 14.58286105502664,
  "embeddings": [
    0.19787900149822235,
    0.1914137750864029,
    -0.04483375325798988,
    0.21138274669647217,
    -0.21632607281208038,
    0.002486122539266944,
    -0.16911746561527252,
    -0.1580246239900589,
    -0.10186394304037094,
    -0.11261893063783646
  ]
}