{
  "engajamentoneural": 73.30385829289159,
  "cognitivedemand": 73.54660985993858,
  "focus": 19.5783307775786,
  "embeddings": [
    0.19144690036773682,
    0.1933133602142334,
    -0.038196828216314316,
    0.21218955516815186,
    -0.21854357421398163,
    -0.00679791858419776,
    -0.1694372296333313,
    -0.15170343220233917,
    -0.11199729889631271,
    -0.12107690423727036
  ]
}