{
  "engajamentoneural": 70.28803580869713,
  "cognitivedemand": 76.11011462682481,
  "focus": 12.482111402481543,
  "embeddings": [
    0.2010270357131958,
    0.19432872533798218,
    -0.053789783269166946,
    0.2128196358680725,
    -0.21276336908340454,
    0.009554740972816944,
    -0.1723134070634842,
    -0.1577579826116562,
    -0.10193709284067154,
    -0.10337092727422714
  ]
}