{
  "engajamentoneural": 72.42173662980711,
  "cognitivedemand": 59.21561162210555,
  "focus": 13.284492696087447,
  "embeddings": [
    0.18869584798812866,
    0.19484762847423553,
    -0.03248336911201477,
    0.21117562055587769,
    -0.22131729125976562,
    -0.008038193918764591,
    -0.16863016784191132,
    -0.15043209493160248,
    -0.11217707395553589,
    -0.1251896768808365
  ]
}