{
  "engajamentoneural": 85.94485015429194,
  "cognitivedemand": 94.52808442475134,
  "focus": 11.51099501601971,
  "embeddings": [
    0.20312602818012238,
    0.18382954597473145,
    -0.04646329581737518,
    0.21349698305130005,
    -0.2145128697156906,
    0.003771935822442174,
    -0.16321344673633575,
    -0.1695500612258911,
    -0.09196258336305618,
    -0.11093632131814957
  ]
}