{
  "engajamentoneural": 89.68257669953692,
  "cognitivedemand": 89.51761725686359,
  "focus": 8.074530200623498,
  "embeddings": [
    0.19269560277462006,
    0.19166910648345947,
    -0.03645452857017517,
    0.2112957388162613,
    -0.21955712139606476,
    -0.004605741705745459,
    -0.16754649579524994,
    -0.15502573549747467,
    -0.10669902712106705,
    -0.12150102853775024
  ]
}