{
  "engajamentoneural": 69.94788192372555,
  "cognitivedemand": 71.5145887102545,
  "focus": 41.76333827984797,
  "embeddings": [
    0.20114976167678833,
    0.19186711311340332,
    -0.05146993324160576,
    0.21236710250377655,
    -0.21353329718112946,
    0.0074958340264856815,
    -0.17075854539871216,
    -0.1593957096338272,
    -0.10010284185409546,
    -0.10608640313148499
  ]
}