{
  "engajamentoneural": 62.37804980944394,
  "cognitivedemand": 86.007326272499,
  "focus": 8.685197668503486,
  "embeddings": [
    0.20968002080917358,
    0.19120706617832184,
    -0.06548577547073364,
    0.21629910171031952,
    -0.20695944130420685,
    0.01963389478623867,
    -0.17076732218265533,
    -0.16824238002300262,
    -0.09166207909584045,
    -0.09110289812088013
  ]
}