{
  "engajamentoneural": 62.461566371340396,
  "cognitivedemand": 70.60076095093233,
  "focus": 21.461229633170852,
  "embeddings": [
    0.1925399899482727,
    0.19486014544963837,
    -0.039921995252370834,
    0.2120785266160965,
    -0.21822857856750488,
    -0.0031021584291011095,
    -0.1703287810087204,
    -0.15195979177951813,
    -0.11015389114618301,
    -0.11803504079580307
  ]
}