{
  "engajamentoneural": 72.39298219027957,
  "cognitivedemand": 79.19192518463424,
  "focus": 8.754977852547263,
  "embeddings": [
    0.19213461875915527,
    0.19345210492610931,
    -0.037274088710546494,
    0.2106722593307495,
    -0.2195582538843155,
    -0.004215933848172426,
    -0.16928209364414215,
    -0.1526472270488739,
    -0.10855725407600403,
    -0.12062155455350876
  ]
}