{
  "engajamentoneural": 84.07521773065956,
  "cognitivedemand": 59.64625811424732,
  "focus": 28.910504258842117,
  "embeddings": [
    0.19305485486984253,
    0.18888729810714722,
    -0.03366514667868614,
    0.21144573390483856,
    -0.22021983563899994,
    -0.0053161694668233395,
    -0.16430263221263885,
    -0.1598595231771469,
    -0.10208165645599365,
    -0.12391232699155807
  ]
}