{
  "engajamentoneural": 81.61597952151052,
  "cognitivedemand": 83.28810008455808,
  "focus": 9.603193950204346,
  "embeddings": [
    0.20741641521453857,
    0.18879689276218414,
    -0.05847112461924553,
    0.21462279558181763,
    -0.20996546745300293,
    0.014853405766189098,
    -0.1680735945701599,
    -0.16877396404743195,
    -0.09089699387550354,
    -0.09781765937805176
  ]
}