{
  "engajamentoneural": 81.32800628744764,
  "cognitivedemand": 93.44093077357026,
  "focus": 8.364257383535833,
  "embeddings": [
    0.20372861623764038,
    0.19125761091709137,
    -0.05576867237687111,
    0.21366965770721436,
    -0.21149243414402008,
    0.0105866314843297,
    -0.17051362991333008,
    -0.16208778321743011,
    -0.09785685688257217,
    -0.10178206115961075
  ]
}