{
  "engajamentoneural": 78.49047084839808,
  "cognitivedemand": 79.31650155648158,
  "focus": 8.76977118754394,
  "embeddings": [
    0.19586102664470673,
    0.19392704963684082,
    -0.04467456415295601,
    0.21201397478580475,
    -0.2163456231355667,
    0.001459093182347715,
    -0.17043881118297577,
    -0.154971182346344,
    -0.10622755438089371,
    -0.11309939622879028
  ]
}