{
  "engajamentoneural": 73.8043586078426,
  "cognitivedemand": 93.93824669120441,
  "focus": 11.391609011272564,
  "embeddings": [
    0.2062021642923355,
    0.18703694641590118,
    -0.0542924739420414,
    0.21430207788944244,
    -0.21151645481586456,
    0.012397625483572483,
    -0.16616404056549072,
    -0.1699550300836563,
    -0.08991015702486038,
    -0.10222804546356201
  ]
}