{
  "engajamentoneural": 89.3121340723734,
  "cognitivedemand": 93.28979613122728,
  "focus": 11.062482362497295,
  "embeddings": [
    0.20807556807994843,
    0.18525934219360352,
    -0.05733880028128624,
    0.2146517038345337,
    -0.20999760925769806,
    0.012476183474063873,
    -0.16604553163051605,
    -0.171200692653656,
    -0.08926832675933838,
    -0.10025738924741745
  ]
}