{
  "engajamentoneural": 82.801714846464,
  "cognitivedemand": 91.50696516404115,
  "focus": 7.856482435992063,
  "embeddings": [
    0.1905989795923233,
    0.1934310793876648,
    -0.034718867391347885,
    0.21039968729019165,
    -0.22055576741695404,
    -0.007116964552551508,
    -0.16904646158218384,
    -0.15133008360862732,
    -0.11054229736328125,
    -0.12338560074567795
  ]
}