{
  "engajamentoneural": 80.5854663758287,
  "cognitivedemand": 82.92556512958159,
  "focus": 9.67300642951403,
  "embeddings": [
    0.20379166305065155,
    0.18797624111175537,
    -0.05050019919872284,
    0.2125335931777954,
    -0.21355664730072021,
    0.008930469863116741,
    -0.16682212054729462,
    -0.16649144887924194,
    -0.09265071898698807,
    -0.10602787137031555
  ]
}