{
  "engajamentoneural": 69.97101999425507,
  "cognitivedemand": 76.17591714613606,
  "focus": 7.851967997556497,
  "embeddings": [
    0.18802385032176971,
    0.19750334322452545,
    -0.03472297266125679,
    0.21013981103897095,
    -0.22098976373672485,
    -0.00766789773479104,
    -0.17187243700027466,
    -0.14561134576797485,
    -0.11613953858613968,
    -0.12350234389305115
  ]
}