{
  "engajamentoneural": 79.41393931110234,
  "cognitivedemand": 95.19069382229696,
  "focus": 7.998568676288609,
  "embeddings": [
    0.2006528377532959,
    0.18971411883831024,
    -0.04826271906495094,
    0.21242694556713104,
    -0.21455396711826324,
    0.005080129485577345,
    -0.16830246150493622,
    -0.16163767874240875,
    -0.09851283580064774,
    -0.10920063406229019
  ]
}