{
  "engajamentoneural": 52.509851339337864,
  "cognitivedemand": 52.82316761763796,
  "focus": 16.244074502182393,
  "embeddings": [
    0.1861058920621872,
    0.19336211681365967,
    -0.0257952231913805,
    0.20790986716747284,
    -0.22458095848560333,
    -0.013410661369562149,
    -0.1679946780204773,
    -0.14810656011104584,
    -0.11289007216691971,
    -0.13203585147857666
  ]
}