{
  "engajamentoneural": 75.97965982532855,
  "cognitivedemand": 72.71686170659417,
  "focus": 7.904803383991932,
  "embeddings": [
    0.19304484128952026,
    0.19419361650943756,
    -0.03974039480090141,
    0.21201205253601074,
    -0.2182985097169876,
    -0.0021015831734985113,
    -0.16943226754665375,
    -0.15353573858737946,
    -0.10818105936050415,
    -0.11789833754301071
  ]
}