{
  "engajamentoneural": 85.23754909235812,
  "cognitivedemand": 84.7542494862155,
  "focus": 16.303361425004702,
  "embeddings": [
    0.1861748844385147,
    0.19691435992717743,
    -0.031351640820503235,
    0.20836617052555084,
    -0.22268439829349518,
    -0.012198452837765217,
    -0.17246969044208527,
    -0.14262764155864716,
    -0.11905967444181442,
    -0.1279183030128479
  ]
}