{
  "engajamentoneural": 75.9025539829274,
  "cognitivedemand": 75.67764238758437,
  "focus": 7.968327652028795,
  "embeddings": [
    0.1914638876914978,
    0.19850893318653107,
    -0.041676491498947144,
    0.21233390271663666,
    -0.21779370307922363,
    -0.0018760375678539276,
    -0.17307299375534058,
    -0.14801321923732758,
    -0.11411487311124802,
    -0.11617561429738998
  ]
}