{
  "engajamentoneural": 69.96716766409796,
  "cognitivedemand": 64.68098442251367,
  "focus": 9.083837014118302,
  "embeddings": [
    0.1922176331281662,
    0.197978675365448,
    -0.04380316659808159,
    0.21247057616710663,
    -0.2169506549835205,
    -0.0013044915394857526,
    -0.1734236478805542,
    -0.14816124737262726,
    -0.11408839374780655,
    -0.11468636989593506
  ]
}