{
  "engajamentoneural": 73.88860464642664,
  "cognitivedemand": 53.60455229206658,
  "focus": 91.23242872191261,
  "embeddings": [
    0.19198060035705566,
    0.19253714382648468,
    -0.03602265194058418,
    0.21137700974941254,
    -0.21962504088878632,
    -0.005745081230998039,
    -0.16790151596069336,
    -0.1545073390007019,
    -0.1079925000667572,
    -0.12178322672843933
  ]
}