{
  "engajamentoneural": 72.16671568145976,
  "cognitivedemand": 84.06956521102022,
  "focus": 8.088632917998662,
  "embeddings": [
    0.19360299408435822,
    0.19560818374156952,
    -0.0431094765663147,
    0.2111889272928238,
    -0.21732287108898163,
    -0.0011797944316640496,
    -0.17222660779953003,
    -0.1504012644290924,
    -0.1107945442199707,
    -0.11524809151887894
  ]
}