{
  "engajamentoneural": 51.39490554749614,
  "cognitivedemand": 37.36348745365948,
  "focus": 19.146051830565682,
  "embeddings": [
    0.20571105182170868,
    0.18961261212825775,
    -0.055930424481630325,
    0.21348309516906738,
    -0.21138234436511993,
    0.013311699032783508,
    -0.16881775856018066,
    -0.16629178822040558,
    -0.09258896857500076,
    -0.10050475597381592
  ]
}