{
  "engajamentoneural": 75.59185950171627,
  "cognitivedemand": 61.71281822291549,
  "focus": 8.553600589215593,
  "embeddings": [
    0.1892072558403015,
    0.19504199922084808,
    -0.034669701009988785,
    0.21094612777233124,
    -0.22053132951259613,
    -0.00804739911109209,
    -0.16992610692977905,
    -0.14924927055835724,
    -0.11336225271224976,
    -0.12379977852106094
  ]
}