{
  "engajamentoneural": 75.42648709665508,
  "cognitivedemand": 62.869783519603864,
  "focus": 9.489253477834936,
  "embeddings": [
    0.1892935037612915,
    0.19423890113830566,
    -0.03317760303616524,
    0.21093083918094635,
    -0.22105562686920166,
    -0.008096368052065372,
    -0.16881918907165527,
    -0.1504696160554886,
    -0.11195820569992065,
    -0.12479007244110107
  ]
}