{
  "engajamentoneural": 88.30455359341296,
  "cognitivedemand": 92.09694385291952,
  "focus": 15.665746783342316,
  "embeddings": [
    0.19669973850250244,
    0.1902979612350464,
    -0.04208235442638397,
    0.21116846799850464,
    -0.21734072268009186,
    -0.0009715064079500735,
    -0.16835689544677734,
    -0.1572856307029724,
    -0.10351753979921341,
    -0.11597102880477905
  ]
}