{
  "engajamentoneural": 70.3013058253485,
  "cognitivedemand": 84.07682186393653,
  "focus": 9.574973519989992,
  "embeddings": [
    0.19901831448078156,
    0.19182242453098297,
    -0.047830525785684586,
    0.21192580461502075,
    -0.21497803926467896,
    0.004095939453691244,
    -0.17007756233215332,
    -0.15812736749649048,
    -0.10215862840414047,
    -0.11002642661333084
  ]
}