{
  "engajamentoneural": 79.97597163978057,
  "cognitivedemand": 85.29610876830527,
  "focus": 21.961228805760125,
  "embeddings": [
    0.1964329034090042,
    0.19178123772144318,
    -0.042917147278785706,
    0.2119736671447754,
    -0.21696937084197998,
    0.00113128952216357,
    -0.16864968836307526,
    -0.15736041963100433,
    -0.10343184322118759,
    -0.1146586537361145
  ]
}