{
  "engajamentoneural": 77.26485720805714,
  "cognitivedemand": 91.51930980609944,
  "focus": 8.013479764185805,
  "embeddings": [
    0.2006724625825882,
    0.19007594883441925,
    -0.04858648404479027,
    0.21241693198680878,
    -0.21458172798156738,
    0.005896825809031725,
    -0.16845625638961792,
    -0.16144941747188568,
    -0.0984954759478569,
    -0.10883427411317825
  ]
}