{
  "engajamentoneural": 81.19370317149708,
  "cognitivedemand": 65.35842306567841,
  "focus": 10.360198469859094,
  "embeddings": [
    0.20411501824855804,
    0.1929931789636612,
    -0.057465288788080215,
    0.2154136747121811,
    -0.2103986144065857,
    0.013666979968547821,
    -0.170510932803154,
    -0.16347169876098633,
    -0.0972958505153656,
    -0.09901223331689835
  ]
}