{
  "engajamentoneural": 79.65938221771188,
  "cognitivedemand": 94.64156440523185,
  "focus": 9.187954276443255,
  "embeddings": [
    0.1901990920305252,
    0.18871243298053741,
    -0.028203129768371582,
    0.21122044324874878,
    -0.22250747680664062,
    -0.009583600796759129,
    -0.16321513056755066,
    -0.15842871367931366,
    -0.10442609339952469,
    -0.1292840987443924
  ]
}