{
  "engajamentoneural": 77.12684611790914,
  "cognitivedemand": 90.95031311479472,
  "focus": 8.045861350683857,
  "embeddings": [
    0.2003958374261856,
    0.1901429295539856,
    -0.04808761551976204,
    0.2123510092496872,
    -0.21478496491909027,
    0.00548189552500844,
    -0.16840887069702148,
    -0.16127528250217438,
    -0.09871599078178406,
    -0.10931623727083206
  ]
}