{
  "engajamentoneural": 80.05302038115512,
  "cognitivedemand": 90.81053506415034,
  "focus": 8.893126823933862,
  "embeddings": [
    0.20281058549880981,
    0.18815846741199493,
    -0.05016273260116577,
    0.21308277547359467,
    -0.21352119743824005,
    0.007385849952697754,
    -0.16707748174667358,
    -0.16527868807315826,
    -0.09482453018426895,
    -0.10699429363012314
  ]
}