{
  "engajamentoneural": 90.93555843924442,
  "cognitivedemand": 96.96990271977708,
  "focus": 7.958864488254536,
  "embeddings": [
    0.1967373937368393,
    0.18354512751102448,
    -0.033236727118492126,
    0.21276406943798065,
    -0.21961474418640137,
    -0.003307536942884326,
    -0.15939657390117645,
    -0.16904090344905853,
    -0.09328296035528183,
    -0.1234392523765564
  ]
}