{
  "engajamentoneural": 80.09965829697123,
  "cognitivedemand": 65.31718046855778,
  "focus": 8.59701010917011,
  "embeddings": [
    0.19542783498764038,
    0.19191356003284454,
    -0.04104538634419441,
    0.2094743251800537,
    -0.2181919366121292,
    -0.0016651871846988797,
    -0.1701216697692871,
    -0.1542191356420517,
    -0.10520004481077194,
    -0.11668097227811813
  ]
}