{
  "engajamentoneural": 68.09388974625152,
  "cognitivedemand": 51.381289976148615,
  "focus": 10.76410170637978,
  "embeddings": [
    0.19012093544006348,
    0.1941458135843277,
    -0.03455043211579323,
    0.20902325212955475,
    -0.22099260985851288,
    -0.007527572568506002,
    -0.1704074591398239,
    -0.148895725607872,
    -0.11153846979141235,
    -0.12357612699270248
  ]
}