{
  "engajamentoneural": 84.40999184654069,
  "cognitivedemand": 81.36379875544787,
  "focus": 8.106424052394923,
  "embeddings": [
    0.19282536208629608,
    0.1900169402360916,
    -0.03485279530286789,
    0.20965738594532013,
    -0.2205328792333603,
    -0.005823921877890825,
    -0.16704009473323822,
    -0.15535716712474823,
    -0.10499203950166702,
    -0.12314433604478836
  ]
}