{
  "engajamentoneural": 74.44135676246528,
  "cognitivedemand": 58.03267866828884,
  "focus": 19.9615991430105,
  "embeddings": [
    0.1934579461812973,
    0.18994754552841187,
    -0.03457625210285187,
    0.211783766746521,
    -0.2199128121137619,
    -0.00387720693834126,
    -0.16491176187992096,
    -0.15963245928287506,
    -0.10232263803482056,
    -0.12231256812810898
  ]
}