{
  "engajamentoneural": 91.75667764521403,
  "cognitivedemand": 88.16385309703337,
  "focus": 10.034413537227849,
  "embeddings": [
    0.18989355862140656,
    0.1892613172531128,
    -0.02809969335794449,
    0.21082429587841034,
    -0.22257928550243378,
    -0.010061989538371563,
    -0.16391326487064362,
    -0.1571715921163559,
    -0.10554433614015579,
    -0.12943576276302338
  ]
}