{
  "engajamentoneural": 75.73285358712178,
  "cognitivedemand": 72.89940567348457,
  "focus": 14.691575430642212,
  "embeddings": [
    0.19029772281646729,
    0.19136951863765717,
    -0.0320056788623333,
    0.20968729257583618,
    -0.22173084318637848,
    -0.008672918193042278,
    -0.1674182415008545,
    -0.15244340896606445,
    -0.10864526778459549,
    -0.12638331949710846
  ]
}