{
  "engajamentoneural": 68.5819194261682,
  "cognitivedemand": 55.6265827944336,
  "focus": 10.21638354924217,
  "embeddings": [
    0.1939781755208969,
    0.1921938806772232,
    -0.03903075307607651,
    0.2099393606185913,
    -0.21892432868480682,
    -0.0030587937217205763,
    -0.16944508254528046,
    -0.1537146419286728,
    -0.10625392198562622,
    -0.11879312247037888
  ]
}