{
  "engajamentoneural": 85.78700365053476,
  "cognitivedemand": 83.23423346757305,
  "focus": 9.624491799979484,
  "embeddings": [
    0.1988200545310974,
    0.18579542636871338,
    -0.04121234267950058,
    0.21262724697589874,
    -0.21697205305099487,
    3.820813071797602e-05,
    -0.16401778161525726,
    -0.16427040100097656,
    -0.0972721055150032,
    -0.11675751209259033
  ]
}