{
  "engajamentoneural": 81.72295302718541,
  "cognitivedemand": 95.23386859817737,
  "focus": 11.838398977222209,
  "embeddings": [
    0.1908310502767563,
    0.19003675878047943,
    -0.03088792972266674,
    0.2105516940355301,
    -0.22158603370189667,
    -0.008388899266719818,
    -0.16520772874355316,
    -0.15622620284557343,
    -0.10583480447530746,
    -0.1267959624528885
  ]
}