{
  "engajamentoneural": 89.87506592633021,
  "cognitivedemand": 94.3134616763897,
  "focus": 9.737773284752915,
  "embeddings": [
    0.19433335959911346,
    0.18018557131290436,
    -0.02555052377283573,
    0.21183066070079803,
    -0.2225545197725296,
    -0.008859879337251186,
    -0.15598206222057343,
    -0.17081697285175323,
    -0.09205899387598038,
    -0.13173550367355347
  ]
}