{
  "engajamentoneural": 85.05888244747763,
  "cognitivedemand": 81.02681920361388,
  "focus": 9.989953384543426,
  "embeddings": [
    0.19571344554424286,
    0.19560320675373077,
    -0.046406339854002,
    0.2114351987838745,
    -0.21600407361984253,
    0.002406784798949957,
    -0.1724310666322708,
    -0.1525372415781021,
    -0.10780342668294907,
    -0.11146610975265503
  ]
}