{
  "engajamentoneural": 86.49185726479554,
  "cognitivedemand": 83.67625788094215,
  "focus": 8.160613409907569,
  "embeddings": [
    0.1999514102935791,
    0.18447189033031464,
    -0.039305172860622406,
    0.21289367973804474,
    -0.21735773980617523,
    0.0023132399655878544,
    -0.1611802875995636,
    -0.17010639607906342,
    -0.09062271565198898,
    -0.11713603883981705
  ]
}