{
  "engajamentoneural": 88.02500964540624,
  "cognitivedemand": 92.07200690897228,
  "focus": 9.96261119941748,
  "embeddings": [
    0.20246736705303192,
    0.18856674432754517,
    -0.050008367747068405,
    0.2132434844970703,
    -0.2135716825723648,
    0.007218667771667242,
    -0.16729943454265594,
    -0.1646030694246292,
    -0.09578793495893478,
    -0.10730811953544617
  ]
}