{
  "engajamentoneural": 69.97219140666299,
  "cognitivedemand": 93.0514129905772,
  "focus": 12.203934110863424,
  "embeddings": [
    0.18609122931957245,
    0.19022731482982635,
    -0.022496746852993965,
    0.20853562653064728,
    -0.22547702491283417,
    -0.015726260840892792,
    -0.16495464742183685,
    -0.1515720635652542,
    -0.11058297008275986,
    -0.1357271820306778
  ]
}