{
  "engajamentoneural": 57.207084528018335,
  "cognitivedemand": 54.743882548594435,
  "focus": 16.891363333508693,
  "embeddings": [
    0.1931258589029312,
    0.19355078041553497,
    -0.038821030408144,
    0.21028828620910645,
    -0.21904997527599335,
    -0.0028876594733446836,
    -0.16981947422027588,
    -0.15293259918689728,
    -0.10754168033599854,
    -0.1188279464840889
  ]
}