{
  "engajamentoneural": 81.21425663555435,
  "cognitivedemand": 77.86630119899016,
  "focus": 8.396296025399796,
  "embeddings": [
    0.18856947124004364,
    0.19593651592731476,
    -0.0342581532895565,
    0.20927663147449493,
    -0.22127258777618408,
    -0.008477547205984592,
    -0.17147137224674225,
    -0.1466185599565506,
    -0.11474879831075668,
    -0.12422408908605576
  ]
}