{
  "engajamentoneural": 70.4799999206799,
  "cognitivedemand": 65.30562466031267,
  "focus": 21.12684208224651,
  "embeddings": [
    0.19160784780979156,
    0.19256383180618286,
    -0.03563028573989868,
    0.21153242886066437,
    -0.2197980433702469,
    -0.0058211046271026134,
    -0.16775405406951904,
    -0.15435941517353058,
    -0.10815171152353287,
    -0.12225204706192017
  ]
}