{
  "engajamentoneural": 87.2416837153682,
  "cognitivedemand": 83.40369731914264,
  "focus": 8.206536539566557,
  "embeddings": [
    0.18960057199001312,
    0.19041751325130463,
    -0.02890092134475708,
    0.209843710064888,
    -0.22255276143550873,
    -0.01053438801318407,
    -0.16565705835819244,
    -0.15408016741275787,
    -0.10778561979532242,
    -0.12903787195682526
  ]
}