{
  "engajamentoneural": 85.43795546989377,
  "cognitivedemand": 89.02841579703778,
  "focus": 15.633065040157291,
  "embeddings": [
    0.19721245765686035,
    0.18918733298778534,
    -0.04138723760843277,
    0.21230094134807587,
    -0.21715307235717773,
    7.031865970930085e-05,
    -0.1662893444299698,
    -0.16083413362503052,
    -0.1005706861615181,
    -0.11614978313446045
  ]
}