{
  "engajamentoneural": 65.39209591124276,
  "cognitivedemand": 86.23181304718068,
  "focus": 7.847005763921366,
  "embeddings": [
    0.19323666393756866,
    0.19139604270458221,
    -0.03727166727185249,
    0.21004177629947662,
    -0.2194640040397644,
    -0.004458988551050425,
    -0.16842041909694672,
    -0.15401402115821838,
    -0.10655934363603592,
    -0.12098319083452225
  ]
}