{
  "engajamentoneural": 86.40069721223595,
  "cognitivedemand": 85.13518007501409,
  "focus": 8.231628029823934,
  "embeddings": [
    0.19987040758132935,
    0.18495933711528778,
    -0.039870213717222214,
    0.21298177540302277,
    -0.2171781063079834,
    0.0025301205459982157,
    -0.1616438776254654,
    -0.16947419941425323,
    -0.09132182598114014,
    -0.11661692708730698
  ]
}