{
  "engajamentoneural": 67.33655191468699,
  "cognitivedemand": 74.0888309971712,
  "focus": 8.082277961470762,
  "embeddings": [
    0.18903838098049164,
    0.1954963207244873,
    -0.03455354645848274,
    0.2110973596572876,
    -0.2205834984779358,
    -0.00769478315487504,
    -0.17002145946025848,
    -0.14891260862350464,
    -0.11354770511388779,
    -0.12366894632577896
  ]
}