{
  "engajamentoneural": 77.10128045271425,
  "cognitivedemand": 81.85092677189084,
  "focus": 11.064400774859685,
  "embeddings": [
    0.19247321784496307,
    0.1916421502828598,
    -0.035349518060684204,
    0.21065020561218262,
    -0.22003960609436035,
    -0.004515948239713907,
    -0.1670372039079666,
    -0.15573589503765106,
    -0.10561057925224304,
    -0.1221173107624054
  ]
}