{
  "engajamentoneural": 66.52317702056129,
  "cognitivedemand": 80.70016765183779,
  "focus": 15.755316161649425,
  "embeddings": [
    0.21201884746551514,
    0.18627743422985077,
    -0.06484892219305038,
    0.2160719633102417,
    -0.20672762393951416,
    0.018948009237647057,
    -0.16743065416812897,
    -0.17407011985778809,
    -0.08573513478040695,
    -0.09244481474161148
  ]
}