{
  "engajamentoneural": 12.753298750554897,
  "cognitivedemand": 42.70865408498107,
  "focus": 44.46279953956916,
  "embeddings": [
    0.20838777720928192,
    0.20089638233184814,
    -0.07614485174417496,
    0.2163320630788803,
    -0.20366840064525604,
    0.023908987641334534,
    -0.181014284491539,
    -0.15512429177761078,
    -0.10435032844543457,
    -0.08196919411420822
  ]
}