{
  "engajamentoneural": 87.4330980267624,
  "cognitivedemand": 89.62323408472179,
  "focus": 7.920828997115903,
  "embeddings": [
    0.20077134668827057,
    0.19155935943126678,
    -0.05076077952980995,
    0.21277350187301636,
    -0.21363578736782074,
    0.007003490347415209,
    -0.16979223489761353,
    -0.16016319394111633,
    -0.09999824315309525,
    -0.10679769515991211
  ]
}