{
  "engajamentoneural": 72.08886681204885,
  "cognitivedemand": 85.5153182068393,
  "focus": 7.864080939834284,
  "embeddings": [
    0.19616883993148804,
    0.1908692568540573,
    -0.04226940870285034,
    0.21186040341854095,
    -0.21706347167491913,
    -0.0006343784625642002,
    -0.1681736558675766,
    -0.15756915509700775,
    -0.10363330692052841,
    -0.11587139219045639
  ]
}