{
  "engajamentoneural": 76.70771961316343,
  "cognitivedemand": 90.58347341423853,
  "focus": 11.867465209513828,
  "embeddings": [
    0.19536076486110687,
    0.19467826187610626,
    -0.04438289999961853,
    0.21169336140155792,
    -0.21663875877857208,
    0.0013837111182510853,
    -0.1710817813873291,
    -0.15388475358486176,
    -0.10703417658805847,
    -0.11328455060720444
  ]
}