{
  "engajamentoneural": 88.92655138754333,
  "cognitivedemand": 91.2255806523777,
  "focus": 8.5121779865468,
  "embeddings": [
    0.18998758494853973,
    0.19033163785934448,
    -0.029806720092892647,
    0.21017350256443024,
    -0.2222014218568802,
    -0.010267800651490688,
    -0.16584573686122894,
    -0.15445183217525482,
    -0.10790523886680603,
    -0.12817101180553436
  ]
}