{
  "engajamentoneural": 60.38665392931861,
  "cognitivedemand": 88.65863844685978,
  "focus": 25.28500547487682,
  "embeddings": [
    0.19194696843624115,
    0.20007221400737762,
    -0.04566604271531105,
    0.21156644821166992,
    -0.21661627292633057,
    -0.0006544219213537872,
    -0.17600582540035248,
    -0.14501650631427765,
    -0.11665845662355423,
    -0.11279646307229996
  ]
}