{
  "engajamentoneural": 69.56055238481017,
  "cognitivedemand": 65.79514476610501,
  "focus": 8.740468333073359,
  "embeddings": [
    0.18870662152767181,
    0.19125722348690033,
    -0.028687400743365288,
    0.20926381647586823,
    -0.22297917306423187,
    -0.011220231652259827,
    -0.16670237481594086,
    -0.15197059512138367,
    -0.10957816988229752,
    -0.12949325144290924
  ]
}