{
  "engajamentoneural": 67.18297716541161,
  "cognitivedemand": 68.02214401407286,
  "focus": 47.42389961995045,
  "embeddings": [
    0.1916840523481369,
    0.19386599957942963,
    -0.03568734601140022,
    0.21156252920627594,
    -0.2200065404176712,
    -0.004032941069453955,
    -0.1682146042585373,
    -0.15398907661437988,
    -0.10786811262369156,
    -0.12131297588348389
  ]
}