{
  "engajamentoneural": 63.775784593493434,
  "cognitivedemand": 53.06015965582457,
  "focus": 68.88800383888285,
  "embeddings": [
    0.19315792620182037,
    0.19815902411937714,
    -0.04637579247355461,
    0.21272040903568268,
    -0.21581025421619415,
    -0.0006348253227770329,
    -0.17428140342235565,
    -0.14783376455307007,
    -0.11474486440420151,
    -0.11261451244354248
  ]
}