{
  "engajamentoneural": 76.7947509332546,
  "cognitivedemand": 71.66126816974915,
  "focus": 10.081334794569653,
  "embeddings": [
    0.1880180388689041,
    0.19480258226394653,
    -0.03190134838223457,
    0.21079449355602264,
    -0.2214813381433487,
    -0.009948675520718098,
    -0.16910642385482788,
    -0.14877662062644958,
    -0.11420407146215439,
    -0.12622018158435822
  ]
}