{
  "engajamentoneural": 75.4477197987177,
  "cognitivedemand": 94.73254669809099,
  "focus": 9.332855767260417,
  "embeddings": [
    0.19713224470615387,
    0.18582570552825928,
    -0.0370834618806839,
    0.2127971649169922,
    -0.218501016497612,
    -0.0012527533108368516,
    -0.162156343460083,
    -0.1661943793296814,
    -0.09566398710012436,
    -0.119829922914505
  ]
}