{
  "engajamentoneural": 73.98337063057164,
  "cognitivedemand": 76.11372965434106,
  "focus": 18.960689900812056,
  "embeddings": [
    0.1928800493478775,
    0.19535066187381744,
    -0.0389944352209568,
    0.21237017214298248,
    -0.21868543326854706,
    -0.0008759855409152806,
    -0.16933615505695343,
    -0.15391719341278076,
    -0.10774502158164978,
    -0.117557592689991
  ]
}