{
  "engajamentoneural": 82.29718567409454,
  "cognitivedemand": 86.76621758218603,
  "focus": 8.511949931105445,
  "embeddings": [
    0.19376493990421295,
    0.1862303763628006,
    -0.030823424458503723,
    0.21110035479068756,
    -0.22130656242370605,
    -0.0061848219484090805,
    -0.16183899343013763,
    -0.16285909712314606,
    -0.09887506812810898,
    -0.1260117143392563
  ]
}