{
  "engajamentoneural": 50.437392022791286,
  "cognitivedemand": 63.33383307441894,
  "focus": 8.059684187237636,
  "embeddings": [
    0.18872655928134918,
    0.19298721849918365,
    -0.030077146366238594,
    0.20912237465381622,
    -0.2224547117948532,
    -0.010143250226974487,
    -0.16826023161411285,
    -0.14995454251766205,
    -0.1113511398434639,
    -0.12775330245494843
  ]
}