{
  "engajamentoneural": 78.11456262313142,
  "cognitivedemand": 92.46599202854154,
  "focus": 12.756111106071089,
  "embeddings": [
    0.20052023231983185,
    0.1890961080789566,
    -0.04674847796559334,
    0.2119760513305664,
    -0.21524839103221893,
    0.005407460033893585,
    -0.16735263168811798,
    -0.16287924349308014,
    -0.09682142734527588,
    -0.11032729595899582
  ]
}