{
  "engajamentoneural": 73.98138823675697,
  "cognitivedemand": 73.91073483123871,
  "focus": 24.650764655711765,
  "embeddings": [
    0.1941828727722168,
    0.18855421245098114,
    -0.03559589013457298,
    0.21053922176361084,
    -0.21988002955913544,
    -0.004915099591016769,
    -0.16567571461200714,
    -0.1582188904285431,
    -0.10255070775747299,
    -0.12238999456167221
  ]
}