{
  "engajamentoneural": 80.54597563446163,
  "cognitivedemand": 82.62851844640757,
  "focus": 9.740862316574294,
  "embeddings": [
    0.20333097875118256,
    0.187983438372612,
    -0.04976682737469673,
    0.21235735714435577,
    -0.21388769149780273,
    0.00820879079401493,
    -0.16680403053760529,
    -0.16604429483413696,
    -0.09312936663627625,
    -0.10684826970100403
  ]
}