{
  "engajamentoneural": 69.51022631216108,
  "cognitivedemand": 72.27506651935059,
  "focus": 8.540573848241873,
  "embeddings": [
    0.18909291923046112,
    0.191691592335701,
    -0.029305197298526764,
    0.21022188663482666,
    -0.22245045006275177,
    -0.009743287228047848,
    -0.16624324023723602,
    -0.15342390537261963,
    -0.10872471332550049,
    -0.12835712730884552
  ]
}