{
  "engajamentoneural": 82.70772244807982,
  "cognitivedemand": 83.00344265151833,
  "focus": 8.83463157081803,
  "embeddings": [
    0.19823074340820312,
    0.18851149082183838,
    -0.042913828045129776,
    0.21214674413204193,
    -0.21657443046569824,
    0.0009041985613293946,
    -0.16639524698257446,
    -0.16162630915641785,
    -0.09939250349998474,
    -0.11485633999109268
  ]
}