{
  "engajamentoneural": 57.86441031624372,
  "cognitivedemand": 56.35978999432726,
  "focus": 17.732768062819826,
  "embeddings": [
    0.1854250431060791,
    0.19397622346878052,
    -0.025803783908486366,
    0.20823781192302704,
    -0.22460316121578217,
    -0.013986900448799133,
    -0.16845570504665375,
    -0.1470762938261032,
    -0.11440280079841614,
    -0.1323903650045395
  ]
}