{
  "engajamentoneural": 75.228922585943,
  "cognitivedemand": 80.8833297772744,
  "focus": 19.166351835794803,
  "embeddings": [
    0.1943293809890747,
    0.196430966258049,
    -0.04568278416991234,
    0.21033942699432373,
    -0.21655988693237305,
    1.71901974681532e-05,
    -0.17402726411819458,
    -0.14869318902492523,
    -0.11143160611391068,
    -0.11296436190605164
  ]
}