{
  "engajamentoneural": 68.44824705485614,
  "cognitivedemand": 86.18339150190742,
  "focus": 7.86837112479537,
  "embeddings": [
    0.20146770775318146,
    0.188667893409729,
    -0.04812178015708923,
    0.21380849182605743,
    -0.21418339014053345,
    0.006643790286034346,
    -0.16617892682552338,
    -0.16551649570465088,
    -0.09535641223192215,
    -0.10873856395483017
  ]
}