{
  "engajamentoneural": 75.14315663341209,
  "cognitivedemand": 81.21047053085556,
  "focus": 10.799018985343611,
  "embeddings": [
    0.18733954429626465,
    0.19529961049556732,
    -0.030850959941744804,
    0.20990552008152008,
    -0.22223925590515137,
    -0.010707293637096882,
    -0.16972441971302032,
    -0.14718519151210785,
    -0.1152452602982521,
    -0.127463236451149
  ]
}