{
  "engajamentoneural": 92.92789498834111,
  "cognitivedemand": 94.96452691797077,
  "focus": 8.016971330299704,
  "embeddings": [
    0.19268940389156342,
    0.18555141985416412,
    -0.030214868485927582,
    0.21161271631717682,
    -0.22126756608486176,
    -0.008732426911592484,
    -0.1615198403596878,
    -0.1623072773218155,
    -0.10076240450143814,
    -0.12804821133613586
  ]
}