{
  "engajamentoneural": 80.67577945952853,
  "cognitivedemand": 83.91052316030503,
  "focus": 19.816100139712066,
  "embeddings": [
    0.19877195358276367,
    0.18981964886188507,
    -0.045533571392297745,
    0.2124197632074356,
    -0.21563321352005005,
    0.002688910812139511,
    -0.16777609288692474,
    -0.16032354533672333,
    -0.10036348551511765,
    -0.11237158626317978
  ]
}