{
  "engajamentoneural": 57.77619365299312,
  "cognitivedemand": 63.91392798081657,
  "focus": 65.25815187203156,
  "embeddings": [
    0.2007552534341812,
    0.1864403635263443,
    -0.04360491409897804,
    0.21363258361816406,
    -0.21567900478839874,
    0.0037284560967236757,
    -0.16349390149116516,
    -0.1680556684732437,
    -0.09332845360040665,
    -0.11316400021314621
  ]
}