{
  "engajamentoneural": 76.2490735593501,
  "cognitivedemand": 69.51431702877689,
  "focus": 10.272130977549843,
  "embeddings": [
    0.19069921970367432,
    0.1977415531873703,
    -0.0401078425347805,
    0.21031416952610016,
    -0.21883942186832428,
    -0.003994510043412447,
    -0.17342989146709442,
    -0.14628122746944427,
    -0.11494579911231995,
    -0.11833608150482178
  ]
}