{
  "engajamentoneural": 85.75200839243497,
  "cognitivedemand": 80.566819277499,
  "focus": 10.3626978767285,
  "embeddings": [
    0.18750788271427155,
    0.19315241277217865,
    -0.02861061505973339,
    0.20993363857269287,
    -0.2229369729757309,
    -0.011032268404960632,
    -0.1673109382390976,
    -0.15078921616077423,
    -0.11152631789445877,
    -0.12938304245471954
  ]
}