{
  "engajamentoneural": 92.16893201228604,
  "cognitivedemand": 92.39612944801772,
  "focus": 10.645482334159851,
  "embeddings": [
    0.18911917507648468,
    0.18956737220287323,
    -0.027227038517594337,
    0.2106461524963379,
    -0.22296391427516937,
    -0.011176921427249908,
    -0.16413523256778717,
    -0.15605036914348602,
    -0.10682161897420883,
    -0.13047096133232117
  ]
}