{
  "engajamentoneural": 82.25943947533925,
  "cognitivedemand": 79.63495008434136,
  "focus": 14.722399375343143,
  "embeddings": [
    0.20298345386981964,
    0.19591422379016876,
    -0.06020797789096832,
    0.21440355479717255,
    -0.20991718769073486,
    0.012851188890635967,
    -0.17459358274936676,
    -0.15674932301044464,
    -0.1038694977760315,
    -0.0976577028632164
  ]
}