{
  "engajamentoneural": 70.85476964363865,
  "cognitivedemand": 96.96802606415832,
  "focus": 7.870173063826358,
  "embeddings": [
    0.19314837455749512,
    0.18884186446666718,
    -0.03356252610683441,
    0.21073542535305023,
    -0.22070719301700592,
    -0.006012869533151388,
    -0.16522173583507538,
    -0.1578967124223709,
    -0.10350563377141953,
    -0.1241040825843811
  ]
}