{
  "engajamentoneural": 70.09194759318211,
  "cognitivedemand": 76.12342022007704,
  "focus": 9.613809821812502,
  "embeddings": [
    0.20078836381435394,
    0.19370882213115692,
    -0.05243527889251709,
    0.21278493106365204,
    -0.21324507892131805,
    0.008860203437507153,
    -0.1714663952589035,
    -0.15855920314788818,
    -0.10122119635343552,
    -0.10458777099847794
  ]
}