{
  "engajamentoneural": 79.57137660919977,
  "cognitivedemand": 77.69738447757933,
  "focus": 8.039857535283868,
  "embeddings": [
    0.18849648535251617,
    0.193284809589386,
    -0.03111640177667141,
    0.21015946567058563,
    -0.2219618409872055,
    -0.010348754934966564,
    -0.16825854778289795,
    -0.1504470556974411,
    -0.11214039474725723,
    -0.12715736031532288
  ]
}