{
  "engajamentoneural": 66.96712331170941,
  "cognitivedemand": 77.01195715359273,
  "focus": 13.093706772801482,
  "embeddings": [
    0.20517213642597198,
    0.1859973669052124,
    -0.05137978494167328,
    0.21394646167755127,
    -0.2126423716545105,
    0.00947894062846899,
    -0.165178120136261,
    -0.16993661224842072,
    -0.0903393104672432,
    -0.10544805973768234
  ]
}