{
  "engajamentoneural": 69.73275741911749,
  "cognitivedemand": 93.17444478372752,
  "focus": 8.03885836593552,
  "embeddings": [
    0.19252784550189972,
    0.1897394061088562,
    -0.033217888325452805,
    0.21039670705795288,
    -0.22078551352024078,
    -0.005856981035321951,
    -0.16555635631084442,
    -0.1573406457901001,
    -0.10396519303321838,
    -0.12432467937469482
  ]
}