{
  "engajamentoneural": 85.60143621146065,
  "cognitivedemand": 94.48084774407297,
  "focus": 10.035969747459195,
  "embeddings": [
    0.19406713545322418,
    0.1910233497619629,
    -0.03824716806411743,
    0.2120022028684616,
    -0.21857613325119019,
    -0.0032933037728071213,
    -0.16707120835781097,
    -0.1571473926305771,
    -0.10497210174798965,
    -0.1195688247680664
  ]
}