{
  "engajamentoneural": 65.33699869307891,
  "cognitivedemand": 86.22938088357331,
  "focus": 7.848168796887989,
  "embeddings": [
    0.19283519685268402,
    0.1913217455148697,
    -0.03649403527379036,
    0.2099514752626419,
    -0.219789519906044,
    -0.005095128435641527,
    -0.16826361417770386,
    -0.1538054496049881,
    -0.10683780908584595,
    -0.12180602550506592
  ]
}