{
  "engajamentoneural": 73.3966018799252,
  "cognitivedemand": 79.74126483447228,
  "focus": 12.988193942714133,
  "embeddings": [
    0.18803466856479645,
    0.19866126775741577,
    -0.03719684109091759,
    0.21014825999736786,
    -0.22008658945560455,
    -0.007591282483190298,
    -0.17387594282627106,
    -0.1428462266921997,
    -0.11914458125829697,
    -0.1220087930560112
  ]
}