{
  "engajamentoneural": 73.16968404634919,
  "cognitivedemand": 73.1947013367314,
  "focus": 9.594278202852301,
  "embeddings": [
    0.1880398988723755,
    0.19490085542201996,
    -0.03182005509734154,
    0.2107495814561844,
    -0.2215735763311386,
    -0.009703480638563633,
    -0.16912893950939178,
    -0.14884458482265472,
    -0.11401626467704773,
    -0.12620265781879425
  ]
}