{
  "engajamentoneural": 82.73934593458094,
  "cognitivedemand": 75.5983724786971,
  "focus": 9.934680738230274,
  "embeddings": [
    0.1918407827615738,
    0.19267384707927704,
    -0.035412706434726715,
    0.20982539653778076,
    -0.22040630877017975,
    -0.005353110376745462,
    -0.16868716478347778,
    -0.15291064977645874,
    -0.10768172144889832,
    -0.12228695303201675
  ]
}