{
  "engajamentoneural": 68.06445729066908,
  "cognitivedemand": 82.0232320521074,
  "focus": 58.32816718093491,
  "embeddings": [
    0.20017372071743011,
    0.19077558815479279,
    -0.04969732463359833,
    0.21243445575237274,
    -0.2140195518732071,
    0.00422865292057395,
    -0.16997475922107697,
    -0.1592719852924347,
    -0.10161202400922775,
    -0.10857494920492172
  ]
}