{
  "engajamentoneural": 66.81723415423657,
  "cognitivedemand": 75.8398040557862,
  "focus": 9.496394446352951,
  "embeddings": [
    0.1977442055940628,
    0.19115908443927765,
    -0.04408882558345795,
    0.21130816638469696,
    -0.2166803628206253,
    0.0027639877516776323,
    -0.16857220232486725,
    -0.1587367057800293,
    -0.10092798620462418,
    -0.11317232996225357
  ]
}