{
  "engajamentoneural": 91.59482195207578,
  "cognitivedemand": 93.53629755820388,
  "focus": 9.946630612872243,
  "embeddings": [
    0.18935520946979523,
    0.1892608404159546,
    -0.027197690680623055,
    0.21082216501235962,
    -0.22293353080749512,
    -0.010613302700221539,
    -0.16360273957252502,
    -0.15708382427692413,
    -0.10574164986610413,
    -0.1303377002477646
  ]
}