{
  "engajamentoneural": 58.01828016812449,
  "cognitivedemand": 91.14929437013826,
  "focus": 19.87374039790415,
  "embeddings": [
    0.19331295788288116,
    0.19043196737766266,
    -0.03572767600417137,
    0.21008189022541046,
    -0.21996943652629852,
    -0.004931736271828413,
    -0.16706043481826782,
    -0.1559329777956009,
    -0.10469778627157211,
    -0.12215553969144821
  ]
}