{
  "engajamentoneural": 78.38578726480934,
  "cognitivedemand": 58.69041386515265,
  "focus": 18.15893306238241,
  "embeddings": [
    0.1936149150133133,
    0.19170896708965302,
    -0.037226397544145584,
    0.21008284389972687,
    -0.21959657967090607,
    -0.003378191962838173,
    -0.16826587915420532,
    -0.15505890548229218,
    -0.10518204420804977,
    -0.12011361122131348
  ]
}