{
  "engajamentoneural": 68.04881390350825,
  "cognitivedemand": 81.73389637850593,
  "focus": 20.5251406874019,
  "embeddings": [
    0.18953239917755127,
    0.19355221092700958,
    -0.033004697412252426,
    0.21122533082962036,
    -0.22098618745803833,
    -0.007907521910965443,
    -0.16805283725261688,
    -0.1519496887922287,
    -0.11078789085149765,
    -0.12487220764160156
  ]
}