{
  "engajamentoneural": 66.94510168896774,
  "cognitivedemand": 54.554743015662034,
  "focus": 8.333041141622722,
  "embeddings": [
    0.19093789160251617,
    0.19904892146587372,
    -0.04223296046257019,
    0.21198327839374542,
    -0.21779394149780273,
    -0.002254453720524907,
    -0.1738029569387436,
    -0.14661157131195068,
    -0.11533784121274948,
    -0.115975022315979
  ]
}