{
  "engajamentoneural": 71.60998999734073,
  "cognitivedemand": 76.47933794765814,
  "focus": 9.439751033748212,
  "embeddings": [
    0.19989235699176788,
    0.1936083287000656,
    -0.05064770579338074,
    0.2126181274652481,
    -0.213971808552742,
    0.007609199732542038,
    -0.17103923857212067,
    -0.15825003385543823,
    -0.10168466717004776,
    -0.10632265359163284
  ]
}