{
  "engajamentoneural": 89.36256455636439,
  "cognitivedemand": 91.32954543040428,
  "focus": 8.623206655790305,
  "embeddings": [
    0.2051377296447754,
    0.19177474081516266,
    -0.058197975158691406,
    0.21394069492816925,
    -0.21054203808307648,
    0.013805585913360119,
    -0.17082487046718597,
    -0.1633368283510208,
    -0.09608649462461472,
    -0.09874821454286575
  ]
}