{
  "engajamentoneural": 77.0789052527477,
  "cognitivedemand": 59.86037646565324,
  "focus": 24.53635381340603,
  "embeddings": [
    0.19150696694850922,
    0.19157545268535614,
    -0.033536117523908615,
    0.2113029956817627,
    -0.22059933841228485,
    -0.0057142809964716434,
    -0.16623051464557648,
    -0.15622054040431976,
    -0.10568151623010635,
    -0.12384063750505447
  ]
}