{
  "engajamentoneural": 69.48851065478404,
  "cognitivedemand": 91.22416325653275,
  "focus": 16.154043424731015,
  "embeddings": [
    0.19294579327106476,
    0.1915256828069687,
    -0.03629429638385773,
    0.2112991213798523,
    -0.21949338912963867,
    -0.004750518128275871,
    -0.16739685833454132,
    -0.15598171949386597,
    -0.10610195249319077,
    -0.12120913714170456
  ]
}