{
  "engajamentoneural": 76.72335157519198,
  "cognitivedemand": 87.8982502465827,
  "focus": 7.9493090420615475,
  "embeddings": [
    0.18650133907794952,
    0.1942501664161682,
    -0.028462255373597145,
    0.2094796746969223,
    -0.22329659759998322,
    -0.01223399955779314,
    -0.1687895506620407,
    -0.14757923781871796,
    -0.11461899429559708,
    -0.130072683095932
  ]
}