{
  "engajamentoneural": 64.92653737885685,
  "cognitivedemand": 76.7178567934531,
  "focus": 14.34356494562099,
  "embeddings": [
    0.19903911650180817,
    0.19112174212932587,
    -0.04717503860592842,
    0.21310140192508698,
    -0.21481217443943024,
    0.004056587349623442,
    -0.1684672087430954,
    -0.16036978363990784,
    -0.10079219937324524,
    -0.11033084988594055
  ]
}