{
  "engajamentoneural": 83.12417484880841,
  "cognitivedemand": 84.00303886477754,
  "focus": 9.061144441029612,
  "embeddings": [
    0.20245003700256348,
    0.18640869855880737,
    -0.04652581736445427,
    0.21221494674682617,
    -0.21502633392810822,
    0.006006548646837473,
    -0.16500693559646606,
    -0.16723917424678802,
    -0.09228550642728806,
    -0.1102219820022583
  ]
}