{
  "engajamentoneural": 85.32199791816261,
  "cognitivedemand": 90.48628816142481,
  "focus": 8.89033126863168,
  "embeddings": [
    0.1962263137102127,
    0.19010819494724274,
    -0.041102636605501175,
    0.2115083932876587,
    -0.21755290031433105,
    -0.0013230633921921253,
    -0.16761666536331177,
    -0.15810351073741913,
    -0.10313829034566879,
    -0.11680066585540771
  ]
}