{
  "engajamentoneural": 65.26559404154801,
  "cognitivedemand": 59.47547098070747,
  "focus": 16.74409460157278,
  "embeddings": [
    0.19224661588668823,
    0.19295178353786469,
    -0.03623869642615318,
    0.20926488935947418,
    -0.22028082609176636,
    -0.004726611543446779,
    -0.16943156719207764,
    -0.15225273370742798,
    -0.10763851553201675,
    -0.121379055082798
  ]
}