{
  "engajamentoneural": 77.35740408393632,
  "cognitivedemand": 91.85143590386957,
  "focus": 18.395877072470167,
  "embeddings": [
    0.20084023475646973,
    0.1839250922203064,
    -0.042684461921453476,
    0.21333302557468414,
    -0.2159423828125,
    0.0018026049947366118,
    -0.16239821910858154,
    -0.16870637238025665,
    -0.09292089194059372,
    -0.11519390344619751
  ]
}