{
  "engajamentoneural": 81.919800949049,
  "cognitivedemand": 85.08209406154778,
  "focus": 11.653785767944624,
  "embeddings": [
    0.1980987936258316,
    0.18881358206272125,
    -0.04258322715759277,
    0.21163351833820343,
    -0.21696436405181885,
    0.0010362836765125394,
    -0.16666242480278015,
    -0.16098156571388245,
    -0.09934110194444656,
    -0.11510435491800308
  ]
}