{
  "engajamentoneural": 88.91877681185088,
  "cognitivedemand": 93.50023922467756,
  "focus": 7.881932769291988,
  "embeddings": [
    0.1934884786605835,
    0.190532848238945,
    -0.036846354603767395,
    0.21066933870315552,
    -0.21946139633655548,
    -0.005271911155432463,
    -0.16752344369888306,
    -0.15549609065055847,
    -0.10600297898054123,
    -0.12128924578428268
  ]
}