{
  "engajamentoneural": 80.33910849514857,
  "cognitivedemand": 86.16188660580355,
  "focus": 9.539222089928035,
  "embeddings": [
    0.1878306120634079,
    0.1899709701538086,
    -0.026247700676321983,
    0.2087518572807312,
    -0.22391726076602936,
    -0.014151673763990402,
    -0.16585704684257507,
    -0.1517108678817749,
    -0.11025092005729675,
    -0.13236981630325317
  ]
}