{
  "engajamentoneural": 40.81831753052207,
  "cognitivedemand": 57.86916725324449,
  "focus": 9.623482670048112,
  "embeddings": [
    0.19482086598873138,
    0.1901976615190506,
    -0.037036266177892685,
    0.21257342398166656,
    -0.2187812477350235,
    -0.0013745501637458801,
    -0.16495870053768158,
    -0.1609925627708435,
    -0.10088091343641281,
    -0.11945868283510208
  ]
}