{
  "engajamentoneural": 72.8177041503495,
  "cognitivedemand": 85.5518481111534,
  "focus": 68.57078565957809,
  "embeddings": [
    0.19709913432598114,
    0.1908925324678421,
    -0.04323654994368553,
    0.21308529376983643,
    -0.21633465588092804,
    0.0010017798049375415,
    -0.16733668744564056,
    -0.15989930927753448,
    -0.10213661193847656,
    -0.11413341015577316
  ]
}