{
  "engajamentoneural": 66.97895185265705,
  "cognitivedemand": 77.65052872094333,
  "focus": 81.27897916979836,
  "embeddings": [
    0.19298966228961945,
    0.19467204809188843,
    -0.041179295629262924,
    0.21138404309749603,
    -0.21793073415756226,
    -0.002724437275901437,
    -0.17097848653793335,
    -0.15164770185947418,
    -0.11012116074562073,
    -0.11719302088022232
  ]
}