{
  "engajamentoneural": 62.61965356570184,
  "cognitivedemand": 80.00400008924538,
  "focus": 8.740068128219146,
  "embeddings": [
    0.19486881792545319,
    0.18470324575901031,
    -0.031598445028066635,
    0.2121373414993286,
    -0.22044773399829865,
    -0.005994964390993118,
    -0.16043159365653992,
    -0.16586928069591522,
    -0.09681389480829239,
    -0.1255355179309845
  ]
}