{
  "engajamentoneural": 55.32330871682961,
  "cognitivedemand": 84.96614041162942,
  "focus": 7.984996597825966,
  "embeddings": [
    0.1936216801404953,
    0.18589337170124054,
    -0.03017534874379635,
    0.21160350739955902,
    -0.22128069400787354,
    -0.006528154015541077,
    -0.16115784645080566,
    -0.16398799419403076,
    -0.09816627949476242,
    -0.12677228450775146
  ]
}