{
  "engajamentoneural": 81.27602931300362,
  "cognitivedemand": 96.32037529621739,
  "focus": 9.16905854046297,
  "embeddings": [
    0.20379208028316498,
    0.19043324887752533,
    -0.05520271882414818,
    0.21363471448421478,
    -0.21161432564258575,
    0.0099283242598176,
    -0.16985447704792023,
    -0.16281567513942719,
    -0.09731826931238174,
    -0.10250944644212723
  ]
}