{
  "engajamentoneural": 86.52349149728464,
  "cognitivedemand": 66.96472653420724,
  "focus": 44.876040277714715,
  "embeddings": [
    0.1936941295862198,
    0.19655847549438477,
    -0.044793564826250076,
    0.21192915737628937,
    -0.2165374755859375,
    -0.0005997837870381773,
    -0.1728532761335373,
    -0.15021879971027374,
    -0.11158835142850876,
    -0.11363530158996582
  ]
}