{
  "engajamentoneural": 67.70297883197861,
  "cognitivedemand": 75.39934011390959,
  "focus": 11.163136133265294,
  "embeddings": [
    0.18978576362133026,
    0.1959574818611145,
    -0.037430763244628906,
    0.21076470613479614,
    -0.21950627863407135,
    -0.007185717578977346,
    -0.17157234251499176,
    -0.14769713580608368,
    -0.11483493447303772,
    -0.1214393600821495
  ]
}