{
  "engajamentoneural": 79.70775682509034,
  "cognitivedemand": 77.46180460983025,
  "focus": 8.21025308245964,
  "embeddings": [
    0.1836887151002884,
    0.1923673152923584,
    -0.021044017747044563,
    0.2068231701850891,
    -0.22645963728427887,
    -0.018287306651473045,
    -0.16717417538166046,
    -0.1463041752576828,
    -0.11520659178495407,
    -0.1375458985567093
  ]
}