{
  "engajamentoneural": 60.64397325585895,
  "cognitivedemand": 84.95355016606328,
  "focus": 9.967057289847814,
  "embeddings": [
    0.19084085524082184,
    0.19009536504745483,
    -0.03139718249440193,
    0.21019059419631958,
    -0.22163768112659454,
    -0.008609200827777386,
    -0.16593706607818604,
    -0.15488557517528534,
    -0.1067347601056099,
    -0.1268184930086136
  ]
}