{
  "engajamentoneural": 74.5427883702563,
  "cognitivedemand": 87.14852555403878,
  "focus": 12.033440137561247,
  "embeddings": [
    0.19796913862228394,
    0.18505744636058807,
    -0.03678770735859871,
    0.21169184148311615,
    -0.2188490629196167,
    -0.0003387746401131153,
    -0.16187481582164764,
    -0.1670764833688736,
    -0.09334827214479446,
    -0.11982142180204391
  ]
}