{
  "engajamentoneural": 56.84775113815088,
  "cognitivedemand": 56.52457716989813,
  "focus": 10.222451215476823,
  "embeddings": [
    0.19667887687683105,
    0.19232429563999176,
    -0.04384825751185417,
    0.21366477012634277,
    -0.21602900326251984,
    0.0013631312176585197,
    -0.1682271510362625,
    -0.15862208604812622,
    -0.10374176502227783,
    -0.1134445071220398
  ]
}