{
  "engajamentoneural": 76.96097455656844,
  "cognitivedemand": 79.8631652400187,
  "focus": 9.238255136350194,
  "embeddings": [
    0.19030119478702545,
    0.19278715550899506,
    -0.033565159887075424,
    0.21076460182666779,
    -0.2207099199295044,
    -0.007615359965711832,
    -0.1678728461265564,
    -0.1526126265525818,
    -0.10976279526948929,
    -0.1245894730091095
  ]
}