{
  "engajamentoneural": 84.73026785889756,
  "cognitivedemand": 38.97787422916647,
  "focus": 21.617785989774173,
  "embeddings": [
    0.2091669887304306,
    0.18481110036373138,
    -0.055929530411958694,
    0.21431224048137665,
    -0.21059192717075348,
    0.015004265122115612,
    -0.16445405781269073,
    -0.17480309307575226,
    -0.08421560376882553,
    -0.10016891360282898
  ]
}