{
  "engajamentoneural": 72.03205415047233,
  "cognitivedemand": 53.77935416673112,
  "focus": 60.37603171867227,
  "embeddings": [
    0.19247138500213623,
    0.1952677220106125,
    -0.04035544767975807,
    0.21230198442935944,
    -0.21808640658855438,
    -0.0025720472913235426,
    -0.17033922672271729,
    -0.1522151082754135,
    -0.1101502850651741,
    -0.11748578399419785
  ]
}