{
  "engajamentoneural": 78.30368845107229,
  "cognitivedemand": 92.46971554981397,
  "focus": 7.859439679232683,
  "embeddings": [
    0.18895943462848663,
    0.19397228956222534,
    -0.03282403200864792,
    0.21004515886306763,
    -0.22132933139801025,
    -0.009248069487512112,
    -0.1692720204591751,
    -0.14939415454864502,
    -0.11278485506772995,
    -0.12573383748531342
  ]
}