{
  "engajamentoneural": 70.55804805742507,
  "cognitivedemand": 88.81283362053178,
  "focus": 9.977465618779835,
  "embeddings": [
    0.19494827091693878,
    0.19456833600997925,
    -0.04459625855088234,
    0.21239154040813446,
    -0.21634532511234283,
    0.00031161322840489447,
    -0.1710529923439026,
    -0.15336862206459045,
    -0.10825226455926895,
    -0.11361747235059738
  ]
}