{
  "engajamentoneural": 64.87948933109833,
  "cognitivedemand": 79.16436007824332,
  "focus": 7.868004804229778,
  "embeddings": [
    0.18964792788028717,
    0.19875399768352509,
    -0.03981722146272659,
    0.21045732498168945,
    -0.2190103679895401,
    -0.005078758578747511,
    -0.17434711754322052,
    -0.14427675306797028,
    -0.11736922711133957,
    -0.11895347386598587
  ]
}