{
  "engajamentoneural": 77.85092307713575,
  "cognitivedemand": 77.73320911201105,
  "focus": 8.017255168073788,
  "embeddings": [
    0.19953781366348267,
    0.19157595932483673,
    -0.047873277217149734,
    0.2126125544309616,
    -0.21478229761123657,
    0.005705553572624922,
    -0.16884899139404297,
    -0.1604476124048233,
    -0.09992333501577377,
    -0.10920081287622452
  ]
}