{
  "engajamentoneural": 56.892188461752,
  "cognitivedemand": 70.68906273782993,
  "focus": 10.213813388426685,
  "embeddings": [
    0.19534237682819366,
    0.19481290876865387,
    -0.0445232130587101,
    0.21139322221279144,
    -0.21663856506347656,
    0.0010393554111942649,
    -0.1715267151594162,
    -0.15303558111190796,
    -0.10743150860071182,
    -0.11317362636327744
  ]
}