{
  "engajamentoneural": 65.22733028316672,
  "cognitivedemand": 82.59053213310888,
  "focus": 8.740052679912559,
  "embeddings": [
    0.19083870947360992,
    0.19665981829166412,
    -0.03857669606804848,
    0.2115856260061264,
    -0.21904094517230988,
    -0.004247946664690971,
    -0.17141957581043243,
    -0.1492508202791214,
    -0.11300289630889893,
    -0.11918926239013672
  ]
}