{
  "engajamentoneural": 85.06520490883334,
  "cognitivedemand": 94.14447084758785,
  "focus": 14.18485540839891,
  "embeddings": [
    0.1906181126832962,
    0.1963363140821457,
    -0.03829924389719963,
    0.21111206710338593,
    -0.21924912929534912,
    -0.004546969663351774,
    -0.17144222557544708,
    -0.148687481880188,
    -0.11328042298555374,
    -0.11996489763259888
  ]
}