{
  "engajamentoneural": 71.88233000881988,
  "cognitivedemand": 68.82276705426952,
  "focus": 21.603378123804063,
  "embeddings": [
    0.20047199726104736,
    0.18932951986789703,
    -0.04704038426280022,
    0.2129993885755539,
    -0.2147703915834427,
    0.004922003019601107,
    -0.1671568900346756,
    -0.16310280561447144,
    -0.09770659357309341,
    -0.1101648136973381
  ]
}