{
  "engajamentoneural": 90.36141693483444,
  "cognitivedemand": 93.56177093885574,
  "focus": 9.495773895597015,
  "embeddings": [
    0.19575953483581543,
    0.18947120010852814,
    -0.03944602981209755,
    0.21126438677310944,
    -0.2182178497314453,
    -0.0023543520364910364,
    -0.16682875156402588,
    -0.15867887437343597,
    -0.1025744304060936,
    -0.11827298253774643
  ]
}