{
  "engajamentoneural": 70.888745257134,
  "cognitivedemand": 66.85995943895965,
  "focus": 7.942961845392604,
  "embeddings": [
    0.20643161237239838,
    0.18982911109924316,
    -0.058114949613809586,
    0.2145121693611145,
    -0.21017105877399445,
    0.014248070307075977,
    -0.16899830102920532,
    -0.16678790748119354,
    -0.09281060844659805,
    -0.09871562570333481
  ]
}