{
  "engajamentoneural": 56.7572046917754,
  "cognitivedemand": 61.639436228470956,
  "focus": 18.068217533011666,
  "embeddings": [
    0.2054247409105301,
    0.19613616168498993,
    -0.06379228085279465,
    0.21410644054412842,
    -0.20870675146579742,
    0.016857920214533806,
    -0.1753767877817154,
    -0.15838809311389923,
    -0.10065581649541855,
    -0.09351417422294617
  ]
}