{
  "engajamentoneural": 82.61661798783084,
  "cognitivedemand": 79.68508977181838,
  "focus": 12.74460353941822,
  "embeddings": [
    0.1894637942314148,
    0.19005052745342255,
    -0.0290046539157629,
    0.20937539637088776,
    -0.22281323373317719,
    -0.010802301578223705,
    -0.16588330268859863,
    -0.15352752804756165,
    -0.10793576389551163,
    -0.12935751676559448
  ]
}