{
  "engajamentoneural": 58.833137484355355,
  "cognitivedemand": 67.33629757342034,
  "focus": 8.562865192329605,
  "embeddings": [
    0.19471843540668488,
    0.18928839266300201,
    -0.03670699894428253,
    0.21066845953464508,
    -0.2193000763654709,
    -0.0032978795934468508,
    -0.1660546213388443,
    -0.15871018171310425,
    -0.10195665806531906,
    -0.12069419026374817
  ]
}