{
  "engajamentoneural": 74.80666305466525,
  "cognitivedemand": 85.89532873354183,
  "focus": 8.404040665623768,
  "embeddings": [
    0.18917250633239746,
    0.19184724986553192,
    -0.030930576846003532,
    0.20982074737548828,
    -0.2219683974981308,
    -0.010743248276412487,
    -0.16758185625076294,
    -0.1514187902212143,
    -0.11079011112451553,
    -0.1277267336845398
  ]
}