{
  "engajamentoneural": 75.20584070901128,
  "cognitivedemand": 90.11866126790441,
  "focus": 10.364252691969611,
  "embeddings": [
    0.1941348910331726,
    0.18835891783237457,
    -0.03511780872941017,
    0.2109450250864029,
    -0.21984098851680756,
    -0.005312018096446991,
    -0.1650194525718689,
    -0.15932071208953857,
    -0.10220982879400253,
    -0.12264148145914078
  ]
}