{
  "engajamentoneural": 85.60309654235274,
  "cognitivedemand": 91.30328415989679,
  "focus": 8.518600575151524,
  "embeddings": [
    0.20169217884540558,
    0.18969620764255524,
    -0.05035526677966118,
    0.21273265779018402,
    -0.21367406845092773,
    0.006438143085688353,
    -0.1686745434999466,
    -0.16214363276958466,
    -0.09816699475049973,
    -0.10727834701538086
  ]
}