{
  "engajamentoneural": 81.65324340904544,
  "cognitivedemand": 91.67744493490365,
  "focus": 8.097399259488714,
  "embeddings": [
    0.1959569901227951,
    0.18487487733364105,
    -0.03364276885986328,
    0.21286673843860626,
    -0.21970026195049286,
    -0.0034000996965914965,
    -0.16048961877822876,
    -0.1671452671289444,
    -0.0952945426106453,
    -0.12314582616090775
  ]
}