{
  "engajamentoneural": 69.48424647269611,
  "cognitivedemand": 86.11516758720273,
  "focus": 15.980991940356159,
  "embeddings": [
    0.19970618188381195,
    0.19447018206119537,
    -0.05217398330569267,
    0.21241410076618195,
    -0.2134239226579666,
    0.007047892082482576,
    -0.17267733812332153,
    -0.15585213899612427,
    -0.10430289059877396,
    -0.10556072741746902
  ]
}