{
  "engajamentoneural": 72.68949591369213,
  "cognitivedemand": 86.81557170696001,
  "focus": 21.269622882089312,
  "embeddings": [
    0.18866856396198273,
    0.19222009181976318,
    -0.029577022418379784,
    0.20964787900447845,
    -0.22266167402267456,
    -0.010432413779199123,
    -0.16723161935806274,
    -0.15155842900276184,
    -0.11030688136816025,
    -0.1284739226102829
  ]
}