{
  "engajamentoneural": 90.41400811289746,
  "cognitivedemand": 86.20092293623277,
  "focus": 8.293966829709953,
  "embeddings": [
    0.19097405672073364,
    0.18643057346343994,
    -0.026634693145751953,
    0.2110193520784378,
    -0.22278155386447906,
    -0.010395393706858158,
    -0.16140100359916687,
    -0.16101394593715668,
    -0.10185352712869644,
    -0.1307888627052307
  ]
}