{
  "engajamentoneural": 79.38196805605817,
  "cognitivedemand": 85.95422844518808,
  "focus": 9.080356295655534,
  "embeddings": [
    0.20241133868694305,
    0.1866845339536667,
    -0.04833038151264191,
    0.21311068534851074,
    -0.2140217274427414,
    0.00562678137794137,
    -0.16576312482357025,
    -0.16637186706066132,
    -0.09423711895942688,
    -0.10936971753835678
  ]
}