{
  "engajamentoneural": 82.42587492490485,
  "cognitivedemand": 96.16156931605462,
  "focus": 8.07104006199426,
  "embeddings": [
    0.20148241519927979,
    0.1848972588777542,
    -0.042876217514276505,
    0.21292023360729218,
    -0.21598808467388153,
    0.003841570345684886,
    -0.16257913410663605,
    -0.16963370144367218,
    -0.0909561812877655,
    -0.1135421171784401
  ]
}