{
  "engajamentoneural": 84.6934326196478,
  "cognitivedemand": 91.8544032748933,
  "focus": 8.486009939089545,
  "embeddings": [
    0.1871180534362793,
    0.19001024961471558,
    -0.023415789008140564,
    0.20904399454593658,
    -0.22485466301441193,
    -0.014160330407321453,
    -0.16439618170261383,
    -0.15314260125160217,
    -0.10916724056005478,
    -0.13444440066814423
  ]
}