{
  "engajamentoneural": 65.46729570870721,
  "cognitivedemand": 80.68186595122239,
  "focus": 9.981708852726268,
  "embeddings": [
    0.20072714984416962,
    0.18865813314914703,
    -0.04668122157454491,
    0.21304695308208466,
    -0.21486397087574005,
    0.00558469258248806,
    -0.16627609729766846,
    -0.16467441618442535,
    -0.0958767756819725,
    -0.11039236932992935
  ]
}