{
  "engajamentoneural": 83.07143160171387,
  "cognitivedemand": 88.07996112180399,
  "focus": 9.512192279600695,
  "embeddings": [
    0.19267983734607697,
    0.19110596179962158,
    -0.035817041993141174,
    0.21073144674301147,
    -0.21978990733623505,
    -0.0057105254381895065,
    -0.1673804670572281,
    -0.1551918238401413,
    -0.10647520422935486,
    -0.12218040972948074
  ]
}