{
  "engajamentoneural": 80.3109238039171,
  "cognitivedemand": 84.23000305816429,
  "focus": 7.889404680535561,
  "embeddings": [
    0.19191695749759674,
    0.19170647859573364,
    -0.03534760698676109,
    0.21026776731014252,
    -0.22024469077587128,
    -0.006194654386490583,
    -0.1680576205253601,
    -0.15350474417209625,
    -0.107768714427948,
    -0.12288367748260498
  ]
}