{
  "engajamentoneural": 76.36014351777625,
  "cognitivedemand": 91.26382765989555,
  "focus": 8.032438007108711,
  "embeddings": [
    0.19967763125896454,
    0.19039534032344818,
    -0.04718009755015373,
    0.21233892440795898,
    -0.2151302844285965,
    0.00454548979178071,
    -0.16839425265789032,
    -0.16068978607654572,
    -0.09955476969480515,
    -0.11028039455413818
  ]
}