{
  "engajamentoneural": 75.38252122852153,
  "cognitivedemand": 59.613833555353544,
  "focus": 60.656449918898616,
  "embeddings": [
    0.1868015080690384,
    0.192806676030159,
    -0.02755024842917919,
    0.2096400260925293,
    -0.22339315712451935,
    -0.013451655395328999,
    -0.1676144003868103,
    -0.14914216101169586,
    -0.11361506581306458,
    -0.13114649057388306
  ]
}