{
  "engajamentoneural": 77.6120107597855,
  "cognitivedemand": 73.68852031673275,
  "focus": 7.8828534391317095,
  "embeddings": [
    0.19058269262313843,
    0.19156987965106964,
    -0.03165373578667641,
    0.2110133171081543,
    -0.22139102220535278,
    -0.007336501032114029,
    -0.16605354845523834,
    -0.15515685081481934,
    -0.10696009546518326,
    -0.12582863867282867
  ]
}