{
  "engajamentoneural": 72.0502575472156,
  "cognitivedemand": 81.59253884967528,
  "focus": 11.475487870019574,
  "embeddings": [
    0.19376003742218018,
    0.19707424938678741,
    -0.043274641036987305,
    0.2128228098154068,
    -0.2169935554265976,
    0.0011307341046631336,
    -0.17167966067790985,
    -0.15188930928707123,
    -0.10981404781341553,
    -0.11370932310819626
  ]
}