{
  "engajamentoneural": 74.92399651650251,
  "cognitivedemand": 91.90550993633533,
  "focus": 10.002069829050741,
  "embeddings": [
    0.20183812081813812,
    0.1882493495941162,
    -0.04807107523083687,
    0.2131461501121521,
    -0.21430367231369019,
    0.006708828266710043,
    -0.16634322702884674,
    -0.16543084383010864,
    -0.09485568851232529,
    -0.1088278666138649
  ]
}