{
  "engajamentoneural": 71.78307939899783,
  "cognitivedemand": 81.46251596659673,
  "focus": 9.600854285083216,
  "embeddings": [
    0.18896342813968658,
    0.19138367474079132,
    -0.029315300285816193,
    0.20999324321746826,
    -0.22256922721862793,
    -0.010160229168832302,
    -0.16629658639431,
    -0.15297125279903412,
    -0.10907696932554245,
    -0.12870539724826813
  ]
}