{
  "engajamentoneural": 75.81227502012975,
  "cognitivedemand": 65.87486992994872,
  "focus": 72.99176238941129,
  "embeddings": [
    0.18884460628032684,
    0.19584745168685913,
    -0.035154204815626144,
    0.2106381058692932,
    -0.22051918506622314,
    -0.008170460350811481,
    -0.17082928121089935,
    -0.14793391525745392,
    -0.11459136009216309,
    -0.12343287467956543
  ]
}