{
  "engajamentoneural": 81.8279385901818,
  "cognitivedemand": 86.62727005383796,
  "focus": 9.217347626922056,
  "embeddings": [
    0.18741363286972046,
    0.1905636042356491,
    -0.026162179186940193,
    0.20857828855514526,
    -0.22399218380451202,
    -0.014408857561647892,
    -0.1663479059934616,
    -0.15085113048553467,
    -0.11115352064371109,
    -0.13251303136348724
  ]
}