{
  "engajamentoneural": 91.00088967946454,
  "cognitivedemand": 88.09945220624269,
  "focus": 9.602889687610228,
  "embeddings": [
    0.18987149000167847,
    0.18913711607456207,
    -0.02794177271425724,
    0.21094071865081787,
    -0.2225753515958786,
    -0.010006812401115894,
    -0.1636631339788437,
    -0.15744389593601227,
    -0.10531249642372131,
    -0.1296677440404892
  ]
}