{
  "engajamentoneural": 81.85848698908605,
  "cognitivedemand": 95.49302472856795,
  "focus": 9.050351999400895,
  "embeddings": [
    0.19230274856090546,
    0.18933157622814178,
    -0.03264139965176582,
    0.21085770428180695,
    -0.22091065347194672,
    -0.0066937948577106,
    -0.1650019735097885,
    -0.15767133235931396,
    -0.10407865792512894,
    -0.12492110580205917
  ]
}