{
  "engajamentoneural": 93.54032284997429,
  "cognitivedemand": 93.5757478809823,
  "focus": 8.593407752831173,
  "embeddings": [
    0.19165261089801788,
    0.19374848902225494,
    -0.03844542056322098,
    0.21158814430236816,
    -0.21877707540988922,
    -0.005679470021277666,
    -0.16967220604419708,
    -0.15166603028774261,
    -0.11107175797224045,
    -0.12032223492860794
  ]
}