{
  "engajamentoneural": 70.97300111845476,
  "cognitivedemand": 84.56701710119482,
  "focus": 7.938390379302107,
  "embeddings": [
    0.192221000790596,
    0.19581933319568634,
    -0.04077477753162384,
    0.21077604591846466,
    -0.2183646708726883,
    -0.0030980634037405252,
    -0.17208926379680634,
    -0.14922107756137848,
    -0.11207341402769089,
    -0.11761284619569778
  ]
}