{
  "engajamentoneural": 89.0502078099297,
  "cognitivedemand": 86.88567383786304,
  "focus": 8.289071502323452,
  "embeddings": [
    0.18924754858016968,
    0.1919964998960495,
    -0.029603449627757072,
    0.2100718766450882,
    -0.22252655029296875,
    -0.009274025447666645,
    -0.16652967035770416,
    -0.15326957404613495,
    -0.10856938362121582,
    -0.12785981595516205
  ]
}