{
  "engajamentoneural": 87.70810497129264,
  "cognitivedemand": 89.70400390549591,
  "focus": 11.617600583903865,
  "embeddings": [
    0.19901446998119354,
    0.18620674312114716,
    -0.04127923771739006,
    0.2120293825864792,
    -0.21707849204540253,
    0.00041274726390838623,
    -0.16427190601825714,
    -0.1648206263780594,
    -0.09623119235038757,
    -0.11608397215604782
  ]
}