{
  "engajamentoneural": 78.93609624252858,
  "cognitivedemand": 84.63682821484016,
  "focus": 20.094968683194068,
  "embeddings": [
    0.19605623185634613,
    0.19346404075622559,
    -0.04446658864617348,
    0.21106773614883423,
    -0.21670085191726685,
    0.001193316769786179,
    -0.17090360820293427,
    -0.15426161885261536,
    -0.10593197494745255,
    -0.11351766437292099
  ]
}