{
  "engajamentoneural": 73.43632257057024,
  "cognitivedemand": 71.36040243857765,
  "focus": 11.163179545724656,
  "embeddings": [
    0.19177067279815674,
    0.18923752009868622,
    -0.03223457559943199,
    0.20991487801074982,
    -0.2214125543832779,
    -0.008041644468903542,
    -0.16582602262496948,
    -0.15568582713603973,
    -0.10530602931976318,
    -0.12600015103816986
  ]
}