{
  "engajamentoneural": 61.594978084136955,
  "cognitivedemand": 94.33704137923378,
  "focus": 8.006586884241651,
  "embeddings": [
    0.18994440138339996,
    0.18879175186157227,
    -0.027491487562656403,
    0.20973406732082367,
    -0.2230524867773056,
    -0.010580286383628845,
    -0.1639992594718933,
    -0.1565772444009781,
    -0.10518652945756912,
    -0.13006269931793213
  ]
}