{
  "engajamentoneural": 67.65607250194671,
  "cognitivedemand": 90.53397839724038,
  "focus": 7.9196104055653915,
  "embeddings": [
    0.19030213356018066,
    0.19582100212574005,
    -0.03744299337267876,
    0.21077919006347656,
    -0.21962587535381317,
    -0.005954456981271505,
    -0.17132635414600372,
    -0.1480240374803543,
    -0.11395464092493057,
    -0.121267169713974
  ]
}