{
  "engajamentoneural": 71.94177242356005,
  "cognitivedemand": 56.748685399209705,
  "focus": 8.509151064768306,
  "embeddings": [
    0.19715239107608795,
    0.1913178563117981,
    -0.04341981187462807,
    0.21092526614665985,
    -0.21695424616336823,
    0.0012070122174918652,
    -0.16913168132305145,
    -0.1573079228401184,
    -0.1024550125002861,
    -0.11410188674926758
  ]
}