{
  "engajamentoneural": 83.31802314534806,
  "cognitivedemand": 74.31865438489417,
  "focus": 28.228130741447433,
  "embeddings": [
    0.1882314831018448,
    0.19121788442134857,
    -0.02762942761182785,
    0.2099778652191162,
    -0.22312265634536743,
    -0.011786633171141148,
    -0.16591621935367584,
    -0.15299585461616516,
    -0.10963302105665207,
    -0.13033047318458557
  ]
}