{
  "engajamentoneural": 81.70248606601422,
  "cognitivedemand": 62.53361436518282,
  "focus": 94.54173284513698,
  "embeddings": [
    0.18978248536586761,
    0.19216744601726532,
    -0.031647324562072754,
    0.2107362151145935,
    -0.22147363424301147,
    -0.009031062945723534,
    -0.16699554026126862,
    -0.15348711609840393,
    -0.1092410460114479,
    -0.12620960175991058
  ]
}