{
  "engajamentoneural": 71.9764058472881,
  "cognitivedemand": 59.07910994694174,
  "focus": 27.55031058365285,
  "embeddings": [
    0.19082100689411163,
    0.19722475111484528,
    -0.04006122425198555,
    0.21143855154514313,
    -0.21855884790420532,
    -0.003840165911242366,
    -0.1722940057516098,
    -0.1481960564851761,
    -0.11386444419622421,
    -0.1182386577129364
  ]
}