{
  "engajamentoneural": 64.2191872199685,
  "cognitivedemand": 52.43390261375245,
  "focus": 65.18565694241283,
  "embeddings": [
    0.19414545595645905,
    0.197820782661438,
    -0.04577324911952019,
    0.2127588987350464,
    -0.2161341905593872,
    0.0019501227652654052,
    -0.17311261594295502,
    -0.15083792805671692,
    -0.1108480766415596,
    -0.11170849949121475
  ]
}