{
  "engajamentoneural": 74.35314467083982,
  "cognitivedemand": 79.2812775089306,
  "focus": 8.1819997980348,
  "embeddings": [
    0.1963270902633667,
    0.19214971363544464,
    -0.043247122317552567,
    0.21241779625415802,
    -0.21666066348552704,
    0.0010261355200782418,
    -0.16860346496105194,
    -0.15750817954540253,
    -0.10385191440582275,
    -0.11421702057123184
  ]
}