{
  "engajamentoneural": 62.63983290949559,
  "cognitivedemand": 52.63633275115151,
  "focus": 15.407661624382563,
  "embeddings": [
    0.19504205882549286,
    0.19283311069011688,
    -0.04114020615816116,
    0.20955432951450348,
    -0.21838419139385223,
    -0.0007724707829765975,
    -0.17038007080554962,
    -0.15379121899604797,
    -0.10538709908723831,
    -0.11642080545425415
  ]
}