{
  "engajamentoneural": 68.52446034329213,
  "cognitivedemand": 67.39281812344427,
  "focus": 26.405891818819015,
  "embeddings": [
    0.19832159578800201,
    0.19313454627990723,
    -0.04828697443008423,
    0.21197913587093353,
    -0.21494744718074799,
    0.004029907286167145,
    -0.17121510207653046,
    -0.15591278672218323,
    -0.10424963384866714,
    -0.10975152999162674
  ]
}