{
  "engajamentoneural": 68.2102565894032,
  "cognitivedemand": 76.83746715463016,
  "focus": 14.137542074175524,
  "embeddings": [
    0.19866204261779785,
    0.19901184737682343,
    -0.054759636521339417,
    0.2139863520860672,
    -0.2124813348054886,
    0.00981390941888094,
    -0.17518411576747894,
    -0.15264154970645905,
    -0.10780653357505798,
    -0.10232844203710556
  ]
}