{
  "engajamentoneural": 81.54881028976114,
  "cognitivedemand": 92.43744991252177,
  "focus": 7.8727976662610555,
  "embeddings": [
    0.1963597983121872,
    0.18743716180324554,
    -0.03707238659262657,
    0.2126508206129074,
    -0.2185170203447342,
    -0.0014583406737074256,
    -0.16328948736190796,
    -0.1642478108406067,
    -0.09767834097146988,
    -0.11987832933664322
  ]
}