{
  "engajamentoneural": 86.18399253790241,
  "cognitivedemand": 91.42007415962792,
  "focus": 8.425935132102857,
  "embeddings": [
    0.20146577060222626,
    0.18969513475894928,
    -0.049910932779312134,
    0.21269886195659637,
    -0.21384720504283905,
    0.006198476534336805,
    -0.16853535175323486,
    -0.1621367484331131,
    -0.09819677472114563,
    -0.10766727477312088
  ]
}