{
  "engajamentoneural": 89.03011574575042,
  "cognitivedemand": 93.39774171307207,
  "focus": 7.878034047660565,
  "embeddings": [
    0.19267338514328003,
    0.1904698759317398,
    -0.035284072160720825,
    0.21042472124099731,
    -0.2201252430677414,
    -0.0065290960483253,
    -0.16727624833583832,
    -0.15498040616512299,
    -0.10661721974611282,
    -0.12288979440927505
  ]
}