{
  "engajamentoneural": 86.73830018005461,
  "cognitivedemand": 84.80100833054493,
  "focus": 9.147356562273167,
  "embeddings": [
    0.1957993507385254,
    0.1901690512895584,
    -0.04011401906609535,
    0.2107681781053543,
    -0.21823334693908691,
    -0.0011542561696842313,
    -0.16760598123073578,
    -0.15771472454071045,
    -0.10263971239328384,
    -0.1177225112915039
  ]
}