{
  "engajamentoneural": 90.96543580477363,
  "cognitivedemand": 92.4154670132953,
  "focus": 10.571890118813165,
  "embeddings": [
    0.18985702097415924,
    0.1871301531791687,
    -0.0256924107670784,
    0.21015620231628418,
    -0.22343043982982635,
    -0.01229734718799591,
    -0.1624964475631714,
    -0.15823742747306824,
    -0.10446005314588547,
    -0.1320580393075943
  ]
}