{
  "engajamentoneural": 80.74684443893676,
  "cognitivedemand": 70.79827966132335,
  "focus": 14.614657463776037,
  "embeddings": [
    0.18932493031024933,
    0.194379985332489,
    -0.03287181258201599,
    0.21129538118839264,
    -0.22115536034107208,
    -0.006812434643507004,
    -0.16809122264385223,
    -0.15149353444576263,
    -0.110733263194561,
    -0.12479430437088013
  ]
}