{
  "engajamentoneural": 74.09825085472693,
  "cognitivedemand": 65.74000385156134,
  "focus": 9.458920405441118,
  "embeddings": [
    0.18751849234104156,
    0.1950284242630005,
    -0.03107871674001217,
    0.21027660369873047,
    -0.22210758924484253,
    -0.010145355947315693,
    -0.16935814917087555,
    -0.1482042670249939,
    -0.11416187137365341,
    -0.12723256647586823
  ]
}