{
  "engajamentoneural": 76.03983395240735,
  "cognitivedemand": 79.57413235730637,
  "focus": 21.84604382429287,
  "embeddings": [
    0.18901611864566803,
    0.19591796398162842,
    -0.03497988358139992,
    0.21065978705883026,
    -0.22055156528949738,
    -0.0077826883643865585,
    -0.17073969542980194,
    -0.14813193678855896,
    -0.11433232575654984,
    -0.12326216697692871
  ]
}