{
  "engajamentoneural": 77.52983294191137,
  "cognitivedemand": 89.52469807497546,
  "focus": 8.978617872243365,
  "embeddings": [
    0.19133619964122772,
    0.19082985818386078,
    -0.033188607543706894,
    0.21076636016368866,
    -0.22079284489154816,
    -0.007511026691645384,
    -0.1665434092283249,
    -0.15507954359054565,
    -0.1070844754576683,
    -0.12495356798171997
  ]
}