{
  "engajamentoneural": 73.44651529465968,
  "cognitivedemand": 91.18118644304786,
  "focus": 9.471757830470096,
  "embeddings": [
    0.18808883428573608,
    0.19145560264587402,
    -0.02757257968187332,
    0.21018606424331665,
    -0.22311757504940033,
    -0.011342710815370083,
    -0.16574610769748688,
    -0.15313945710659027,
    -0.10949838161468506,
    -0.13023197650909424
  ]
}