{
  "engajamentoneural": 88.85530584174354,
  "cognitivedemand": 88.12049055138188,
  "focus": 10.645307617186205,
  "embeddings": [
    0.19075916707515717,
    0.1884155422449112,
    -0.02871912717819214,
    0.21104109287261963,
    -0.2222108244895935,
    -0.009397787041962147,
    -0.1632799655199051,
    -0.1587236374616623,
    -0.10395631194114685,
    -0.12873733043670654
  ]
}