{
  "engajamentoneural": 78.5735006223574,
  "cognitivedemand": 80.86374162671073,
  "focus": 8.09111146819359,
  "embeddings": [
    0.18910883367061615,
    0.19611722230911255,
    -0.03575162962079048,
    0.2097882181406021,
    -0.22054652869701385,
    -0.007924624718725681,
    -0.17187510430812836,
    -0.14662660658359528,
    -0.11515650898218155,
    -0.1229567602276802
  ]
}