{
  "engajamentoneural": 68.13018417652788,
  "cognitivedemand": 97.11933842469107,
  "focus": 9.067162715671984,
  "embeddings": [
    0.18865728378295898,
    0.19561176002025604,
    -0.034987922757864,
    0.21066735684871674,
    -0.22037702798843384,
    -0.009313647635281086,
    -0.17107824981212616,
    -0.14665962755680084,
    -0.11624705791473389,
    -0.12420880794525146
  ]
}