{
  "engajamentoneural": 64.27408804346538,
  "cognitivedemand": 60.69502338166387,
  "focus": 14.388686941611795,
  "embeddings": [
    0.19081860780715942,
    0.19560259580612183,
    -0.038333017379045486,
    0.2114071249961853,
    -0.21909014880657196,
    -0.005143908318132162,
    -0.1709258109331131,
    -0.14978362619876862,
    -0.11255114525556564,
    -0.12007158994674683
  ]
}