{
  "engajamentoneural": 70.35744640263421,
  "cognitivedemand": 93.12143190629521,
  "focus": 8.045306110358052,
  "embeddings": [
    0.1945764571428299,
    0.18972349166870117,
    -0.03697049990296364,
    0.210862934589386,
    -0.2192390114068985,
    -0.00301731307990849,
    -0.16622483730316162,
    -0.15847091376781464,
    -0.10252798348665237,
    -0.12057644128799438
  ]
}