{
  "engajamentoneural": 79.44774687770435,
  "cognitivedemand": 60.78770334799227,
  "focus": 9.179799928224908,
  "embeddings": [
    0.19856011867523193,
    0.1902664452791214,
    -0.04472304880619049,
    0.21101711690425873,
    -0.21632850170135498,
    0.0022724682930856943,
    -0.16864360868930817,
    -0.15915609896183014,
    -0.10049287229776382,
    -0.11267966777086258
  ]
}