{
  "engajamentoneural": 66.11118079828637,
  "cognitivedemand": 50.23104319230287,
  "focus": 48.385828691511676,
  "embeddings": [
    0.19422078132629395,
    0.19650620222091675,
    -0.045826446264982224,
    0.2127695530653,
    -0.21588484942913055,
    0.00014203770842868835,
    -0.17263229191303253,
    -0.15102259814739227,
    -0.11144203692674637,
    -0.11264399439096451
  ]
}