{
  "engajamentoneural": 91.45428841184409,
  "cognitivedemand": 91.7278543121091,
  "focus": 11.04057143119106,
  "embeddings": [
    0.18939220905303955,
    0.18760140240192413,
    -0.02552758902311325,
    0.20995430648326874,
    -0.22357727587223053,
    -0.012575097382068634,
    -0.1629183441400528,
    -0.15724080801010132,
    -0.10528820008039474,
    -0.13237421214580536
  ]
}