{
  "engajamentoneural": 71.11127303505758,
  "cognitivedemand": 73.0881862661367,
  "focus": 9.6119039402512,
  "embeddings": [
    0.1889777034521103,
    0.19117391109466553,
    -0.02936411090195179,
    0.20923840999603271,
    -0.22274619340896606,
    -0.010771707631647587,
    -0.1668451577425003,
    -0.15194858610630035,
    -0.10936343669891357,
    -0.12893079221248627
  ]
}