{
  "engajamentoneural": 76.72215633144835,
  "cognitivedemand": 65.57543570396622,
  "focus": 11.899588360455615,
  "embeddings": [
    0.19536525011062622,
    0.19019269943237305,
    -0.03881031647324562,
    0.21039102971553802,
    -0.2188401222229004,
    -0.001879329327493906,
    -0.1674642115831375,
    -0.15754540264606476,
    -0.10246062278747559,
    -0.11860927939414978
  ]
}