{
  "engajamentoneural": 67.02380843466568,
  "cognitivedemand": 60.60882091090102,
  "focus": 18.026412747665766,
  "embeddings": [
    0.1947677582502365,
    0.19231654703617096,
    -0.040289007127285004,
    0.2103802114725113,
    -0.2183741331100464,
    -0.0014157200930640101,
    -0.16930502653121948,
    -0.1548817753791809,
    -0.105170838534832,
    -0.117338627576828
  ]
}