{
  "engajamentoneural": 80.12644453006016,
  "cognitivedemand": 87.74449526695274,
  "focus": 7.943760977483905,
  "embeddings": [
    0.18764351308345795,
    0.19566594064235687,
    -0.03212011978030205,
    0.20998777449131012,
    -0.22185231745243073,
    -0.009699325077235699,
    -0.17020626366138458,
    -0.1472499817609787,
    -0.1149468943476677,
    -0.12627500295639038
  ]
}