{
  "engajamentoneural": 71.55870214309437,
  "cognitivedemand": 80.71177538315305,
  "focus": 7.843077257050801,
  "embeddings": [
    0.19401109218597412,
    0.19559748470783234,
    -0.04407563805580139,
    0.2112293243408203,
    -0.21687541902065277,
    -0.0009666471742093563,
    -0.17245204746723175,
    -0.15052621066570282,
    -0.11072075366973877,
    -0.11446724086999893
  ]
}