{
  "engajamentoneural": 76.1752095088124,
  "cognitivedemand": 59.191652443313544,
  "focus": 9.963417044190104,
  "embeddings": [
    0.19662798941135406,
    0.19760240614414215,
    -0.04961676523089409,
    0.21331055462360382,
    -0.21445965766906738,
    0.005414087325334549,
    -0.17324835062026978,
    -0.1527126282453537,
    -0.10838932543992996,
    -0.10772605985403061
  ]
}