{
  "engajamentoneural": 80.56953984052586,
  "cognitivedemand": 95.23487258119764,
  "focus": 9.109363611189858,
  "embeddings": [
    0.19013237953186035,
    0.19036360085010529,
    -0.03011469729244709,
    0.2112523913383484,
    -0.22190292179584503,
    -0.008464952930808067,
    -0.1647977977991104,
    -0.15656954050064087,
    -0.10612571239471436,
    -0.1274590790271759
  ]
}