{
  "engajamentoneural": 93.52888142969611,
  "cognitivedemand": 93.49693796398381,
  "focus": 23.772581009204373,
  "embeddings": [
    0.20177169144153595,
    0.18876804411411285,
    -0.04956899955868721,
    0.21350115537643433,
    -0.21359814703464508,
    0.0059846751391887665,
    -0.16736824810504913,
    -0.163969948887825,
    -0.09713796526193619,
    -0.10798408836126328
  ]
}