{
  "engajamentoneural": 59.60249307007557,
  "cognitivedemand": 66.05944084827073,
  "focus": 21.28843414398862,
  "embeddings": [
    0.19312457740306854,
    0.1916702538728714,
    -0.03712394833564758,
    0.20997178554534912,
    -0.21969008445739746,
    -0.004620368126779795,
    -0.16856519877910614,
    -0.15397585928440094,
    -0.10638236999511719,
    -0.12087378650903702
  ]
}