{
  "engajamentoneural": 87.52205241585465,
  "cognitivedemand": 93.67067159852778,
  "focus": 44.951962952508936,
  "embeddings": [
    0.19324295222759247,
    0.19036425650119781,
    -0.03582899644970894,
    0.21024172008037567,
    -0.21994231641292572,
    -0.005831921007484198,
    -0.16725492477416992,
    -0.15563061833381653,
    -0.10561361908912659,
    -0.12240263819694519
  ]
}