{
  "engajamentoneural": 89.24854499494732,
  "cognitivedemand": 96.6027587087857,
  "focus": 8.365607869285796,
  "embeddings": [
    0.20798717439174652,
    0.18606285750865936,
    -0.05691636726260185,
    0.21410208940505981,
    -0.21053004264831543,
    0.013689548708498478,
    -0.16642294824123383,
    -0.17083235085010529,
    -0.08858612179756165,
    -0.10015002638101578
  ]
}