{
  "engajamentoneural": 87.78097392721365,
  "cognitivedemand": 75.56328541186159,
  "focus": 12.63526805510551,
  "embeddings": [
    0.1956058144569397,
    0.18215668201446533,
    -0.028412796556949615,
    0.21209599077701569,
    -0.22154168784618378,
    -0.005501592997461557,
    -0.15705855190753937,
    -0.17133374512195587,
    -0.09069215506315231,
    -0.12770803272724152
  ]
}