{
  "engajamentoneural": 80.93529412938885,
  "cognitivedemand": 90.93517025244692,
  "focus": 54.24645185254534,
  "embeddings": [
    0.1962309330701828,
    0.1918206363916397,
    -0.04319281876087189,
    0.21170349419116974,
    -0.21681959927082062,
    -0.00016891071572899818,
    -0.16919799149036407,
    -0.15635983645915985,
    -0.1048368588089943,
    -0.11480403691530228
  ]
}