{
  "engajamentoneural": 83.98209777940984,
  "cognitivedemand": 95.50665454411765,
  "focus": 10.666783578650897,
  "embeddings": [
    0.19304931163787842,
    0.19036154448986053,
    -0.03576605021953583,
    0.21189677715301514,
    -0.2195015698671341,
    -0.005223836749792099,
    -0.16610102355480194,
    -0.15737074613571167,
    -0.10517102479934692,
    -0.12208149582147598
  ]
}