{
  "engajamentoneural": 60.18046947743223,
  "cognitivedemand": 52.366673818202884,
  "focus": 17.026127817814917,
  "embeddings": [
    0.1936718374490738,
    0.1928834319114685,
    -0.03893962875008583,
    0.20914195477962494,
    -0.21930032968521118,
    -0.0030522283632308245,
    -0.17028462886810303,
    -0.15240409970283508,
    -0.10702026635408401,
    -0.11882298439741135
  ]
}