{
  "engajamentoneural": 67.53860786039536,
  "cognitivedemand": 86.6242813318697,
  "focus": 13.127143745355419,
  "embeddings": [
    0.19526998698711395,
    0.1921801120042801,
    -0.04127437248826027,
    0.2110908478498459,
    -0.21782810986042023,
    -0.0006374718504957855,
    -0.16899974644184113,
    -0.15577754378318787,
    -0.104885034263134,
    -0.11640600115060806
  ]
}