{
  "engajamentoneural": 82.4262739330888,
  "cognitivedemand": 89.6383280918587,
  "focus": 9.922718804125896,
  "embeddings": [
    0.19325797259807587,
    0.1855388879776001,
    -0.02960231713950634,
    0.2100725919008255,
    -0.22203411161899567,
    -0.007885056547820568,
    -0.16207364201545715,
    -0.16185802221298218,
    -0.0992017462849617,
    -0.1277884691953659
  ]
}