{
  "engajamentoneural": 63.992965269430854,
  "cognitivedemand": 47.13938322869158,
  "focus": 19.116389800357723,
  "embeddings": [
    0.2046901434659958,
    0.1880214363336563,
    -0.05240819975733757,
    0.21354426443576813,
    -0.2126222401857376,
    0.010846354067325592,
    -0.16685627400875092,
    -0.16761161386966705,
    -0.09179657697677612,
    -0.10402673482894897
  ]
}