{
  "engajamentoneural": 79.66777749073246,
  "cognitivedemand": 85.46980283214222,
  "focus": 8.587487957324269,
  "embeddings": [
    0.19370655715465546,
    0.19219519197940826,
    -0.038100600242614746,
    0.21131451427936554,
    -0.21885855495929718,
    -0.003149231895804405,
    -0.16829009354114532,
    -0.15538528561592102,
    -0.10612980276346207,
    -0.11945179104804993
  ]
}