{
  "engajamentoneural": 80.47867830128375,
  "cognitivedemand": 91.58304080391663,
  "focus": 8.384332494696922,
  "embeddings": [
    0.1997554749250412,
    0.19074219465255737,
    -0.04781702533364296,
    0.21222154796123505,
    -0.21493566036224365,
    0.005107758101075888,
    -0.16881509125232697,
    -0.16039146482944489,
    -0.09967511147260666,
    -0.10972384363412857
  ]
}