{
  "engajamentoneural": 92.12386417052696,
  "cognitivedemand": 89.45179405036507,
  "focus": 8.187450902701855,
  "embeddings": [
    0.20114515721797943,
    0.18771018087863922,
    -0.046763498336076736,
    0.21238623559474945,
    -0.21509969234466553,
    0.004692606162279844,
    -0.1663522571325302,
    -0.16426773369312286,
    -0.09601525217294693,
    -0.11050975322723389
  ]
}