{
  "engajamentoneural": 90.93269923721788,
  "cognitivedemand": 88.26815347765226,
  "focus": 8.523465642868766,
  "embeddings": [
    0.19118161499500275,
    0.19016270339488983,
    -0.03187808766961098,
    0.2109118103981018,
    -0.22109194099903107,
    -0.008105297572910786,
    -0.16548915207386017,
    -0.156136155128479,
    -0.10651210695505142,
    -0.1258830428123474
  ]
}