{
  "engajamentoneural": 79.98103107637309,
  "cognitivedemand": 84.74527311952727,
  "focus": 7.907648172315351,
  "embeddings": [
    0.19535131752490997,
    0.18828892707824707,
    -0.03754747286438942,
    0.21148838102817535,
    -0.21873950958251953,
    -0.0032098079100251198,
    -0.1651419699192047,
    -0.16042010486125946,
    -0.101105235517025,
    -0.12043046951293945
  ]
}