{
  "engajamentoneural": 73.90121703562255,
  "cognitivedemand": 84.31033353622708,
  "focus": 8.13155800497547,
  "embeddings": [
    0.1901211142539978,
    0.19582068920135498,
    -0.036911606788635254,
    0.21087713539600372,
    -0.21974687278270721,
    -0.006055030971765518,
    -0.17101001739501953,
    -0.14876623451709747,
    -0.11345940828323364,
    -0.12137659639120102
  ]
}