{
  "engajamentoneural": 73.7856280655496,
  "cognitivedemand": 89.9865112922494,
  "focus": 8.171286765079632,
  "embeddings": [
    0.18996019661426544,
    0.1896209716796875,
    -0.029172124341130257,
    0.2105211764574051,
    -0.22225850820541382,
    -0.010016747750341892,
    -0.1647711843252182,
    -0.15596407651901245,
    -0.10661584883928299,
    -0.12879379093647003
  ]
}