{
  "engajamentoneural": 85.94952397658486,
  "cognitivedemand": 72.3676528732057,
  "focus": 10.441067636537515,
  "embeddings": [
    0.1945776492357254,
    0.19267477095127106,
    -0.040258534252643585,
    0.21093814074993134,
    -0.21833503246307373,
    -0.0007628619787283242,
    -0.16898874938488007,
    -0.1554492712020874,
    -0.10486152768135071,
    -0.1170862689614296
  ]
}