{
  "engajamentoneural": 71.21726013648617,
  "cognitivedemand": 77.91712522634694,
  "focus": 26.4972244782411,
  "embeddings": [
    0.19131314754486084,
    0.19458527863025665,
    -0.03739718347787857,
    0.21189676225185394,
    -0.21925221383571625,
    -0.004723277408629656,
    -0.16945970058441162,
    -0.15192647278308868,
    -0.11058636754751205,
    -0.12039589136838913
  ]
}