{
  "engajamentoneural": 74.06124114882329,
  "cognitivedemand": 95.92413787150707,
  "focus": 8.06092897576316,
  "embeddings": [
    0.19644741714000702,
    0.18800342082977295,
    -0.03824826702475548,
    0.21204684674739838,
    -0.21831826865673065,
    -0.0012256527552381158,
    -0.16449999809265137,
    -0.1624683141708374,
    -0.09884294867515564,
    -0.11899425834417343
  ]
}