{
  "engajamentoneural": 69.09863038925452,
  "cognitivedemand": 51.273706214253586,
  "focus": 9.471170083324388,
  "embeddings": [
    0.19333581626415253,
    0.2005719542503357,
    -0.048178691416978836,
    0.2126590758562088,
    -0.2155320644378662,
    0.0022587929852306843,
    -0.17595447599887848,
    -0.14639481902122498,
    -0.11500077694654465,
    -0.11005740612745285
  ]
}