{
  "engajamentoneural": 79.32804995836602,
  "cognitivedemand": 80.87543612158848,
  "focus": 9.176553283370348,
  "embeddings": [
    0.19869662821292877,
    0.1931297779083252,
    -0.04808242246508598,
    0.21208488941192627,
    -0.2150232195854187,
    0.005290515720844269,
    -0.17044879496097565,
    -0.15750455856323242,
    -0.10254370421171188,
    -0.10914915055036545
  ]
}