{
  "engajamentoneural": 75.68327585221138,
  "cognitivedemand": 86.84724632001812,
  "focus": 7.884154133812515,
  "embeddings": [
    0.19208075106143951,
    0.19084489345550537,
    -0.03451630473136902,
    0.21046926081180573,
    -0.22042004764080048,
    -0.0065636285580694675,
    -0.16725696623325348,
    -0.1545283943414688,
    -0.10690266638994217,
    -0.12377249449491501
  ]
}