{
  "engajamentoneural": 70.43703309073726,
  "cognitivedemand": 84.79296032551905,
  "focus": 9.203104535892614,
  "embeddings": [
    0.1927608996629715,
    0.19223469495773315,
    -0.037098478525877,
    0.21150214970111847,
    -0.2192048281431198,
    -0.004306955728679895,
    -0.16788166761398315,
    -0.15504898130893707,
    -0.10700946301221848,
    -0.12065979093313217
  ]
}