{
  "engajamentoneural": 79.76334510853232,
  "cognitivedemand": 82.91089755276698,
  "focus": 18.39517784349647,
  "embeddings": [
    0.19817638397216797,
    0.18731217086315155,
    -0.04073694720864296,
    0.21258173882961273,
    -0.21716611087322235,
    0.00039054531953297555,
    -0.1644238829612732,
    -0.16426916420459747,
    -0.09720522165298462,
    -0.11647681146860123
  ]
}