{
  "engajamentoneural": 84.30135856996085,
  "cognitivedemand": 82.83183363302953,
  "focus": 8.092294502038367,
  "embeddings": [
    0.19879978895187378,
    0.19014985859394073,
    -0.04507659003138542,
    0.21205706894397736,
    -0.21595585346221924,
    0.003740121377632022,
    -0.1677256077528,
    -0.16068173944950104,
    -0.09944605827331543,
    -0.1121310368180275
  ]
}