{
  "engajamentoneural": 75.50992750757241,
  "cognitivedemand": 80.43352650169253,
  "focus": 10.28148182153259,
  "embeddings": [
    0.18872368335723877,
    0.1929565817117691,
    -0.030941041186451912,
    0.21064192056655884,
    -0.2218714952468872,
    -0.010026545263826847,
    -0.16767100989818573,
    -0.1514592319726944,
    -0.11139065027236938,
    -0.12713134288787842
  ]
}