{
  "engajamentoneural": 76.16400008191768,
  "cognitivedemand": 95.58975482361389,
  "focus": 8.286197864319366,
  "embeddings": [
    0.18908506631851196,
    0.19065923988819122,
    -0.028859330341219902,
    0.20978830754756927,
    -0.2227460891008377,
    -0.010710161179304123,
    -0.1659092754125595,
    -0.1535574346780777,
    -0.10844763368368149,
    -0.1292782723903656
  ]
}