{
  "engajamentoneural": 91.04564153026857,
  "cognitivedemand": 74.87924892730027,
  "focus": 9.073214147881803,
  "embeddings": [
    0.20281828939914703,
    0.1893346756696701,
    -0.05093078687787056,
    0.21419279277324677,
    -0.2130381315946579,
    0.008991856127977371,
    -0.1669940948486328,
    -0.16592659056186676,
    -0.09468963742256165,
    -0.10567624121904373
  ]
}