{
  "engajamentoneural": 85.13829724675475,
  "cognitivedemand": 90.33537283662055,
  "focus": 9.006286486122894,
  "embeddings": [
    0.19532935321331024,
    0.18993182480335236,
    -0.03929721936583519,
    0.21130508184432983,
    -0.21827377378940582,
    -0.002779769478365779,
    -0.16719914972782135,
    -0.15775419771671295,
    -0.10369545966386795,
    -0.11864292621612549
  ]
}