{
  "engajamentoneural": 67.42242227534365,
  "cognitivedemand": 75.42174151870414,
  "focus": 10.952093355507952,
  "embeddings": [
    0.1942209154367447,
    0.19450069963932037,
    -0.0426638163626194,
    0.211689755320549,
    -0.21725624799728394,
    -0.0010470509296283126,
    -0.17087267339229584,
    -0.15287457406520844,
    -0.10866107791662216,
    -0.11533316224813461
  ]
}