{
  "engajamentoneural": 66.53492941240286,
  "cognitivedemand": 83.15919509411344,
  "focus": 11.307415991857962,
  "embeddings": [
    0.20324254035949707,
    0.1897333413362503,
    -0.05351656675338745,
    0.2132342904806137,
    -0.21230876445770264,
    0.00874550361186266,
    -0.16917572915554047,
    -0.16287945210933685,
    -0.09717945009469986,
    -0.10434015840291977
  ]
}