{
  "engajamentoneural": 72.09869434319012,
  "cognitivedemand": 97.08868519198907,
  "focus": 44.34037269849068,
  "embeddings": [
    0.20055712759494781,
    0.18837390840053558,
    -0.045741837471723557,
    0.21270941197872162,
    -0.21527980268001556,
    0.004327767062932253,
    -0.16619424521923065,
    -0.16436007618904114,
    -0.09637484699487686,
    -0.11107456684112549
  ]
}