{
  "engajamentoneural": 75.82879974069844,
  "cognitivedemand": 78.39233696360985,
  "focus": 68.27129097874159,
  "embeddings": [
    0.1943827122449875,
    0.19617223739624023,
    -0.045328449457883835,
    0.21262045204639435,
    -0.21610696613788605,
    0.00013190414756536484,
    -0.17228953540325165,
    -0.15146414935588837,
    -0.1107792928814888,
    -0.112899549305439
  ]
}