{
  "engajamentoneural": 76.658046129385,
  "cognitivedemand": 71.47932181529467,
  "focus": 8.013622722722346,
  "embeddings": [
    0.192720428109169,
    0.19387762248516083,
    -0.03923323005437851,
    0.21148891746997833,
    -0.21858884394168854,
    -0.003478963626548648,
    -0.1697779893875122,
    -0.1529076099395752,
    -0.10894938558340073,
    -0.11875446885824203
  ]
}