{
  "engajamentoneural": 82.86251913436122,
  "cognitivedemand": 79.87152663051371,
  "focus": 8.596175485272383,
  "embeddings": [
    0.18779389560222626,
    0.19156311452388763,
    -0.02774099074304104,
    0.2094561904668808,
    -0.22339749336242676,
    -0.012575549073517323,
    -0.16696004569530487,
    -0.15032538771629333,
    -0.11182978749275208,
    -0.13091938197612762
  ]
}