{
  "engajamentoneural": 65.17435222480347,
  "cognitivedemand": 89.7419679792114,
  "focus": 19.579198374331284,
  "embeddings": [
    0.19205202162265778,
    0.19658656418323517,
    -0.04104914143681526,
    0.2112278938293457,
    -0.2181805968284607,
    -0.002636399818584323,
    -0.17225567996501923,
    -0.14959119260311127,
    -0.1121859923005104,
    -0.11678587645292282
  ]
}