{
  "engajamentoneural": 79.50530302582423,
  "cognitivedemand": 80.22084538819875,
  "focus": 9.825177117304884,
  "embeddings": [
    0.19554896652698517,
    0.19473086297512054,
    -0.04551546648144722,
    0.21106405556201935,
    -0.21641455590724945,
    0.0009422033908776939,
    -0.17229270935058594,
    -0.15210215747356415,
    -0.1083243191242218,
    -0.11275581270456314
  ]
}