{
  "engajamentoneural": 62.39673082194681,
  "cognitivedemand": 77.40969951653356,
  "focus": 8.256313802411563,
  "embeddings": [
    0.19204609096050262,
    0.19080477952957153,
    -0.034122321754693985,
    0.2098476141691208,
    -0.22080367803573608,
    -0.006066275294870138,
    -0.16719840466976166,
    -0.1545613557100296,
    -0.10599950700998306,
    -0.12384933233261108
  ]
}