{
  "engajamentoneural": 69.71301700249775,
  "cognitivedemand": 30.81952890209083,
  "focus": 48.30004167315944,
  "embeddings": [
    0.2089592069387436,
    0.1975114345550537,
    -0.07187298685312271,
    0.21641971170902252,
    -0.2051323503255844,
    0.023142479360103607,
    -0.1769101470708847,
    -0.16070829331874847,
    -0.09869148582220078,
    -0.08495520800352097
  ]
}