{
  "engajamentoneural": 81.05424283916635,
  "cognitivedemand": 77.77618580352865,
  "focus": 9.340744851146265,
  "embeddings": [
    0.19069325923919678,
    0.18942230939865112,
    -0.02928808331489563,
    0.21055026352405548,
    -0.22219200432300568,
    -0.008688106201589108,
    -0.1641966700553894,
    -0.1573418825864792,
    -0.10468099266290665,
    -0.12804408371448517
  ]
}