{
  "engajamentoneural": 77.68354583075437,
  "cognitivedemand": 93.3749883927835,
  "focus": 11.612872774799454,
  "embeddings": [
    0.19209350645542145,
    0.19013500213623047,
    -0.034178607165813446,
    0.211215078830719,
    -0.22020946443080902,
    -0.007089974824339151,
    -0.1661217361688614,
    -0.15613532066345215,
    -0.1063384935259819,
    -0.12411138415336609
  ]
}