{
  "engajamentoneural": 78.2227361532471,
  "cognitivedemand": 73.7699697174301,
  "focus": 48.69441068512589,
  "embeddings": [
    0.19224055111408234,
    0.19608920812606812,
    -0.04083707928657532,
    0.21238495409488678,
    -0.21799089014530182,
    -0.002320973901078105,
    -0.17097128927707672,
    -0.15142224729061127,
    -0.11096987873315811,
    -0.11691546440124512
  ]
}