{
  "engajamentoneural": 88.32446502174605,
  "cognitivedemand": 93.66332592842754,
  "focus": 8.455104806755154,
  "embeddings": [
    0.1963496059179306,
    0.19129250943660736,
    -0.04277081415057182,
    0.21135194599628448,
    -0.21699638664722443,
    -0.00035584959550760686,
    -0.16899366676807404,
    -0.1565861999988556,
    -0.1043822392821312,
    -0.11527880281209946
  ]
}