{
  "engajamentoneural": 72.26674859550691,
  "cognitivedemand": 52.046578015190256,
  "focus": 9.169790211563079,
  "embeddings": [
    0.1909083127975464,
    0.19508886337280273,
    -0.03712577745318413,
    0.2117539793252945,
    -0.2193707674741745,
    -0.004958418197929859,
    -0.16948024928569794,
    -0.15163321793079376,
    -0.11094272136688232,
    -0.12077967077493668
  ]
}