{
  "engajamentoneural": 66.21579363768785,
  "cognitivedemand": 85.0501074667789,
  "focus": 8.625846424264495,
  "embeddings": [
    0.19182918965816498,
    0.18410737812519073,
    -0.02501511014997959,
    0.21046330034732819,
    -0.22338318824768066,
    -0.010990940034389496,
    -0.15959693491458893,
    -0.16376462578773499,
    -0.09856321662664413,
    -0.13207010924816132
  ]
}