{
  "engajamentoneural": 91.32695702928604,
  "cognitivedemand": 95.65004113215524,
  "focus": 8.2730293585902,
  "embeddings": [
    0.20102186501026154,
    0.18133516609668732,
    -0.03814186900854111,
    0.21373547613620758,
    -0.21732072532176971,
    0.0017500963294878602,
    -0.15818257629871368,
    -0.17455245554447174,
    -0.08715464919805527,
    -0.11822507530450821
  ]
}