{
  "engajamentoneural": 72.41862562926967,
  "cognitivedemand": 70.3452798161747,
  "focus": 18.501283001427126,
  "embeddings": [
    0.1973680704832077,
    0.19037987291812897,
    -0.042903486639261246,
    0.21208541095256805,
    -0.2167014628648758,
    0.0009666350670158863,
    -0.1676369458436966,
    -0.15950609743595123,
    -0.1016046479344368,
    -0.1145864725112915
  ]
}