{
  "engajamentoneural": 90.59138163387368,
  "cognitivedemand": 99.0932160576602,
  "focus": 7.829266595786466,
  "embeddings": [
    0.19256971776485443,
    0.18698132038116455,
    -0.030454471707344055,
    0.21131761372089386,
    -0.22136862576007843,
    -0.007795967627316713,
    -0.1625509411096573,
    -0.16101832687854767,
    -0.10139483213424683,
    -0.1270027607679367
  ]
}