{
  "engajamentoneural": 75.60152061394218,
  "cognitivedemand": 49.41849483924613,
  "focus": 75.70342826180142,
  "embeddings": [
    0.2044893056154251,
    0.19095058739185333,
    -0.05662049725651741,
    0.21404998004436493,
    -0.21101050078868866,
    0.011672991327941418,
    -0.1702250987291336,
    -0.1637558788061142,
    -0.09646746516227722,
    -0.10063300281763077
  ]
}