{
  "engajamentoneural": 75.20644226919883,
  "cognitivedemand": 83.57200631621672,
  "focus": 10.242549227717014,
  "embeddings": [
    0.19588208198547363,
    0.19321006536483765,
    -0.04366712272167206,
    0.211601123213768,
    -0.21683509647846222,
    0.0010578273795545101,
    -0.16997742652893066,
    -0.15540795028209686,
    -0.10523108392953873,
    -0.11402832716703415
  ]
}