{
  "engajamentoneural": 78.34492476040027,
  "cognitivedemand": 82.57634852414427,
  "focus": 16.030333767133918,
  "embeddings": [
    0.1978185623884201,
    0.1928229182958603,
    -0.04683353006839752,
    0.21151083707809448,
    -0.2156243771314621,
    0.003372044302523136,
    -0.1706998348236084,
    -0.1562042534351349,
    -0.10381275415420532,
    -0.11101365089416504
  ]
}