{
  "engajamentoneural": 75.45013965574266,
  "cognitivedemand": 72.15624121006998,
  "focus": 13.4048298108711,
  "embeddings": [
    0.1972029060125351,
    0.18991774320602417,
    -0.041736770421266556,
    0.21206331253051758,
    -0.21726346015930176,
    0.0005470775067806244,
    -0.1669817715883255,
    -0.16007225215435028,
    -0.1009485125541687,
    -0.11548188328742981
  ]
}