{
  "engajamentoneural": 87.18695700243346,
  "cognitivedemand": 81.25571208767698,
  "focus": 12.494753838831208,
  "embeddings": [
    0.1960134357213974,
    0.19020766019821167,
    -0.0403786338865757,
    0.21056699752807617,
    -0.2179645150899887,
    -0.0017972224159166217,
    -0.16777344048023224,
    -0.15747913718223572,
    -0.10280504077672958,
    -0.11726062744855881
  ]
}