{
  "engajamentoneural": 84.04335634806868,
  "cognitivedemand": 94.66997655086898,
  "focus": 8.160434653415273,
  "embeddings": [
    0.188459113240242,
    0.19133788347244263,
    -0.02767021954059601,
    0.20989994704723358,
    -0.22316984832286835,
    -0.011132252402603626,
    -0.1658180207014084,
    -0.15334779024124146,
    -0.10892876237630844,
    -0.12999357283115387
  ]
}