{
  "engajamentoneural": 70.70162021017751,
  "cognitivedemand": 73.40157707215396,
  "focus": 29.042604679549456,
  "embeddings": [
    0.1893237978219986,
    0.19005626440048218,
    -0.029040858149528503,
    0.20950816571712494,
    -0.2226995974779129,
    -0.0109255351126194,
    -0.16572324931621552,
    -0.15356041491031647,
    -0.10803750157356262,
    -0.12936729192733765
  ]
}