{
  "engajamentoneural": 82.31746417658161,
  "cognitivedemand": 89.56000570142656,
  "focus": 14.88391596268066,
  "embeddings": [
    0.2074384242296219,
    0.18841882050037384,
    -0.058402400463819504,
    0.21377421915531158,
    -0.21033453941345215,
    0.014571034349501133,
    -0.16861869394779205,
    -0.16771657764911652,
    -0.09148460626602173,
    -0.0983659103512764
  ]
}