{
  "engajamentoneural": 79.3285162850796,
  "cognitivedemand": 76.36756734228956,
  "focus": 15.976796140879523,
  "embeddings": [
    0.1959751397371292,
    0.19457180798053741,
    -0.045009564608335495,
    0.21179898083209991,
    -0.21640586853027344,
    0.00224692584015429,
    -0.1710711568593979,
    -0.1543588787317276,
    -0.10620606690645218,
    -0.11236550658941269
  ]
}