{
  "tempos": [
    0.0,
    0.5,
    1.0,
    1.5,
    2.0,
    2.5,
    3.0,
    3.5,
    4.0,
    4.5,
    5.0,
    5.5,
    6.0,
    6.5,
    7.0,
    7.5,
    8.0,
    8.5,
    9.0,
    9.5,
    10.0
  ],
  "engajamentoneural": [
    61.350778163345375,
    69.01811788378578,
    78.65758358805644,
    85.02099902344865,
    87.34445959115726,
    86.79255217364515,
    84.45837470753503,
    81.32825271431815,
    78.29379346380769,
    75.9305177732791,
    74.41983814465073,
    73.66065594542974,
    73.42488637743718,
    73.47154598430907,
    73.60838371466197,
    73.71059843962678,
    73.70835845581273,
    73.56566255372748,
    73.28631483659527,
    72.950090228628,
    72.71317638857289
  ],
  "cognitivedemand": [
    42.08054128568608,
    44.97265194662783,
    55.812293297826514,
    71.11564781968146,
    75.63830523850768,
    75.78962823234505,
    75.96011419162534,
    69.2439153162454,
    61.25439679493624,
    72.79724234064622,
    72.79697780588012,
    73.04436055335358,
    73.13321978974244,
    73.26332219707218,
    70.85092600086865,
    59.210531415712126,
    61.03321978997608,
    70.50654135318243,
    71.90952872812223,
    71.9716674384279,
    71.97725103073425
  ],
  "focus": [
    16.331006182033747,
    15.087788668851378,
    29.766857433595227,
    34.90221983606368,
    21.706449501367285,
    18.301397979520615,
    21.65038224479085,
    26.911662085008228,
    35.16420517504048,
    24.913412079092204,
    10.815694560948817,
    13.148230852721854,
    20.032868873020625,
    28.845280334981425,
    22.435585036473256,
    25.152781576910115,
    28.758051493819142,
    10.137882789136254,
    12.776344716517201,
    10.372440866633363,
    13.116180683288825
  ]
}