{
  "tempos": [
    0.0,
    0.5,
    1.0,
    1.5,
    2.0,
    2.5,
    3.0,
    3.5,
    4.0,
    4.5,
    5.0,
    5.5,
    6.0,
    6.5,
    7.0,
    7.5,
    8.0,
    8.5,
    9.0,
    9.5,
    10.0
  ],
  "engajamentoneural": [
    62.543882474607756,
    69.85030391634335,
    78.80228696010812,
    84.40823811892375,
    85.99782292807718,
    84.69907177949776,
    81.75962568239524,
    78.41382573033282,
    75.52777891045879,
    73.3198228532496,
    71.58701990262297,
    70.09027539313652,
    68.74235679448593,
    67.58779257447132,
    66.73415745164313,
    66.3204902632832,
    66.44861024436462,
    67.0318690607996,
    67.74867445112278,
    68.26437900973107,
    68.48343512872817
  ],
  "cognitivedemand": [
    32.96919663204795,
    42.58454490881991,
    51.01949596326794,
    64.65268176933913,
    69.54514383889556,
    69.62272242652239,
    59.057734714529175,
    67.53209610869237,
    67.70974899471314,
    67.74375883407637,
    49.82010298777261,
    36.11044359721255,
    51.33360919463435,
    51.96677903096445,
    51.962394316811015,
    47.70531052183871,
    29.532374866598282,
    51.45979620394585,
    58.892336679328864,
    60.19597252353131,
    60.276772353582174
  ],
  "focus": [
    24.463236412968655,
    20.25002059626223,
    16.311190382619586,
    23.30305732896808,
    65.96728751380215,
    67.78768692697429,
    36.85266939498568,
    15.284892179777737,
    10.522312415175255,
    11.050246114089964,
    10.381946024020914,
    11.376456158021004,
    25.12324129478297,
    28.436294350497544,
    29.62005185714552,
    29.748697451197962,
    27.870584548697536,
    27.482586694401395,
    40.81859804860525,
    33.768018399068744,
    25.22323183005297
  ]
}