{
  "tempos": [
    0.0,
    0.5,
    1.0,
    1.5,
    2.0,
    2.5,
    3.0,
    3.5,
    4.0,
    4.5,
    5.0,
    5.5,
    6.0,
    6.5,
    7.0,
    7.5,
    8.0,
    8.5,
    9.0,
    9.5,
    10.0
  ],
  "engajamentoneural": [
    62.05277652920994,
    69.41471684107964,
    78.45071366750209,
    84.08184575392109,
    85.55510319043718,
    83.9149234218463,
    80.34793988433145,
    76.1764773783906,
    72.54144443970483,
    69.9767068527076,
    68.44583998645089,
    67.63916200068645,
    67.2223166230243,
    66.96237349614724,
    66.75568612876182,
    66.5825475558669,
    66.4278489675476,
    66.23327650376652,
    65.93747589514973,
    65.57576914269072,
    65.31184694343281
  ],
  "cognitivedemand": [
    32.76003770338057,
    42.5053993747709,
    50.946033568675325,
    64.57303555933458,
    69.40913314320748,
    69.88167192083633,
    70.07455310426258,
    64.70176553209402,
    61.938550856695194,
    68.88699867416115,
    69.09269043201726,
    69.38929070563327,
    69.56550142921965,
    67.93977212613562,
    54.66785475101571,
    53.68463864262857,
    63.471781204859816,
    69.22450513943876,
    69.38469888338385,
    69.3661955533305,
    69.47484457515714
  ],
  "focus": [
    26.485932236000092,
    20.53715745209113,
    15.898183257649187,
    24.146601603627083,
    67.07630628426672,
    68.21931050499501,
    57.65040013197249,
    44.633082039784256,
    18.842160530907794,
    10.24441834074641,
    31.87520392347135,
    36.397461208986456,
    29.54198401107292,
    19.927006292604666,
    18.939390514829864,
    9.230343833164683,
    20.370581659462207,
    49.0987644072579,
    57.35826468609935,
    48.60065213126526,
    37.662764686490945
  ]
}