{
  "engajamentoneural": 72.99227604044708,
  "cognitivedemand": 67.36132804645666,
  "focus": 10.235228242756179
}