{
  "tempos": [
    0.0,
    0.5,
    1.0,
    1.5,
    2.0,
    2.5,
    3.0,
    3.5,
    4.0,
    4.5,
    5.0,
    5.5,
    6.0,
    6.5,
    7.0,
    7.5,
    8.0,
    8.5,
    9.0,
    9.5,
    10.0,
    10.5,
    11.0,
    11.5,
    12.0,
    12.5,
    13.0,
    13.5,
    14.0,
    14.5,
    15.0
  ],
  "engajamentoneural": [
    60.87156178389568,
    69.06745484964168,
    79.41243508171556,
    86.2686647530612,
    88.92185692160606,
    88.68498566461507,
    86.599832407002,
    83.4610291891009,
    80.01210719718586,
    76.86778400588392,
    74.43261782116404,
    72.87070712694933,
    72.10138430134866,
    71.8630058304199,
    71.85191717353156,
    71.853518350532,
    71.77874728471849,
    71.60486138642264,
    71.30311560039031,
    70.82735569722189,
    70.16539344499056,
    69.40986900852803,
    68.7917332040125,
    68.60482048027973,
    69.00376208341767,
    69.82135370647275,
    70.60911972516514,
    70.90102001249885,
    70.50767368186601,
    69.67709865053895,
    69.00095176660777
  ],
  "cognitivedemand": [
    45.39730532588438,
    49.43719274885921,
    55.96865693841516,
    62.37801188332391,
    64.273025706341,
    64.41397998086272,
    64.45715492043598,
    64.4754781366147,
    53.5875883720444,
    43.488115567634985,
    47.630633993216165,
    47.629746938364775,
    48.1932296846597,
    47.640476110533214,
    47.05818037393856,
    29.20992974373469,
    32.168806397493945,
    40.588609879084935,
    41.39478125199561,
    41.394723962192025,
    41.393997121104356,
    41.39394915897434,
    37.7767605667429,
    26.868810091047884,
    42.74015391269399,
    54.451734888757485,
    56.37317694929661,
    56.56054288736339,
    56.56055530891478,
    56.560667157655466,
    56.560555308505585
  ],
  "focus": [
    7.870326582338763,
    8.56631306437632,
    14.53345610208765,
    9.339874654262074,
    13.01948805029178,
    10.753379770327056,
    8.361364886128735,
    8.232737583836785,
    8.453163170783384,
    13.475413612636888,
    16.314537105268947,
    14.950357837072081,
    16.145216922825735,
    18.453690895388313,
    20.004518016027134,
    17.635764858454326,
    28.674344191689247,
    22.83673512849238,
    31.954921342539688,
    30.05819391809835,
    22.456521753346763,
    18.976114698846448,
    18.40066244238567,
    13.472745043846825,
    13.749833354746066,
    22.992689904121633,
    17.502654986660968,
    12.71073126878869,
    10.819714652226345,
    10.397902939261177,
    10.485882990826408
  ]
}