{
  "tempos": [
    0.0,
    0.5,
    1.0,
    1.5,
    2.0,
    2.5,
    3.0,
    3.5,
    4.0,
    4.5,
    5.0,
    5.5,
    6.0,
    6.5,
    7.0,
    7.5,
    8.0,
    8.5,
    9.0,
    9.5,
    10.0,
    10.5,
    11.0,
    11.5,
    12.0,
    12.5,
    13.0,
    13.5,
    14.0,
    14.5,
    15.0
  ],
  "engajamentoneural": [
    60.64889338267844,
    68.85210457370871,
    79.25697651684105,
    86.21541737122895,
    88.984218933684,
    88.88931922327595,
    86.98781155850595,
    84.05523744660054,
    80.79323778770713,
    77.78585622868854,
    75.43129702826114,
    73.90164708029171,
    73.13153011848992,
    72.896637396196,
    72.98366172081337,
    73.33307400390474,
    74.017936854169,
    75.05790810140857,
    76.25799355655806,
    77.25677191293482,
    77.72924411953588,
    77.55134098092465,
    76.84507078283211,
    75.9246491257719,
    75.14465593655106,
    74.68981832754105,
    74.45599482453476,
    74.14611268152544,
    73.53273280811973,
    72.70585535457316,
    72.08517454275845
  ],
  "cognitivedemand": [
    45.39730532588438,
    49.43719274239257,
    55.95561411742327,
    62.4824854887638,
    64.8473453465856,
    65.03369578509894,
    65.07671391447279,
    65.10349284589253,
    54.040827079433804,
    43.49480310526964,
    47.63036510958304,
    47.62974681354973,
    48.19323376379446,
    47.64047650100349,
    47.05818037393856,
    29.181774912120787,
    31.255607319278294,
    49.710373475026316,
    53.46663270238899,
    55.27346392761012,
    55.47086493284436,
    55.38893484377386,
    48.35613459138176,
    26.9973150582425,
    42.744539893980864,
    54.451734888757485,
    56.37317694929661,
    56.56054288736339,
    56.56055530891478,
    56.560667157655466,
    56.560555308505585
  ],
  "focus": [
    7.878945153696595,
    8.621252464550235,
    15.051706834398715,
    9.60744229529621,
    14.95767099260454,
    11.88126759466628,
    8.486911614446607,
    8.12150353409371,
    8.41179830698958,
    14.93266703383857,
    18.963754579831573,
    16.309208710279158,
    16.755109415300623,
    18.733512485658768,
    19.92838627796132,
    17.770643450798794,
    20.521398374092552,
    33.61928344191512,
    37.38232803277135,
    32.3541724280368,
    28.445488010405303,
    23.905911293298455,
    22.625360994305247,
    20.287346646437435,
    12.16981880024228,
    18.62436184386698,
    15.681370768846278,
    12.723060584914565,
    10.736310331897002,
    10.364119595964715,
    10.396264999518582
  ]
}