{
  "engajamentoneural": 67.65461980872334,
  "cognitivedemand": 87.77769408263362,
  "focus": 8.468284533015558
}