{
  "engajamentoneural": 65.10838736584135,
  "cognitivedemand": 81.70990800733728,
  "focus": 28.991529453330124
}