{
  "engajamentoneural": 74.1992419295935,
  "cognitivedemand": 57.138151181370134,
  "focus": 9.8108881152265
}