{
  "engajamentoneural": 75.55544774069428,
  "cognitivedemand": 79.77089014316834,
  "focus": 13.153964033185538
}