{
  "engajamentoneural": 77.47935825693493,
  "cognitivedemand": 82.06152443427122,
  "focus": 16.141132213516073
}