{
  "engajamentoneural": 77.25458306587912,
  "cognitivedemand": 74.81791632659271,
  "focus": 11.671601620893401
}