{
  "engajamentoneural": 69.45988210599701,
  "cognitivedemand": 82.23255582255995,
  "focus": 7.903826812516179
}