{
  "engajamentoneural": 65.53506320558576,
  "cognitivedemand": 89.28274027279606,
  "focus": 23.420140322607853
}