{
  "engajamentoneural": 65.28018947364501,
  "cognitivedemand": 82.50195189753528,
  "focus": 27.040893437057644
}