{
  "tempos": [
    0.0,
    0.5,
    1.0,
    1.5,
    2.0,
    2.5,
    3.0,
    3.5,
    4.0,
    4.5,
    5.0,
    5.5,
    6.0,
    6.5,
    7.0,
    7.5,
    8.0,
    8.5,
    9.0,
    9.5,
    10.0,
    10.5,
    11.0,
    11.5,
    12.0,
    12.5,
    13.0,
    13.5,
    14.0,
    14.5,
    15.0
  ],
  "engajamentoneural": [
    58.93690275447162,
    67.3351610748562,
    78.29500880884322,
    85.97189155948917,
    89.42616468052282,
    90.09012926599812,
    89.16792208620767,
    87.43870815567574,
    85.44710908163985,
    83.51373582529177,
    81.75898695988522,
    80.18555752664851,
    78.7470117638019,
    77.38804316838063,
    76.07863051661062,
    74.83049848618457,
    73.67753905823963,
    72.63944414590573,
    71.71266660093889,
    70.90584464120535,
    70.282724566853,
    69.9539419814833,
    70.00527267933083,
    70.42490070428859,
    71.09571951016888,
    71.84410980048943,
    72.48892951764525,
    72.87390143035446,
    72.92219609593577,
    72.71612434042245,
    72.49820056688299
  ],
  "cognitivedemand": [
    23.521133940310833,
    38.80023325819501,
    54.27698736598155,
    62.43754471170342,
    66.15004477398975,
    66.34870075164801,
    66.81885194248457,
    67.49121570491975,
    66.59671209408117,
    66.45205622344838,
    38.13999682276122,
    60.741472987965196,
    72.7514554096986,
    75.3020999585402,
    75.41340425738552,
    75.58794953488005,
    76.0141069594755,
    75.69465294948164,
    75.79689082242595,
    75.75020373514612,
    42.636204137633825,
    47.78370289321309,
    58.27325618890264,
    58.508960171826146,
    58.689406186014295,
    58.848952105359835,
    59.02039543890276,
    59.18717227738658,
    59.37903856598245,
    59.563553916936314,
    59.717049977209165
  ],
  "focus": [
    7.93621214186396,
    8.045507605861724,
    13.373802227684212,
    9.50305074825622,
    14.57029673420861,
    17.067157812361586,
    9.915213031354114,
    8.417256472413804,
    8.55572941223617,
    9.00450334935474,
    10.767680529060623,
    8.938098887236125,
    20.343679047040713,
    17.18107495585727,
    18.97443539596029,
    14.61772284350703,
    10.816921146279693,
    10.902702992270882,
    10.907722699015169,
    10.60626413047657,
    10.885723189604061,
    12.781342840969435,
    36.651459947041936,
    32.58466019695784,
    24.39594789016459,
    18.08101194247774,
    15.06230279598553,
    14.849615210114134,
    14.711173825084686,
    14.350827672180868,
    14.376837868282275
  ]
}