{
  "engajamentoneural": 38.43259827872822,
  "cognitivedemand": 81.80808748708525,
  "focus": 7.971369737613143
}