{
  "tempos": [
    0.0,
    0.5,
    1.0,
    1.5,
    2.0,
    2.5,
    3.0,
    3.5,
    4.0,
    4.5,
    5.0,
    5.5,
    6.0,
    6.5,
    7.0,
    7.5,
    8.0,
    8.5,
    9.0,
    9.5,
    10.0,
    10.5,
    11.0,
    11.5,
    12.0,
    12.5,
    13.0,
    13.5,
    14.0,
    14.5,
    15.0
  ],
  "engajamentoneural": [
    62.39878595194379,
    69.95847110972926,
    79.33676106979574,
    85.39944346687487,
    87.48222443383456,
    86.74089256237369,
    84.26597520060497,
    81.08351007408064,
    78.12775006672886,
    76.00136623541488,
    74.8930648397874,
    74.64980384024209,
    74.89694497874034,
    75.19793672941061,
    75.24706254003087,
    75.01676501389825,
    74.74900844308249,
    74.74778978596213,
    75.10933399109194,
    75.63120528187116,
    75.96947199236833,
    75.87997217397411,
    75.37687199098141,
    74.74468968724449,
    74.37343182982883,
    74.47745924672073,
    74.9239585735652,
    75.34708130152485,
    75.44684749325472,
    75.2223647521765,
    74.96078684474124
  ],
  "cognitivedemand": [
    43.70165891966217,
    46.040818171855285,
    56.59774257364489,
    72.11724217497758,
    78.0209657313813,
    78.4107509758839,
    78.45448444691205,
    78.48889380904534,
    66.74598110268094,
    62.512681532337844,
    76.81298784019036,
    79.32987012801055,
    80.84143400501894,
    81.01580337881259,
    79.3128716802947,
    37.03527486673129,
    38.2036761088794,
    68.86974625268371,
    74.07624960576473,
    76.56732553389342,
    76.75689930766018,
    76.6898080762577,
    66.64806615277422,
    30.70306252355056,
    55.317009456005316,
    71.69499376082817,
    74.04528130754977,
    74.22802468477362,
    74.22851586601739,
    74.23242181606994,
    74.23351169700692
  ],
  "focus": [
    16.76653219244446,
    16.41257051899331,
    26.389048627258415,
    29.463088046429274,
    18.121020415444338,
    15.26336387058785,
    20.53397324153862,
    25.86403615894534,
    31.0108288520715,
    15.268911145625585,
    10.297135613839655,
    8.004737263064252,
    7.879191122689672,
    7.851890870981856,
    7.873141395671042,
    7.887470024448554,
    9.328699604422786,
    24.30605773054831,
    41.0396732960496,
    36.95642151076338,
    20.965408727219742,
    14.368591940179419,
    15.048093368009633,
    14.583175664275355,
    8.886817344371497,
    18.995106688085418,
    19.89173682092387,
    16.088357818531634,
    13.850439359027492,
    13.031159798789316,
    12.975443344653735
  ]
}