{
  "tempos": [
    0.0,
    0.5,
    1.0,
    1.5,
    2.0,
    2.5,
    3.0,
    3.5,
    4.0,
    4.5,
    5.0,
    5.5,
    6.0,
    6.5,
    7.0,
    7.5,
    8.0,
    8.5,
    9.0,
    9.5,
    10.0
  ],
  "engajamentoneural": [
    67.6100881979082,
    74.18697569418471,
    81.96244381770173,
    86.61711910522753,
    87.71177891801885,
    86.11490242613087,
    82.68842485391195,
    78.47874682337694,
    74.63052667639292,
    71.91920911127005,
    70.50175943293983,
    70.07700183505955,
    70.21883397443412,
    70.61146837255163,
    71.09034533681486,
    71.55902357507252,
    71.90260646115178,
    71.98119093492812,
    71.72274139253027,
    71.246641275349,
    70.86488166260838
  ],
  "cognitivedemand": [
    28.732322444388334,
    62.743118968415374,
    79.34440016184988,
    79.87140793851367,
    79.87489725320006,
    78.91589240332793,
    47.86431779178682,
    39.964796246876595,
    55.34938374341523,
    68.35132151523824,
    70.6457160577435,
    52.33784547061594,
    64.38479570639613,
    70.1585259005582,
    68.71885154086598,
    68.22633807368008,
    47.79005189847684,
    53.092442358158806,
    58.024439821458266,
    57.47455617608162,
    56.4109474660652
  ],
  "focus": [
    11.876193569698277,
    8.078907723644951,
    8.665129837039856,
    8.568604201026165,
    8.974911611211645,
    10.515274201933375,
    24.90741264749287,
    14.121682163045426,
    14.251835223464344,
    37.1196583024548,
    22.32891122411359,
    12.24091457300518,
    13.223254493977606,
    10.955012873104947,
    19.203805022109833,
    14.633344582538033,
    12.593624604993217,
    10.104947352857462,
    11.819899692959506,
    11.392734855270756,
    11.046524685468736
  ]
}