{
  "engajamentoneural": 77.61491801110209,
  "cognitivedemand": 77.52981840979677,
  "focus": 15.795810374318076
}