{
  "engajamentoneural": 87.95451717344322,
  "cognitivedemand": 77.74611696422537,
  "focus": 8.167514139487174
}