{
  "tempos": [
    0.0,
    0.5,
    1.0,
    1.5,
    2.0,
    2.5,
    3.0,
    3.5,
    4.0,
    4.5,
    5.0,
    5.5,
    6.0,
    6.5,
    7.0,
    7.5,
    8.0,
    8.5,
    9.0,
    9.5,
    10.0,
    10.5,
    11.0,
    11.5,
    12.0,
    12.5,
    13.0,
    13.5,
    14.0,
    14.5,
    15.0
  ],
  "engajamentoneural": [
    51.70638170298098,
    58.109090401085794,
    66.92607951963706,
    73.51306020039982,
    76.15397873968956,
    75.5192970432222,
    72.95798802955683,
    69.76569936839934,
    66.84336428202344,
    64.65135970539085,
    63.45088815686432,
    63.50623801438249,
    65.00931803284817,
    67.81414641290438,
    71.32020961147083,
    74.72735933847478,
    77.44631186503798,
    79.26914409162103,
    80.24208787358859,
    80.46847618757585,
    80.0136034452334,
    78.92830841193106,
    77.315565512176,
    75.35475682006224,
    73.2515400153599,
    71.14873114787036,
    69.05776312334814,
    66.87300368688344,
    64.54129226113275,
    62.33802773612447,
    60.92782396631469
  ],
  "cognitivedemand": [
    30.74503271768277,
    37.33684989364943,
    71.64717980692907,
    75.98656870722395,
    80.14944286194951,
    80.04714797206906,
    80.13449708765248,
    80.29011290906243,
    80.21711399256571,
    68.15079219645202,
    35.12896812006933,
    35.63556019359914,
    42.14569681354302,
    46.75434986555179,
    56.583201098036604,
    58.73176031569933,
    59.10786074526951,
    59.39541402387109,
    59.54594970027615,
    59.897998883470336,
    59.31768665928057,
    35.9562559365717,
    36.97256395403642,
    41.574418387115294,
    43.565177535549246,
    43.30837760646444,
    43.3014871014604,
    43.493158369886665,
    43.345353702849906,
    43.2664549486846,
    43.07666315711352
  ],
  "focus": [
    37.52735950236577,
    25.216417772588386,
    41.821925194680375,
    64.5662166279282,
    31.72458794072653,
    30.962130800088055,
    18.211132359616222,
    15.171565011454781,
    16.684869331126148,
    13.685221924190296,
    10.698207172330525,
    11.539392494213278,
    35.490164935960756,
    53.20990955798353,
    49.38119863501704,
    22.168026679590387,
    11.182363616862743,
    13.45264222463883,
    21.449053686746662,
    21.38042351524992,
    17.953826060285472,
    17.77943952494024,
    22.310582190962226,
    23.18435520756597,
    35.33838496922965,
    42.176613789195706,
    34.51905177622985,
    17.954229011761583,
    15.32890724522791,
    15.53416633721065,
    15.101165708920425
  ],
  "embeddings": [
    [
      0.19807779788970947,
      0.1964445561170578,
      -0.05078909918665886,
      0.2099694013595581,
      -0.21506084501743317,
      0.005507294554263353,
      -0.17537762224674225,
      -0.15081718564033508,
      -0.10797926038503647,
      -0.10708373785018921
    ],
    [
      0.2026655524969101,
      0.1917811632156372,
      -0.05582321807742119,
      0.21184606850147247,
      -0.21194083988666534,
      0.007224828004837036,
      -0.1729474663734436,
      -0.1578272432088852,
      -0.10179612785577774,
      -0.10358947515487671
    ],
    [
      0.2017011046409607,
      0.1878143548965454,
      -0.044005125761032104,
      0.2114856243133545,
      -0.21654649078845978,
      0.008405760861933231,
      -0.16480658948421478,
      -0.1675599217414856,
      -0.08992040157318115,
      -0.11109284311532974
    ],
    [
      0.20243634283542633,
      0.1919582337141037,
      -0.05709637328982353,
      0.21414814889431,
      -0.2107946276664734,
      0.007170656230300665,
      -0.17222215235233307,
      -0.15816332399845123,
      -0.10379689186811447,
      -0.1025330200791359
    ],
    [
      0.20479775965213776,
      0.1827726811170578,
      -0.048248935490846634,
      0.21419502794742584,
      -0.21328145265579224,
      0.007115654181689024,
      -0.16200672090053558,
      -0.17296570539474487,
      -0.0878775492310524,
      -0.10990098863840103
    ],
    [
      0.20460303127765656,
      0.18075944483280182,
      -0.04188002273440361,
      0.2140059918165207,
      -0.21586911380290985,
      0.00825080368667841,
      -0.15760111808776855,
      -0.17911569774150848,
      -0.08080863207578659,
      -0.1132344976067543
    ],
    [
      0.20294320583343506,
      0.18538616597652435,
      -0.04615858569741249,
      0.214208722114563,
      -0.2145218849182129,
      0.007001104298979044,
      -0.16285575926303864,
      -0.170943483710289,
      -0.09018581360578537,
      -0.11019624024629593
    ],
    [
      0.20210112631320953,
      0.18612587451934814,
      -0.046236563473939896,
      0.21405182778835297,
      -0.21454304456710815,
      0.00579729862511158,
      -0.1637900471687317,
      -0.1688840389251709,
      -0.09251440316438675,
      -0.11073284596204758
    ],
    [
      0.20136158168315887,
      0.18533273041248322,
      -0.04323813319206238,
      0.21373039484024048,
      -0.21574699878692627,
      0.005043595097959042,
      -0.16228799521923065,
      -0.17018252611160278,
      -0.09089112281799316,
      -0.11323253065347672
    ],
    [
      0.20042367279529572,
      0.1865587681531906,
      -0.04308135434985161,
      0.2136327475309372,
      -0.21596212685108185,
      0.0043840487487614155,
      -0.16326691210269928,
      -0.16812001168727875,
      -0.09311286360025406,
      -0.11344217509031296
    ],
    [
      0.19987817108631134,
      0.18725089728832245,
      -0.043567243963479996,
      0.21362687647342682,
      -0.21579916775226593,
      0.0034757573157548904,
      -0.16419415175914764,
      -0.1663534939289093,
      -0.09526371210813522,
      -0.11345797777175903
    ],
    [
      0.19929736852645874,
      0.18693584203720093,
      -0.04203381761908531,
      0.21339593827724457,
      -0.2164265364408493,
      0.0025705143343657255,
      -0.1636648327112198,
      -0.16643382608890533,
      -0.09515468031167984,
      -0.1149342954158783
    ],
    [
      0.1986100822687149,
      0.1870179921388626,
      -0.04072186350822449,
      0.21318499743938446,
      -0.216999351978302,
      0.0017682219622656703,
      -0.1634628027677536,
      -0.16609539091587067,
      -0.09549987316131592,
      -0.11613193154335022
    ],
    [
      0.19727420806884766,
      0.18803942203521729,
      -0.03898536413908005,
      0.21271425485610962,
      -0.21791596710681915,
      0.0008464787970297039,
      -0.16388480365276337,
      -0.1644553691148758,
      -0.09684467315673828,
      -0.11756482720375061
    ],
    [
      0.19458569586277008,
      0.19094859063625336,
      -0.038071971386671066,
      0.21213454008102417,
      -0.21869313716888428,
      -0.0012853414518758655,
      -0.1663997620344162,
      -0.15889765322208405,
      -0.10260796546936035,
      -0.11899600178003311
    ],
    [
      0.19372494518756866,
      0.19288717210292816,
      -0.04010431095957756,
      0.21145246922969818,
      -0.21816755831241608,
      -0.003016422735527158,
      -0.16932988166809082,
      -0.15409816801548004,
      -0.10765206813812256,
      -0.11814692616462708
    ],
    [
      0.19170613586902618,
      0.1932649165391922,
      -0.035549335181713104,
      0.2104562520980835,
      -0.22025877237319946,
      -0.004562984686344862,
      -0.1685255616903305,
      -0.15355587005615234,
      -0.10757580399513245,
      -0.12180435657501221
    ],
    [
      0.19213493168354034,
      0.19290564954280853,
      -0.03744598105549812,
      0.2109861820936203,
      -0.2192554920911789,
      -0.00547659071162343,
      -0.16915638744831085,
      -0.1526736319065094,
      -0.10941760987043381,
      -0.1209896132349968
    ],
    [
      0.19163648784160614,
      0.1914691925048828,
      -0.03406870365142822,
      0.21053941547870636,
      -0.2205543965101242,
      -0.006547143217176199,
      -0.16717995703220367,
      -0.1545901596546173,
      -0.1071203276515007,
