{
  "tempos": [
    0.0,
    0.5,
    1.0,
    1.5,
    2.0,
    2.5,
    3.0,
    3.5,
    4.0,
    4.5,
    5.0,
    5.5,
    6.0,
    6.5,
    7.0,
    7.5,
    8.0,
    8.5,
    9.0,
    9.5,
    10.0,
    10.5,
    11.0,
    11.5,
    12.0,
    12.5,
    13.0,
    13.5,
    14.0,
    14.5,
    15.0
  ],
  "engajamentoneural": [
    68.1448619620785,
    74.67351519632417,
    82.33447304176241,
    86.89221860471238,
    88.00755866495908,
    86.65011833227452,
    83.80746909318428,
    80.54601337733322,
    77.80653268431199,
    76.05500989163055,
    75.26400697370286,
    75.1585797810212,
    75.45118071759617,
    75.93279301029511,
    76.4472685160951,
    76.84542866783575,
    76.98850530686965,
    76.79401246092841,
    76.26811060753674,
    75.48537624848088,
    74.52775933775183,
    73.43206703438142,
    72.19673101752267,
    70.85394752282588,
    69.53738782783263,
    68.4474556549987,
    67.70568447877645,
    67.23777264196649,
    66.84534525641186,
    66.4313305365913,
    66.12595086480476
  ],
  "cognitivedemand": [
    35.157648861565946,
    57.08533641637974,
    69.80695210400862,
    72.29795042361432,
    72.96789447532682,
    72.80525005048919,
    66.6089052864134,
    39.28174321649196,
    79.85346134762999,
    81.4167598286853,
    81.32199884784778,
    81.20365278459009,
    81.19846551912813,
    80.56654337904664,
    56.74825866281769,
    83.2118966930578,
    88.90627355209003,
    88.64296873358361,
    88.63611210187284,
    88.5686773016505,
    88.92338018952017,
    89.16699927799213,
    88.84919570728233,
    68.58167837048057,
    46.22882502767416,
    76.21938555239994,
    74.25265875311038,
    74.30688189127133,
    74.30324427897017,
    74.31017190404033,
    74.20977675149379
  ],
  "focus": [
    52.40637913489974,
    50.211607566608215,
    11.075614642501423,
    7.844320103835628,
    7.880820620502305,
    8.053473344241175,
    9.341850446915503,
    7.9451444272150855,
    7.8281985123227615,
    7.87943926512207,
    7.927875270454195,
    7.86649749845927,
    7.838685125048479,
    7.834098367883446,
    7.845665088951509,
    7.9505469617239,
    9.126175661303133,
    8.219105412322609,
    7.913801713570618,
    7.955787118843288,
    8.055833692661215,
    8.080351339665764,
    8.014935666517527,
    9.214056466579747,
    8.400046555432603,
    9.632973084915037,
    13.728561423151374,
    10.560695809121297,
    9.05160908096501,
    8.576065027937558,
    8.583106339473462
  ],
  "embeddings": [
    [
      0.19948486983776093,
      0.19297869503498077,
      -0.0510842390358448,
      0.21025656163692474,
      -0.21454216539859772,
      0.0036604360211640596,
      -0.17405182123184204,
      -0.15245363116264343,
      -0.10695412755012512,
      -0.10798954218626022
    ],
    [
      0.20189984142780304,
      0.1891564577817917,
      -0.05132407322525978,
      0.21250516176223755,
      -0.21298716962337494,
      0.005590752232819796,
      -0.16875799000263214,
      -0.16199921071529388,
      -0.09820102900266647,
      -0.10723970085382462
    ],
    [
      0.20222221314907074,
      0.18661154806613922,
      -0.04594904184341431,
      0.21281959116458893,
      -0.2148922085762024,
      0.0076225227676332,
      -0.16388075053691864,
      -0.16915009915828705,
      -0.09041743725538254,
      -0.10990063101053238
    ],
    [
      0.20240618288516998,
      0.18905526399612427,
      -0.04862871766090393,
      0.213389590382576,
      -0.21398673951625824,
      0.009507349692285061,
      -0.16603370010852814,
      -0.16712385416030884,
      -0.09266800433397293,
      -0.1067948266863823
    ],
    [
      0.20262938737869263,
      0.19120164215564728,
      -0.05291973426938057,
      0.2139129787683487,
      -0.21234214305877686,
      0.010244222357869148,
      -0.16888059675693512,
      -0.16372039914131165,
      -0.09660732001066208,
      -0.10364995151758194
    ],
    [
      0.20263059437274933,
      0.19135475158691406,
      -0.05327126756310463,
      0.21389149129390717,
      -0.21221554279327393,
      0.010308791883289814,
      -0.16910581290721893,
      -0.16336947679519653,
      -0.0968395471572876,
      -0.10350336879491806
    ],
    [
      0.2035277634859085,
      0.19181017577648163,
      -0.055424537509679794,
      0.21429401636123657,
      -0.21126709878444672,
      0.01187788788229227,
      -0.16961312294006348,
      -0.16384254395961761,
      -0.09638934582471848,
      -0.10127178579568863
    ],
    [
      0.20359434187412262,
      0.1916995495557785,
      -0.05466387793421745,
      0.21413232386112213,
      -0.21165691316127777,
      0.012406524270772934,
      -0.1691965013742447,
      -0.16444671154022217,
      -0.09535936266183853,
      -0.10151416063308716
    ],
    [
      0.2037309855222702,
      0.19224901497364044,
      -0.05598175898194313,
      0.2141522914171219,
      -0.2111995667219162,
      0.012765510939061642,
      -0.17004667222499847,
      -0.16347144544124603,
      -0.09635455161333084,
      -0.10051053017377853
    ],
    [
      0.2046625018119812,
      0.19219858944416046,
      -0.058532487601041794,
      0.21480922400951385,
      -0.21004587411880493,
      0.013448990881443024,
      -0.17063553631305695,
      -0.1635957509279251,
      -0.09677138179540634,
      -0.09858166426420212
    ],
    [
      0.20353500545024872,
      0.19173268973827362,
      -0.054396841675043106,
      0.21336901187896729,
      -0.21201765537261963,
      0.01256081834435463,
      -0.16949152946472168,
      -0.1638215184211731,
      -0.09530075639486313,
      -0.10156156867742538
    ],
    [
      0.20351570844650269,
      0.19074462354183197,
      -0.05468875542283058,
      0.21336902678012848,
      -0.21183894574642181,
      0.01046046894043684,
      -0.16963224112987518,
      -0.16312508285045624,
      -0.09656620770692825,
      -0.10253451019525528
    ],
    [
      0.20311595499515533,
      0.18958580493927002,
      -0.05253753438591957,
      0.21324670314788818,
      -0.2126082330942154,
      0.009151552803814411,
      -0.16835270822048187,
      -0.1642284095287323,
      -0.09556662291288376,
      -0.1046527847647667
    ],
    [
      0.20285718142986298,
      0.18914954364299774,
      -0.05121118202805519,
      0.21322549879550934,
      -0.21310298144817352,
      0.008626677095890045,
      -0.16761010885238647,
      -0.1649959236383438,
      -0.09484997391700745,
      -0.10567719489336014
    ],
    [
      0.20259350538253784,
      0.1895042061805725,
      -0.05087454244494438,
      0.21331530809402466,
      -0.21326036751270294,
      0.0087021728977561,
      -0.1676565259695053,
      -0.16483725607395172,
      -0.09499926120042801,
      -0.1058247983455658
    ],
    [
      0.20247657597064972,
      0.19023333489894867,
      -0.0522533543407917,
      0.21342860162258148,
      -0.21272246539592743,
      0.008558203466236591,
      -0.16875557601451874,
      -0.1633753478527069,
      -0.09677314013242722,
      -0.10494188219308853
    ],
    [
      0.20227770507335663,
      0.18970155715942383,
      -0.051122117787599564,
      0.21330386400222778,
      -0.2131415754556656,
      0.008073107339441776,
      -0.1680760383605957,
      -0.16398648917675018,
      -0.09613388031721115,
      -0.10597600787878036
    ],
    [
      0.201945498585701,
      0.18934307992458344,
      -0.050055623054504395,
      0.21307633817195892,
      -0.21355752646923065,
      0.007400598842650652,
      -0.16764819622039795,
      -0.16415351629257202,
      -0.09593679755926132,
      -0.10700249671936035
    ],
    [
      0.2016073316335678,
      0.1893019825220108,
      -0.04936341568827629,
      0.21300090849399567,
      -0.21383802592754364,
      0.006945870351046324,
      -0.16745801270008087,
      -0.16407544910907745,
      -0.09605437517166138,
      -0.10763255506753922
    ],
    [
