{
  "tempos": [
    0.0,
    0.5,
    1.0,
    1.5,
    2.0,
    2.5,
    3.0,
    3.5,
    4.0,
    4.5,
    5.0,
    5.5,
    6.0,
    6.5,
    7.0,
    7.5,
    8.0,
    8.5,
    9.0,
    9.5,
    10.0,
    10.5,
    11.0,
    11.5,
    12.0,
    12.5,
    13.0,
    13.5,
    14.0,
    14.5,
    15.0
  ],
  "engajamentoneural": [
    52.85980676928239,
    59.904547432451615,
    69.77485144470559,
    77.54262952587243,
    81.50981775559119,
    82.44916338097286,
    81.5364387401317,
    79.69729704241253,
    77.58122102392252,
    75.60900202378417,
    74.00944974461241,
    72.82707043112516,
    71.94479707235335,
    71.16669672310186,
    70.3406212950971,
    69.45854510588254,
    68.6694849676229,
    68.17009807273332,
    68.03503688399701,
    68.13636010824054,
    68.24280568444543,
    68.22566901129217,
    68.19429035973035,
    68.41505927404688,
    69.03913859886592,
    69.89282878414015,
    70.56814610355259,
    70.72105994424382,
    70.30129344786505,
    69.58939122989514,
    69.05147739422802
  ],
  "cognitivedemand": [
    37.092238271949114,
    47.51981081294419,
    55.32224241945431,
    70.91541143094611,
    79.62081315455596,
    81.3061845366805,
    81.37610575179612,
    81.30383870913178,
    61.5422694379057,
    59.09984670498748,
    75.31482016670034,
    76.08471339860601,
    77.13318281519555,
    77.14541489713065,
    75.63978980075844,
    67.86815869960371,
    47.59433701212903,
    49.777459050158924,
    55.24084578098118,
    56.3601518542728,
    56.44069701848623,
    56.413510473493815,
    49.275408170495425,
    44.73723427955207,
    68.72499506247469,
    73.93644049357376,
    75.80634473707542,
    76.10960069690815,
    76.20953953395801,
    76.50141768199076,
    76.18814003149443
  ],
  "focus": [
    14.081777436546954,
    9.511626743648531,
    12.470534672205897,
    8.326429769588204,
    7.866224373805164,
    7.833090208760029,
    7.831211605435485,
    7.826450970369114,
    7.8783072986709195,
    8.535631162347276,
    8.838923483296812,
    8.69648102601319,
    8.552647563355096,
    8.585597132440322,
    8.600026704746643,
    8.441285675150581,
    8.45054887713606,
    40.712737521409665,
    38.46561182305384,
    27.02984051381845,
    17.87433042176997,
    19.220582478793766,
    20.958598239551026,
    17.03153586324864,
    8.988415389988228,
    8.882034849295536,
    11.908998914475156,
    12.610666194967246,
    10.32502277046545,
    12.136643069069345,
    12.11404653896785
  ],
  "embeddings": [
    [
      0.20022515952587128,
      0.19246335327625275,
      -0.05192607268691063,
      0.21089036762714386,
      -0.21369273960590363,
      0.004655751865357161,
      -0.17302362620830536,
      -0.15517467260360718,
      -0.10486921668052673,
      -0.10674262791872025
    ],
    [
      0.2019386738538742,
      0.18711113929748535,
      -0.04689526930451393,
      0.21176886558532715,
      -0.21489858627319336,
      0.005427522584795952,
      -0.16580818593502045,
      -0.1659020036458969,
      -0.09367570281028748,
      -0.10994566231966019
    ],
    [
      0.20164549350738525,
      0.18802790343761444,
      -0.045441772788763046,
      0.21226203441619873,
      -0.21550500392913818,
      0.007812713272869587,
      -0.164895161986351,
      -0.16754837334156036,
      -0.0915459394454956,
      -0.10969171673059464
    ],
    [
      0.20173360407352448,
      0.19095563888549805,
      -0.04979199171066284,
      0.21299193799495697,
      -0.21391893923282623,
      0.00925696361809969,
      -0.16814382374286652,
      -0.16375191509723663,
      -0.0957304835319519,
      -0.106049545109272
    ],
    [
      0.20170634984970093,
      0.19240088760852814,
      -0.05232889577746391,
      0.21330396831035614,
      -0.21300095319747925,
      0.009916679002344608,
      -0.1699296236038208,
      -0.16147597134113312,
      -0.09816190600395203,
      -0.10429638624191284
    ],
    [
      0.20198453962802887,
      0.19281089305877686,
      -0.05384908244013786,
      0.21347676217556,
      -0.21238459646701813,
      0.010312077589333057,
      -0.17066846787929535,
      -0.1607251763343811,
      -0.09898390620946884,
      -0.10320672392845154
    ],
    [
      0.20227624475955963,
      0.19256369769573212,
      -0.05410042032599449,
      0.2135051041841507,
      -0.21225827932357788,
      0.010654951445758343,
      -0.17046375572681427,
      -0.16125531494617462,
      -0.09838154166936874,
      -0.10294041037559509
    ],
    [
      0.20217061042785645,
      0.1921953707933426,
      -0.05365292355418205,
      0.21343402564525604,
      -0.2124405950307846,
      0.01020073052495718,
      -0.17020221054553986,
      -0.1613001972436905,
      -0.09835344552993774,
      -0.10351300239562988
    ],
    [
      0.20239126682281494,
      0.19233018159866333,
      -0.054105017334222794,
      0.21351130306720734,
      -0.21227402985095978,
      0.010698211379349232,
      -0.17033763229846954,
      -0.16141532361507416,
      -0.09812947362661362,
      -0.10301557183265686
    ],
    [
      0.20280878245830536,
      0.1923767775297165,
      -0.055116426199674606,
      0.21363653242588043,
      -0.21181553602218628,
      0.011156550608575344,
      -0.1705583781003952,
      -0.16163577139377594,
      -0.0979626476764679,
      -0.10209574550390244
    ],
    [
      0.20268969237804413,
      0.19217944145202637,
      -0.05430817976593971,
      0.2134481519460678,
      -0.21216534078121185,
      0.011162200011312962,
      -0.17015691101551056,
      -0.16197705268859863,
      -0.09743106365203857,
      -0.10262703150510788
    ],
    [
      0.20304077863693237,
      0.19199609756469727,
      -0.054791275411844254,
      0.21366439759731293,
      -0.211880162358284,
      0.011361795477569103,
      -0.17003123462200165,
      -0.16249434649944305,
      -0.09710217267274857,
      -0.10210683196783066
    ],
    [
      0.20285232365131378,
      0.193059042096138,
      -0.05536578595638275,
      0.21333514153957367,
      -0.2117186039686203,
      0.01181031670421362,
      -0.17106693983078003,
      -0.16134192049503326,
      -0.09791328758001328,
      -0.10132688283920288
    ],
    [
      0.202873095870018,
      0.19324856996536255,
      -0.055688921362161636,
      0.2135048359632492,
      -0.21168889105319977,
      0.012048070318996906,
      -0.17135471105575562,
      -0.16071705520153046,
      -0.0984293520450592,
      -0.10119909048080444
    ],
    [
      0.20267879962921143,
      0.19356878101825714,
      -0.05624843016266823,
      0.21352839469909668,
      -0.21147233247756958,
      0.011682304553687572,
      -0.17191922664642334,
      -0.159734845161438,
      -0.09962239861488342,
      -0.10103023052215576
    ],
    [
      0.20255047082901,
      0.1939537525177002,
      -0.056147415190935135,
      0.21350426971912384,
      -0.21156172454357147,
      0.012011813931167126,
      -0.17205435037612915,
      -0.1595948487520218,
      -0.09963884949684143,
      -0.10088807344436646
    ],
    [
      0.2023598551750183,
      0.19429950416088104,
      -0.05653567984700203,
      0.2134656310081482,
      -0.21144427359104156,
      0.0116996755823493,
      -0.1725587695837021,
      -0.1586872935295105,
      -0.10062035918235779,
      -0.10079222172498703
    ],
    [
      0.20205682516098022,
      0.19424505531787872,
      -0.05584379658102989,
      0.2133471965789795,
      -0.21174542605876923,
      0.011312734335660934,
      -0.17238129675388336,
      -0.1585865169763565,
      -0.10068199783563614,
      -0.10144561529159546
    ],
    [
      0.2019863873720169,
      0.19431620836257935,
      -0.05587822571396828,
      0.2133892923593521,
      -0.21171964704990387,
      0.01121718529611826,
      -0.17246371507644653,
      -0.1584254503250122,
      -0.1009027361869812,
      -0.10147962719202042
    ],
    [
