{
  "tempos": [
    0.0,
    0.5,
    1.0,
    1.5,
    2.0,
    2.5,
    3.0,
    3.5,
    4.0,
    4.5,
    5.0,
    5.5,
    6.0,
    6.5,
    7.0,
    7.5,
    8.0,
    8.5,
    9.0,
    9.5,
    10.0,
    10.5,
    11.0,
    11.5,
    12.0,
    12.5,
    13.0,
    13.5,
    14.0,
    14.5,
    15.0
  ],
  "engajamentoneural": [
    46.30201216434805,
    53.541558961455536,
    64.35465165303052,
    73.56332463121466,
    78.70188339414514,
    80.3092492692746,
    79.76831570761931,
    78.32093321726575,
    76.84936883234914,
    75.8048292660464,
    75.28484040341965,
    75.19728224755409,
    75.39016265572138,
    75.71444901391331,
    76.0514546875468,
    76.32677148055275,
    76.51459011959201,
    76.62762255083805,
    76.69293878779068,
    76.72531745832525,
    76.71482378521198,
    76.63560205775806,
    76.46612261800881,
    76.20459722576882,
    75.86654060578262,
    75.46069173555478,
    74.95564740110751,
    74.27804986743362,
    73.39525601615868,
    72.45633238771192,
    71.81990856032039
  ],
  "cognitivedemand": [
    22.38220930681625,
    29.983805043252776,
    41.84141443802697,
    49.7636031412398,
    51.51920718868339,
    52.27180588816359,
    54.12170471699666,
    55.26402628958611,
    56.00330077663718,
    56.53788057303533,
    56.81008808837101,
    57.14973779047962,
    57.13525682830466,
    57.121527544221365,
    57.11394316163645,
    57.10252970809396,
    57.08016214709851,
    57.141519971570105,
    57.10366517951467,
    57.119009090572504,
    57.13308830233458,
    57.11971817478078,
    57.14991162990707,
    57.09037183671756,
    57.08622600455096,
    56.91195667062564,
    56.89276570086579,
    57.01339182454083,
    57.1832743580819,
    57.07740355724794,
    57.08074643285253
  ],
  "focus": [
    7.8826969178522,
    8.227665649552295,
    14.63692235505957,
    14.449491715022774,
    31.54947444816755,
    26.68260776196238,
    13.917463990809523,
    20.82811657793083,
    21.34949069411855,
    13.394198240929724,
    11.308783685212859,
    10.709919680606623,
    10.238654280642331,
    10.326802965733163,
    10.560523714604077,
    10.398450548743785,
    10.789419877767733,
    10.864158613769634,
    10.701712367627861,
    10.841884543809439,
    10.704209321993082,
    10.513535846351356,
    10.40511372626111,
    10.255444946801562,
    10.542995020611587,
    10.707212571603435,
    10.46236154028296,
    10.271402235651445,
    10.24591491413671,
    10.343189777232922,
    10.429895728745032
  ],
  "embeddings": [
    [
      0.20028354227542877,
      0.19826717674732208,
      -0.06161484494805336,
      0.21142540872097015,
      -0.21053193509578705,
      0.008724287152290344,
      -0.1809382289648056,
      -0.14562810957431793,
      -0.11447682231664658,
      -0.09952928870916367
    ],
    [
      0.20210053026676178,
      0.1943066120147705,
      -0.05745130404829979,
      0.21221552789211273,
      -0.21117345988750458,
      0.009608322754502296,
      -0.1745045930147171,
      -0.15589331090450287,
      -0.1038270965218544,
      -0.101096510887146
    ],
    [
      0.20429877936840057,
      0.18980629742145538,
      -0.05329827591776848,
      0.21346813440322876,
      -0.21220920979976654,
      0.0129295838996768,
      -0.16763389110565186,
      -0.1674555093050003,
      -0.09163614362478256,
      -0.10262411832809448
    ],
    [
      0.2058964967727661,
      0.1885240077972412,
      -0.053069740533828735,
      0.2146960347890854,
      -0.21205925941467285,
      0.014793210662901402,
      -0.16531719267368317,
      -0.17203907668590546,
      -0.0872616395354271,
      -0.10148648172616959
    ],
    [
      0.20621119439601898,
      0.19175271689891815,
      -0.05807824805378914,
      0.2155948132276535,
      -0.21013259887695312,
      0.017199106514453888,
      -0.16884039342403412,
      -0.16814911365509033,
      -0.09147379547357559,
      -0.09699028730392456
    ],
    [
      0.20679204165935516,
      0.1933351308107376,
      -0.06325274705886841,
      0.21617311239242554,
      -0.20803458988666534,
      0.017024889588356018,
      -0.17203253507614136,
      -0.16422070562839508,
      -0.09632879495620728,
      -0.0937018096446991
    ],
    [
      0.20748330652713776,
      0.19172026216983795,
      -0.061949923634529114,
      0.21614952385425568,
      -0.20843319594860077,
      0.017665967345237732,
      -0.17002618312835693,
      -0.16749446094036102,
      -0.0927419438958168,
      -0.09439834952354431
    ],
    [
      0.20737266540527344,
      0.19170524179935455,
      -0.06159907206892967,
      0.215965136885643,
      -0.20865701138973236,
      0.01782708428800106,
      -0.16992203891277313,
      -0.16747881472110748,
      -0.09253866225481033,
      -0.09461971372365952
    ],
    [
      0.20739169418811798,
      0.19347576797008514,
      -0.06431731581687927,
      0.21636609733104706,
      -0.20759570598602295,
      0.01853811927139759,
      -0.17208822071552277,
      -0.16485612094402313,
      -0.09543111175298691,
      -0.09240711480379105
    ],
    [
      0.20763398706912994,
      0.19334626197814941,
      -0.06432919949293137,
      0.21628670394420624,
      -0.20762218534946442,
      0.018853792920708656,
      -0.17190313339233398,
      -0.16529481112957,
      -0.09475335478782654,
      -0.09225443750619888
    ],
    [
      0.20810113847255707,
      0.19194741547107697,
      -0.06368676573038101,
      0.21611802279949188,
      -0.20778077840805054,
      0.018385926261544228,
      -0.17076341807842255,
      -0.1670336276292801,
      -0.09300389140844345,
      -0.09296055883169174
    ],
    [
      0.2084268480539322,
      0.1916743516921997,
      -0.06357792764902115,
      0.21641302108764648,
      -0.2077348828315735,
      0.019069384783506393,
      -0.1702708601951599,
      -0.16813278198242188,
      -0.09193560481071472,
      -0.09272834658622742
    ],
    [
      0.20879203081130981,
      0.19137872755527496,
      -0.06362216919660568,
      0.21650685369968414,
      -0.2076743245124817,
      0.01941867731511593,
      -0.1698923110961914,
      -0.1689937710762024,
      -0.09104178100824356,
      -0.09247953444719315
    ],
    [
      0.20858454704284668,
      0.19224171340465546,
      -0.06414081901311874,
      0.21635335683822632,
      -0.20760220289230347,
      0.01982109807431698,
      -0.17074799537658691,
      -0.16771239042282104,
      -0.09208803623914719,
      -0.09191551059484482
    ],
    [
      0.2084193229675293,
      0.193556010723114,
      -0.0659693107008934,
      0.2165704220533371,
      -0.20692020654678345,
      0.019865356385707855,
      -0.17240764200687408,
      -0.1654231995344162,
      -0.09470284730195999,
      -0.09058689326047897
    ],
    [
      0.20919980108737946,
      0.19311924278736115,
      -0.06711994856595993,
      0.2168951779603958,
      -0.20633961260318756,
      0.02038879506289959,
      -0.17222560942173004,
      -0.16642583906650543,
      -0.09384831041097641,
      -0.08964530378580093
    ],
    [
      0.2093261033296585,
      0.1924086958169937,
      -0.06599273532629013,
      0.21681909263134003,
      -0.20674677193164825,
      0.020582037046551704,
      -0.17121170461177826,
      -0.1678025722503662,
      -0.09228909015655518,
      -0.09032843261957169
    ],
    [
      0.20954908430576324,
      0.19254571199417114,
      -0.06718049198389053,
      0.21684806048870087,
      -0.20625455677509308,
      0.02040982060134411,
      -0.1719038486480713,
      -0.16696232557296753,
      -0.09334025532007217,
      -0.08966813236474991
    ],
    [
      0.20992852747440338,
      0.1920350193977356,
      -0.0668884813785553,
      0.2169310450553894,
      -0.2062651365995407,
      0.020849471911787987,
      -0.17115433514118195,
      -0.1684342473745346,
      -0.09181245416402817,
      -0.08961457014083862
    ],
