{
  "tempos": [
    0.0,
    0.5,
    1.0,
    1.5,
    2.0,
    2.5,
    3.0,
    3.5,
    4.0,
    4.5,
    5.0,
    5.5,
    6.0,
    6.5,
    7.0,
    7.5,
    8.0,
    8.5,
    9.0,
    9.5,
    10.0,
    10.5,
    11.0,
    11.5,
    12.0,
    12.5,
    13.0,
    13.5,
    14.0,
    14.5,
    15.0
  ],
  "engajamentoneural": [
    38.0236256283172,
    45.2138166755741,
    56.817694412062245,
    67.67950991711815,
    74.35718741549817,
    76.90272128951473,
    76.80262594494486,
    75.48221971559298,
    73.88779471164928,
    72.44352473071342,
    71.25922681795541,
    70.4208958764615,
    70.11448917491185,
    70.49537365167323,
    71.48134637999563,
    72.72664692277503,
    73.82057946610716,
    74.49790171476084,
    74.6829983793479,
    74.40292252033524,
    73.71152201565178,
    72.71157159031851,
    71.62691389215499,
    70.7827604131887,
    70.42994499143049,
    70.55742137113779,
    70.89314981398832,
    71.0944401817244,
    70.968181702443,
    70.59244060101176,
    70.26565508678237
  ],
  "cognitivedemand": [
    25.117532659728667,
    28.000093786755833,
    45.45068830892366,
    55.947420111033395,
    64.42810502450472,
    66.00103808228755,
    66.396613243664,
    66.39631134448953,
    66.38632843026187,
    66.38453606693908,
    66.39141001080309,
    35.32227680152286,
    40.24665858448293,
    46.38805835536266,
    54.96032177895798,
    64.75514507006591,
    66.19278957105043,
    66.1862166950265,
    66.18209678913932,
    66.16079694793919,
    66.23821992488986,
    66.25914678023918,
    36.719050505444656,
    41.57438829368897,
    55.96094831219392,
    55.43054655390386,
    55.42670226698213,
    55.42320368484763,
    55.39734164329104,
    55.37762411606695,
    54.96499707331405
  ],
  "focus": [
    8.111592481281667,
    8.42107917278624,
    12.412261424889321,
    25.58528730218383,
    14.318915666220954,
    11.040930390177268,
    9.245519497888669,
    8.991958137984668,
    8.869875548445654,
    8.860588244936954,
    8.888151932386615,
    11.264222996623696,
    25.68960957186585,
    36.943299299420936,
    38.567018900887504,
    31.46564227818102,
    17.207789075196736,
    12.025537372360397,
    11.507032268137612,
    12.245772398180215,
    12.542698273816338,
    12.57266292161137,
    11.967607956846399,
    12.398399457386196,
    25.982910383340148,
    29.4583150634021,
    21.821639319005982,
    16.939483452423474,
    15.599133550825195,
    15.377519158787141,
    15.336597130466295
  ],
  "embeddings": [
    [
      0.1948491930961609,
      0.1924760788679123,
      -0.03847614303231239,
      0.20874916017055511,
      -0.21936160326004028,
      -0.0017323842039331794,
      -0.16965699195861816,
      -0.15426315367221832,
      -0.1054297462105751,
      -0.11734133213758469
    ],
    [
      0.18936507403850555,
      0.19607333838939667,
      -0.033615563064813614,
      0.20804516971111298,
      -0.22172260284423828,
      -0.006878943648189306,
      -0.1715446561574936,
      -0.14699363708496094,
      -0.11334547400474548,
      -0.12317229062318802
    ],
    [
      0.18961554765701294,
      0.19571341574192047,
      -0.036833059042692184,
      0.21037839353084564,
      -0.21977560222148895,
      -0.006260491907596588,
      -0.170962855219841,
      -0.1480608731508255,
      -0.11375438421964645,
      -0.12212077528238297
    ],
    [
      0.18867193162441254,
      0.19545471668243408,
      -0.03465284779667854,
      0.21017290651798248,
      -0.22074544429779053,
      -0.008530455641448498,
      -0.17072118818759918,
      -0.14712665975093842,
      -0.114806167781353,
      -0.12435512989759445
    ],
    [
      0.1897517889738083,
      0.19441081583499908,
      -0.035313356667757034,
      0.21100513637065887,
      -0.22020874917507172,
      -0.008269858546555042,
      -0.1699000597000122,
      -0.14917345345020294,
      -0.11334967613220215,
      -0.12353572994470596
    ],
    [
      0.1896359771490097,
      0.1934567242860794,
      -0.03313048556447029,
      0.2108825445175171,
      -0.22101245820522308,
      -0.008193444460630417,
      -0.168345108628273,
      -0.15123943984508514,
      -0.1109914481639862,
      -0.12504468858242035
    ],
    [
      0.18967215716838837,
      0.19378411769866943,
      -0.033541809767484665,
      0.2109971046447754,
      -0.2208588570356369,
      -0.007817619480192661,
      -0.1685677170753479,
      -0.1510949283838272,
      -0.11114185303449631,
      -0.12456554174423218
    ],
    [
      0.1895695924758911,
      0.19401919841766357,
      -0.033633362501859665,
      0.21101802587509155,
      -0.22085542976856232,
      -0.007698206230998039,
      -0.16872267425060272,
      -0.15085674822330475,
      -0.11134973913431168,
      -0.12444903701543808
    ],
    [
      0.1903991848230362,
      0.19363398849964142,
      -0.03453148156404495,
      0.21141839027404785,
      -0.22036932408809662,
      -0.00661286199465394,
      -0.16831724345684052,
      -0.15229053795337677,
      -0.10995128005743027,
      -0.12337207794189453
    ],
    [
      0.19011950492858887,
      0.19411784410476685,
      -0.03473234921693802,
      0.2113078236579895,
      -0.2203730344772339,
      -0.006702316924929619,
      -0.16883961856365204,
      -0.15132024884223938,
      -0.11089248210191727,
      -0.12331923097372055
    ],
    [
      0.18997325003147125,
      0.19382554292678833,
      -0.034015994518995285,
      0.21117329597473145,
      -0.22066088020801544,
      -0.0071136001497507095,
      -0.16847680509090424,
      -0.1516263484954834,
      -0.1105768084526062,
      -0.12394421547651291
    ],
    [
      0.18985287845134735,
      0.19390106201171875,
      -0.033763665705919266,
      0.2111257165670395,
      -0.22078709304332733,
      -0.007091911043971777,
      -0.16840119659900665,
      -0.15158961713314056,
      -0.11051109433174133,
      -0.12407565116882324
    ],
    [
      0.19026409089565277,
      0.19390101730823517,
      -0.03428236022591591,
      0.21133072674274445,
      -0.22053901851177216,
      -0.00636266777291894,
      -0.16831107437610626,
      -0.15219028294086456,
      -0.1098572388291359,
      -0.12335562705993652
    ],
    [
      0.19031552970409393,
      0.19440686702728271,
      -0.03530187904834747,
      0.21137641370296478,
      -0.22016672790050507,
      -0.006327675189822912,
      -0.16909928619861603,
      -0.1512547880411148,
      -0.11094517260789871,
      -0.1226009726524353
    ],
    [
      0.1905943751335144,
      0.1939002126455307,
      -0.03477704897522926,
      0.2115250825881958,
      -0.22029425203800201,
      -0.005797242280095816,
      -0.16824017465114594,
      -0.1527199000120163,
      -0.10937244445085526,
      -0.12273242324590683
    ],
    [
      0.1905522495508194,
      0.19404013454914093,
      -0.034587811678647995,
      0.21147353947162628,
      -0.22040854394435883,
      -0.005506747867912054,
      -0.1681513637304306,
      -0.15287743508815765,
      -0.10909075289964676,
      -0.12268706411123276
    ],
    [
      0.18931664526462555,
      0.19661681354045868,
      -0.03663737699389458,
      0.21115100383758545,
      -0.21985149383544922,
      -0.006466065067797899,
      -0.17132209241390228,
      -0.14765571057796478,
      -0.11445476859807968,
      -0.12166538834571838
    ],
    [
      0.19052402675151825,
      0.19652968645095825,
      -0.03876170888543129,
      0.21175535023212433,
      -0.21887487173080444,
      -0.005048436112701893,
      -0.17159481346607208,
      -0.14859221875667572,
      -0.11371469497680664,
      -0.11956959217786789
    ],
    [
      0.19125568866729736,
      0.19543711841106415,
      -0.03913060203194618,
      0.21202756464481354,
      -0.2185652256011963,
      -0.004922891966998577,
      -0.17087316513061523,
      -0.14999298751354218,
      -0.11245623230934143,
