{
  "tempos": [
    0.0,
    0.5,
    1.0,
    1.5,
    2.0,
    2.5,
    3.0,
    3.5,
    4.0,
    4.5,
    5.0,
    5.5,
    6.0,
    6.5,
    7.0,
    7.5,
    8.0,
    8.5,
    9.0,
    9.5,
    10.0,
    10.5,
    11.0,
    11.5,
    12.0,
    12.5,
    13.0,
    13.5,
    14.0,
    14.5,
    15.0
  ],
  "engajamentoneural": [
    26.50685804973255,
    32.962772371484405,
    45.32585808884154,
    59.715357448200635,
    70.6198193280195,
    76.09383370380105,
    77.39037533342858,
    76.29050224939135,
    74.20119839278514,
    72.04010493582025,
    70.24761695974223,
    68.92061271037039,
    67.99124899190248,
    67.37168143210425,
    67.0484733338556,
    67.10776579619454,
    67.6644530634859,
    68.7369308252648,
    70.18213575807086,
    71.75896170832898,
    73.253831063147,
    74.55552440919351,
    75.64646147146293,
    76.5556658802339,
    77.31855196389814,
    77.95317216656615,
    78.44580076141324,
    78.75261104417727,
    78.84029817660867,
    78.75543716853018,
    78.64260612906794
  ],
  "cognitivedemand": [
    21.02914847659575,
    21.688743778338697,
    36.368962238044155,
    50.50924638089231,
    61.170888100865966,
    64.83839179252011,
    73.11515202838459,
    76.25681871054901,
    77.25307295966832,
    77.52179307633152,
    77.55501216375767,
    77.26010352366848,
    77.59982061052804,
    77.66748076879398,
    77.32622900886156,
    54.078913151076996,
    37.78747486140541,
    56.52203484309147,
    62.33391016102906,
    67.54619821396524,
    66.7638819449456,
    67.06702146370768,
    66.97002618830307,
    66.97554642651572,
    67.13721767719404,
    67.07747918900894,
    67.01322688842258,
    67.21891756547505,
    67.22400642680118,
    67.07980577440736,
    67.30358972797708
  ],
  "focus": [
    11.956319304383113,
    12.805426821250087,
    19.77723717228046,
    69.93455041964316,
    74.73205753249023,
    43.17853087779816,
    54.85473698947162,
    44.54273058830775,
    19.695192173036638,
    11.931621972838183,
    13.73532198231321,
    15.105635404976619,
    15.615040465298724,
    16.327373694082688,
    16.220442429569673,
    14.693024623285186,
    17.553882100543095,
    45.011363919083124,
    41.12030738711909,
    22.456949749864624,
    19.546143733877305,
    14.706110524183895,
    13.83898026928011,
    15.69848265764836,
    15.807694339733875,
    15.976263330458334,
    16.33364751917321,
    16.30934280253584,
    16.55902989041907,
    16.65735031232185,
    16.678756192149546
  ],
  "embeddings": [
    [
      0.19757990539073944,
      0.19735169410705566,
      -0.05162981152534485,
      0.2092886120080948,
      -0.2146177440881729,
      0.005081921815872192,
      -0.17746460437774658,
      -0.14709188044071198,
      -0.11172091215848923,
      -0.10669887065887451
    ],
    [
      0.19580763578414917,
      0.1986248642206192,
      -0.05065402016043663,
      0.2090868204832077,
      -0.21501578390598297,
      0.0033701397478580475,
      -0.17811162769794464,
      -0.14518395066261292,
      -0.11391498893499374,
      -0.10844072699546814
    ],
    [
      0.1982285976409912,
      0.19675199687480927,
      -0.053588319569826126,
      0.2105357050895691,
      -0.21344955265522003,
      0.006322251632809639,
      -0.17668785154819489,
      -0.149748757481575,
      -0.10940507054328918,
      -0.10607651621103287
    ],
    [
      0.20192857086658478,
      0.19451232254505157,
      -0.06027646362781525,
      0.21400493383407593,
      -0.20975536108016968,
      0.007187135983258486,
      -0.17567265033721924,
      -0.1536928415298462,
      -0.1084020733833313,
      -0.10058412700891495
    ],
    [
      0.20526975393295288,
      0.1870242804288864,
      -0.05378074571490288,
      0.2145662158727646,
      -0.21150094270706177,
      0.009390079416334629,
      -0.16631947457790375,
      -0.16915656626224518,
      -0.09175906330347061,
      -0.10402596741914749
    ],
    [
      0.2083449363708496,
      0.18505699932575226,
      -0.05623601749539375,
      0.2159021645784378,
      -0.21006207168102264,
      0.012327700853347778,
      -0.16434858739376068,
      -0.1744002103805542,
      -0.0867336168885231,
      -0.100859634578228
    ],
    [
      0.2092321366071701,
      0.18433840572834015,
      -0.05551757290959358,
      0.21600909531116486,
      -0.21029776334762573,
      0.014941212721168995,
      -0.16267551481723785,
      -0.1776355504989624,
      -0.08271783590316772,
      -0.10019501298666
    ],
    [
      0.20924682915210724,
      0.1869318038225174,
      -0.05884985998272896,
      0.21624211966991425,
      -0.20919346809387207,
      0.016300231218338013,
      -0.1654464453458786,
      -0.17429010570049286,
      -0.08613889664411545,
      -0.09702876955270767
    ],
    [
      0.20936255156993866,
      0.18782837688922882,
      -0.059962909668684006,
      0.21628345549106598,
      -0.20889349281787872,
      0.017607057467103004,
      -0.16624991595745087,
      -0.17329637706279755,
      -0.08680108189582825,
      -0.09570660442113876
    ],
    [
      0.209757998585701,
      0.18995864689350128,
      -0.06585708260536194,
      0.21673078835010529,
      -0.2066076248884201,
      0.017486294731497765,
      -0.17027497291564941,
      -0.168581023812294,
      -0.09251552075147629,
      -0.09179636836051941
    ],
    [
      0.21000458300113678,
      0.18826411664485931,
      -0.06250940263271332,
      0.21633177995681763,
      -0.2078741043806076,
      0.01859574019908905,
      -0.1673905998468399,
      -0.1727118343114853,
      -0.08732762932777405,
      -0.09369871020317078
    ],
    [
      0.20970815420150757,
      0.18995897471904755,
      -0.0637328252196312,
      0.21630458533763885,
      -0.2075669914484024,
      0.019481303170323372,
      -0.16885454952716827,
      -0.17080819606781006,
      -0.08913213759660721,
      -0.092290498316288
    ],
    [
      0.20953060686588287,
      0.19091163575649261,
      -0.0650530532002449,
      0.2162570357322693,
      -0.20714209973812103,
      0.01966838352382183,
      -0.17015166580677032,
      -0.16897843778133392,
      -0.09097743779420853,
      -0.0913747251033783
    ],
    [
      0.20984916388988495,
      0.1917591094970703,
      -0.0676075741648674,
      0.21650610864162445,
      -0.20615608990192413,
      0.019943634048104286,
      -0.1717616766691208,
      -0.16720974445343018,
      -0.09306154400110245,
      -0.08962175995111465
    ],
    [
      0.20980550348758698,
      0.19177912175655365,
      -0.06799840927124023,
      0.21639327704906464,
      -0.20601923763751984,
      0.019927067682147026,
      -0.1720886081457138,
      -0.16667138040065765,
      -0.09353470802307129,
      -0.08953827619552612
    ],
    [
      0.2101653814315796,
      0.19075731933116913,
      -0.0663260966539383,
      0.2162182778120041,
      -0.2066235989332199,
      0.02035258151590824,
      -0.1705404669046402,
      -0.16897614300251007,
      -0.0907500758767128,
      -0.09040562063455582
    ],
    [
      0.21034900844097137,
      0.19103454053401947,
      -0.06743635982275009,
      0.21632879972457886,
      -0.20620261132717133,
      0.020163731649518013,
      -0.1712549328804016,
      -0.16812622547149658,
      -0.09188102930784225,
      -0.08965545892715454
    ],
    [
      0.21061201393604279,
      0.19079811871051788,
      -0.06764165312051773,
      0.21639199554920197,
      -0.20608599483966827,
      0.020438242703676224,
      -0.1710992306470871,
      -0.16854508221149445,
      -0.0914124920964241,
      -0.0894654169678688
    ],
    [
      0.210809588432312,
      0.19069969654083252,
      -0.0676393136382103,
      0.2164772003889084,
      -0.20605355501174927,
      0.02071123756468296,
      -0.17083527147769928,
      -0.16920863091945648,
      -0.0907866433262825,
      -0.08927205950021744
    ],
    [
