{
  "tempos": [
    0.0,
    0.5,
    1.0,
    1.5,
    2.0,
    2.5,
    3.0,
    3.5,
    4.0,
    4.5,
    5.0,
    5.5,
    6.0,
    6.5,
    7.0,
    7.5,
    8.0,
    8.5,
    9.0,
    9.5,
    10.0,
    10.5,
    11.0,
    11.5,
    12.0,
    12.5,
    13.0,
    13.5,
    14.0,
    14.5,
    15.0
  ],
  "engajamentoneural": [
    57.79851796032334,
    65.97711987733177,
    76.59967324697669,
    83.88873767622644,
    86.75007813536104,
    86.3870071378882,
    83.96832096016554,
    80.62337440167529,
    77.53734172501048,
    75.52235361933542,
    74.6785344793902,
    74.5385371821085,
    74.4891001364348,
    74.1142793299754,
    73.31485648755445,
    72.24405498760733,
    71.15203242276215,
    70.23904823530009,
    69.59805843812104,
    69.2421081853992,
    69.14440679190493,
    69.2469069634693,
    69.45850541329493,
    69.6775068022749,
    69.82433967726531,
    69.8404578846643,
    69.64496357529933,
    69.11505381919316,
    68.18890906013321,
    67.06797086456326,
    66.26515620260732
  ],
  "cognitivedemand": [
    22.961778486710287,
    37.03639376147669,
    65.72978004391575,
    75.32046669449323,
    77.94677838478076,
    78.43657184988786,
    76.0176735101224,
    30.396392940519632,
    44.30733535447416,
    52.33481266715352,
    59.139640495682286,
    61.32415129713249,
    61.64320397581849,
    52.84963274868679,
    32.920765112050574,
    45.4483715079834,
    45.80994626001834,
    45.81509013326442,
    46.409962564826365,
    45.78239368139706,
    40.73763952762733,
    41.06570570791587,
    54.6566253545819,
    55.91218771176268,
    55.93826228483637,
    55.95816971822387,
    55.95981222947334,
    55.95930286594611,
    55.958392511171844,
    55.953831039105616,
    55.9550019976319
  ],
  "focus": [
    39.589446046040166,
    21.07192993369025,
    28.579783359399666,
    19.023306986740007,
    20.39500469197449,
    22.275128628029286,
    20.47034571188933,
    9.474545493383472,
    19.071665383531144,
    25.431256129538035,
    15.73302132036548,
    17.098894320852498,
    12.061152300880234,
    9.704144282914077,
    8.544083806562137,
    23.298480248347445,
    40.44774445762586,
    44.796039850204416,
    50.54140921140694,
    48.89273448065801,
    47.58030193173724,
    35.458376206052414,
    41.000338974178575,
    39.575826334719906,
    34.65782184324032,
    28.901563216126846,
    25.885652025378594,
    25.987519115140667,
    25.98456700829684,
    25.94021744560766,
    25.91281830942654
  ],
  "embeddings": [
    [
      0.2015284299850464,
      0.19735170900821686,
      -0.06771627068519592,
      0.2117331176996231,
      -0.20820994675159454,
      0.008411572314798832,
      -0.18381769955158234,
      -0.14282310009002686,
      -0.11804050207138062,
      -0.09756377339363098
    ],
    [
      0.20714795589447021,
      0.18503724038600922,
      -0.052823036909103394,
      0.2136111706495285,
      -0.21167369186878204,
      0.011214766651391983,
      -0.16423608362674713,
      -0.17330318689346313,
      -0.08603199571371078,
      -0.10362259298563004
    ],
    [
      0.20824281871318817,
      0.18307317793369293,
      -0.0509512685239315,
      0.21454037725925446,
      -0.21242426335811615,
      0.01404457539319992,
      -0.16136294603347778,
      -0.17808431386947632,
      -0.08088885247707367,
      -0.10408079624176025
    ],
    [
      0.2092004269361496,
      0.18494658172130585,
      -0.05605378374457359,
      0.21582068502902985,
      -0.21025170385837555,
      0.015775274485349655,
      -0.16349327564239502,
      -0.1764761209487915,
      -0.08359786868095398,
      -0.09956631064414978
    ],
    [
      0.2095685750246048,
      0.18574638664722443,
      -0.057263538241386414,
      0.2160797119140625,
      -0.20983026921749115,
      0.017224222421646118,
      -0.16396336257457733,
      -0.17642994225025177,
      -0.08352646976709366,
      -0.09783420711755753
    ],
    [
      0.20973952114582062,
      0.1859385222196579,
      -0.05795924365520477,
      0.2160901576280594,
      -0.2095889300107956,
      0.01774088852107525,
      -0.1642751842737198,
      -0.17622487246990204,
      -0.08359906822443008,
      -0.0972403883934021
    ],
    [
      0.21020765602588654,
      0.18586333096027374,
      -0.05797160044312477,
      0.21618616580963135,
      -0.20956523716449738,
      0.01885688491165638,
      -0.16370439529418945,
      -0.17761749029159546,
      -0.0819208100438118,
      -0.09661755710840225
    ],
    [
      0.20991647243499756,
      0.18789930641651154,
      -0.059954408556222916,
      0.2163151353597641,
      -0.20896323025226593,
      0.019680820405483246,
      -0.16582651436328888,
      -0.17474156618118286,
      -0.08480864018201828,
      -0.09472525864839554
    ],
    [
      0.20990483462810516,
      0.19014795124530792,
      -0.06377560645341873,
      0.21671943366527557,
      -0.2075057476758957,
      0.020251302048563957,
      -0.16875718533992767,
      -0.1710454374551773,
      -0.08897442370653152,
      -0.09188473224639893
    ],
    [
      0.21009594202041626,
      0.190750852227211,
      -0.06567507237195969,
      0.21690256893634796,
      -0.2067820280790329,
      0.020367637276649475,
      -0.1699739694595337,
      -0.16953079402446747,
      -0.09066586941480637,
      -0.09064781665802002
    ],
    [
      0.2082543820142746,
      0.18962256610393524,
      -0.06301672756671906,
      0.2150920182466507,
      -0.20804522931575775,
      0.01570468209683895,
      -0.17042990028858185,
      -0.16661566495895386,
      -0.09347137808799744,
      -0.09509298950433731
    ],
    [
      0.20743824541568756,
      0.18773238360881805,
      -0.05625605955719948,
      0.21454113721847534,
      -0.21071429550647736,
      0.01565115712583065,
      -0.16627179086208344,
      -0.17148244380950928,
      -0.0875500962138176,
      -0.0994422435760498
    ],
    [
      0.20666326582431793,
      0.18910624086856842,
      -0.05722862482070923,
      0.214663565158844,
      -0.21044020354747772,
      0.014869076199829578,
      -0.16786926984786987,
      -0.1687559336423874,
      -0.09071942418813705,
      -0.09905055165290833
    ],
    [
      0.20620989799499512,
      0.18867403268814087,
      -0.0564759187400341,
      0.21448345482349396,
      -0.21070758998394012,
      0.013273891992866993,
      -0.16775916516780853,
      -0.16826820373535156,
      -0.09156566113233566,
      -0.10022332519292831
    ],
    [
      0.20504562556743622,
      0.1881180852651596,
      -0.05408788099884987,
      0.2140008807182312,
      -0.21169812977313995,
      0.011245138011872768,
      -0.16717766225337982,
      -0.1677260398864746,
      -0.09227436780929565,
      -0.10288301110267639
    ],
    [
      0.20427417755126953,
      0.18744850158691406,
      -0.05206191912293434,
      0.21383027732372284,
      -0.21246439218521118,
      0.009700138121843338,
      -0.16630885004997253,
      -0.16802774369716644,
      -0.09217417240142822,
      -0.10499312728643417
    ],
    [
      0.20313900709152222,
      0.187386155128479,
      -0.04957960918545723,
      0.2135007530450821,
      -0.21347148716449738,
      0.00830700621008873,
      -0.16569529473781586,
      -0.16772933304309845,
      -0.09250614047050476,
      -0.10719075053930283
    ],
    [
      0.20219898223876953,
      0.18747861683368683,
      -0.04801588132977486,
      0.2133547067642212,
      -0.2141217589378357,
      0.00695527158677578,
      -0.16551589965820312,
      -0.16703824698925018,
      -0.09338486939668655,
      -0.10878586024045944
    ],
    [
      0.20156633853912354,
      0.18771415948867798,
      -0.04740286245942116,
      0.2133082151412964,
      -0.2144051343202591,
      0.005833603907376528,
      -0.16577492654323578,
      -0.16603676974773407,
      -0.09467633813619614,
      -0.10966217517852783
    ],
