{
  "tempos": [
    0.0,
    0.5,
    1.0,
    1.5,
    2.0,
    2.5,
    3.0,
    3.5,
    4.0,
    4.5,
    5.0,
    5.5,
    6.0,
    6.5,
    7.0,
    7.5,
    8.0,
    8.5,
    9.0,
    9.5,
    10.0,
    10.5,
    11.0,
    11.5,
    12.0,
    12.5,
    13.0,
    13.5,
    14.0,
    14.5,
    15.0
  ],
  "engajamentoneural": [
    53.841740598101715,
    59.81239629579943,
    67.75333833848624,
    73.36783044907114,
    75.3011970263673,
    74.35755980737197,
    71.8864634646773,
    69.04150502317852,
    66.5182272466181,
    64.62560485019729,
    63.44535958540226,
    62.88662434100776,
    62.71188624355811,
    62.63634500688996,
    62.47109119913499,
    62.22606243892967,
    62.11638300065814,
    62.44257775260116,
    63.3796768021037,
    64.8114725901939,
    66.35478940183125,
    67.57350471797811,
    68.22241420642189,
    68.34960242850714,
    68.20045999034919,
    68.0041792232998,
    67.81596791089548,
    67.54059659252441,
    67.09580595698354,
    66.56295582053093,
    66.18517849004319
  ],
  "cognitivedemand": [
    21.97474313257917,
    69.41077642869892,
    84.34208473864427,
    84.76267912268284,
    84.80285218051331,
    84.81719287715573,
    84.84829454475594,
    84.85300021193058,
    61.26821672632281,
    63.655918160329264,
    82.20450325541228,
    83.97235476976233,
    84.60851519339191,
    85.20026558116481,
    85.81964802260086,
    86.39404030431487,
    61.629844731684685,
    54.15195889576691,
    72.723018727233,
    75.02194277827682,
    75.24012157053762,
    75.26916472717892,
    75.43767506692461,
    56.20280018184818,
    41.228406063701996,
    58.75209073905844,
    62.059355448193216,
    62.43268359487692,
    62.68479503592278,
    62.98831018296097,
    63.301585234339164
  ],
  "focus": [
    13.111937539208192,
    25.1798323327466,
    17.032520043497048,
    20.585508305042133,
    24.79992916695112,
    27.52936906188092,
    25.697638383404303,
    25.531404499101146,
    25.598536239239436,
    16.513819018488096,
    31.09865607416324,
    20.511211206877174,
    14.429689150245292,
    9.842724009795587,
    9.178974472217064,
    9.007947032940278,
    9.014334396440647,
    10.886724860349547,
    9.3814551404561,
    8.536823987114637,
    10.033805837863719,
    9.364206189294618,
    8.790080026502043,
    8.670527855943819,
    9.068479375776189,
    24.167940667703096,
    16.412401553611883,
    11.003939278846778,
    9.963499657372006,
    9.47474036009276,
    9.554625268925184
  ],
  "embeddings": [
    [
      0.1977996826171875,
      0.19517265260219574,
      -0.04747076705098152,
      0.21186880767345428,
      -0.2155471295118332,
      0.006803732831031084,
      -0.1712912917137146,
      -0.15632618963718414,
      -0.10350418835878372,
      -0.10842245817184448
    ],
    [
      0.1961846798658371,
      0.19431741535663605,
      -0.04705338552594185,
      0.21229059994220734,
      -0.215410053730011,
      0.0017835864564403892,
      -0.17147378623485565,
      -0.1536567360162735,
      -0.10764933377504349,
      -0.11156945675611496
    ],
    [
      0.19604873657226562,
      0.19144491851329803,
      -0.04245315119624138,
      0.2125229686498642,
      -0.216866597533226,
      0.0008907343144528568,
      -0.16752301156520844,
      -0.15850801765918732,
      -0.10271552950143814,
      -0.11531586199998856
    ],
    [
      0.1972968429327011,
      0.19115515053272247,
      -0.043390389531850815,
      0.21326200664043427,
      -0.21634459495544434,
      0.003028054954484105,
      -0.1668187975883484,
      -0.16106759011745453,
      -0.10019373893737793,
      -0.1135336235165596
    ],
    [
      0.19757133722305298,
      0.19170725345611572,
      -0.04438554123044014,
      0.2134825736284256,
      -0.21599359810352325,
      0.003662973875179887,
      -0.16738247871398926,
      -0.1606869101524353,
      -0.10061487555503845,
      -0.112445168197155
    ],
    [
      0.19689051806926727,
      0.19251583516597748,
      -0.04439251124858856,
      0.21328683197498322,
      -0.21608233451843262,
      0.003155475715175271,
      -0.1681668609380722,
      -0.15907616913318634,
      -0.10232654958963394,
      -0.11265940219163895
    ],
    [
      0.19633163511753082,
      0.19279195368289948,
      -0.0439632274210453,
      0.21309490501880646,
      -0.2163132280111313,
      0.002262359717860818,
      -0.1685439795255661,
      -0.15791787207126617,
      -0.10356313735246658,
      -0.11335256695747375
    ],
    [
      0.19612710177898407,
      0.19310402870178223,
      -0.04401189088821411,
      0.21302087604999542,
      -0.2163391262292862,
      0.002117705997079611,
      -0.16882897913455963,
      -0.1574079841375351,
      -0.10409759730100632,
      -0.11333652585744858
    ],
    [
      0.19658420979976654,
      0.19315429031848907,
      -0.04465526342391968,
      0.21310605108737946,
      -0.2160937339067459,
      0.0029496129136532545,
      -0.16882957518100739,
      -0.15795637667179108,
      -0.10335054993629456,
      -0.11250384896993637
    ],
    [
      0.19682414829730988,
      0.19332808256149292,
      -0.04519401863217354,
      0.21321995556354523,
      -0.2159023880958557,
      0.0035646369215101004,
      -0.1689894199371338,
      -0.1580393761396408,
      -0.10315140336751938,
      -0.11191179603338242
    ],
    [
      0.19668005406856537,
      0.1935291439294815,
      -0.04523199796676636,
      0.2131887674331665,
      -0.21591125428676605,
      0.003349448787048459,
      -0.16925106942653656,
      -0.15753117203712463,
      -0.10372620820999146,
      -0.11195088177919388
    ],
    [
      0.19688034057617188,
      0.19392459094524384,
      -0.04611216112971306,
      0.2132939100265503,
      -0.21557211875915527,
      0.0038216046523302794,
      -0.16972310841083527,
      -0.15722891688346863,
      -0.10405381768941879,
      -0.11111652106046677
    ],
    [
      0.1964043527841568,
      0.19580835103988647,
      -0.04690413177013397,
      0.21307729184627533,
      -0.21545404195785522,
      0.004947117064148188,
      -0.1710672527551651,
      -0.15529468655586243,
      -0.10547042638063431,
      -0.10990014672279358
    ],
    [
      0.19580836594104767,
      0.19554531574249268,
      -0.047733455896377563,
      0.21303163468837738,
      -0.21503789722919464,
      0.0022666461300104856,
      -0.17210103571414948,
      -0.1528444141149521,
      -0.1087399423122406,
      -0.11079800128936768
    ],
    [
      0.19524222612380981,
      0.1936611384153366,
      -0.04389675334095955,
      0.21248690783977509,
      -0.2164618968963623,
      0.0007284046150743961,
      -0.16983447968959808,
      -0.15506815910339355,
      -0.10625413805246353,
      -0.11416485160589218
    ],
    [
      0.19525139033794403,
      0.1931547075510025,
      -0.04287927970290184,
      0.21239809691905975,
      -0.2168467491865158,
      0.0006591904093511403,
      -0.1691349893808365,
      -0.15605837106704712,
      -0.10519834607839584,
      -0.11481622606515884
    ],
    [
      0.19504515826702118,
      0.19325967133045197,
      -0.04264433681964874,
      0.212365984916687,
      -0.21697230637073517,
      0.00039579454460181296,
      -0.16922052204608917,
      -0.15579234063625336,
      -0.10551953315734863,
      -0.11504770070314407
    ],
    [
      0.19464409351348877,
      0.19297672808170319,
      -0.04180259630084038,
      0.2121623009443283,
      -0.21731282770633698,
      -0.0005752973374910653,
      -0.16904525458812714,
      -0.1555095762014389,
      -0.10588598996400833,
      -0.11608719080686569
    ],
    [
      0.19410920143127441,
      0.19249564409255981,
      -0.04019889608025551,
      0.21205143630504608,
      -0.2179241180419922,
      -0.0016495311865583062,
      -0.16840235888957977,
      -0.15574049949645996,
      -0.10578068345785141,
