{
  "tempos": [
    0.0,
    0.5,
    1.0,
    1.5,
    2.0,
    2.5,
    3.0,
    3.5,
    4.0,
    4.5,
    5.0,
    5.5,
    6.0,
    6.5,
    7.0,
    7.5,
    8.0,
    8.5,
    9.0,
    9.5,
    10.0,
    10.5,
    11.0,
    11.5,
    12.0,
    12.5,
    13.0,
    13.5,
    14.0,
    14.5,
    15.0
  ],
  "engajamentoneural": [
    37.998244946034106,
    45.08632754599006,
    57.097753319914915,
    69.33851078734925,
    77.95906822166604,
    82.50257128848142,
    84.24224710540237,
    84.4262083747056,
    83.90218929969753,
    83.19488369923647,
    82.59339269313139,
    82.21901660676374,
    82.08541081593778,
    82.14889618780711,
    82.34780108859442,
    82.62513541247736,
    82.93551736139565,
    83.2428200095401,
    83.51625703094169,
    83.7298327850378,
    83.86555007675045,
    83.91765629547123,
    83.89427883884788,
    83.81469720372488,
    83.70145793534401,
    83.56747426402991,
    83.4020743327791,
    83.1711140112977,
    82.85312061730616,
    82.50109638460572,
    82.25731152722307
  ],
  "cognitivedemand": [
    29.609720753823733,
    29.222587462465043,
    33.65038606962484,
    48.849930803870464,
    68.23779683671115,
    77.66560425940933,
    81.04648032028487,
    82.41193042636412,
    84.41223889676466,
    85.2987988872219,
    86.94254834260173,
    88.39598501129254,
    87.48874298226121,
    87.63763703190378,
    88.16663600554224,
    88.13517796659383,
    88.09629926704152,
    88.09977912451946,
    88.10179292397648,
    88.10648309847744,
    88.33906519578754,
    88.50973284878229,
    88.41729357193455,
    88.36721784317722,
    88.29497507898913,
    88.26806888928739,
    88.21966686256705,
    88.19218988370268,
    88.168638536785,
    88.15457493172705,
    88.03087757067348
  ],
  "focus": [
    18.45589301368631,
    12.900071691459816,
    16.56864054536043,
    21.06823682199502,
    32.16821222294097,
    13.898701200421641,
    12.09483332585376,
    10.184961687125305,
    10.073029969541617,
    10.175480243488735,
    10.887706033404813,
    10.356607071742497,
    9.485682932586641,
    9.639445733965115,
    10.356705346507002,
    10.802875529982453,
    10.349914671607856,
    10.59038398854129,
    10.320285007296212,
    9.88680195535864,
    9.717918023727004,
    9.415792074245532,
    9.110283892970982,
    9.048298479711265,
    9.443190117077478,
    10.03658312352173,
    9.919378596447158,
    9.77882317496236,
    9.56910226507609,
    9.169030096422999,
    9.016431226085032
  ],
  "embeddings": [
    [
      0.19651679694652557,
      0.19869698584079742,
      -0.0524592287838459,
      0.20907771587371826,
      -0.214677095413208,
      0.0030053083319216967,
      -0.1788553148508072,
      -0.14464440941810608,
      -0.11451282352209091,
      -0.10690254718065262
    ],
    [
      0.1949155479669571,
      0.2008884996175766,
      -0.05428918078541756,
      0.20817655324935913,
      -0.21434704959392548,
      0.0011314267758280039,
      -0.18227331340312958,
      -0.13899464905261993,
      -0.12035376578569412,
      -0.10687895864248276
    ],
    [
      0.19493712484836578,
      0.19714827835559845,
      -0.04804949089884758,
      0.2085697501897812,
      -0.21622483432292938,
      0.0004875169543083757,
      -0.17662043869495392,
      -0.1461229771375656,
      -0.11289894580841064,
      -0.11148365586996078
    ],
    [
      0.19597923755645752,
      0.19426976144313812,
      -0.04537854716181755,
      0.20949490368366241,
      -0.21681146323680878,
      0.0010567405261099339,
      -0.1726558357477188,
      -0.15200895071029663,
      -0.10700919479131699,
      -0.1129320040345192
    ],
    [
      0.19818322360515594,
      0.19202864170074463,
      -0.047640759497880936,
      0.21138203144073486,
      -0.21524333953857422,
      0.002579723484814167,
      -0.17075546085834503,
      -0.15631181001663208,
      -0.10388591140508652,
      -0.11096055060625076
    ],
    [
      0.19774694740772247,
      0.18975508213043213,
      -0.04185642674565315,
      0.21191728115081787,
      -0.2171996682882309,
      0.003418954787775874,
      -0.16618728637695312,
      -0.16201020777225494,
      -0.09771586209535599,
      -0.11492431163787842
    ],
    [
      0.19720490276813507,
      0.1923140436410904,
      -0.04564051330089569,
      0.2126375436782837,
      -0.2157115340232849,
      0.0021202240604907274,
      -0.1694682389497757,
      -0.15727581083774567,
      -0.10410106927156448,
      -0.11230791360139847
    ],
    [
      0.19591005146503448,
      0.19250671565532684,
      -0.04315672442317009,
      0.21232755482196808,
      -0.21675705909729004,
      0.0008239205926656723,
      -0.16900302469730377,
      -0.15669141709804535,
      -0.10462630540132523,
      -0.11460065841674805
    ],
    [
      0.1951155662536621,
      0.1936865895986557,
      -0.043175775557756424,
      0.21232980489730835,
      -0.21685713529586792,
      0.00038571757613681257,
      -0.16990768909454346,
      -0.15495111048221588,
      -0.10657060891389847,
      -0.11463391035795212
    ],
    [
      0.19496095180511475,
      0.1935826539993286,
      -0.043471429497003555,
      0.21234484016895294,
      -0.21667200326919556,
      -0.0006443833117373288,
      -0.17020182311534882,
      -0.15426133573055267,
      -0.10771608352661133,
      -0.11485246568918228
    ],
    [
      0.19463151693344116,
      0.19249044358730316,
      -0.041038524359464645,
      0.21205393970012665,
      -0.21759869158267975,
      -0.0013268021866679192,
      -0.1687387228012085,
      -0.15578807890415192,
      -0.105948805809021,
      -0.11690280586481094
    ],
    [
      0.1941085308790207,
      0.1927209347486496,
      -0.04035471752285957,
      0.21193574368953705,
      -0.21792061626911163,
      -0.001953649800270796,
      -0.1688309907913208,
      -0.15519486367702484,
      -0.10663031786680222,
      -0.11758250743150711
    ],
    [
      0.19365157186985016,
      0.1928948312997818,
      -0.03965006396174431,
      0.21182399988174438,
      -0.2182457000017166,
      -0.0024220675695687532,
      -0.1688288450241089,
      -0.15478265285491943,
      -0.10704633593559265,
      -0.11824918538331985
    ],
    [
      0.19337178766727448,
      0.19315917789936066,
      -0.03951096534729004,
      0.21180379390716553,
      -0.2183293253183365,
      -0.0027024068403989077,
      -0.16902808845043182,
      -0.15427978336811066,
      -0.10763228684663773,
      -0.1184295192360878
    ],
    [
      0.19309435784816742,
      0.19327110052108765,
      -0.03917191922664642,
      0.21175579726696014,
      -0.218480184674263,
      -0.0030687388498336077,
      -0.1690739542245865,
      -0.15395142138004303,
      -0.10801156610250473,
      -0.11880815029144287
    ],
    [
      0.19339416921138763,
      0.19232277572155,
      -0.03898392245173454,
      0.21192878484725952,
      -0.21838408708572388,
      -0.003621491836383939,
      -0.16840974986553192,
      -0.15489698946475983,
      -0.10741839557886124,
      -0.11922844499349594
    ],
    [
      0.19344402849674225,
      0.1911061853170395,
      -0.03715232387185097,
      0.2118462473154068,
      -0.21901734173297882,
      -0.0038824444636702538,
      -0.1669134497642517,
      -0.15683650970458984,
      -0.10531888157129288,
      -0.12068507075309753
    ],
    [
      0.193165123462677,
      0.19133450090885162,
      -0.03685428574681282,
      0.21180206537246704,
      -0.21917498111724854,
      -0.00412776367738843,
      -0.16702520847320557,
      -0.15647044777870178,
      -0.10572110861539841,
      -0.12092316150665283
    ],
    [
      0.19287769496440887,
      0.19172091782093048,
      -0.0367877334356308,
      0.21175478398799896,
      -0.21925413608551025,
      -0.0042779939249157906,
      -0.16731171309947968,
      -0.155874565243721,
      -0.10632877796888351,
