{
  "tempos": [
    0.0,
    0.5,
    1.0,
    1.5,
    2.0,
    2.5,
    3.0,
    3.5,
    4.0,
    4.5,
    5.0,
    5.5,
    6.0,
    6.5,
    7.0,
    7.5,
    8.0,
    8.5,
    9.0,
    9.5,
    10.0,
    10.5,
    11.0,
    11.5,
    12.0,
    12.5,
    13.0,
    13.5,
    14.0,
    14.5,
    15.0
  ],
  "engajamentoneural": [
    23.37062986274958,
    28.917282803050163,
    40.233077081536734,
    54.88576251295368,
    67.5950651637935,
    75.27403319766638,
    78.54064582356544,
    79.12586589262473,
    78.43214690266866,
    77.3502219857128,
    76.33099566132128,
    75.51711685974209,
    74.8991430771305,
    74.43271748455206,
    74.09008223042792,
    73.86147643573221,
    73.7365591831099,
    73.69299677219028,
    73.69988763503889,
    73.72660992535512,
    73.74686208571957,
    73.73961023935583,
    73.69378256776046,
    73.61543977302512,
    73.52587233989267,
    73.44216286307157,
    73.34845017594509,
    73.18833051407579,
    72.91328636546635,
    72.56869641112192,
    72.31651247585613
  ],
  "cognitivedemand": [
    21.3869634970821,
    22.108522103159437,
    27.658837172487168,
    37.90744610362726,
    47.43149859028478,
    59.012269385076294,
    69.58479033809539,
    72.56765891106535,
    72.94800638003562,
    73.54021829243861,
    75.16116646279073,
    76.28192928955768,
    76.5382594748892,
    76.74588511903096,
    76.8521414345229,
    76.98419383908553,
    77.01921180204688,
    76.95070522494011,
    76.86590423079005,
    76.9549030569516,
    76.96009230729203,
    76.88820063616267,
    76.89939217982192,
    77.1118936876004,
    77.03054318502605,
    76.87507842192346,
    76.81911341116633,
    76.9562802248153,
    77.03086529086936,
    77.00346552769827,
    76.2421495249601
  ],
  "focus": [
    12.712724238883908,
    13.199469484965475,
    41.843540788731616,
    15.87231983766315,
    9.965350108603308,
    14.957711179835144,
    12.286202948614998,
    11.649063933017288,
    8.407232284567177,
    7.926167966754756,
    7.864906864108831,
    7.854840093277988,
    7.8497562054730565,
    7.844587472947027,
    7.850109808986877,
    7.85332586175223,
    7.838966504998157,
    7.83566701582851,
    7.837567509169387,
    7.862503784674285,
    7.878031324876447,
    7.868478189999779,
    7.8584060255534816,
    7.8389959769502475,
    7.834334616527114,
    7.835515229501948,
    7.845666262908231,
    7.870757333499572,
    7.907535925765287,
    7.887212136659221,
    7.877495962221116
  ],
  "embeddings": [
    [
      0.19767451286315918,
      0.19746999442577362,
      -0.05501167103648186,
      0.2089868038892746,
      -0.21356554329395294,
      0.0028789667412638664,
      -0.17991499602794647,
      -0.14357715845108032,
      -0.11554063111543655,
      -0.10574877262115479
    ],
    [
      0.19618548452854156,
      0.19818101823329926,
      -0.05368652567267418,
      0.20862843096256256,
      -0.2141115814447403,
      0.0015052155358716846,
      -0.18012456595897675,
      -0.14240662753582,
      -0.11686229705810547,
      -0.10734665393829346
    ],
    [
      0.19717402756214142,
      0.19405002892017365,
      -0.048092667013406754,
      0.20970167219638824,
      -0.21553809940814972,
      0.002279134001582861,
      -0.17338138818740845,
      -0.1522597223520279,
      -0.1070472002029419,
      -0.11061423271894455
    ],
    [
      0.19668813049793243,
      0.19136063754558563,
      -0.04252040013670921,
      0.2098122388124466,
      -0.2175409346818924,
      0.001388388336636126,
      -0.16916672885417938,
      -0.15700708329677582,
      -0.10193822532892227,
      -0.1147991418838501
    ],
    [
      0.19712142646312714,
      0.19150753319263458,
      -0.04319043084979057,
      0.21074485778808594,
      -0.21711301803588867,
      0.0025828152429312468,
      -0.1687222272157669,
      -0.15815985202789307,
      -0.10115935653448105,
      -0.11374817043542862
    ],
    [
      0.19727583229541779,
      0.19246149063110352,
      -0.04490603134036064,
      0.2113543003797531,
      -0.2163524180650711,
      0.0029785074293613434,
      -0.16970746219158173,
      -0.1571255475282669,
      -0.10267307609319687,
      -0.11235100030899048
    ],
    [
      0.19767989218235016,
      0.19156940281391144,
      -0.045261502265930176,
      0.21192163228988647,
      -0.21590816974639893,
      0.003364583244547248,
      -0.16882090270519257,
      -0.15860886871814728,
      -0.10162732750177383,
      -0.11232177168130875
    ],
    [
      0.19760078191757202,
      0.1917945146560669,
      -0.04509272798895836,
      0.21215520799160004,
      -0.21597866714000702,
      0.0032356567680835724,
      -0.1688123196363449,
      -0.15856043994426727,
      -0.1019236147403717,
      -0.11236464977264404
    ],
    [
      0.19810466468334198,
      0.19159285724163055,
      -0.045738037675619125,
      0.21242673695087433,
      -0.21562521159648895,
      0.0037114315200597048,
      -0.16864697635173798,
      -0.15923431515693665,
      -0.10141123086214066,
      -0.11164814978837967
    ],
    [
      0.19786231219768524,
      0.19206295907497406,
      -0.04543529078364372,
      0.21249938011169434,
      -0.21578574180603027,
      0.003995663020759821,
      -0.16870306432247162,
      -0.15907584130764008,
      -0.10151830315589905,
      -0.11163637042045593
    ],
    [
      0.19800245761871338,
      0.1924564093351364,
      -0.04654933884739876,
      0.21259857714176178,
      -0.21535338461399078,
      0.004138813354074955,
      -0.16937173902988434,
      -0.15829093754291534,
      -0.10246685892343521,
      -0.11079886555671692
    ],
    [
      0.19784224033355713,
      0.19257885217666626,
      -0.04650220274925232,
      0.21253685653209686,
      -0.21539868414402008,
      0.003969138953834772,
      -0.16952009499073029,
      -0.15790998935699463,
      -0.10283883661031723,
      -0.11094140261411667
    ],
    [
      0.19765664637088776,
      0.19284744560718536,
      -0.04666565731167793,
      0.21249516308307648,
      -0.21535728871822357,
      0.0037465132772922516,
      -0.1698562055826187,
      -0.1572893112897873,
      -0.10352172702550888,
      -0.11093420535326004
    ],
    [
      0.19749517738819122,
      0.1927172690629959,
      -0.046212088316679,
      0.21245266497135162,
      -0.21553224325180054,
      0.0034955248702317476,
      -0.16965723037719727,
      -0.15737642347812653,
      -0.10344237089157104,
      -0.11138564348220825
    ],
    [
      0.1970728486776352,
      0.19297613203525543,
      -0.045826029032468796,
      0.21235279738903046,
      -0.21572734415531158,
      0.0030062543228268623,
      -0.1698489636182785,
      -0.156748965382576,
      -0.10412982106208801,
      -0.11185181885957718
    ],
    [
      0.19701945781707764,
      0.1925533562898636,
      -0.04513855651021004,
      0.21236109733581543,
      -0.21596316993236542,
      0.002682555466890335,
      -0.16936998069286346,
      -0.15726234018802643,
      -0.10367139428853989,
      -0.11246883869171143
    ],
    [
      0.19688951969146729,
      0.19255231320858002,
      -0.044885266572237015,
      0.21239030361175537,
      -0.2160617709159851,
      0.002470290521159768,
      -0.1693110316991806,
      -0.1572205275297165,
      -0.10378539562225342,
      -0.1127161756157875
    ],
    [
      0.19675660133361816,
      0.19256703555583954,
      -0.044659245759248734,
      0.2123979777097702,
      -0.21614988148212433,
      0.0022880996111780405,
      -0.16926516592502594,
      -0.1571601778268814,
      -0.10389070957899094,
      -0.11294392496347427
    ],
    [
      0.19653713703155518,
      0.1928047388792038,
      -0.04456425830721855,
      0.21236909925937653,
      -0.21621261537075043,
      0.0021108549553900957,
      -0.16944067180156708,
      -0.1567455679178238,
      -0.10434606671333313,
