{
  "tempos": [
    0.0,
    0.5,
    1.0,
    1.5,
    2.0,
    2.5,
    3.0,
    3.5,
    4.0,
    4.5,
    5.0,
    5.5,
    6.0,
    6.5,
    7.0,
    7.5,
    8.0,
    8.5,
    9.0,
    9.5,
    10.0,
    10.5,
    11.0,
    11.5,
    12.0,
    12.5,
    13.0,
    13.5,
    14.0,
    14.5,
    15.0
  ],
  "engajamentoneural": [
    60.37079233264875,
    68.17550942322673,
    78.25798445065872,
    85.28264918986966,
    88.38043551227726,
    88.81804758067256,
    87.7504431530888,
    86.00807124112701,
    84.19326732146055,
    82.6504318513742,
    81.48762838952781,
    80.67086142852243,
    80.11377836838489,
    79.7293278445888,
    79.45200378603823,
    79.24325053524908,
    79.0861550911287,
    78.97291623587061,
    78.89201639013581,
    78.8227131541481,
    78.73968486705525,
    78.62431613870325,
    78.47419141678391,
    78.30291809796283,
    78.12753723209629,
    77.94785663814761,
    77.72714869319034,
    77.39585655113146,
    76.9110619487576,
    76.35666835778734,
    75.96704288034559
  ],
  "cognitivedemand": [
    21.66018331228124,
    36.616221274508625,
    62.38222346180596,
    68.71414168461115,
    69.46144040979057,
    72.21815411795752,
    74.06118778327738,
    74.60263436998133,
    75.3302694726782,
    77.14454314625934,
    79.15539239171406,
    80.73055527462377,
    80.7417607855439,
    81.003155909203,
    80.98595787315305,
    81.09942471802516,
    80.92730604174224,
    81.08025189563132,
    80.79994662441636,
    80.6059386182906,
    80.54534285174421,
    80.7119207638047,
    80.60295418923653,
    80.63355766018543,
    80.70617963437022,
    80.8101260169445,
    80.71227261386095,
    80.6144281921864,
    80.65677810101796,
    80.93014280081846,
    79.93151199619882
  ],
  "focus": [
    12.763903439662743,
    11.57281020540709,
    9.359603576651724,
    9.10790764736292,
    10.995837752040567,
    11.487935519225454,
    13.84075221331909,
    10.81559102683746,
    8.781392513794598,
    8.162181424914003,
    7.962062285015984,
    7.943051667026455,
    7.914698128526377,
    7.891444791460422,
    7.905899210797388,
    7.921377779937902,
    7.916368625106389,
    7.9162680984216,
    7.9646483837682265,
    7.948292676506799,
    7.913492541363493,
    7.8871590027969996,
    7.914856536961389,
    7.926672571052776,
    7.911598891034481,
    7.896684472591529,
    7.911950835836823,
    7.911393178552254,
    7.916412921553092,
    7.897903089475077,
    7.910704393623206
  ],
  "embeddings": [
    [
      0.19946275651454926,
      0.19591140747070312,
      -0.05688473582267761,
      0.2103392630815506,
      -0.2123153656721115,
      0.00486166262999177,
      -0.17843173444271088,
      -0.14740565419197083,
      -0.11222655326128006,
      -0.10394921898841858
    ],
    [
      0.20085035264492035,
      0.18912480771541595,
      -0.04844530299305916,
      0.2118450403213501,
      -0.21439939737319946,
      0.0053720916621387005,
      -0.16819798946380615,
      -0.16195236146450043,
      -0.09775043278932571,
      -0.10948475450277328
    ],
    [
      0.2009214162826538,
      0.18819457292556763,
      -0.046591538935899734,
      0.21249400079250336,
      -0.21491122245788574,
      0.0053541273809969425,
      -0.16636866331100464,
      -0.1644536405801773,
      -0.09565412998199463,
      -0.11060923337936401
    ],
    [
      0.2001308649778366,
      0.18889416754245758,
      -0.04588179662823677,
      0.21247822046279907,
      -0.21528278291225433,
      0.00481628580018878,
      -0.16661851108074188,
      -0.16344836354255676,
      -0.09683248400688171,
      -0.11115046590566635
    ],
    [
      0.19966870546340942,
      0.18967504799365997,
      -0.04639773070812225,
      0.21254919469356537,
      -0.21513564884662628,
      0.004410985857248306,
      -0.167428657412529,
      -0.16194768249988556,
      -0.09857189655303955,
      -0.11095750331878662
    ],
    [
      0.1992402821779251,
      0.19000953435897827,
      -0.046287477016448975,
      0.21251611411571503,
      -0.21520645916461945,
      0.003821204649284482,
      -0.16778968274593353,
      -0.1610463708639145,
      -0.09963075071573257,
      -0.11130443215370178
    ],
    [
      0.1988387256860733,
      0.19016660749912262,
      -0.04577822610735893,
      0.21245497465133667,
      -0.21542946994304657,
      0.003326935926452279,
      -0.16783887147903442,
      -0.16058923304080963,
      -0.10015248507261276,
      -0.11187195777893066
    ],
    [
      0.19857804477214813,
      0.19015862047672272,
      -0.04529379680752754,
      0.21238011121749878,
      -0.21564698219299316,
      0.003000957192853093,
      -0.16773180663585663,
      -0.16043908894062042,
      -0.10029008239507675,
      -0.11236653476953506
    ],
    [
      0.19841225445270538,
      0.1902909129858017,
      -0.04520971700549126,
      0.2123943418264389,
      -0.21569561958312988,
      0.0028041915502399206,
      -0.1678222417831421,
      -0.16015051305294037,
      -0.10064000636339188,
      -0.11249467730522156
    ],
    [
      0.1982138752937317,
      0.19041937589645386,
      -0.044978514313697815,
      0.2123878002166748,
      -0.21580450236797333,
      0.002664203755557537,
      -0.16784422099590302,
      -0.15995262563228607,
      -0.10084978491067886,
      -0.11271093040704727
    ],
    [
      0.19811707735061646,
      0.19052918255329132,
      -0.04495446756482124,
      0.21241801977157593,
      -0.21582089364528656,
      0.002612202661111951,
      -0.16789864003658295,
      -0.15980613231658936,
      -0.10103317350149155,
      -0.11274533718824387
    ],
    [
      0.1980404108762741,
      0.19062913954257965,
      -0.044929634779691696,
      0.21241648495197296,
      -0.2158447504043579,
      0.0025971848517656326,
      -0.16795331239700317,
      -0.1596737951040268,
      -0.10116428881883621,
      -0.11276114732027054
    ],
    [
      0.19791506230831146,
      0.19077138602733612,
      -0.04483985900878906,
      0.21238720417022705,
      -0.21590299904346466,
      0.0025426626671105623,
      -0.16803805530071259,
      -0.15946565568447113,
      -0.1013498306274414,
      -0.11284887790679932
    ],
    [
      0.1978645920753479,
      0.1909322589635849,
      -0.044928520917892456,
      0.2123764306306839,
      -0.21589362621307373,
      0.0025847633369266987,
      -0.1681775599718094,
      -0.15926209092140198,
      -0.10153081268072128,
      -0.11275439709424973
    ],
    [
      0.19783835113048553,
      0.19110524654388428,
      -0.045165836811065674,
      0.21240045130252838,
      -0.21581310033798218,
      0.0025686908047646284,
      -0.1683948040008545,
      -0.1589771807193756,
      -0.10185614228248596,
      -0.11258340626955032
    ],
    [
      0.19782687723636627,
      0.19100455939769745,
      -0.045152198523283005,
      0.21239161491394043,
      -0.21580763161182404,
      0.0024100448936223984,
      -0.168362095952034,
      -0.15899762511253357,
      -0.10189560055732727,
      -0.11268740892410278
    ],
    [
      0.19778688251972198,
      0.1909341663122177,
      -0.044881224632263184,
      0.2123575210571289,
      -0.21592341363430023,
      0.0024165851064026356,
      -0.16821014881134033,
      -0.1591762751340866,
      -0.10166355222463608,
      -0.11287058144807816
    ],
    [
      0.19782672822475433,
      0.19104842841625214,
      -0.045106325298547745,
      0.21241094172000885,
      -0.21583472192287445,
      0.002503392519429326,
      -0.16833175718784332,
      -0.1590963453054428,
      -0.10178148001432419,
      -0.11265257745981216
    ],
    [
      0.19785857200622559,
      0.19116713106632233,
      -0.045303184539079666,
      0.21244603395462036,
      -0.2157617211341858,
      0.0026449996512383223,
      -0.16843420267105103,
      -0.15903304517269135,
      -0.10184658318758011,
      -0.1124483123421669
