{
  "tempos": [
    0.0,
    0.5,
    1.0,
    1.5,
    2.0,
    2.5,
    3.0,
    3.5,
    4.0,
    4.5,
    5.0,
    5.5,
    6.0,
    6.5,
    7.0,
    7.5,
    8.0,
    8.5,
    9.0,
    9.5,
    10.0,
    10.5,
    11.0,
    11.5,
    12.0,
    12.5,
    13.0,
    13.5,
    14.0,
    14.5,
    15.0
  ],
  "engajamentoneural": [
    69.22759040130748,
    74.92579687393331,
    81.31911757277643,
    84.56598905050552,
    84.21803558849908,
    81.13236378457988,
    76.60884923549374,
    72.09351035997686,
    68.49558214798667,
    65.96756310355222,
    64.27740842009698,
    63.20520939292965,
    62.6745042498843,
    62.671491327637064,
    63.123926693056156,
    63.870364865933105,
    64.72047847901466,
    65.52640041847548,
    66.2089807878738,
    66.74528298718599,
    67.14917458177317,
    67.46057050095268,
    67.73199786097787,
    67.99266447491831,
    68.19325282572693,
    68.17956156789499,
    67.75014250448315,
    66.7884903267584,
    65.39938405478101,
    63.96619882733241,
    63.03981589815958
  ],
  "cognitivedemand": [
    41.645135663027496,
    48.66832300846924,
    65.10857343290526,
    70.75826283817695,
    70.37856745904311,
    70.41582088644385,
    70.54837068202131,
    70.74306536877079,
    70.93354752069426,
    71.04842693907683,
    70.03172886006327,
    31.480465487212925,
    37.19989148274068,
    44.599405778850176,
    45.5597367629908,
    49.016154157249304,
    51.75345008792827,
    51.60307622870089,
    51.598842448426915,
    51.62023251940752,
    51.58635767654869,
    51.44168022225321,
    51.52275459003756,
    50.82012996061068,
    29.69725403092185,
    45.891856259817494,
    56.5329545471748,
    56.937996506236175,
    57.18745645977989,
    57.34287927467718,
    56.95737812175503
  ],
  "focus": [
    38.90556613021482,
    56.5603286273858,
    69.56438448789778,
    31.853610575455434,
    32.555113148987964,
    22.733153574644223,
    34.17330057972549,
    36.067820440983795,
    30.340181585634053,
    31.61205231815722,
    37.775252090039835,
    51.1296780329724,
    40.70633500455908,
    69.22684093500968,
    58.646468543535256,
    55.24026764321512,
    39.10484548344917,
    39.60934093897313,
    28.591992063399967,
    34.79447550341976,
    40.41538873990018,
    45.85207600075725,
    44.18736204234168,
    42.62529343518507,
    41.878543687733675,
    36.016460928768716,
    56.63899088248718,
    33.88633781121158,
    35.73133201633041,
    42.00770168050229,
    41.83070110244108
  ],
  "embeddings": [
    [
      0.19575387239456177,
      0.19176261126995087,
      -0.043986961245536804,
      0.2113737314939499,
      -0.21648578345775604,
      -0.0018796976655721664,
      -0.17007607221603394,
      -0.1541370153427124,
      -0.10753121227025986,
      -0.11535746604204178
    ],
    [
      0.1928797960281372,
      0.18943046033382416,
      -0.03444702550768852,
      0.21062827110290527,
      -0.2201816290616989,
      -0.0053144111298024654,
      -0.1656179279088974,
      -0.1573677808046341,
      -0.10398530960083008,
      -0.12366963177919388
    ],
    [
      0.19133460521697998,
      0.19053827226161957,
      -0.033342648297548294,
      0.2107541710138321,
      -0.22065263986587524,
      -0.007641706615686417,
      -0.16641272604465485,
      -0.1549643725156784,
      -0.10730994492769241,
      -0.12506772577762604
    ],
    [
      0.18981027603149414,
      0.1912468820810318,
      -0.03106403350830078,
      0.21040098369121552,
      -0.2217080146074295,
      -0.009144673123955727,
      -0.16647279262542725,
      -0.15355634689331055,
      -0.10873997211456299,
      -0.1271878033876419
    ],
    [
      0.1887418031692505,
      0.19277973473072052,
      -0.03116356022655964,
      0.21024596691131592,
      -0.2218445986509323,
      -0.009955144487321377,
      -0.16784705221652985,
      -0.15089286863803864,
      -0.11157017946243286,
      -0.1273493617773056
    ],
    [
      0.18828995525836945,
      0.1931047886610031,
      -0.030925778672099113,
      0.21013368666172028,
      -0.22197431325912476,
      -0.01058695837855339,
      -0.16818630695343018,
      -0.1499825119972229,
      -0.1125812828540802,
      -0.1277952492237091
    ],
    [
      0.187735915184021,
      0.19321469962596893,
      -0.029927343130111694,
      0.2100325971841812,
      -0.22239601612091064,
      -0.011202606372535229,
      -0.168040931224823,
      -0.14966927468776703,
      -0.11293848603963852,
      -0.128740593791008
    ],
    [
      0.18767349421977997,
      0.1931673139333725,
      -0.02968975156545639,
      0.2099837064743042,
      -0.22250030934810638,
      -0.011324145831167698,
      -0.16797322034835815,
      -0.1496671587228775,
      -0.11292001605033875,
      -0.1289554089307785
    ],
    [
      0.18755239248275757,
      0.1934186816215515,
      -0.0296860933303833,
      0.21001791954040527,
      -0.22252364456653595,
      -0.0112861143425107,
      -0.1681157499551773,
      -0.14941948652267456,
      -0.11317726969718933,
      -0.12891016900539398
    ],
    [
      0.18772102892398834,
      0.19341975450515747,
      -0.029722504317760468,
      0.2100396305322647,
      -0.22252266108989716,
      -0.010766498744487762,
      -0.1679680347442627,
      -0.14979681372642517,
      -0.11262109130620956,
      -0.1286858469247818
    ],
    [
      0.18773044645786285,
      0.1935698390007019,
      -0.030022844672203064,
      0.21005499362945557,
      -0.2224162220954895,
      -0.010777306742966175,
      -0.16820549964904785,
      -0.14947561919689178,
      -0.1129816472530365,
      -0.12848401069641113
    ],
    [
      0.18765397369861603,
      0.19343388080596924,
      -0.02975285053253174,
      0.21000826358795166,
      -0.22252488136291504,
      -0.010980394668877125,
      -0.16808463633060455,
      -0.14949077367782593,
      -0.11295557022094727,
      -0.1287909299135208
    ],
    [
      0.18747659027576447,
      0.19351978600025177,
      -0.029491091147065163,
      0.20995502173900604,
      -0.22265063226222992,
      -0.011166987009346485,
      -0.16811001300811768,
      -0.14930275082588196,
      -0.11312520503997803,
      -0.1290464997291565
    ],
    [
      0.18751434981822968,
      0.19357001781463623,
      -0.029514694586396217,
      0.210001602768898,
      -0.2226569652557373,
      -0.010991568677127361,
      -0.16809587180614471,
      -0.14939959347248077,
      -0.11298026889562607,
      -0.12894420325756073
    ],
    [
      0.18755672872066498,
      0.19378221035003662,
      -0.029733052477240562,
      0.21006375551223755,
      -0.22260475158691406,
      -0.010743866674602032,
      -0.16825145483016968,
      -0.149282768368721,
      -0.11304841190576553,
      -0.12865261733531952
    ],
    [
      0.18735294044017792,
      0.19440698623657227,
      -0.0303786788135767,
      0.2101295441389084,
      -0.22237883508205414,
      -0.010815872810781002,
      -0.16892647743225098,
      -0.14827103912830353,
      -0.11417616158723831,
      -0.12823252379894257
    ],
    [
      0.1877557635307312,
      0.1938614845275879,
      -0.029886985197663307,
      0.2102477103471756,
      -0.22253651916980743,
      -0.010083151049911976,
      -0.16809707880020142,
      -0.14981666207313538,
      -0.11231514066457748,
      -0.12822170555591583
    ],
    [
      0.18712760508060455,
      0.1947505921125412,
      -0.030132567510008812,
      0.20985211431980133,
      -0.22262883186340332,
      -0.01077436376363039,
      -0.16918422281742096,
      -0.14788024127483368,
      -0.11420924216508865,
      -0.128184512257576
    ],
    [
      0.1877274364233017,
      0.1941356062889099,
      -0.031048594042658806,
      0.21015167236328125,
      -0.22213570773601532,
      -0.010792654938995838,
      -0.16906076669692993,
      -0.14846156537532806,
      -0.11384322494268417,
