{
  "tempos": [
    0.0,
    0.5,
    1.0,
    1.5,
    2.0,
    2.5,
    3.0,
    3.5,
    4.0,
    4.5,
    5.0,
    5.5,
    6.0,
    6.5,
    7.0,
    7.5,
    8.0,
    8.5,
    9.0,
    9.5,
    10.0,
    10.5,
    11.0,
    11.5,
    12.0,
    12.5,
    13.0,
    13.5,
    14.0,
    14.5,
    15.0
  ],
  "engajamentoneural": [
    56.55062371984121,
    64.40236073033535,
    74.70922805635387,
    81.88367862670997,
    84.68118058900487,
    84.24740975773994,
    81.93795410222882,
    79.09163496790646,
    76.84725801154082,
    75.74710816223829,
    75.68693529490666,
    76.21869088412669,
    76.87611718145502,
    77.3465972560443,
    77.52011263445993,
    77.47399225422255,
    77.39302462269413,
    77.43098445136013,
    77.60258701029916,
    77.7962951852393,
    77.87579853341575,
    77.76221405886908,
    77.44888942833018,
    76.98310999175251,
    76.4502723822855,
    75.94354405530206,
    75.49513874828732,
    75.02840054479863,
    74.43843054074812,
    73.7736686889311,
    73.3019182348556
  ],
  "cognitivedemand": [
    22.344848579346465,
    32.20496514416623,
    63.4882608095629,
    66.38341998937099,
    66.9486065829547,
    66.87025768690066,
    53.85729847479144,
    38.024083437433504,
    58.21827710528919,
    68.57808924095185,
    72.94989191157372,
    73.6595223016305,
    73.66117604547934,
    73.38041607558995,
    45.11567087918682,
    35.84916046010425,
    52.14802776802174,
    65.2577587149096,
    67.29284851413345,
    67.30607469171716,
    67.40687071533053,
    67.71030777763154,
    67.814452094296,
    67.7625426147879,
    67.54483833826428,
    35.4463303568167,
    42.04356342724038,
    57.22677961617938,
    59.85788871838142,
    59.98378563252245,
    59.983569887476044
  ],
  "focus": [
    12.171379733212227,
    20.3382760624823,
    33.53219188709852,
    32.23244741732901,
    44.42254406761543,
    60.52116889303472,
    53.32957579917766,
    20.512799912667756,
    25.934522468978468,
    12.289662417575371,
    8.317885230916685,
    7.973168857132843,
    8.036685782870206,
    8.341510742944235,
    8.886757242815891,
    9.399077760061651,
    8.994521482579476,
    9.098112165318428,
    10.853489113273803,
    8.811730572711028,
    8.296287851844435,
    8.031878026012464,
    7.984781657228896,
    8.045818543668966,
    8.208943710421385,
    8.10427203031396,
    8.311438888523329,
    18.24460039797233,
    18.214647784164256,
    17.540915776850376,
    15.607217232100062
  ],
  "embeddings": [
    [
      0.19961577653884888,
      0.19765694439411163,
      -0.052283238619565964,
      0.21194833517074585,
      -0.2134113311767578,
      0.01047542691230774,
      -0.17499226331710815,
      -0.15373669564723969,
      -0.10591451078653336,
      -0.10202931612730026
    ],
    [
      0.20260672271251678,
      0.18744580447673798,
      -0.04145391657948494,
      0.2130262702703476,
      -0.2167012095451355,
      0.012837681919336319,
      -0.16100971400737762,
      -0.17476791143417358,
      -0.08327755331993103,
      -0.10988868027925491
    ],
    [
      0.20054030418395996,
      0.19175124168395996,
      -0.04539041593670845,
      0.2127268761396408,
      -0.21603089570999146,
      0.009457270614802837,
      -0.16704249382019043,
      -0.16394691169261932,
      -0.09509534388780594,
      -0.10847353935241699
    ],
    [
      0.198768749833107,
      0.1956593543291092,
      -0.05166773870587349,
      0.2129599004983902,
      -0.2136884331703186,
      0.006820590700954199,
      -0.17308466136455536,
      -0.1543940156698227,
      -0.10618730634450912,
      -0.10593709349632263
    ],
    [
      0.1982341855764389,
      0.19500970840454102,
      -0.05111869052052498,
      0.2127288579940796,
      -0.2138407677412033,
      0.004845316056162119,
      -0.17301517724990845,
      -0.15373098850250244,
      -0.10723358392715454,
      -0.1073957085609436
    ],
    [
      0.1978306770324707,
      0.19331030547618866,
      -0.04730745032429695,
      0.2125430554151535,
      -0.21524743735790253,
      0.004152740817517042,
      -0.17037080228328705,
      -0.15686655044555664,
      -0.10378158092498779,
      -0.11032982915639877
    ],
    [
      0.1974136233329773,
      0.19366419315338135,
      -0.04695942997932434,
      0.21259839832782745,
      -0.2153889685869217,
      0.0037403840105980635,
      -0.17051316797733307,
      -0.15636210143566132,
      -0.10449870675802231,
      -0.11062505096197128
    ],
    [
      0.19731436669826508,
      0.19321180880069733,
      -0.04577602073550224,
      0.21257758140563965,
      -0.2158023864030838,
      0.003707336960360408,
      -0.1696566343307495,
      -0.15744145214557648,
      -0.10329056531190872,
      -0.11143382638692856
    ],
    [
      0.19693922996520996,
      0.19402825832366943,
      -0.04650909826159477,
      0.2125353366136551,
      -0.21558445692062378,
      0.003284343285486102,
      -0.1706596165895462,
      -0.15578143298625946,
      -0.10518335551023483,
      -0.11100549250841141
    ],
    [
      0.19554786384105682,
      0.19549083709716797,
      -0.04769778251647949,
      0.2123609185218811,
      -0.21523237228393555,
      0.000725405290722847,
      -0.17312121391296387,
      -0.15115787088871002,
      -0.1107211634516716,
      -0.11136960238218307
    ],
    [
      0.1949012279510498,
      0.19241847097873688,
      -0.042125046253204346,
      0.2114020735025406,
      -0.21730256080627441,
      -0.0018360525136813521,
      -0.16968385875225067,
      -0.15463165938854218,
      -0.10678094625473022,
      -0.1163710355758667
    ],
    [
      0.1951998919248581,
      0.19062753021717072,
      -0.03914681077003479,
      0.21158117055892944,
      -0.2182791829109192,
      -0.0012706777779385448,
      -0.16683125495910645,
      -0.15871615707874298,
      -0.10228729248046875,
      -0.11815181374549866
    ],
    [
      0.1945289820432663,
      0.19102245569229126,
      -0.03873718902468681,
      0.2115371972322464,
      -0.21849001944065094,
      -0.002562953159213066,
      -0.16736193001270294,
      -0.15727806091308594,
      -0.10410916805267334,
      -0.11887722462415695
    ],
    [
      0.19387733936309814,
      0.1908177137374878,
      -0.03762594982981682,
      0.21160395443439484,
      -0.2188599705696106,
      -0.003729909425601363,
      -0.16704495251178741,
      -0.15700696408748627,
      -0.1047784686088562,
      -0.12025771290063858
    ],
    [
      0.1935463547706604,
      0.19045472145080566,
      -0.03639192134141922,
      0.21134306490421295,
      -0.2193673849105835,
      -0.004279748536646366,
      -0.16648490726947784,
      -0.15744934976100922,
      -0.10422713309526443,
      -0.12128076702356339
    ],
    [
      0.19265781342983246,
      0.18951934576034546,
      -0.033851467072963715,
      0.21120311319828033,
      -0.22029627859592438,
      -0.005982766393572092,
      -0.16528549790382385,
      -0.1579291671514511,
      -0.10400009155273438,
      -0.12394284456968307
    ],
    [
      0.192447230219841,
      0.1893599033355713,
      -0.0330861359834671,
      0.2111419290304184,
      -0.22060145437717438,
      -0.00630808062851429,
      -0.16492228209972382,
      -0.1582435816526413,
      -0.10371644049882889,
      -0.12451788038015366
    ],
    [
      0.192081019282341,
      0.18973998725414276,
      -0.032985664904117584,
      0.2112264484167099,
      -0.22065584361553192,
      -0.006559411529451609,
      -0.1652000993490219,
      -0.15756167471408844,
      -0.10456299036741257,
      -0.12471774965524673
    ],
    [
      0.19198216497898102,
      0.19002306461334229,
      -0.03310835734009743,
      0.2114747166633606,
      -0.22056056559085846,
      -0.006438260432332754,
      -0.1652574986219406,
      -0.1575162261724472,
      -0.1047690138220787,
      -0.12454719096422195
    ],
    [
