{
  "tempos": [
    0.0,
    0.5,
    1.0,
    1.5,
    2.0,
    2.5,
    3.0,
    3.5,
    4.0,
    4.5,
    5.0,
    5.5,
    6.0,
    6.5,
    7.0,
    7.5,
    8.0,
    8.5,
    9.0,
    9.5,
    10.0,
    10.5,
    11.0,
    11.5,
    12.0,
    12.5,
    13.0,
    13.5,
    14.0,
    14.5,
    15.0
  ],
  "engajamentoneural": [
    59.74168118918857,
    65.1382472995745,
    71.79467846317084,
    75.79691132220468,
    76.19429746015322,
    73.84739398894588,
    70.0401000246644,
    65.81608365570399,
    61.84379041765551,
    58.80496550081736,
    57.56597589997211,
    58.56265049429138,
    61.03326297987805,
    63.24581906294069,
    63.722876921184614,
    62.15975316847587,
    59.35706310239773,
    56.491003671345,
    54.24360477412306,
    52.37913907502059,
    49.99322497909005,
    46.29386424226063,
    41.583819703217614,
    37.60222973256503,
    36.43842682384209,
    38.929890555427065,
    43.87313834645202,
    48.58399241733575,
    50.954374673999055,
    50.97580269788079,
    50.23573371685215
  ],
  "cognitivedemand": [
    42.75220662787077,
    41.99643072609444,
    44.18081692658638,
    46.666917451288484,
    43.777282676854306,
    41.35930077862771,
    41.17156833013018,
    43.64229887904352,
    42.57426211329733,
    36.38143978098114,
    32.45919309280084,
    49.72889809064843,
    51.74556335649869,
    56.036604212215266,
    57.07163070032052,
    26.12230208748692,
    42.47320275823224,
    42.86671567156041,
    40.79198074893026,
    43.59823300822581,
    44.315099052542735,
    41.977525548393686,
    29.79041535187554,
    26.377554485874466,
    35.14767580637429,
    38.307969824367355,
    37.218329995717305,
    35.24772175426543,
    37.78229062527635,
    38.547738225527816,
    38.5468687787278
  ],
  "focus": [
    9.464296764930832,
    27.73166261180265,
    66.35388131226544,
    63.00850293155211,
    60.124401631320154,
    63.64453978025026,
    68.7447856690991,
    70.6909264589256,
    66.75673701606144,
    64.32898033216884,
    27.72296865920262,
    63.883741713508506,
    66.53504362276284,
    50.08312781371552,
    44.28959640417215,
    36.82652837620798,
    22.58578903206547,
    58.48058309973262,
    57.60808667164637,
    61.445240607137976,
    69.23750130436548,
    64.82383385084374,
    58.51457017500099,
    29.984660450762163,
    51.35173596684839,
    45.65974648476592,
    28.87696922162712,
    25.174833690511527,
    18.255674549883253,
    17.138950487006536,
    17.247518906979305
  ],
  "embeddings": [
    [
      0.20584911108016968,
      0.18981176614761353,
      -0.050827428698539734,
      0.21359987556934357,
      -0.21363164484500885,
      0.017212694510817528,
      -0.1657160520553589,
      -0.17189614474773407,
      -0.08549296110868454,
      -0.1015644446015358
    ],
    [
      0.2057209461927414,
      0.1908435970544815,
      -0.04544578492641449,
      0.2129325270652771,
      -0.21644361317157745,
      0.021243615075945854,
      -0.16374050080776215,
      -0.17520953714847565,
      -0.08011531084775925,
      -0.10237696766853333
    ],
    [
      0.20440305769443512,
      0.20212019979953766,
      -0.06672041118144989,
      0.2135273665189743,
      -0.2090383917093277,
      0.01908770017325878,
      -0.18266315758228302,
      -0.14899958670139313,
      -0.10972881317138672,
      -0.08987453579902649
    ],
    [
      0.2062072902917862,
      0.20075245201587677,
      -0.07756044715642929,
      0.21569889783859253,
      -0.2033442258834839,
      0.016774747520685196,
      -0.18496586382389069,
      -0.14696729183197021,
      -0.11471208184957504,
      -0.0853327140212059
    ],
    [
      0.2084035724401474,
      0.18507720530033112,
      -0.04674538969993591,
      0.21373550593852997,
      -0.21471239626407623,
      0.021381229162216187,
      -0.15831145644187927,
      -0.18401068449020386,
      -0.07134721428155899,
      -0.10273069888353348
    ],
    [
      0.20771290361881256,
      0.18952934443950653,
      -0.04712991788983345,
      0.21434056758880615,
      -0.2152773141860962,
      0.023400306701660156,
      -0.16111905872821808,
      -0.18045984208583832,
      -0.07500601559877396,
      -0.09984191507101059
    ],
    [
      0.20578479766845703,
      0.20203272998332977,
      -0.06939589232206345,
      0.2146822214126587,
      -0.2072216421365738,
      0.02193399704992771,
      -0.18141138553619385,
      -0.15223143994808197,
      -0.10651198029518127,
      -0.08672987669706345
    ],
    [
      0.20614288747310638,
      0.20459304749965668,
      -0.08267218619585037,
      0.21606260538101196,
      -0.20171914994716644,
      0.01871536485850811,
      -0.1891394704580307,
      -0.14158235490322113,
      -0.1199820414185524,
      -0.0807027742266655
    ],
    [
      0.20998318493366241,
      0.1898084133863449,
      -0.06424356997013092,
      0.21489012241363525,
      -0.20761488378047943,
      0.019505726173520088,
      -0.1699812412261963,
      -0.1697307825088501,
      -0.08837110549211502,
      -0.09287642687559128
    ],
    [
      0.20952409505844116,
      0.18648017942905426,
      -0.05093193054199219,
      0.21435610949993134,
      -0.21314871311187744,
      0.02214759588241577,
      -0.16116954386234283,
      -0.1816328912973404,
      -0.07416413724422455,
      -0.09919629245996475
    ],
    [
      0.20947711169719696,
      0.19407133758068085,
      -0.06675754487514496,
      0.21540506184101105,
      -0.2072116881608963,
      0.021716928109526634,
      -0.17387421429157257,
      -0.16478843986988068,
      -0.09370986372232437,
      -0.08902416378259659
    ],
    [
      0.20880310237407684,
      0.19573724269866943,
      -0.06833000481128693,
      0.21483735740184784,
      -0.206835076212883,
      0.02181246317923069,
      -0.1759558767080307,
      -0.1615748256444931,
      -0.09668245166540146,
      -0.08811462670564651
    ],
    [
      0.20958036184310913,
      0.19297753274440765,
      -0.06622125953435898,
      0.21499423682689667,
      -0.20736396312713623,
      0.021486321464180946,
      -0.1728917956352234,
      -0.16584694385528564,
      -0.09225495904684067,
      -0.08995499461889267
    ],
    [
      0.21087507903575897,
      0.18990270793437958,
      -0.06244895979762077,
      0.21566307544708252,
      -0.20846402645111084,
      0.023181268945336342,
      -0.16786128282546997,
      -0.1739056557416916,
      -0.08402665704488754,
      -0.09142635017633438
    ],
    [
      0.20419223606586456,
      0.1996201127767563,
      -0.06863844394683838,
      0.2115972489118576,
      -0.2078307420015335,
      0.015045653097331524,
      -0.18245913088321686,
      -0.14785845577716827,
      -0.11046510189771652,
      -0.09122774749994278
    ],
    [
      0.20670108497142792,
      0.19695334136486053,
      -0.0737929567694664,
      0.21344925463199615,
      -0.20501260459423065,
      0.015449230559170246,
      -0.18184296786785126,
      -0.15081395208835602,
      -0.1092003881931305,
      -0.08857011795043945
    ],
    [
      0.20810405910015106,
      0.19268827140331268,
      -0.06763593852519989,
      0.21368928253650665,
      -0.20692187547683716,
      0.016491560265421867,
      -0.17552630603313446,
      -0.16001556813716888,
      -0.09903908520936966,
      -0.091871477663517
    ],
    [
      0.2080826312303543,
      0.19165344536304474,
      -0.0655384436249733,
      0.2135075479745865,
      -0.2077610343694687,
      0.01685415953397751,
      -0.1738625019788742,
      -0.1622665971517563,
      -0.09646397083997726,
      -0.09316527098417282
    ],
    [
      0.20881028473377228,
      0.1917024403810501,
      -0.06799399852752686,
      0.2146751433610916,
      -0.2065839171409607,
      0.017268510535359383,
      -0.17438805103302002,
      -0.16218321025371552,
      -0.09742116183042526,
      -0.09138556569814682
    ],
