{
  "tempos": [
    0.0,
    0.5,
    1.0,
    1.5,
    2.0,
    2.5,
    3.0,
    3.5,
    4.0,
    4.5,
    5.0,
    5.5,
    6.0,
    6.5,
    7.0,
    7.5,
    8.0,
    8.5,
    9.0,
    9.5,
    10.0,
    10.5,
    11.0,
    11.5,
    12.0,
    12.5,
    13.0,
    13.5,
    14.0,
    14.5,
    15.0
  ],
  "engajamentoneural": [
    50.65060265318998,
    58.95593450863134,
    70.7598128826677,
    80.01747803089066,
    84.71757386443961,
    85.97917560130487,
    85.24033739025,
    83.58275160038228,
    81.78659224479291,
    80.31078660442019,
    79.31276835700444,
    78.758133370074,
    78.5380762330561,
    78.53963853756143,
    78.67271613275922,
    78.87351187550207,
    79.10217081571153,
    79.33958886306834,
    79.58178380203276,
    79.83102388558143,
    80.08651250558604,
    80.33977572217717,
    80.57841312328415,
    80.79512974024468,
    80.99081991003708,
    81.1636321005853,
    81.2906397489354,
    81.32466172370962,
    81.22993233072802,
    81.0432630704002,
    80.88893910556297
  ],
  "cognitivedemand": [
    21.924825273423885,
    36.037907436438,
    57.878977668965376,
    73.00298716750996,
    75.80588218833039,
    76.43581938682233,
    77.99836613508428,
    78.59705241526758,
    79.44844786565157,
    80.5801945996904,
    80.90447663105844,
    81.30214413767162,
    81.27272508768539,
    81.26451497621024,
    81.27149989511815,
    81.30167311196726,
    81.1843645565684,
    81.31930417390198,
    81.25017607789984,
    81.28560311542886,
    81.4037917341693,
    81.24217472871439,
    81.32660986594244,
    81.23479285290468,
    81.24219630432964,
    81.01268515513515,
    80.94724409028102,
    81.04127790637274,
    81.28818539209054,
    81.17594937751694,
    81.24501268456552
  ],
  "focus": [
    12.782810290752307,
    12.646461379032935,
    12.454876716995887,
    9.197199177174584,
    16.3415899460499,
    16.084746420916776,
    9.833070059651378,
    8.721887658448182,
    8.705466289696208,
    8.72899753472172,
    9.674008009318907,
    10.91897823950732,
    9.934424147292228,
    9.579542043448624,
    9.723299082955597,
    10.941181073198932,
    10.082164269689438,
    9.53489960145562,
    9.214951696180423,
    9.704727700259102,
    10.388889947859154,
    10.883803752250406,
    10.394807065542803,
    10.363295153150503,
    9.957184793823178,
    9.819225755047116,
    10.24547461000402,
    11.334496549871515,
    12.305505738658828,
    11.859902036019067,
    11.751169293633104
  ],
  "embeddings": [
    [
      0.19878172874450684,
      0.19935482740402222,
      -0.05637761577963829,
      0.21044619381427765,
      -0.2126874476671219,
      0.009188787080347538,
      -0.17904527485370636,
      -0.1473306268453598,
      -0.11144082993268967,
      -0.10186836123466492
    ],
    [
      0.20181207358837128,
      0.19515986740589142,
      -0.058123696595430374,
      0.2125847339630127,
      -0.21096163988113403,
      0.009898354299366474,
      -0.17510217428207397,
      -0.1549866944551468,
      -0.10481417924165726,
      -0.10059049725532532
    ],
    [
      0.20349353551864624,
      0.19057677686214447,
      -0.05219700559973717,
      0.2132493406534195,
      -0.21283455193042755,
      0.012401387095451355,
      -0.1680028885602951,
      -0.1660490185022354,
      -0.09270117431879044,
      -0.10352849215269089
    ],
    [
      0.20372836291790009,
      0.19211579859256744,
      -0.055612727999687195,
      0.21375589072704315,
      -0.21153651177883148,
      0.01271671149879694,
      -0.17041374742984772,
      -0.16298948228359222,
      -0.09640706330537796,
      -0.10091325640678406
    ],
    [
      0.20521147549152374,
      0.19118709862232208,
      -0.05738063529133797,
      0.2144482284784317,
      -0.21051795780658722,
      0.014070122502744198,
      -0.16978947818279266,
      -0.165139302611351,
      -0.09448009729385376,
      -0.09919417649507523
    ],
    [
      0.20626826584339142,
      0.1900184005498886,
      -0.05763985216617584,
      0.2148585170507431,
      -0.21025413274765015,
      0.015040221624076366,
      -0.16855575144290924,
      -0.16760879755020142,
      -0.09201183915138245,
      -0.09862715005874634
    ],
    [
      0.20691710710525513,
      0.18961866199970245,
      -0.057807277888059616,
      0.21507245302200317,
      -0.21014611423015594,
      0.016103671863675117,
      -0.16785721480846405,
      -0.1691560596227646,
      -0.09034410864114761,
      -0.09798543900251389
    ],
    [
      0.20688176155090332,
      0.19017578661441803,
      -0.05906801298260689,
      0.21504734456539154,
      -0.2097056359052658,
      0.01594572700560093,
      -0.1688694953918457,
      -0.16770361363887787,
      -0.09198667854070663,
      -0.0972340777516365
    ],
    [
      0.20745302736759186,
      0.19012610614299774,
      -0.06003793701529503,
      0.21529777348041534,
      -0.20924139022827148,
      0.016610778868198395,
      -0.16896630823612213,
      -0.16820232570171356,
      -0.09154114872217178,
      -0.09629354625940323
    ],
    [
      0.20763666927814484,
      0.18997769057750702,
      -0.060498178005218506,
      0.21529708802700043,
      -0.20907562971115112,
      0.016524622216820717,
      -0.16913630068302155,
      -0.16804133355617523,
      -0.09172066301107407,
      -0.09608498960733414
    ],
    [
      0.20769639313220978,
      0.18919868767261505,
      -0.059450507164001465,
      0.21508969366550446,
      -0.2094612866640091,
      0.016499415040016174,
      -0.16823774576187134,
      -0.16922040283679962,
      -0.09031669050455093,
      -0.09689152240753174
    ],
    [
      0.20796728134155273,
      0.1894463449716568,
      -0.060003917664289474,
      0.21530669927597046,
      -0.209220752120018,
      0.017106661573052406,
      -0.16838733851909637,
      -0.16940893232822418,
      -0.09020152688026428,
      -0.09616350382566452
    ],
    [
      0.20794205367565155,
      0.1896093636751175,
      -0.06043883040547371,
      0.21527981758117676,
      -0.20907698571681976,
      0.01695018634200096,
      -0.16876201331615448,
      -0.16884176433086395,
      -0.09080453962087631,
      -0.09597372263669968
    ],
    [
      0.20830261707305908,
      0.18933945894241333,
      -0.06056501343846321,
      0.21534478664398193,
      -0.2089759260416031,
      0.017352484166622162,
      -0.1684679538011551,
      -0.16956086456775665,
      -0.09000610560178757,
      -0.09568820148706436
    ],
    [
      0.2085890769958496,
      0.18966494500637054,
      -0.06177153065800667,
      0.2155848741531372,
      -0.2084544152021408,
      0.017754025757312775,
      -0.16898109018802643,
      -0.16924476623535156,
      -0.0905439555644989,
      -0.09468770027160645
    ],
    [
      0.2092674970626831,
      0.18895114958286285,
      -0.06182684376835823,
      0.21577028930187225,
      -0.20835597813129425,
      0.01834673248231411,
      -0.16822083294391632,
      -0.17087741196155548,
      -0.0888097956776619,
      -0.09438640624284744
    ],
    [
      0.20943458378314972,
      0.18911142647266388,
      -0.06219850853085518,
      0.21588802337646484,
      -0.2082001119852066,
      0.01884850487112999,
      -0.16830439865589142,
      -0.17093181610107422,
      -0.08870907872915268,
      -0.0938873291015625
    ],
    [
      0.20934619009494781,
      0.18974991142749786,
      -0.06290733069181442,
      0.2159336656332016,
      -0.20799116790294647,
      0.019118936732411385,
      -0.16895610094070435,
      -0.1699746996164322,
      -0.08966635912656784,
      -0.09326685220003128
    ],
    [
      0.20954561233520508,
      0.18997524678707123,
      -0.0630481094121933,
      0.2159246951341629,
      -0.20792341232299805,
      0.019849160686135292,
      -0.16897810995578766,
      -0.1703185886144638,
      -0.08914417028427124,
      -0.09274817258119583
    ],
    [
