{
  "tempos": [
    0.0,
    0.5,
    1.0,
    1.5,
    2.0,
    2.5,
    3.0,
    3.5,
    4.0,
    4.5,
    5.0,
    5.5,
    6.0,
    6.5,
    7.0,
    7.5,
    8.0,
    8.5,
    9.0,
    9.5,
    10.0,
    10.5,
    11.0,
    11.5,
    12.0,
    12.5,
    13.0,
    13.5,
    14.0,
    14.5,
    15.0
  ],
  "engajamentoneural": [
    54.49640445531002,
    61.41825376792704,
    70.87815260789009,
    78.01270600243213,
    81.31181291180053,
    81.61468311732246,
    80.15611063807361,
    77.98734681596233,
    75.83883585962067,
    74.06453535323175,
    72.72990906895774,
    71.7657490215357,
    71.07870511658405,
    70.58856535871362,
    70.22214906328303,
    69.9104080678405,
    69.62066888903445,
    69.40764252903834,
    69.41566379065151,
    69.78253024395316,
    70.50819392865694,
    71.42603355203975,
    72.31340962615596,
    73.02570707223776,
    73.53660947031332,
    73.88239029480752,
    74.08338694085896,
    74.11378358142206,
    73.95046055701458,
    73.66264499951527,
    73.43273949855647
  ],
  "cognitivedemand": [
    24.01661201105216,
    45.06463412076847,
    71.26199457117745,
    79.34274470052559,
    84.54529326563924,
    84.70501138631788,
    84.68701179486112,
    84.73304922539606,
    84.75217892988015,
    84.75583991155165,
    84.77242668369846,
    84.75614915381502,
    84.74912430228675,
    84.76656018463488,
    84.79370366463881,
    84.81201674726847,
    84.79649552299367,
    84.76453157620865,
    39.563007969139974,
    69.02852232166514,
    79.10280756372931,
    82.57401078101351,
    82.64751450927591,
    82.44410743148796,
    82.33932732004004,
    82.49410394534718,
    82.70425553369476,
    82.61349296899742,
    82.34977587982998,
    82.30616509087682,
    82.51804374532229
  ],
  "focus": [
    12.055902433928642,
    11.220962087229505,
    11.762003127698582,
    9.10420545773017,
    8.057957373687398,
    10.007380195878621,
    8.368250260627889,
    7.861580277928327,
    7.8518145999084235,
    7.852385774344514,
    7.8545326694714745,
    7.858312131931724,
    7.859617599244941,
    7.861408457907017,
    7.860959389550369,
    7.858324540062312,
    7.8515610100566695,
    7.852964761684615,
    7.903175112569445,
    7.973820144506757,
    8.784065936891476,
    8.225635293114653,
    8.225032780621579,
    8.465517464542748,
    8.745977883816787,
    8.899233364233062,
    8.909983890877333,
    8.86786852673668,
    8.889914439018625,
    8.87111308272737,
    8.863483077756262
  ],
  "embeddings": [
    [
      0.19957701861858368,
      0.19627003371715546,
      -0.050936490297317505,
      0.21178050339221954,
      -0.21424992382526398,
      0.011118660680949688,
      -0.1727968454360962,
      -0.1565009504556656,
      -0.10221108049154282,
      -0.10437113046646118
    ],
    [
      0.1987781971693039,
      0.19834156334400177,
      -0.05594487115740776,
      0.21232880651950836,
      -0.21229241788387299,
      0.00861159898340702,
      -0.17659056186676025,
      -0.15055640041828156,
      -0.10932782292366028,
      -0.10239358991384506
    ],
    [
      0.20017868280410767,
      0.19565337896347046,
      -0.05525359883904457,
      0.2131885439157486,
      -0.21203558146953583,
      0.0088256960734725,
      -0.17377543449401855,
      -0.1551847606897354,
      -0.10499420017004013,
      -0.10293427854776382
    ],
    [
      0.20116613805294037,
      0.1939220279455185,
      -0.05443139374256134,
      0.21363671123981476,
      -0.21211926639080048,
      0.009498745203018188,
      -0.17177647352218628,
      -0.15861760079860687,
      -0.10159623622894287,
      -0.1032341942191124
    ],
    [
      0.20210759341716766,
      0.1930004358291626,
      -0.05504321679472923,
      0.2141413539648056,
      -0.21169354021549225,
      0.010063367895781994,
      -0.17102299630641937,
      -0.16044417023658752,
      -0.10004165768623352,
      -0.10254622250795364
    ],
    [
      0.2028571367263794,
      0.19205911457538605,
      -0.0549788661301136,
      0.21441650390625,
      -0.21158528327941895,
      0.010838902555406094,
      -0.16996002197265625,
      -0.16247664391994476,
      -0.09796082973480225,
      -0.10225585103034973
    ],
    [
      0.20311729609966278,
      0.19186927378177643,
      -0.05547453090548515,
      0.2146167904138565,
      -0.21134990453720093,
      0.01102601457387209,
      -0.16993649303913116,
      -0.16271424293518066,
      -0.09787947684526443,
      -0.10187888145446777
    ],
    [
      0.20359499752521515,
      0.19162617623806,
      -0.05595521256327629,
      0.21468184888362885,
      -0.21111458539962769,
      0.011515751481056213,
      -0.1697559803724289,
      -0.16344121098518372,
      -0.09705690294504166,
      -0.10129616409540176
    ],
    [
      0.20390941202640533,
      0.19198061525821686,
      -0.05702042207121849,
      0.21480178833007812,
      -0.21068334579467773,
      0.012111050076782703,
      -0.17026399075984955,
      -0.16314642131328583,
      -0.0973351001739502,
      -0.10030490905046463
    ],
    [
      0.20444412529468536,
      0.1921951174736023,
      -0.0580308623611927,
      0.21501106023788452,
      -0.21024192869663239,
      0.013236009515821934,
      -0.17038190364837646,
      -0.16366279125213623,
      -0.09668643027544022,
      -0.09910748153924942
    ],
    [
      0.20484256744384766,
      0.19231629371643066,
      -0.0587485134601593,
      0.21507567167282104,
      -0.2099672555923462,
      0.014020646922290325,
      -0.1705612987279892,
      -0.1638043373823166,
      -0.09638144820928574,
      -0.09830737113952637
    ],
    [
      0.20520515739917755,
      0.19260366261005402,
      -0.05994131788611412,
      0.21519102156162262,
      -0.20950894057750702,
      0.014523175545036793,
      -0.1710507720708847,
      -0.1635812371969223,
      -0.09663114696741104,
      -0.0972546637058258
    ],
    [
      0.2052956372499466,
      0.19257719814777374,
      -0.05995558574795723,
      0.21513371169567108,
      -0.20951783657073975,
      0.01483752578496933,
      -0.17097066342830658,
      -0.1637810468673706,
      -0.0962815061211586,
      -0.0971238985657692
    ],
    [
      0.20555268228054047,
      0.19260907173156738,
      -0.06044582650065422,
      0.21519029140472412,
      -0.20932292938232422,
      0.015198543667793274,
      -0.1711072325706482,
      -0.16386519372463226,
      -0.0961654782295227,
      -0.09664248675107956
    ],
    [
      0.2058938592672348,
      0.1922086924314499,
      -0.06057806313037872,
      0.21522176265716553,
      -0.20923523604869843,
      0.015381082892417908,
      -0.17083144187927246,
      -0.16450542211532593,
      -0.0954803004860878,
      -0.09650611132383347
    ],
    [
      0.20624065399169922,
      0.1918676495552063,
      -0.060756806284189224,
      0.21525251865386963,
      -0.2091258317232132,
      0.01565360836684704,
      -0.17059652507305145,
      -0.16507971286773682,
      -0.09482985734939575,
      -0.09628701210021973
    ],
    [
      0.2064252644777298,
      0.19156523048877716,
      -0.06106224283576012,
      0.21522580087184906,
      -0.20898590981960297,
      0.01547264028340578,
      -0.17061233520507812,
      -0.16512757539749146,
      -0.09482728689908981,
      -0.0962153896689415
    ],
    [
      0.2068236917257309,
      0.1915547251701355,
      -0.061325881630182266,
      0.21544110774993896,
      -0.20880846679210663,
      0.01626681350171566,
      -0.17036528885364532,
      -0.16596423089504242,
      -0.09391668438911438,
      -0.0955953598022461
    ],
    [
      0.20699404180049896,
      0.19234931468963623,
      -0.06287703663110733,
      0.21559740602970123,
      -0.20824474096298218,
      0.016852548345923424,
      -0.17137829959392548,
      -0.1648763120174408,
      -0.09508603066205978,
      -0.09428244084119797
    ],
    [
