{
  "tempos": [
    0.0,
    0.5,
    1.0,
    1.5,
    2.0,
    2.5,
    3.0,
    3.5,
    4.0,
    4.5,
    5.0,
    5.5,
    6.0,
    6.5,
    7.0,
    7.5,
    8.0,
    8.5,
    9.0,
    9.5,
    10.0,
    10.5,
    11.0,
    11.5,
    12.0,
    12.5,
    13.0,
    13.5,
    14.0,
    14.5,
    15.0
  ],
  "engajamentoneural": [
    68.01840080433435,
    74.71755717815253,
    82.6088279111572,
    87.36031143746384,
    88.66710258570856,
    87.5466722684473,
    84.93097352492663,
    81.69142129199514,
    78.51420198796058,
    75.73676808270437,
    73.4646012714583,
    71.77095431258125,
    70.73925005817604,
    70.37476991619187,
    70.54930471380982,
    71.05458433261296,
    71.69777606130724,
    72.35202247672886,
    72.94958326248747,
    73.45536952889718,
    73.84871262642261,
    74.11480786582408,
    74.23824111595239,
    74.19806146723711,
    73.96853656917168,
    73.52574940516857,
    72.85444231255053,
    71.96042592592657,
    70.91364376901453,
    69.91417237978587,
    69.28185266204227
  ],
  "cognitivedemand": [
    27.13931943186126,
    64.7075105406981,
    81.99844425564012,
    83.14892742559054,
    83.81800414113873,
    83.37277423226992,
    84.65561992154203,
    85.20836536787702,
    85.78385375161406,
    76.10618262535979,
    38.92704977106985,
    54.793946292921746,
    69.36415686908475,
    72.22002091784863,
    71.91383027939285,
    71.8955524206991,
    71.79986757199417,
    49.461976114019926,
    61.511665681385104,
    69.92192422531615,
    68.53257269166873,
    68.48829711913308,
    68.49611665577314,
    61.92002937175534,
    44.151434415997755,
    57.2968161406543,
    58.29254204429388,
    57.08093279169199,
    57.959921877092206,
    58.29783133681187,
    58.29913642803956
  ],
  "focus": [
    12.601305047937892,
    8.226408882940945,
    10.440283476262568,
    10.546391758743557,
    8.977886024737007,
    13.406037830457318,
    14.348551819198885,
    14.314620241513621,
    14.181322878146755,
    16.34858506137526,
    12.121723659777809,
    10.661875734726694,
    30.84399885122861,
    15.302913148561018,
    9.036639946347814,
    8.723898481757459,
    9.184693485220352,
    10.040011273849784,
    10.334033369410392,
    12.55609291797036,
    19.774579124896594,
    15.088341755053094,
    13.376328438751981,
    12.238015017355687,
    11.451037274474679,
    10.409196098812359,
    11.98632396523975,
    11.234245410872962,
    10.328497252747221,
    9.468224209078048,
    9.581086011883816
  ],
  "embeddings": [
    [
      0.20122097432613373,
      0.19422318041324615,
      -0.05738896131515503,
      0.21130090951919556,
      -0.21190707385540009,
      0.006578665692359209,
      -0.1770920604467392,
      -0.15085101127624512,
      -0.10906293243169785,
      -0.10279279947280884
    ],
    [
      0.20146073400974274,
      0.18578386306762695,
      -0.04536007344722748,
      0.21229463815689087,
      -0.21515178680419922,
      0.004393030423671007,
      -0.1643703132867813,
      -0.1666661649942398,
      -0.09328486770391464,
      -0.11222077161073685
    ],
    [
      0.2016979604959488,
      0.1867741495370865,
      -0.047105345875024796,
      0.21354441344738007,
      -0.21440379321575165,
      0.004971411544829607,
      -0.16509923338890076,
      -0.16634628176689148,
      -0.09472166746854782,
      -0.11034973710775375
    ],
    [
      0.20049524307250977,
      0.1867002695798874,
      -0.04406508430838585,
      0.2130354791879654,
      -0.2157435566186905,
      0.004083293490111828,
      -0.16412776708602905,
      -0.16670876741409302,
      -0.09409397095441818,
      -0.11264847964048386
    ],
    [
      0.19993914663791656,
      0.18809837102890015,
      -0.0452100969851017,
      0.21309702098369598,
      -0.21541930735111237,
      0.003597122384235263,
      -0.16570426523685455,
      -0.16420544683933258,
      -0.09690392017364502,
      -0.11196377873420715
    ],
    [
      0.19934387505054474,
      0.188721165060997,
      -0.044892579317092896,
      0.2129858136177063,
      -0.21562550961971283,
      0.0030902326107025146,
      -0.16618375480175018,
      -0.1631123274564743,
      -0.09804574400186539,
      -0.11238855868577957
    ],
    [
      0.19858044385910034,
      0.18901486694812775,
      -0.04394672438502312,
      0.212776780128479,
      -0.2160671353340149,
      0.002294729696586728,
      -0.1662914752960205,
      -0.16221101582050323,
      -0.09899616986513138,
      -0.1134098544716835
    ],
    [
      0.19857598841190338,
      0.1890113800764084,
      -0.04364287480711937,
      0.21285544335842133,
      -0.21620099246501923,
      0.00241907499730587,
      -0.1660412698984146,
      -0.16258682310581207,
      -0.09854163974523544,
      -0.11351756006479263
    ],
    [
      0.19825410842895508,
      0.18967491388320923,
      -0.0439503975212574,
      0.21289007365703583,
      -0.21612012386322021,
      0.0023031248711049557,
      -0.1666719913482666,
      -0.161565899848938,
      -0.09966953843832016,
      -0.11334740370512009
    ],
    [
      0.19787491858005524,
      0.1904234141111374,
      -0.044592633843421936,
      0.2129051685333252,
      -0.21589796245098114,
      0.0019099577330052853,
      -0.1675942987203598,
      -0.16001248359680176,
      -0.10144606977701187,
      -0.11308950185775757
    ],
    [
      0.19803178310394287,
      0.19008763134479523,
      -0.044360365718603134,
      0.21295158565044403,
      -0.21595661342144012,
      0.001943957176990807,
      -0.16721193492412567,
      -0.1606401801109314,
      -0.10078393667936325,
      -0.11326602101325989
    ],
    [
      0.19787414371967316,
      0.1903146505355835,
      -0.04444040730595589,
      0.21288074553012848,
      -0.21595101058483124,
      0.0016892499988898635,
      -0.16747897863388062,
      -0.16012461483478546,
      -0.10136512666940689,
      -0.11326506733894348
    ],
    [
      0.19776006042957306,
      0.190110445022583,
      -0.04373243823647499,
      0.21283167600631714,
      -0.21622289717197418,
      0.0018249250715598464,
      -0.16701717674732208,
      -0.16067110002040863,
      -0.10067152976989746,
      -0.11376621574163437
    ],
    [
      0.19795940816402435,
      0.18982230126857758,
      -0.043586213141679764,
      0.21291124820709229,
      -0.21625298261642456,
      0.001996253617107868,
      -0.16665133833885193,
      -0.16132576763629913,
      -0.09996024519205093,
      -0.11375552415847778
    ],
    [
      0.19748063385486603,
      0.18972714245319366,
      -0.042651329189538956,
      0.21271513402462006,
      -0.21663211286067963,
      0.0013118126662448049,
      -0.16649800539016724,
      -0.16099311411380768,
      -0.10029757022857666,
      -0.11477441340684891
    ],
    [
      0.19754870235919952,
      0.18966947495937347,
      -0.04264722764492035,
      0.21249441802501678,
      -0.2166237235069275,
      0.0012876383261755109,
      -0.1665940135717392,
      -0.1609928160905838,
      -0.1000802293419838,
      -0.11485960334539413
    ],
    [
      0.19782985746860504,
      0.18955837190151215,
      -0.04269377514719963,
      0.21265320479869843,
      -0.21654516458511353,
      0.0018810685724020004,
      -0.16627062857151031,
      -0.16180092096328735,
      -0.09921318292617798,
      -0.1145300567150116
    ],
    [
      0.19749385118484497,
      0.18988573551177979,
      -0.04225025698542595,
      0.21264196932315826,
      -0.21678727865219116,
      0.0017983746947720647,
      -0.1663474291563034,
      -0.16143417358398438,
      -0.09953469783067703,
      -0.11482494324445724
    ],
    [
      0.19739367067813873,
      0.19025957584381104,
      -0.04275180399417877,
      0.2125641256570816,
      -0.21665365993976593,
      0.0017575612291693687,
      -0.16689400374889374,
      -0.16061221063137054,
      -0.10031219571828842,
