{
  "tempos": [
    0.0,
    0.5,
    1.0,
    1.5,
    2.0,
    2.5,
    3.0,
    3.5,
    4.0,
    4.5,
    5.0,
    5.5,
    6.0,
    6.5,
    7.0,
    7.5,
    8.0,
    8.5,
    9.0,
    9.5,
    10.0,
    10.5,
    11.0,
    11.5,
    12.0,
    12.5,
    13.0,
    13.5,
    14.0,
    14.5,
    15.0
  ],
  "engajamentoneural": [
    61.30680287944937,
    69.04818774903238,
    78.96364213126296,
    85.80738798569199,
    88.81010055464205,
    89.25057127171961,
    88.26335102124969,
    86.65051900668573,
    84.98184991401115,
    83.57742711702106,
    82.53769214782396,
    81.83472535881722,
    81.39439656678931,
    81.14215899558211,
    81.02088770133747,
    80.99256885735781,
    81.03133414596041,
    81.11295895248263,
    81.2066567485738,
    81.27426282660997,
    81.27825410567836,
    81.19503236797792,
    81.02512876378441,
    80.79214522272436,
    80.52739088558248,
    80.24500814612085,
    79.9194006722617,
    79.48855769854197,
    78.91572211866249,
    78.29255531250894,
    77.86401368646554
  ],
  "cognitivedemand": [
    21.784494136791203,
    39.05208411205028,
    70.01914173425686,
    77.19691695782136,
    77.94690195751329,
    80.58880194977698,
    82.75423558753606,
    83.25311158942641,
    83.82251356750342,
    85.48550950301708,
    86.13358490949071,
    86.51363579548759,
    86.58717597142397,
    86.69703454599653,
    86.62698233313986,
    86.70480319653105,
    86.6966375586602,
    86.85125910113005,
    86.64357190776154,
    86.48911445893685,
    86.643872173164,
    86.64597305217954,
    86.52624098432007,
    86.51468688500935,
    86.62302785143935,
    86.66659731459437,
    86.52941516595118,
    86.42887190992705,
    86.60550920044167,
    86.71063022373284,
    85.73427535256667
  ],
  "focus": [
    12.843821516152815,
    11.383123172203794,
    9.260323263998801,
    8.898056524829112,
    10.065287310678324,
    11.243240862526374,
    18.114131839692064,
    15.789960848138728,
    10.17129007827603,
    8.555747016533484,
    8.152738546053422,
    8.08251557291844,
    8.017382894501608,
    7.961927108786319,
    7.964208459254629,
    8.013454577347847,
    8.029398151592021,
    8.003510218898972,
    8.086339078283457,
    8.10698193169019,
    8.006065208448014,
    7.97364859360536,
    8.015594974934205,
    8.026016634183666,
    7.999751508982907,
    7.971892024181673,
    7.980224832188479,
    7.998249673642619,
    7.998872618550992,
    7.959420509255997,
    8.009003620631205
  ],
  "embeddings": [
    [
      0.19966982305049896,
      0.19478486478328705,
      -0.05601575970649719,
      0.21025817096233368,
      -0.21241068840026855,
      0.0038029791321605444,
      -0.17730498313903809,
      -0.14864668250083923,
      -0.11119236797094345,
      -0.10489404201507568
    ],
    [
      0.2005646824836731,
      0.18765753507614136,
      -0.04598139598965645,
      0.21134118735790253,
      -0.21531641483306885,
      0.0038135822396725416,
      -0.16672664880752563,
      -0.16321654617786407,
      -0.09641335159540176,
      -0.11180195212364197
    ],
    [
      0.20060843229293823,
      0.1876453161239624,
      -0.045108694583177567,
      0.2122660130262375,
      -0.21548110246658325,
      0.004602937493473291,
      -0.1656280905008316,
      -0.1650545597076416,
      -0.09505007416009903,
      -0.11189157515764236
    ],
    [
      0.19976095855236053,
      0.18851418793201447,
      -0.044680509716272354,
      0.2122785449028015,
      -0.21575288474559784,
      0.004034819081425667,
      -0.16611982882022858,
      -0.1636851727962494,
      -0.09662866592407227,
      -0.11230819672346115
    ],
    [
      0.19925963878631592,
      0.18905603885650635,
      -0.04501662030816078,
      0.21232081949710846,
      -0.21564948558807373,
      0.0032276520505547523,
      -0.16683702170848846,
      -0.162212073802948,
      -0.09846768528223038,
      -0.11242292076349258
    ],
    [
      0.19878369569778442,
      0.1889423280954361,
      -0.043982550501823425,
      0.21223652362823486,
      -0.21605928242206573,
      0.002551709534600377,
      -0.16652648150920868,
      -0.1621273308992386,
      -0.09862020611763,
      -0.11345561593770981
    ],
    [
      0.19833719730377197,
      0.18919534981250763,
      -0.04345251992344856,
      0.21223171055316925,
      -0.21629059314727783,
      0.0020537213422358036,
      -0.16662026941776276,
      -0.1616028994321823,
      -0.09925297647714615,
      -0.11401063203811646
    ],
    [
      0.1980287879705429,
      0.18961717188358307,
      -0.04367143288254738,
      0.21226805448532104,
      -0.2162242978811264,
      0.0017047272995114326,
      -0.16706770658493042,
      -0.16074508428573608,
      -0.10027100890874863,
      -0.1140030026435852
    ],
    [
      0.1977045089006424,
      0.18974889814853668,
      -0.043156448751688004,
      0.21225138008594513,
      -0.21644598245620728,
      0.0014316723681986332,
      -0.16700810194015503,
      -0.16054029762744904,
      -0.10049020498991013,
      -0.11447735875844955
    ],
    [
      0.19739703834056854,
      0.1899280548095703,
      -0.04285047575831413,
      0.21221701800823212,
      -0.2165938764810562,
      0.0011049463646486402,
      -0.16709642112255096,
      -0.16013266146183014,
      -0.1009485200047493,
      -0.11482342332601547
    ],
    [
      0.19716203212738037,
      0.19003653526306152,
      -0.04259466752409935,
      0.2122095674276352,
      -0.2167065143585205,
      0.0008482935954816639,
      -0.16712403297424316,
      -0.15988047420978546,
      -0.10126298666000366,
      -0.11510809510946274
    ],
    [
      0.19692857563495636,
      0.19014960527420044,
      -0.04230831190943718,
      0.2121790647506714,
      -0.21683542430400848,
      0.000607825058978051,
      -0.16715002059936523,
      -0.15963642299175262,
      -0.10154073685407639,
      -0.1154005154967308
    ],
    [
      0.19672811031341553,
      0.19021566212177277,
      -0.042073626071214676,
      0.21213574707508087,
      -0.216937854886055,
      0.0003450194781180471,
      -0.1671791672706604,
      -0.15940915048122406,
      -0.1018008291721344,
      -0.11567395180463791
    ],
    [
      0.19648106396198273,
      0.1903117448091507,
      -0.04167655482888222,
      0.21205806732177734,
      -0.21712440252304077,
      0.0001258330885320902,
      -0.16716818511486053,
      -0.15919406712055206,
      -0.10198071599006653,
      -0.11603549867868423
    ],
    [
      0.19628874957561493,
      0.1904575675725937,
      -0.041546810418367386,
      0.21203826367855072,
      -0.21719658374786377,
      -0.00011120783165097237,
      -0.16728974878787994,
      -0.15885286033153534,
      -0.10236675292253494,
      -0.11621131747961044
    ],
    [
      0.19611704349517822,
      0.19053663313388824,
      -0.041316017508506775,
      0.21200691163539886,
      -0.2173035740852356,
      -0.00027119508013129234,
      -0.16729430854320526,
      -0.15868401527404785,
      -0.10253738611936569,
      -0.1164378821849823
    ],
    [
      0.1959896832704544,
      0.1906908005475998,
      -0.04131262004375458,
      0.21200792491436005,
      -0.21731947362422943,
      -0.00039012645720504224,
      -0.16742783784866333,
      -0.15839910507202148,
      -0.10285967588424683,
      -0.11648008227348328
    ],
    [
      0.19591675698757172,
      0.1907975673675537,
      -0.04134134575724602,
      0.21203315258026123,
      -0.217310830950737,
      -0.00045659812167286873,
      -0.1675138920545578,
      -0.15823481976985931,
      -0.10306882858276367,
      -0.11647626012563705
    ],
    [
      0.19582301378250122,
      0.19086356461048126,
      -0.041280243545770645,
      0.21202711760997772,
      -0.21734146773815155,
      -0.0005499855615198612,
      -0.16755495965480804,
      -0.15810132026672363,
      -0.10322687774896622,
