{
  "tempos": [
    0.0,
    0.5,
    1.0,
    1.5,
    2.0,
    2.5,
    3.0,
    3.5,
    4.0,
    4.5,
    5.0,
    5.5,
    6.0,
    6.5,
    7.0,
    7.5,
    8.0,
    8.5,
    9.0,
    9.5,
    10.0,
    10.5,
    11.0,
    11.5,
    12.0,
    12.5,
    13.0,
    13.5,
    14.0,
    14.5,
    15.0
  ],
  "engajamentoneural": [
    59.66979651047317,
    67.98519665398167,
    78.57541772594303,
    85.6475312764748,
    88.3659189400355,
    88.03612603810859,
    85.75492151850048,
    82.49148914353307,
    79.28768913015622,
    76.9861263860116,
    75.91929947786993,
    75.87813086979789,
    76.34755920091244,
    76.82216154762416,
    77.02339661520796,
    76.94963781177874,
    76.77197596016865,
    76.6352515024528,
    76.50569587587623,
    76.19775804076625,
    75.53964599845733,
    74.52347048772975,
    73.34577552988235,
    72.32680353840438,
    71.74006833848848,
    71.64852622847913,
    71.86850009904818,
    72.09089415355136,
    72.0808969833366,
    71.83838587598797,
    71.59501094804678
  ],
  "cognitivedemand": [
    22.77118286436894,
    42.535990794966146,
    67.94369682905868,
    76.83547625946996,
    78.76531387411492,
    79.25961730055427,
    79.10997157307534,
    66.28459303813521,
    27.749633463528827,
    42.41177665192961,
    56.088856292650625,
    58.980477295170445,
    59.0358217260662,
    59.03782132494502,
    59.02981298281339,
    34.15654340301119,
    32.322606951993976,
    47.15140653867705,
    64.24377143909588,
    67.20765493315318,
    67.72055922664437,
    68.11110296818507,
    55.74574549354995,
    32.77300359719118,
    50.54334748995146,
    56.1908328292271,
    56.60363955333231,
    56.614657494287634,
    56.626447356490125,
    56.633547194083256,
    56.59278839087581
  ],
  "focus": [
    7.891066820574496,
    8.175295648876132,
    9.168304853118824,
    8.946897596890935,
    9.633936110949332,
    9.408026094627143,
    9.093971163987321,
    8.835070248212205,
    8.085300234525523,
    17.31074925694891,
    24.759774049700596,
    14.384319850758411,
    11.67279188675263,
    9.929781059538312,
    9.589123934715277,
    10.30648740525546,
    8.721178846989543,
    14.919810184913185,
    12.307815644476745,
    16.986198349710552,
    16.21691201507871,
    13.583793540306774,
    10.804492926998876,
    8.95159860791879,
    15.371053281794207,
    25.851200571831004,
    25.403409083840714,
    19.378549567758533,
    14.996755144195454,
    14.616837106108807,
    14.616908008693965
  ],
  "embeddings": [
    [
      0.1966831088066101,
      0.1969703882932663,
      -0.04962535575032234,
      0.20971427857875824,
      -0.21480119228363037,
      0.0027693677693605423,
      -0.1759081482887268,
      -0.14811526238918304,
      -0.11164379864931107,
      -0.10800448060035706
    ],
    [
      0.20517493784427643,
      0.19039875268936157,
      -0.06159292533993721,
      0.21504993736743927,
      -0.20830519497394562,
      0.0075001842342317104,
      -0.17199182510375977,
      -0.16039222478866577,
      -0.10189858824014664,
      -0.0994914174079895
    ],
    [
      0.20605988800525665,
      0.18451394140720367,
      -0.05150912329554558,
      0.21487641334533691,
      -0.21192379295825958,
      0.01105543877929449,
      -0.16264039278030396,
      -0.17412661015987396,
      -0.08618586510419846,
      -0.1052442193031311
    ],
    [
      0.20474384725093842,
      0.18599919974803925,
      -0.050816040486097336,
      0.21468950808048248,
      -0.21251697838306427,
      0.010027311742305756,
      -0.16396427154541016,
      -0.17141211032867432,
      -0.08927225321531296,
      -0.10575062036514282
    ],
    [
      0.20376825332641602,
      0.1880550980567932,
      -0.05151805654168129,
      0.21459005773067474,
      -0.21244794130325317,
      0.010239723138511181,
      -0.16561663150787354,
      -0.16874009370803833,
      -0.09197351336479187,
      -0.10496365278959274
    ],
    [
      0.2032947987318039,
      0.18981532752513885,
      -0.0520203523337841,
      0.2145288586616516,
      -0.21249760687351227,
      0.010904036462306976,
      -0.16694998741149902,
      -0.16680313646793365,
      -0.09355319291353226,
      -0.10408958047628403
    ],
    [
      0.20316572487354279,
      0.19169186055660248,
      -0.0547325573861599,
      0.21465826034545898,
      -0.21162043511867523,
      0.011121205054223537,
      -0.1693381816148758,
      -0.16362304985523224,
      -0.09692370146512985,
      -0.1021091639995575
    ],
    [
      0.20340180397033691,
      0.1920642852783203,
      -0.055754195898771286,
      0.21470649540424347,
      -0.21123386919498444,
      0.011636457405984402,
      -0.1698092371225357,
      -0.16330023109912872,
      -0.09717792272567749,
      -0.10124510526657104
    ],
    [
      0.20335455238819122,
      0.19213497638702393,
      -0.055778637528419495,
      0.21457965672016144,
      -0.21126973628997803,
      0.011781862936913967,
      -0.16988830268383026,
      -0.1631106436252594,
      -0.09719163924455643,
      -0.10122638195753098
    ],
    [
      0.2030232697725296,
      0.1923985481262207,
      -0.05549724027514458,
      0.2144039124250412,
      -0.21144066751003265,
      0.01152682676911354,
      -0.17015521228313446,
      -0.16242414712905884,
      -0.09777700155973434,
      -0.1015511080622673
    ],
    [
      0.20308126509189606,
      0.19284582138061523,
      -0.05659380555152893,
      0.2145640105009079,
      -0.2109619826078415,
      0.01148067694157362,
      -0.17082642018795013,
      -0.16165417432785034,
      -0.09881797432899475,
      -0.100776307284832
    ],
    [
      0.2009502500295639,
      0.19385568797588348,
      -0.053262755274772644,
      0.21336406469345093,
      -0.21262763440608978,
      0.00962135847657919,
      -0.17126883566379547,
      -0.15919677913188934,
      -0.10072708129882812,
      -0.10365573316812515
    ],
    [
      0.20016610622406006,
      0.1933612823486328,
      -0.05181010439991951,
      0.21269309520721436,
      -0.21329660713672638,
      0.007494638208299875,
      -0.17129673063755035,
      -0.15816359221935272,
      -0.10177844762802124,
      -0.10570123046636581
    ],
    [
      0.1996322125196457,
      0.19307495653629303,
      -0.05036386474967003,
      0.21287333965301514,
      -0.21381330490112305,
      0.006654827389866114,
      -0.17057687044143677,
      -0.15860968828201294,
      -0.10164197534322739,
      -0.10702040791511536
    ],
    [
      0.1990213394165039,
      0.19281822443008423,
      -0.049102071672677994,
      0.21297986805438995,
      -0.21428973972797394,
      0.0054841008968651295,
      -0.1701977252960205,
      -0.1584232747554779,
      -0.10219115018844604,
      -0.10845624655485153
    ],
    [
      0.19841085374355316,
      0.19231343269348145,
      -0.048317838460206985,
      0.21287547051906586,
      -0.21452228724956512,
      0.0034219780936837196,
      -0.1701134890317917,
      -0.15767760574817657,
      -0.10353773087263107,
      -0.10988936573266983
    ],
    [
      0.19783852994441986,
      0.19133247435092926,
      -0.04540933296084404,
      0.21264727413654327,
      -0.21563343703746796,
      0.0025806440971791744,
      -0.16851715743541718,
      -0.15925797820091248,
      -0.10182937234640121,
      -0.1122787669301033
    ],
    [
      0.19743339717388153,
      0.19171129167079926,
      -0.04524359107017517,
      0.21266794204711914,
      -0.21571509540081024,
      0.0020938017405569553,
      -0.1688208431005478,
      -0.15853458642959595,
      -0.10274521261453629,
      -0.11253055930137634
    ],
    [
      0.19678466022014618,
      0.1912679523229599,
      -0.04327685758471489,
      0.21236485242843628,
      -0.21651412546634674,
      0.0010524335084483027,
      -0.16807253658771515,
      -0.15885968506336212,
      -0.10238582640886307,
