{
  "tempos": [
    0.0,
    0.5,
    1.0,
    1.5,
    2.0,
    2.5,
    3.0,
    3.5,
    4.0,
    4.5,
    5.0,
    5.5,
    6.0,
    6.5,
    7.0,
    7.5,
    8.0,
    8.5,
    9.0,
    9.5,
    10.0,
    10.5,
    11.0,
    11.5,
    12.0,
    12.5,
    13.0,
    13.5,
    14.0,
    14.5,
    15.0
  ],
  "engajamentoneural": [
    64.1514210619681,
    71.91859227364925,
    81.41949663988372,
    87.46054095574549,
    89.57186293479505,
    88.93819354282222,
    86.45143535238974,
    82.92769928365283,
    79.32487400568185,
    76.47185988603775,
    74.73141488504578,
    73.94898779910206,
    73.6892465726768,
    73.54864342694174,
    73.35313537437132,
    73.17529458293728,
    73.1889805576384,
    73.45730197980645,
    73.82886158427304,
    74.03237189828313,
    73.85622239161218,
    73.25782839068997,
    72.37201568741251,
    71.45377026248751,
    70.7665632670979,
    70.44390839769017,
    70.40926090214968,
    70.4276452573097,
    70.27884506391527,
    69.94718919203325,
    69.6567900016691
  ],
  "cognitivedemand": [
    22.97722214895462,
    47.73985680228762,
    76.97522028736275,
    86.24855640405316,
    88.49966977185859,
    88.9283259894099,
    88.90728533912606,
    80.39680415947555,
    34.94408818683929,
    56.96500439815157,
    74.91991146598004,
    78.05752643043496,
    78.09860878021344,
    78.10342433791337,
    78.09231799318692,
    44.6473196685994,
    40.18136320229179,
    56.555202648862355,
    75.98563312653387,
    79.8045230945397,
    79.96249703799475,
    80.05861657817843,
    66.94779885078918,
    41.54054638829988,
    64.20900362233756,
    70.22421051612433,
    70.5258706717999,
    70.54368705003644,
    70.54811022857817,
    70.55242037136091,
    70.55831974163726
  ],
  "focus": [
    11.761167736996,
    8.948547249567289,
    11.08761006354558,
    9.875354948457852,
    8.359440102377567,
    8.093252051060958,
    8.843656130211826,
    9.035262967407679,
    7.849673143317601,
    9.046016630636615,
    9.711454031045374,
    8.03484699491713,
    7.860747539280709,
    7.841684381127278,
    7.850823357625464,
    7.918831057838183,
    8.163970083609717,
    26.841002635906044,
    12.070059657886155,
    8.476096026771078,
    8.076787679916588,
    7.899567498387979,
    7.914546885882219,
    7.935973319204852,
    8.400384835678352,
    10.576963411621986,
    12.108205552281929,
    9.669669358736774,
    9.214656708960096,
    9.065472962932036,
    9.068969066252638
  ],
  "embeddings": [
    [
      0.19867540895938873,
      0.19614921510219574,
      -0.05613189563155174,
      0.2098613977432251,
      -0.21215742826461792,
      0.002220137743279338,
      -0.17848165333271027,
      -0.14587821066379547,
      -0.11416786164045334,
      -0.10475081205368042
    ],
    [
      0.20211161673069,
      0.1867430955171585,
      -0.049504298716783524,
      0.21300514042377472,
      -0.21331627666950226,
      0.0037531035486608744,
      -0.16653305292129517,
      -0.16410203278064728,
      -0.0968407690525055,
      -0.10995757579803467
    ],
    [
      0.2008606195449829,
      0.1843973994255066,
      -0.041910599917173386,
      0.21295322477817535,
      -0.2162688970565796,
      0.003023195080459118,
      -0.16177967190742493,
      -0.16979052126407623,
      -0.09098757058382034,
      -0.11508425325155258
    ],
    [
      0.19776861369609833,
      0.18683458864688873,
      -0.03923753276467323,
      0.21243184804916382,
      -0.21771998703479767,
      -7.036483293632045e-05,
      -0.16346047818660736,
      -0.16500066220760345,
      -0.0963812991976738,
      -0.1176944151520729
    ],
    [
      0.19610582292079926,
      0.18870115280151367,
      -0.038981352001428604,
      0.21231190860271454,
      -0.2179802805185318,
      -0.0013135551707819104,
      -0.16496117413043976,
      -0.16171719133853912,
      -0.10004190355539322,
      -0.11836051940917969
    ],
    [
      0.1948043555021286,
      0.1903412938117981,
      -0.038215264678001404,
      0.2121206372976303,
      -0.21849799156188965,
      -0.0018354752101004124,
      -0.1660052388906479,
      -0.15942205488681793,
      -0.10223760455846786,
      -0.11894672363996506
    ],
    [
      0.1942521333694458,
      0.1913471668958664,
      -0.038882866501808167,
      0.21214817464351654,
      -0.21832966804504395,
      -0.0024219523184001446,
      -0.1671111136674881,
      -0.1574832946062088,
      -0.10444948077201843,
      -0.11874151229858398
    ],
    [
      0.19384466111660004,
      0.19167886674404144,
      -0.03835677355527878,
      0.21206583082675934,
      -0.2185988873243332,
      -0.002410965971648693,
      -0.16711251437664032,
      -0.15718074142932892,
      -0.1045871153473854,
      -0.11913154274225235
    ],
    [
      0.193301722407341,
      0.19223016500473022,
      -0.038218770176172256,
      0.21197088062763214,
      -0.21871888637542725,
      -0.0028936024755239487,
      -0.16760297119617462,
      -0.1560577154159546,
      -0.1058076024055481,
      -0.1194072887301445
    ],
    [
      0.1921747922897339,
      0.1925104260444641,
      -0.0367661751806736,
      0.21172040700912476,
      -0.21934962272644043,
      -0.004645477049052715,
      -0.16777336597442627,
      -0.1546512097120285,
      -0.10750559717416763,
      -0.12113397568464279
    ],
    [
      0.19198863208293915,
      0.1921941190958023,
      -0.03617352619767189,
      0.2117568403482437,
      -0.2195262312889099,
      -0.005161648150533438,
      -0.16741113364696503,
      -0.15486475825309753,
      -0.10745110362768173,
      -0.1218101978302002
    ],
    [
      0.19109153747558594,
      0.19220010936260223,
      -0.034802939742803574,
      0.21088819205760956,
      -0.22018331289291382,
      -0.00667366199195385,
      -0.1676165908575058,
      -0.1534973382949829,
      -0.10841760039329529,
      -0.12337714433670044
    ],
    [
      0.19131816923618317,
      0.19108767807483673,
      -0.03364722430706024,
      0.2108999341726303,
      -0.22053168714046478,
      -0.007193094585090876,
      -0.16654235124588013,
      -0.15507709980010986,
      -0.10690755397081375,
      -0.12434303760528564
    ],
    [
      0.1916356086730957,
      0.1907380074262619,
      -0.033331356942653656,
      0.21120427548885345,
      -0.22057484090328217,
      -0.006487630307674408,
      -0.16580960154533386,
      -0.15654371678829193,
      -0.10545850545167923,
      -0.12415442615747452
    ],
    [
      0.19177888333797455,
      0.1913982778787613,
      -0.03451782464981079,
      0.21149855852127075,
      -0.22011446952819824,
      -0.006155010778456926,
      -0.16663163900375366,
      -0.1556631475687027,
      -0.10658193379640579,
      -0.12314914911985397
    ],
    [
      0.19157952070236206,
      0.19129949808120728,
      -0.03431129455566406,
      0.2114042043685913,
      -0.22021318972110748,
      -0.0066474624909460545,
      -0.16667252779006958,
      -0.1553197205066681,
      -0.10696405917406082,
      -0.12357273697853088
    ],
    [
      0.19128382205963135,
      0.1907314658164978,
      -0.032900549471378326,
      0.21130257844924927,
      -0.22075678408145905,
      -0.007305293809622526,
      -0.16594894230365753,
      -0.1559295803308487,
      -0.1063767671585083,
      -0.12488075345754623
    ],
    [
      0.19143307209014893,
      0.19076049327850342,
      -0.03326689079403877,
      0.21139121055603027,
      -0.22061504423618317,
      -0.0070884875021874905,
      -0.16603197157382965,
      -0.1560189127922058,
      -0.10630908608436584,
      -0.12451771646738052
    ],
    [
      0.19096465408802032,
      0.19078558683395386,
      -0.03241680935025215,
      0.21121323108673096,
      -0.22098737955093384,
      -0.007705862168222666,
      -0.16593505442142487,
      -0.15571695566177368,
      -0.10663390159606934,
      -0.1253763735294342
