{
  "tempos": [
    0.0,
    0.5,
    1.0,
    1.5,
    2.0,
    2.5,
    3.0,
    3.5,
    4.0,
    4.5,
    5.0,
    5.5,
    6.0,
    6.5,
    7.0,
    7.5,
    8.0,
    8.5,
    9.0,
    9.5,
    10.0,
    10.5,
    11.0,
    11.5,
    12.0,
    12.5,
    13.0,
    13.5,
    14.0,
    14.5,
    15.0
  ],
  "engajamentoneural": [
    67.53033398363546,
    74.20929301885415,
    82.10274091895322,
    86.85617215381536,
    88.10710808917008,
    86.85073094828957,
    84.03882758833451,
    80.59086958989421,
    77.24376658564019,
    74.37303844983018,
    72.10756892394505,
    70.52328541301364,
    69.67826479183913,
    69.53106070310162,
    69.90498741757459,
    70.55702891855672,
    71.27661349729681,
    71.93554589022733,
    72.4838189422647,
    72.92281186728651,
    73.27475779055369,
    73.55355257494226,
    73.74464311403239,
    73.80413929308884,
    73.67655455640207,
    73.31709189970054,
    72.70378468250108,
    71.84602905058676,
    70.82088808409121,
    69.83407380913835,
    69.20788901838371
  ],
  "cognitivedemand": [
    27.144142665561077,
    60.61723405459741,
    79.67815925823044,
    81.06340655526688,
    81.92733953530129,
    81.31943190379846,
    82.80167772993981,
    83.43836647508542,
    84.1577080106501,
    73.8827459806483,
    38.612963752185635,
    54.800974105080556,
    69.32267019393386,
    72.18232909610312,
    71.87011329217658,
    71.85832590170037,
    71.74920145561019,
    49.39876691095726,
    61.494923082449034,
    69.85445566068373,
    68.51224803148303,
    68.48829711913308,
    68.49611665577314,
    61.92002937175534,
    44.151434415997755,
    57.2968161406543,
    58.29254204429388,
    57.08093279169199,
    57.959921877092206,
    58.29783133681187,
    58.29913642803956
  ],
  "focus": [
    12.498165868598651,
    8.290122727824418,
    11.75515120471232,
    9.861725016408487,
    8.22939433301032,
    10.637443848361718,
    13.777137409635717,
    14.668028760488108,
    13.092349570350137,
    15.332765921446363,
    10.294292668635071,
    12.926618228915743,
    32.11920129803299,
    16.666311974803694,
    9.043408967225664,
    8.711330316801892,
    9.196222385419283,
    10.044898870810087,
    10.233469376576608,
    12.642112531923459,
    19.947668798199533,
    15.2114369824157,
    13.49702687644596,
    12.32064690703932,
    11.391406387410122,
    10.437342857136317,
    11.790989597193171,
    11.119348250388548,
    10.31493780806826,
    9.44878206909733,
    9.543771042694134
  ],
  "embeddings": [
    [
      0.20126736164093018,
      0.19422073662281036,
      -0.05801821127533913,
      0.2113298922777176,
      -0.21180957555770874,
      0.007443895563483238,
      -0.17723287642002106,
      -0.15093915164470673,
      -0.10892382264137268,
      -0.10235343128442764
    ],
    [
      0.20241354405879974,
      0.18617190420627594,
      -0.047665297985076904,
      0.21248646080493927,
      -0.2142476588487625,
      0.00590508384630084,
      -0.16516956686973572,
      -0.16676513850688934,
      -0.09307683259248734,
      -0.10999951511621475
    ],
    [
      0.2016914039850235,
      0.18664897978305817,
      -0.0470091737806797,
      0.2132527083158493,
      -0.21448032557964325,
      0.005091395694762468,
      -0.16510413587093353,
      -0.16634075343608856,
      -0.0944657102227211,
      -0.11054607480764389
    ],
    [
      0.20050226151943207,
      0.18705864250659943,
      -0.04439903423190117,
      0.2128809541463852,
      -0.21567265689373016,
      0.004525340627878904,
      -0.1644725799560547,
      -0.16636236011981964,
      -0.09419751167297363,
      -0.11228420585393906
    ],
    [
      0.2001318782567978,
      0.18863336741924286,
      -0.04607497155666351,
      0.2131001502275467,
      -0.21512329578399658,
      0.004380667116492987,
      -0.16624875366687775,
      -0.1638360470533371,
      -0.09707766771316528,
      -0.11110109090805054
    ],
    [
      0.19967448711395264,
      0.18932534754276276,
      -0.04621249437332153,
      0.21308887004852295,
      -0.21512751281261444,
      0.004052639938890934,
      -0.1668729931116104,
      -0.1626780480146408,
      -0.09834655374288559,
      -0.11115815490484238
    ],
    [
      0.1989755779504776,
      0.18951620161533356,
      -0.04526551067829132,
      0.21286000311374664,
      -0.21555685997009277,
      0.0032662174198776484,
      -0.16691525280475616,
      -0.16191662847995758,
      -0.09915477782487869,
      -0.1121981218457222
    ],
    [
      0.19867689907550812,
      0.18944160640239716,
      -0.04434201493859291,
      0.2127765268087387,
      -0.21595703065395355,
      0.0030504658352583647,
      -0.1665279120206833,
      -0.16217347979545593,
      -0.09877636283636093,
      -0.11292564868927002
    ],
    [
      0.198141947388649,
      0.19017092883586884,
      -0.04450463876128197,
      0.21276764571666718,
      -0.2159460335969925,
      0.002507915021851659,
      -0.16728933155536652,
      -0.16070938110351562,
      -0.10043754428625107,
      -0.1130179837346077
    ],
    [
      0.19777025282382965,
      0.19068294763565063,
      -0.044728007167577744,
      0.21275193989276886,
      -0.21588212251663208,
      0.0020577728282660246,
      -0.1678573340177536,
      -0.15963464975357056,
      -0.1016719862818718,
      -0.11302603036165237
    ],
    [
      0.19800911843776703,
      0.19040662050247192,
      -0.04469172656536102,
      0.21287722885608673,
      -0.21585732698440552,
      0.002295201178640127,
      -0.16748292744159698,
      -0.16037099063396454,
      -0.10090438276529312,
      -0.11294735223054886
    ],
    [
      0.19799812138080597,
      0.19054745137691498,
      -0.04496720805764198,
      0.21286733448505402,
      -0.2157595306634903,
      0.0022033911664038897,
      -0.1677156239748001,
      -0.16003452241420746,
      -0.1013181135058403,
      -0.1127483919262886
    ],
    [
      0.19796182215213776,
      0.19040997326374054,
      -0.044555794447660446,
      0.21286088228225708,
      -0.21590006351470947,
      0.00244586612097919,
      -0.1673377901315689,
      -0.16058477759361267,
      -0.10066762566566467,
      -0.11298179626464844
    ],
    [
      0.19805164635181427,
      0.1901373267173767,
      -0.044079218059778214,
      0.21281985938549042,
      -0.21608851850032806,
      0.0026553941424936056,
      -0.16687430441379547,
      -0.16131015121936798,
      -0.09975112229585648,
      -0.11317792534828186
    ],
    [
      0.19749833643436432,
      0.1902119368314743,
      -0.0434824638068676,
      0.21268178522586823,
      -0.21633733808994293,
      0.00182066997513175,
      -0.16701941192150116,
      -0.16051490604877472,
      -0.10068094730377197,
      -0.1140332818031311
    ],
    [
      0.19795764982700348,
      0.18971659243106842,
      -0.043435901403427124,
      0.212544247508049,
      -0.21630652248859406,
      0.0020128076430410147,
      -0.16672362387180328,
      -0.16131263971328735,
      -0.09960764646530151,
      -0.11401360481977463
    ],
    [
      0.19837921857833862,
      0.1893967241048813,
      -0.043424855917692184,
      0.21271449327468872,
      -0.21623562276363373,
      0.0027281250804662704,
      -0.1662037968635559,
      -0.16248081624507904,
      -0.09834501892328262,
      -0.11367166042327881
    ],
    [
      0.1981203407049179,
      0.18971313536167145,
      -0.04310230538249016,
      0.21275240182876587,
      -0.21642650663852692,
      0.0027551327366381884,
      -0.16629233956336975,
      -0.1621503084897995,
      -0.09864190220832825,
      -0.11385413259267807
    ],
    [
      0.1979670375585556,
      0.19014953076839447,
      -0.04365023970603943,
      0.21267543733119965,
      -0.21628022193908691,
      0.0026043548714369535,
      -0.16693460941314697,
      -0.16113409399986267,
      -0.09965329617261887,
