{
  "tempos": [
    0.0,
    0.5,
    1.0,
    1.5,
    2.0,
    2.5,
    3.0,
    3.5,
    4.0,
    4.5,
    5.0,
    5.5,
    6.0,
    6.5,
    7.0,
    7.5,
    8.0,
    8.5,
    9.0,
    9.5,
    10.0,
    10.5,
    11.0,
    11.5,
    12.0,
    12.5,
    13.0,
    13.5,
    14.0,
    14.5,
    15.0
  ],
  "engajamentoneural": [
    67.30311027336651,
    73.53074071184508,
    80.88566643957387,
    85.22569351463348,
    86.04391209979421,
    84.2064426588503,
    80.72029786229594,
    76.67986723935422,
    73.01472200582499,
    70.23546762020966,
    68.46792020811692,
    67.60745637463764,
    67.4484095781362,
    67.78118112562338,
    68.45621779117752,
    69.3972638888652,
    70.55865008140337,
    71.85876209868694,
    73.15244209832991,
    74.27471206227276,
    75.11434517839871,
    75.65529675439375,
    75.96952576509048,
    76.17491606648107,
    76.36711871723516,
    76.55085099851433,
    76.62511152401625,
    76.45356575571982,
    75.98986569108783,
    75.3805186185865,
    74.93909728798673
  ],
  "cognitivedemand": [
    31.011188191593135,
    64.21892601599517,
    74.63528276410065,
    75.4207062595682,
    75.4782454028726,
    75.48062150243524,
    75.43706657732551,
    75.41022728297861,
    51.39490112395988,
    50.36763716814185,
    66.59897006635748,
    67.63936541304845,
    68.0849821780068,
    68.48380826734659,
    68.83945002737538,
    69.03711284915293,
    49.403783292187335,
    50.651463679733006,
    70.76022351479511,
    73.22700661791333,
    73.35878803508525,
    73.40237213910643,
    73.55773012933955,
    56.98574836694923,
    36.733709859283195,
    54.38475859431317,
    57.749968536651245,
    58.0919943918167,
    58.350793390653685,
    58.61854292709481,
    58.94936787478711
  ],
  "focus": [
    16.51890240046157,
    28.55138491925382,
    18.538900627624635,
    8.357200697741664,
    8.511324256784386,
    8.90204991313246,
    9.01353279163567,
    9.0276479280553,
    9.469761502954931,
    12.574134067303994,
    23.387583042848036,
    34.955156636712196,
    31.820777641509903,
    23.967239886972635,
    22.88675595764972,
    23.5428901606341,
    24.48721305056956,
    24.624478134784372,
    16.213913138584974,
    8.8860269911296,
    10.485336493295756,
    9.279545163502494,
    8.862033774559745,
    8.901273357978564,
    8.65518337795389,
    18.025726390277917,
    16.242736925891286,
    12.09413085806848,
    11.84758658667155,
    11.952586494863997,
    12.076991816997948
  ],
  "embeddings": [
    [
      0.19855493307113647,
      0.19040371477603912,
      -0.043993085622787476,
      0.2125934362411499,
      -0.21600359678268433,
      0.004845119081437588,
      -0.16626587510108948,
      -0.16279542446136475,
      -0.09774547070264816,
      -0.11257380992174149
    ],
    [
      0.19715504348278046,
      0.19175685942173004,
      -0.043957408517599106,
      0.21277157962322235,
      -0.21612322330474854,
      0.0030168844386935234,
      -0.16763420403003693,
      -0.1597360372543335,
      -0.10138293355703354,
      -0.1129998192191124
    ],
    [
      0.19621898233890533,
      0.19262896478176117,
      -0.043500255793333054,
      0.21269460022449493,
      -0.21647866070270538,
      0.0017212947132065892,
      -0.16854727268218994,
      -0.15761680901050568,
      -0.10365286469459534,
      -0.11378828436136246
    ],
    [
      0.19596879184246063,
      0.19248013198375702,
      -0.04327613487839699,
      0.21261219680309296,
      -0.21656005084514618,
      0.0010546878911554813,
      -0.16856719553470612,
      -0.15739376842975616,
      -0.10407056659460068,
      -0.11430972814559937
    ],
    [
      0.1964111477136612,
      0.1918630599975586,
      -0.04276834428310394,
      0.2127573937177658,
      -0.21671056747436523,
      0.0018514851108193398,
      -0.16759413480758667,
      -0.15917758643627167,
      -0.10203730314970016,
      -0.1143277958035469
    ],
    [
      0.19524337351322174,
      0.1928272247314453,
      -0.04182816669344902,
      0.2122257947921753,
      -0.21730686724185944,
      0.0006899128784425557,
      -0.16848647594451904,
      -0.15676461160182953,
      -0.10425608605146408,
      -0.11540967971086502
    ],
    [
      0.1957985758781433,
      0.19283312559127808,
      -0.043263692408800125,
      0.2124979943037033,
      -0.2166644185781479,
      0.0011204656912013888,
      -0.16885317862033844,
      -0.15688717365264893,
      -0.10436081886291504,
      -0.11427682638168335
    ],
    [
      0.19622685015201569,
      0.19246728718280792,
      -0.04333744943141937,
      0.21262545883655548,
      -0.21656101942062378,
      0.0019826104398816824,
      -0.16828884184360504,
      -0.1581757664680481,
      -0.10290753096342087,
      -0.11391095072031021
    ],
    [
      0.19591836631298065,
      0.1927165389060974,
      -0.04310397431254387,
      0.21250461041927338,
      -0.2167104333639145,
      0.0016251836204901338,
      -0.16854234039783478,
      -0.15750163793563843,
      -0.1035744771361351,
      -0.11419746279716492
    ],
    [
      0.19588720798492432,
      0.1924753338098526,
      -0.04310866817831993,
      0.21247701346874237,
      -0.21670548617839813,
      0.0010489579290151596,
      -0.1686009168624878,
      -0.15724870562553406,
      -0.10398610681295395,
      -0.11449278146028519
    ],
    [
      0.1958446055650711,
      0.1920124888420105,
      -0.04231464862823486,
      0.21255707740783691,
      -0.21697872877120972,
      0.0007565186242572963,
      -0.1680040955543518,
      -0.15795232355594635,
      -0.1033858060836792,
      -0.11513868719339371
    ],
    [
      0.19597941637039185,
      0.19192273914813995,
      -0.04238828644156456,
      0.21259407699108124,
      -0.21692772209644318,
      0.0010252194479107857,
      -0.16785351932048798,
      -0.15830163657665253,
      -0.10295307636260986,
      -0.1149793490767479
    ],
    [
      0.19635653495788574,
      0.19327707588672638,
      -0.044872742146253586,
      0.21301913261413574,
      -0.21599215269088745,
      0.0020060925744473934,
      -0.16945098340511322,
      -0.15683452785015106,
      -0.10463207960128784,
      -0.11271100491285324
    ],
    [
      0.19519023597240448,
      0.1933913230895996,
      -0.04310351982712746,
      0.2125701904296875,
      -0.21679174900054932,
      0.00048278956091962755,
      -0.1694280058145523,
      -0.1556868702173233,
      -0.10576200485229492,
      -0.1146526038646698
    ],
    [
      0.1949474960565567,
      0.19377286732196808,
      -0.042892370373010635,
      0.21237812936306,
      -0.21695296466350555,
      0.0006315801292657852,
      -0.1696731597185135,
      -0.15527686476707458,
      -0.10593327134847641,
      -0.11470922082662582
    ],
    [
      0.19464613497257233,
      0.1939144730567932,
      -0.042667750269174576,
      0.21214264631271362,
      -0.21710723638534546,
      5.018478259444237e-05,
      -0.16994363069534302,
      -0.1545872837305069,
      -0.10662883520126343,
      -0.11508384346961975
    ],
    [
      0.19454382359981537,
      0.19383563101291656,
      -0.04214903712272644,
      0.21222253143787384,
      -0.21727688610553741,
      -8.784684905549511e-05,
      -0.16964329779148102,
      -0.1549409180879593,
      -0.10642120242118835,
      -0.11542146652936935
    ],
    [
      0.1944376826286316,
      0.19407393038272858,
      -0.042222484946250916,
      0.21229954063892365,
      -0.2172636240720749,
      3.247537460993044e-05,
      -0.16977949440479279,
      -0.15471608936786652,
      -0.10661960393190384,
      -0.11533647775650024
    ],
    [
      0.19465021789073944,
      0.19448047876358032,
      -0.04322267696261406,
      0.2124083787202835,
      -0.21688073873519897,
      0.0006072741816751659,
      -0.17028386890888214,
      -0.1543056219816208,
      -0.10697373747825623,
