{
  "tempos": [
    0.0,
    0.5,
    1.0,
    1.5,
    2.0,
    2.5,
    3.0,
    3.5,
    4.0,
    4.5,
    5.0,
    5.5,
    6.0,
    6.5,
    7.0,
    7.5,
    8.0,
    8.5,
    9.0,
    9.5,
    10.0,
    10.5,
    11.0,
    11.5,
    12.0,
    12.5,
    13.0,
    13.5,
    14.0,
    14.5,
    15.0,
    15.5,
    16.0
  ],
  "engajamentoneural": [
    69.93335171453703,
    76.05324805660412,
    83.16825611969749,
    87.33838684946973,
    88.25538144221372,
    86.81131530201564,
    83.92662404409022,
    80.56834769450576,
    77.53741316235192,
    75.19870436641634,
    73.50219912815422,
    72.17249316567644,
    70.90076661209557,
    69.50933285074711,
    68.05418598918416,
    66.78120895011311,
    65.92794219278024,
    65.52984719006236,
    65.39948628260244,
    65.25659239640206,
    64.87087350096988,
    64.15640643672137,
    63.2395110591011,
    62.46760284459467,
    62.26132842535941,
    62.83954414402413,
    64.04554810154755,
    65.4455070672358,
    66.58395113142534,
    67.17083449691505,
    67.1536690466512,
    66.7461685493661,
    66.3640528728006
  ],
  "cognitivedemand": [
    47.65689396816103,
    59.624502656855036,
    76.78834196167415,
    82.1016867442824,
    84.09607543255635,
    84.30094032985487,
    84.75713782187098,
    85.09201418075422,
    85.64922586182371,
    85.56896275842169,
    85.77148984986735,
    85.69772875573442,
    85.44626916979693,
    85.42821187962501,
    48.93181282334142,
    59.26309863767669,
    64.54807027297723,
    68.33781575506133,
    68.24293783137897,
    68.07362096237748,
    67.86169091751205,
    67.65455449205186,
    66.72689184797133,
    47.64615107882522,
    68.96013728668407,
    75.9412806428417,
    75.65374448331595,
    75.4061851211328,
    75.28248562215202,
    75.14824950237288,
    74.80467961817273,
    74.43169783927506,
    74.42867183146619
  ],
  "focus": [
    12.597831142858423,
    18.26832262631589,
    25.972787600401873,
    10.049503013326804,
    9.54853988015752,
    8.267994996291153,
    8.587462590980897,
    8.747169024915522,
    9.598453865070223,
    10.6635584663159,
    10.130705868087027,
    9.469346829678857,
    9.56339493015043,
    9.044870576046668,
    8.323802220835223,
    48.37603488949061,
    83.12274918221154,
    58.306703895958385,
    39.97063240480321,
    42.103575557268904,
    57.57438779272101,
    59.87544437082193,
    62.891809549919564,
    51.81457295591487,
    13.990268995305133,
    11.735079329320262,
    9.931931607395631,
    9.563263626004671,
    9.727812692248616,
    9.571245758357284,
    9.377618212273449,
    9.255644915641483,
    9.33073836045383
  ],
  "embeddings": [
    [
      0.19547928869724274,
      0.18968863785266876,
      -0.03783576935529709,
      0.21119020879268646,
      -0.2182762771844864,
      -0.0006064780172891915,
      -0.16488872468471527,
      -0.16074059903621674,
      -0.09995830804109573,
      -0.11866097897291183
    ],
    [
      0.19423848390579224,
      0.18806888163089752,
      -0.030921509489417076,
      0.21102024614810944,
      -0.2213750034570694,
      -0.0010841799667105079,
      -0.1610722541809082,
      -0.16497458517551422,
      -0.09496928006410599,
      -0.12353787571191788
    ],
    [
      0.192735493183136,
      0.19360888004302979,
      -0.037685539573431015,
      0.2114865630865097,
      -0.21918630599975586,
      -0.0023590123746544123,
      -0.1683344841003418,
      -0.15447385609149933,
      -0.10688499361276627,
      -0.11916172504425049
    ],
    [
      0.19245809316635132,
      0.1939355581998825,
      -0.03941735997796059,
      0.2116233855485916,
      -0.2184475064277649,
      -0.003838394535705447,
      -0.16969655454158783,
      -0.15222911536693573,
      -0.10975760221481323,
      -0.11890885978937149
    ],
    [
      0.19222010672092438,
      0.19253963232040405,
      -0.036308404058218,
      0.21124102175235748,
      -0.2196616679430008,
      -0.004216071218252182,
      -0.16762475669384003,
      -0.1546841263771057,
      -0.10675310343503952,
      -0.1212514340877533
    ],
    [
      0.19197781383991241,
      0.19276106357574463,
      -0.035938285291194916,
      0.21117554605007172,
      -0.21982942521572113,
      -0.004160373006016016,
      -0.16763867437839508,
      -0.15454484522342682,
      -0.10686434060335159,
      -0.12139999866485596
    ],
    [
      0.19160021841526031,
      0.19348998367786407,
      -0.036861855536699295,
      0.21127521991729736,
      -0.219488263130188,
      -0.004980666562914848,
      -0.16875386238098145,
      -0.15264897048473358,
      -0.10923405736684799,
      -0.1211007758975029
    ],
    [
      0.19141225516796112,
      0.19330036640167236,
      -0.03587966039776802,
      0.21121276915073395,
      -0.21991074085235596,
      -0.004977105651050806,
      -0.16824819147586823,
      -0.15321160852909088,
      -0.10849329084157944,
      -0.12179875373840332
    ],
    [
      0.1912655383348465,
      0.1936703473329544,
      -0.03619400039315224,
      0.2112543135881424,
      -0.21980567276477814,
      -0.00511268200352788,
      -0.1686527580022812,
      -0.1525440812110901,
      -0.10926250368356705,
      -0.12160974740982056
    ],
    [
      0.19067318737506866,
      0.19427490234375,
      -0.03615979850292206,
      0.21114499866962433,
      -0.21990209817886353,
      -0.005749975796788931,
      -0.1693139672279358,
      -0.1510942280292511,
      -0.11084115505218506,
      -0.12194900959730148
    ],
    [
      0.1905692219734192,
      0.19394563138484955,
      -0.035344451665878296,
      0.21101181209087372,
      -0.22019048035144806,
      -0.005837241653352976,
      -0.16873367130756378,
      -0.1517382115125656,
      -0.11003035306930542,
      -0.1225246712565422
    ],
    [
      0.19005028903484344,
      0.19440744817256927,
      -0.03575482964515686,
      0.21111774444580078,
      -0.22001509368419647,
      -0.0068935006856918335,
      -0.1695234626531601,
      -0.1501312553882599,
      -0.11218861490488052,
      -0.1227337047457695
    ],
    [
      0.19012509286403656,
      0.1937505602836609,
      -0.03482538461685181,
      0.21111911535263062,
      -0.22035257518291473,
      -0.0068596526980400085,
      -0.16866201162338257,
      -0.15133588016033173,
      -0.11083704233169556,
      -0.12345121055841446
    ],
    [
      0.18985535204410553,
      0.1940128654241562,
      -0.034859199076890945,
      0.21108250319957733,
      -0.22035203874111176,
      -0.007372965570539236,
      -0.1690216064453125,
      -0.15062429010868073,
      -0.11174861341714859,
      -0.12358296662569046
    ],
    [
      0.18958912789821625,
      0.19393731653690338,
      -0.03372341766953468,
      0.2108837366104126,
      -0.2208830863237381,
      -0.007319025695323944,
      -0.16857187449932098,
      -0.15106379985809326,
      -0.11094646900892258,
      -0.12434712797403336
    ],
    [
      0.18945465981960297,
      0.19393515586853027,
      -0.03389963507652283,
      0.21087288856506348,
      -0.22080178558826447,
      -0.007665296550840139,
      -0.16871707141399384,
      -0.15062843263149261,
      -0.11151383072137833,
      -0.12440010160207748
    ],
    [
      0.18926279246807098,
      0.19415496289730072,
      -0.03384025767445564,
      0.21082229912281036,
      -0.22085541486740112,
      -0.008041015826165676,
      -0.1689862608909607,
      -0.15011319518089294,
      -0.11210852861404419,
      -0.1245591938495636
    ],
    [
      0.18935464322566986,
      0.19395355880260468,
      -0.03358888998627663,
      0.21093326807022095,
      -0.2209203690290451,
      -0.0077894702553749084,
      -0.16857843101024628,
      -0.15077240765094757,
      -0.11142919212579727,
      -0.12465151399374008
    ],
    [
      0.1891164928674698,
      0.19406527280807495,
      -0.03308140113949776,
      0.2108018845319748,
