{
  "tempos": [
    0.0,
    0.5,
    1.0,
    1.5,
    2.0,
    2.5,
    3.0,
    3.5,
    4.0,
    4.5,
    5.0,
    5.5,
    6.0,
    6.5,
    7.0,
    7.5,
    8.0,
    8.5,
    9.0,
    9.5,
    10.0,
    10.5,
    11.0,
    11.5,
    12.0,
    12.5,
    13.0,
    13.5,
    14.0,
    14.5,
    15.0
  ],
  "engajamentoneural": [
    54.789832430409334,
    62.691652733047974,
    73.23677529173861,
    80.7392137517296,
    83.76855379619838,
    83.43798204885596,
    81.13038922624631,
    78.17461673027613,
    75.66710244016434,
    74.13677574044519,
    73.53576470643537,
    73.52520887920755,
    73.7548608566496,
    74.0005764710028,
    74.1988240529738,
    74.42055130277171,
    74.78140382971431,
    75.31798241861907,
    75.93043240321688,
    76.44597191024793,
    76.72938557769969,
    76.73678843143057,
    76.49813696153764,
    76.08406809822459,
    75.59245227886083,
    75.12715980977335,
    74.73349681501979,
    74.34435929102825,
    73.85080104563917,
    73.27973380516369,
    72.86710763157305
  ],
  "cognitivedemand": [
    22.254090318285627,
    31.814413086174476,
    62.311992656995734,
    64.75306056846244,
    65.16095028270351,
    64.67638650509073,
    51.266811383603184,
    38.47997815244277,
    60.81840123526489,
    71.03979706064335,
    75.0281335022031,
    75.86809240008654,
    75.87487972876995,
    75.72063888334665,
    46.480678282570416,
    36.34951273609769,
    52.00707435133536,
    61.01943740089988,
    66.44037908582716,
    67.18075632293161,
    67.26666643690301,
    67.66341258137756,
    67.78983230118241,
    67.75699484762909,
    67.40340710131736,
    34.64177997326209,
    40.51946111370278,
    53.45078688029289,
    55.3930265433327,
    55.44498246054119,
    55.42818661600288
  ],
  "focus": [
    11.859147607823061,
    17.76385225695944,
    25.019240369242347,
    31.899585052388236,
    46.64360110654874,
    62.86656234931711,
    50.46237307594581,
    18.73264035024373,
    24.22882821303243,
    10.396011005652218,
    7.981798073316504,
    7.873424589543823,
    7.892540744592897,
    7.942488211126831,
    8.018565320188157,
    8.05901405922085,
    9.438970880467522,
    10.901641169144542,
    18.169215468063488,
    11.124807382001165,
    10.904048016409867,
    8.424412707281041,
    8.138786337379278,
    8.15914541662227,
    8.069613758471448,
    8.09496676726613,
    8.84784998711071,
    19.354480698431672,
    21.272676526446418,
    21.468892475943687,
    20.72352853888304
  ],
  "embeddings": [
    [
      0.19941379129886627,
      0.1994429975748062,
      -0.057560231536626816,
      0.21237076818943024,
      -0.2115800976753235,
      0.010407851077616215,
      -0.17866931855678558,
      -0.14900222420692444,
      -0.11133566498756409,
      -0.09970007091760635
    ],
    [
      0.20500437915325165,
      0.18385623395442963,
      -0.037121061235666275,
      0.21321390569210052,
      -0.21806339919567108,
      0.016514815390110016,
      -0.15515275299549103,
      -0.18478983640670776,
      -0.07153424620628357,
      -0.1106744036078453
    ],
    [
      0.2027474194765091,
      0.1940058469772339,
      -0.052735716104507446,
      0.21383275091648102,
      -0.21302463114261627,
      0.013586322776973248,
      -0.17011453211307526,
      -0.16264672577381134,
      -0.09665729850530624,
      -0.10147396475076675
    ],
    [
      0.20193392038345337,
      0.19581079483032227,
      -0.05780860781669617,
      0.21384774148464203,
      -0.21105103194713593,
      0.011494401842355728,
      -0.1741870492696762,
      -0.156242236495018,
      -0.10391923785209656,
      -0.09983867406845093
    ],
    [
      0.2016250640153885,
      0.19511617720127106,
      -0.057276368141174316,
      0.21367476880550385,
      -0.2111954540014267,
      0.01008948590606451,
      -0.173898383975029,
      -0.1561255306005478,
      -0.10422904044389725,
      -0.10099691897630692
    ],
    [
      0.20150458812713623,
      0.19390882551670074,
      -0.05519292876124382,
      0.21359944343566895,
      -0.2119165062904358,
      0.00954497791826725,
      -0.17228122055530548,
      -0.15808139741420746,
      -0.10223545879125595,
      -0.1026519238948822
    ],
    [
      0.2012489289045334,
      0.19360826909542084,
      -0.054207656532526016,
      0.21351586282253265,
      -0.21229521930217743,
      0.009058983065187931,
      -0.17180927097797394,
      -0.15841515362262726,
      -0.10195112973451614,
      -0.1034863218665123
    ],
    [
      0.2011583298444748,
      0.19294105470180511,
      -0.05248202383518219,
      0.2134510725736618,
      -0.21293491125106812,
      0.009103232063353062,
      -0.1705329269170761,
      -0.16006404161453247,
      -0.10005009174346924,
      -0.1045849546790123
    ],
    [
      0.20068389177322388,
      0.19448478519916534,
      -0.05423913523554802,
      0.21347768604755402,
      -0.2123357206583023,
      0.008697898127138615,
      -0.17246854305267334,
      -0.15717767179012299,
      -0.10329478234052658,
      -0.10345017164945602
    ],
    [
      0.20000456273555756,
      0.19401907920837402,
      -0.053094055503606796,
      0.21329914033412933,
      -0.21278536319732666,
      0.006988691631704569,
      -0.17230141162872314,
      -0.15663543343544006,
      -0.10422158986330032,
      -0.10508042573928833
    ],
    [
      0.19885168969631195,
      0.19224773347377777,
      -0.04849575459957123,
      0.21242599189281464,
      -0.21461474895477295,
      0.00417774124071002,
      -0.17025645077228546,
      -0.1578826755285263,
      -0.10277601331472397,
      -0.10941511392593384
    ],
    [
      0.1987745612859726,
      0.19066095352172852,
      -0.04560685530304909,
      0.21242517232894897,
      -0.21559302508831024,
      0.0040155816823244095,
      -0.16785269975662231,
      -0.16095669567584991,
      -0.09945300966501236,
      -0.11152129620313644
    ],
    [
      0.19793231785297394,
      0.1907380223274231,
      -0.044408898800611496,
      0.2121458798646927,
      -0.216150164604187,
      0.0023326140362769365,
      -0.16803991794586182,
      -0.15974438190460205,
      -0.10088533163070679,
      -0.11298045516014099
    ],
    [
      0.19711339473724365,
      0.1909548044204712,
      -0.04336879774928093,
      0.21212251484394073,
      -0.2165735960006714,
      0.0012364113936200738,
      -0.16805769503116608,
      -0.15896262228488922,
      -0.10196229815483093,
      -0.11419665068387985
    ],
    [
      0.19638346135616302,
      0.1906690150499344,
      -0.04164474084973335,
      0.2117815762758255,
      -0.21728117763996124,
      3.525149077177048e-05,
      -0.16757012903690338,
      -0.15887044370174408,
      -0.10207957029342651,
      -0.11585048586130142
    ],
    [
      0.19555974006652832,
      0.1893668919801712,
      -0.03868431970477104,
      0.211589515209198,
      -0.21834981441497803,
      -0.0016218224773183465,
      -0.1659218817949295,
      -0.16000674664974213,
      -0.10110738128423691,
      -0.11881605535745621
    ],
    [
      0.1950242519378662,
      0.18910300731658936,
      -0.03702280670404434,
      0.21141695976257324,
      -0.21901564300060272,
      -0.0023829471319913864,
      -0.16526709496974945,
      -0.16038261353969574,
      -0.10074704885482788,
      -0.12016326189041138
    ],
    [
      0.19453996419906616,
      0.18957261741161346,
      -0.036942362785339355,
      0.21153472363948822,
      -0.21906624734401703,
      -0.0028972846921533346,
      -0.1656814068555832,
      -0.15939848124980927,
      -0.10202571004629135,
      -0.12046418339014053
    ],
    [
      0.19428272545337677,
      0.18979255855083466,
      -0.03668045625090599,
      0.2117455154657364,
      -0.21911804378032684,
      -0.002983133541420102,
      -0.16559998691082,
      -0.15937505662441254,
      -0.10222381353378296,
