{
  "tempos": [
    0.0,
    0.5,
    1.0,
    1.5,
    2.0,
    2.5,
    3.0,
    3.5,
    4.0,
    4.5,
    5.0,
    5.5,
    6.0,
    6.5,
    7.0,
    7.5,
    8.0,
    8.5,
    9.0,
    9.5,
    10.0,
    10.5,
    11.0,
    11.5,
    12.0,
    12.5,
    13.0,
    13.5,
    14.0,
    14.5,
    15.0
  ],
  "engajamentoneural": [
    48.258495489881454,
    55.975635780311386,
    66.94668388229837,
    75.46759446985448,
    79.4123145368095,
    79.72662948295095,
    78.08641494764733,
    76.10413136468912,
    74.91227070239997,
    74.85739219515087,
    75.63994455094195,
    76.70932717871601,
    77.57451457037394,
    77.93049300169491,
    77.69002735748454,
    76.98271527313993,
    76.08908893841142,
    75.27989651446056,
    74.65656553125079,
    74.1342305766292,
    73.56244520192668,
    72.84997812317675,
    72.00729520244907,
    71.12668416542391,
    70.34302102653662,
    69.77264516148534,
    69.421928381646,
    69.14119597135283,
    68.73852953401442,
    68.20467235457932,
    67.79432083335108
  ],
  "cognitivedemand": [
    22.66216895722795,
    30.91024392624682,
    55.06629902987637,
    57.41076746856062,
    57.75206495353942,
    57.71457409783586,
    54.74698172586686,
    34.956568223441344,
    52.79763994646351,
    64.38045477594487,
    69.47308760293386,
    70.3617906648253,
    70.36367942339233,
    70.02131087797919,
    42.53442262579082,
    32.42475659270552,
    45.97533990814692,
    56.59846767151525,
    60.9822221715946,
    61.09052626080778,
    61.16999877782446,
    61.55349759676667,
    61.70523005398271,
    61.59840214361677,
    61.13832891157092,
    32.421006766412155,
    40.20962861940067,
    53.61026421800624,
    55.8360195190697,
    55.909432356981306,
    55.90967848118216
  ],
  "focus": [
    7.901694327446499,
    16.018248316943023,
    11.065245351748434,
    9.308201905145328,
    10.211924092091992,
    11.403720914370451,
    10.053451567816786,
    7.9757091968058,
    11.970429636427657,
    11.295953258820107,
    9.427741779288896,
    7.954467417907846,
    7.920785932757565,
    7.8966665764489505,
    7.897232134942163,
    7.843724360716839,
    8.139522986878399,
    14.641068153864905,
    33.46179298953507,
    20.647537772101085,
    12.497918958189054,
    11.160515090871522,
    11.908593095568106,
    11.952647603116858,
    11.634497847163038,
    11.297003805552329,
    15.746534058349347,
    40.36873187333023,
    44.384170194110936,
    34.99459344278988,
    16.67629820871015
  ],
  "embeddings": [
    [
      0.2014528512954712,
      0.1925039291381836,
      -0.04679759219288826,
      0.21276701986789703,
      -0.21522003412246704,
      0.01160341501235962,
      -0.16770441830158234,
      -0.16450722515583038,
      -0.09461037069559097,
      -0.10574054718017578
    ],
    [
      0.199479341506958,
      0.19155628979206085,
      -0.041370268911123276,
      0.21311010420322418,
      -0.21718502044677734,
      0.011048215441405773,
      -0.16418315470218658,
      -0.16819512844085693,
      -0.09076415747404099,
      -0.11031129956245422
    ],
    [
      0.19796819984912872,
      0.19506172835826874,
      -0.04774242639541626,
      0.2129371166229248,
      -0.2153208702802658,
      0.0059713139198720455,
      -0.1712619662284851,
      -0.15605737268924713,
      -0.10467320680618286,
      -0.10848883539438248
    ],
    [
      0.19554179906845093,
      0.1932828426361084,
      -0.042841363698244095,
      0.21227498352527618,
      -0.21699000895023346,
      0.0014705765061080456,
      -0.16899512708187103,
      -0.15637968480587006,
      -0.1046082153916359,
      -0.11454775929450989
    ],
    [
      0.19465745985507965,
      0.19298450648784637,
      -0.04065616428852081,
      0.21191293001174927,
      -0.21791140735149384,
      -0.00023397896438837051,
      -0.16848385334014893,
      -0.15619346499443054,
      -0.10486336797475815,
      -0.1166510358452797
    ],
    [
      0.19367630779743195,
      0.1927562952041626,
      -0.03809500113129616,
      0.21172671020030975,
      -0.21894460916519165,
      -0.001220079604536295,
      -0.16756020486354828,
      -0.1565738469362259,
      -0.10445145517587662,
      -0.11884034425020218
    ],
    [
      0.19298426806926727,
      0.19411008059978485,
      -0.03857648745179176,
      0.21177570521831512,
      -0.21886038780212402,
      -0.0015230635181069374,
      -0.16877317428588867,
      -0.15450803935527802,
      -0.10682358592748642,
      -0.1184443011879921
    ],
    [
      0.19211089611053467,
      0.19461806118488312,
      -0.03772008791565895,
      0.21173910796642303,
      -0.21919673681259155,
      -0.002390168374404311,
      -0.1689489334821701,
      -0.15356563031673431,
      -0.1080629825592041,
      -0.11930353194475174
    ],
    [
      0.19158679246902466,
      0.19594170153141022,
      -0.0390566922724247,
      0.21172605454921722,
      -0.2187812775373459,
      -0.0029109043534845114,
      -0.17062591016292572,
      -0.1508675366640091,
      -0.11107749491930008,
      -0.11851286888122559
    ],
    [
      0.19078393280506134,
      0.19638985395431519,
      -0.03974737599492073,
      0.21164846420288086,
      -0.21856428682804108,
      -0.0051399157382547855,
      -0.1720033437013626,
      -0.14807379245758057,
      -0.11450302600860596,
      -0.1191260814666748
    ],
    [
      0.19061411917209625,
      0.19473600387573242,
      -0.0376284085214138,
      0.21092505753040314,
      -0.21935151517391205,
      -0.00713476212695241,
      -0.17092256247997284,
      -0.1490420252084732,
      -0.1134796142578125,
      -0.121490478515625
    ],
    [
      0.19162820279598236,
      0.19169838726520538,
      -0.034184135496616364,
      0.21126645803451538,
      -0.2203129529953003,
      -0.005987237673252821,
      -0.16673772037029266,
      -0.1554437130689621,
      -0.10655119270086288,
      -0.12342265993356705
    ],
    [
      0.19110041856765747,
      0.19260388612747192,
      -0.034244198352098465,
      0.2111499160528183,
      -0.22042833268642426,
      -0.006370095070451498,
      -0.1675795465707779,
      -0.15392999351024628,
      -0.10811793059110641,
      -0.12335648387670517
    ],
    [
      0.19093549251556396,
      0.1920817494392395,
      -0.033572565764188766,
      0.21122324466705322,
      -0.2205904871225357,
      -0.006980134639889002,
      -0.1670718938112259,
      -0.15435467660427094,
      -0.10795626044273376,
      -0.12421271204948425
    ],
    [
      0.19053161144256592,
      0.19202078878879547,
      -0.032469067722558975,
      0.2108457237482071,
      -0.22111646831035614,
      -0.007442032918334007,
      -0.16684307157993317,
      -0.1542988419532776,
      -0.10774543136358261,
      -0.12510590255260468
    ],
    [
      0.19029434025287628,
      0.1907893270254135,
      -0.030820444226264954,
      0.21084295213222504,
      -0.2216147929430008,
      -0.008534322492778301,
      -0.1655965894460678,
      -0.15545327961444855,
      -0.10685499757528305,
      -0.12690746784210205
    ],
    [
      0.19021999835968018,
      0.1904820203781128,
      -0.02993255853652954,
      0.21067680418491364,
      -0.22198516130447388,
      -0.008620128035545349,
      -0.16508354246616364,
      -0.1560952067375183,
      -0.10604298859834671,
      -0.12748661637306213
    ],
    [
      0.19013367593288422,
      0.19066905975341797,
      -0.030167771503329277,
      0.21083331108093262,
      -0.2218780368566513,
      -0.008621838875114918,
      -0.16526378691196442,
      -0.15580430626869202,
      -0.10650863498449326,
      -0.12736214697360992
    ],
    [
      0.19030241668224335,
      0.19104723632335663,
      -0.03092382661998272,
      0.21111911535263062,
      -0.2215489000082016,
      -0.008044303394854069,
      -0.165537491440773,
      -0.15569384396076202,
      -0.10670224577188492,
