{
  "tempos": [
    0.0,
    0.5,
    1.0,
    1.5,
    2.0,
    2.5,
    3.0,
    3.5,
    4.0,
    4.5,
    5.0,
    5.5,
    6.0,
    6.5,
    7.0,
    7.5,
    8.0,
    8.5,
    9.0,
    9.5,
    10.0,
    10.5,
    11.0,
    11.5,
    12.0,
    12.5,
    13.0,
    13.5,
    14.0,
    14.5,
    15.0
  ],
  "engajamentoneural": [
    58.08429340951397,
    65.70522002268726,
    75.67234427022052,
    82.64563181055338,
    85.46245720698678,
    85.14083016200989,
    82.67460258368196,
    78.79794432680491,
    74.17413422041295,
    69.48647465568916,
    65.38444329657344,
    62.266012800852586,
    60.10721746326405,
    58.57150806344828,
    57.365833782803996,
    56.56795468662994,
    56.60358375757721,
    57.80042111051973,
    59.90225011265671,
    62.06353223418524,
    63.34669280832932,
    63.20950890929995,
    61.65990083910076,
    59.20579967300097,
    56.687584896128776,
    54.91434352766065,
    54.22465556827323,
    54.32826244854964,
    54.61510767321216,
    54.686207697190326,
    54.600857423210805
  ],
  "cognitivedemand": [
    32.74980740751359,
    52.585443680419225,
    66.23752364218494,
    76.09292452567472,
    81.60523872555534,
    82.85780525154969,
    82.94772884521677,
    82.76332803140171,
    54.807061912426946,
    46.4508765759359,
    57.947357563617366,
    59.216772878013835,
    60.04704297800204,
    60.06636683236633,
    58.823044242884734,
    51.60062290240464,
    39.4175112613765,
    49.14839353582879,
    54.4333531098888,
    55.46004300756037,
    55.490685866943,
    55.472782851978025,
    49.47289426665944,
    37.258244151966295,
    46.04501654599379,
    54.48002063190916,
    56.75908211612634,
    57.09575204619633,
    57.11635348368071,
    57.3933873980318,
    57.07461761239023
  ],
  "focus": [
    7.989798465656778,
    7.895940244480814,
    8.316909007261616,
    8.194236615850908,
    8.42673235469447,
    10.22526385627951,
    9.885941966184365,
    8.983289401740114,
    8.596092143201515,
    9.153395026655097,
    14.564328149276198,
    27.53149390294715,
    30.79373066467519,
    24.88104228482006,
    21.419301951236893,
    19.230802933752745,
    10.926721522836727,
    17.657788560145146,
    18.78237828073087,
    10.196423713139023,
    9.288200373911968,
    10.103669532938941,
    10.711082342078953,
    9.574278958875988,
    24.17291556129638,
    49.93062450034253,
    38.24149691320931,
    29.42994098323535,
    22.092089352304004,
    18.076786776430847,
    18.022196120782684
  ],
  "embeddings": [
    [
      0.2034907191991806,
      0.19241146743297577,
      -0.0547906868159771,
      0.21238429844379425,
      -0.21234416961669922,
      0.012116932310163975,
      -0.1717618703842163,
      -0.16155123710632324,
      -0.09782767295837402,
      -0.10169601440429688
    ],
    [
      0.20570755004882812,
      0.19262273609638214,
      -0.06314016133546829,
      0.21465010941028595,
      -0.20842035114765167,
      0.012129745446145535,
      -0.17408804595470428,
      -0.15979577600955963,
      -0.1013355627655983,
      -0.09624860435724258
    ],
    [
      0.20752543210983276,
      0.18920962512493134,
      -0.06187039241194725,
      0.2154286652803421,
      -0.20828098058700562,
      0.01335879135876894,
      -0.170083686709404,
      -0.16629363596439362,
      -0.09446984529495239,
      -0.09686370939016342
    ],
    [
      0.2091982513666153,
      0.1868022084236145,
      -0.060657646507024765,
      0.21586979925632477,
      -0.2084742933511734,
      0.015128805302083492,
      -0.167064368724823,
      -0.17180897295475006,
      -0.08860892802476883,
      -0.09689385443925858
    ],
    [
      0.2093944549560547,
      0.18558961153030396,
      -0.05862148478627205,
      0.2157868593931198,
      -0.2092616707086563,
      0.015711026266217232,
      -0.16522391140460968,
      -0.17436473071575165,
      -0.08566481620073318,
      -0.09807469695806503
    ],
    [
      0.2096753865480423,
      0.1859148144721985,
      -0.05940963700413704,
      0.21593201160430908,
      -0.20898176729679108,
      0.016393721103668213,
      -0.16544334590435028,
      -0.1744244545698166,
      -0.08559354394674301,
      -0.09710638970136642
    ],
    [
      0.20980821549892426,
      0.18613459169864655,
      -0.059750575572252274,
      0.21587972342967987,
      -0.208893284201622,
      0.016659021377563477,
      -0.16568537056446075,
      -0.17427325248718262,
      -0.08564615249633789,
      -0.09666565805673599
    ],
    [
      0.20985384285449982,
      0.18581117689609528,
      -0.0593903623521328,
      0.2157777100801468,
      -0.2090638279914856,
      0.016673618927598,
      -0.1653938591480255,
      -0.17453336715698242,
      -0.08527158945798874,
      -0.09697224944829941
    ],
    [
      0.20993302762508392,
      0.18592703342437744,
      -0.059358105063438416,
      0.2158024162054062,
      -0.2091071754693985,
      0.017125602811574936,
      -0.16530342400074005,
      -0.17484308779239655,
      -0.08486377447843552,
      -0.09671913832426071
    ],
    [
      0.21045434474945068,
      0.18632008135318756,
      -0.06119896098971367,
      0.21599169075489044,
      -0.2083706259727478,
      0.017461014911532402,
      -0.16609825193881989,
      -0.17437340319156647,
      -0.08549348264932632,
      -0.09524629265069962
    ],
    [
      0.21026857197284698,
      0.186118483543396,
      -0.06044435501098633,
      0.21573686599731445,
      -0.20870770514011383,
      0.017433742061257362,
      -0.1658724695444107,
      -0.17437593638896942,
      -0.08523757010698318,
      -0.09585002809762955
    ],
    [
      0.2093842774629593,
      0.18776504695415497,
      -0.06012981757521629,
      0.21552957594394684,
      -0.2090359330177307,
      0.01787455566227436,
      -0.16671210527420044,
      -0.17272581160068512,
      -0.08661174774169922,
      -0.09565643221139908
    ],
    [
      0.20837654173374176,
      0.1899578720331192,
      -0.05937447026371956,
      0.21509386599063873,
      -0.20974956452846527,
      0.018930479884147644,
      -0.16767853498458862,
      -0.17135031521320343,
      -0.08737275749444962,
      -0.09514942020177841
    ],
    [
      0.2074473649263382,
      0.19380934536457062,
      -0.06368854641914368,
      0.21489930152893066,
      -0.20841912925243378,
      0.019026434049010277,
      -0.17259852588176727,
      -0.16399140655994415,
      -0.09471732378005981,
      -0.09241679310798645
    ],
    [
      0.20702402293682098,
      0.19405287504196167,
      -0.06454923003911972,
      0.21477864682674408,
      -0.20802634954452515,
      0.0178880225867033,
      -0.17353461682796478,
      -0.16211265325546265,
      -0.09691166877746582,
      -0.09259801357984543
    ],
    [
      0.2067299485206604,
      0.19369272887706757,
      -0.06259196251630783,
      0.2145519256591797,
      -0.20881487429141998,
      0.01830878108739853,
      -0.17235617339611053,
      -0.16360275447368622,
      -0.09498953074216843,
      -0.09374163299798965
    ],
    [
      0.20659147202968597,
      0.19421590864658356,
      -0.06353139132261276,
      0.2144954949617386,
      -0.2084857076406479,
      0.017907964065670967,
      -0.1732700616121292,
      -0.16215093433856964,
      -0.09657213091850281,
      -0.0932890847325325
    ],
    [
      0.2064228653907776,
      0.19418029487133026,
      -0.06290282309055328,
      0.21441686153411865,
      -0.20876038074493408,
      0.017882270738482475,
      -0.17300944030284882,
      -0.16233573853969574,
      -0.09626320004463196,
      -0.09371059387922287
    ],
    [
      0.20650160312652588,
      0.1944063901901245,
      -0.06335388869047165,
      0.21451258659362793,
      -0.20857058465480804,
      0.0181365255266428,
      -0.17324131727218628,
      -0.16217558085918427,
      -0.09645610302686691,
      -0.09329301863908768
    ],
