{
  "tempos": [
    0.0,
    0.5,
    1.0,
    1.5,
    2.0,
    2.5,
    3.0,
    3.5,
    4.0,
    4.5,
    5.0,
    5.5,
    6.0,
    6.5,
    7.0,
    7.5,
    8.0,
    8.5,
    9.0,
    9.5,
    10.0,
    10.5,
    11.0,
    11.5,
    12.0,
    12.5,
    13.0,
    13.5,
    14.0,
    14.5,
    15.0
  ],
  "engajamentoneural": [
    58.58020609382915,
    66.86634263305255,
    77.53748995735023,
    84.7734121675072,
    87.6127508562828,
    87.35790251245233,
    85.19278087644639,
    82.12810516274067,
    79.07188253945426,
    76.61128632938392,
    74.93915418418105,
    73.9738447584578,
    73.51269716013861,
    73.3585601295155,
    73.40287886160255,
    73.62614670178941,
    74.02146580279363,
    74.51796826934678,
    74.97267310169806,
    75.22270030051834,
    75.15183832751174,
    74.74349186813262,
    74.09919055668324,
    73.3961676078853,
    72.79036923981434,
    72.32986176543417,
    71.943638244815,
    71.50863665262295,
    70.95736982408283,
    70.37188298640736,
    69.97629429714763
  ],
  "cognitivedemand": [
    20.804647937431888,
    35.611717376948356,
    76.31095627341494,
    83.48796308373323,
    84.41875720654923,
    84.52524066925156,
    84.53203289952796,
    84.56346740530572,
    84.50406118600458,
    69.36109021669549,
    61.82748515134196,
    63.69422586144675,
    63.65151093412131,
    62.88639177757492,
    44.452250589323086,
    45.49439929435721,
    51.313462856000875,
    54.81325992125534,
    54.988573275294776,
    55.01200167993737,
    55.079118352715824,
    48.601135209959466,
    43.5787688047179,
    49.47335566210901,
    51.45284335659964,
    59.645558115055444,
    64.04325960680362,
    64.13659971834073,
    64.10050503128963,
    64.12717953370132,
    63.960777722567215
  ],
  "focus": [
    11.668869113511436,
    12.122060873204477,
    8.187558618768092,
    10.268883499215605,
    9.246115944039973,
    8.05740090064197,
    8.075879105359029,
    8.781361146845258,
    8.530939878136014,
    8.262417981185164,
    7.957391318642275,
    9.272393909707574,
    10.717012217794187,
    9.59171471902,
    9.81197595215702,
    15.19634945437901,
    25.10071440750317,
    23.176443492322356,
    20.472851641549994,
    16.740956521143822,
    16.582669541453377,
    16.986211470740383,
    23.798811338506574,
    27.381387301533604,
    18.05980230740764,
    9.787151600382398,
    17.861191866103873,
    20.729194705342078,
    15.345712118579694,
    9.254823927191193,
    9.571737513146582
  ],
  "embeddings": [
    [
      0.19830532371997833,
      0.19504404067993164,
      -0.053059983998537064,
      0.20933298766613007,
      -0.21397753059864044,
      0.002582860877737403,
      -0.17722095549106598,
      -0.14738978445529938,
      -0.1122872605919838,
      -0.10718199610710144
    ],
    [
      0.20153574645519257,
      0.19086794555187225,
      -0.049047622829675674,
      0.21171914041042328,
      -0.21427279710769653,
      0.008811910636723042,
      -0.1685488373041153,
      -0.16319920122623444,
      -0.09568042308092117,
      -0.1066630557179451
    ],
    [
      0.2046544998884201,
      0.18901985883712769,
      -0.053233951330184937,
      0.2138461321592331,
      -0.21216674149036407,
      0.011788729578256607,
      -0.16732676327228546,
      -0.1676328182220459,
      -0.09189558774232864,
      -0.10290303826332092
    ],
    [
      0.2053699940443039,
      0.18784230947494507,
      -0.05218225345015526,
      0.21404822170734406,
      -0.21249449253082275,
      0.012871786952018738,
      -0.16564685106277466,
      -0.17035317420959473,
      -0.08892080187797546,
      -0.10318126529455185
    ],
    [
      0.2054985612630844,
      0.1894426941871643,
      -0.054735954850912094,
      0.21424394845962524,
      -0.2116217464208603,
      0.013739158399403095,
      -0.16760163009166718,
      -0.1678897738456726,
      -0.09146521240472794,
      -0.10098126530647278
    ],
    [
      0.20594482123851776,
      0.18986503779888153,
      -0.05604276433587074,
      0.2144206166267395,
      -0.21113498508930206,
      0.014581885188817978,
      -0.16814790666103363,
      -0.1676696538925171,
      -0.09160015732049942,
      -0.09973742812871933
    ],
    [
      0.20671172440052032,
      0.1901741623878479,
      -0.057965174317359924,
      0.21470624208450317,
      -0.21032850444316864,
      0.016070647165179253,
      -0.16863860189914703,
      -0.16791915893554688,
      -0.09133405238389969,
      -0.09784375876188278
    ],
    [
      0.2067147046327591,
      0.1906754970550537,
      -0.058661121875047684,
      0.2147916704416275,
      -0.21008753776550293,
      0.016323836520314217,
      -0.16916809976100922,
      -0.1672283262014389,
      -0.09200296550989151,
      -0.09721722453832626
    ],
    [
      0.20677827298641205,
      0.19139766693115234,
      -0.060133978724479675,
      0.21486425399780273,
      -0.2095310240983963,
      0.016608022153377533,
      -0.1702158898115158,
      -0.16595278680324554,
      -0.09338968992233276,
      -0.09616174548864365
    ],
    [
      0.20724761486053467,
      0.19151227176189423,
      -0.06131048873066902,
      0.2150397151708603,
      -0.20901155471801758,
      0.017301464453339577,
      -0.17047499120235443,
      -0.16617771983146667,
      -0.0932231917977333,
      -0.09510671347379684
    ],
    [
      0.20729990303516388,
      0.19135220348834991,
      -0.061029430478811264,
      0.2149224728345871,
      -0.20914125442504883,
      0.01740785874426365,
      -0.17024199664592743,
      -0.1665332168340683,
      -0.09270137548446655,
      -0.095237135887146
    ],
    [
      0.2072390764951706,
      0.19117069244384766,
      -0.060767125338315964,
      0.21484346687793732,
      -0.2092464119195938,
      0.01722359098494053,
      -0.1701371818780899,
      -0.16648201644420624,
      -0.09268289804458618,
      -0.09554298967123032
    ],
    [
      0.2073173075914383,
      0.19101615250110626,
      -0.060771211981773376,
      0.21480713784694672,
      -0.20923584699630737,
      0.01714143343269825,
      -0.17010845243930817,
      -0.16654370725154877,
      -0.09261234849691391,
      -0.09560347348451614
    ],
    [
      0.2072128802537918,
      0.19151659309864044,
      -0.061304762959480286,
      0.2147693783044815,
      -0.2090480774641037,
      0.017173247411847115,
      -0.17061679065227509,
      -0.16587692499160767,
      -0.09332695603370667,
      -0.09517105668783188
    ],
    [
      0.20753712952136993,
      0.19123615324497223,
      -0.06358332186937332,
      0.2150755077600479,
      -0.20800067484378815,
      0.01597699336707592,
      -0.17165131866931915,
      -0.16459400951862335,
      -0.09539789706468582,
      -0.09440804272890091
    ],
    [
      0.20795457065105438,
      0.18969102203845978,
      -0.0615999735891819,
      0.21489226818084717,
      -0.2086395025253296,
      0.016342084854841232,
      -0.1695801466703415,
      -0.16782820224761963,
      -0.0917801558971405,
      -0.09562245011329651
    ],
    [
      0.2078620195388794,
      0.18932323157787323,
      -0.06042643263936043,
      0.21499623358249664,
      -0.20907573401927948,
      0.016581537202000618,
      -0.1686861366033554,
      -0.1689068078994751,
      -0.09061813354492188,
      -0.0962798073887825
    ],
    [
      0.20761992037296295,
      0.18952350318431854,
      -0.06010881066322327,
      0.21481461822986603,
      -0.20925824344158173,
      0.016580840572714806,
      -0.16875982284545898,
      -0.16858886182308197,
      -0.09074929356575012,
      -0.0964876115322113
    ],
    [
      0.2074650526046753,
      0.1902543157339096,
      -0.061168279498815536,
      0.2147720456123352,
      -0.20886297523975372,
      0.01632245071232319,
      -0.16984371840953827,
      -0.16707010567188263,
      -0.09238148480653763,
      -0.09584785252809525
