{
  "tempos": [
    0.0,
    0.5,
    1.0,
    1.5,
    2.0,
    2.5,
    3.0,
    3.5,
    4.0,
    4.5,
    5.0,
    5.5,
    6.0,
    6.5,
    7.0,
    7.5,
    8.0,
    8.5,
    9.0,
    9.5,
    10.0,
    10.5,
    11.0,
    11.5,
    12.0,
    12.5,
    13.0,
    13.5,
    14.0,
    14.5,
    15.0
  ],
  "engajamentoneural": [
    62.599676265704865,
    70.21403970714648,
    79.70549948145037,
    85.91504804561119,
    88.18198717846934,
    87.6669211613492,
    85.37324434634603,
    82.15296295841088,
    78.84435968939606,
    76.25064325850107,
    75.0873838820851,
    75.72496390780246,
    77.84913893979154,
    80.55129365805391,
    82.90768999786862,
    84.42735385715801,
    85.02248182498401,
    84.79605335847475,
    83.95956016316244,
    82.86802054500629,
    81.95169854653824,
    81.43812097082589,
    81.13005099385236,
    80.5462660893255,
    79.29869288725769,
    77.38484316652767,
    75.22006674636575,
    73.34736741098624,
    72.0420918930323,
    71.25109954567202,
    70.86397992923122
  ],
  "cognitivedemand": [
    21.79136765565861,
    35.31550930677447,
    55.977005120461584,
    60.33573778885526,
    62.39112941358493,
    63.935759192441324,
    64.12288887576877,
    64.43641584540715,
    64.13334489498519,
    43.56451509060676,
    25.004197634652865,
    41.32691317374855,
    74.99532034666738,
    79.1046107380042,
    79.82167450356229,
    79.85599974037112,
    79.85675979173514,
    79.85496679266402,
    75.38313645505272,
    25.254307781764105,
    29.855477259748913,
    46.156339814466726,
    58.439288493637726,
    60.24122454404881,
    61.17612532840965,
    42.19711566922086,
    25.29901616143867,
    38.18959399583462,
    49.48774731489576,
    50.92605870325252,
    50.92253266986918
  ],
  "focus": [
    39.823021114143486,
    26.849477830522492,
    25.87743974721287,
    44.46786353461021,
    50.00184328794336,
    38.1574635638495,
    34.64187973725201,
    39.161327163103685,
    39.76855927107375,
    42.33333130617747,
    52.12249714686338,
    39.91671127568475,
    31.707272491780103,
    26.12137603616792,
    15.92303275233399,
    12.804042843065671,
    14.31203647479091,
    15.29548669737366,
    15.587699511589097,
    21.208325566478525,
    20.55587991906955,
    12.027146500624237,
    32.52174922183011,
    35.40010132256949,
    31.75545729504375,
    34.80922093813807,
    11.387369340212965,
    27.34445865669475,
    50.36382606796198,
    44.52732314445007,
    34.4221069458663
  ],
  "embeddings": [
    [
      0.19797301292419434,
      0.19775892794132233,
      -0.05508824810385704,
      0.20945388078689575,
      -0.21344266831874847,
      0.004582467954605818,
      -0.17952604591846466,
      -0.1451566219329834,
      -0.11417565494775772,
      -0.10497105121612549
    ],
    [
      0.20583684742450714,
      0.19005529582500458,
      -0.061964958906173706,
      0.21478432416915894,
      -0.20833389461040497,
      0.009532435797154903,
      -0.17202730476856232,
      -0.16231803596019745,
      -0.09942689538002014,
      -0.09867888689041138
    ],
    [
      0.2074437141418457,
      0.18230032920837402,
      -0.04847738519310951,
      0.21464203298091888,
      -0.21330542862415314,
      0.013853277079761028,
      -0.15930217504501343,
      -0.1801919937133789,
      -0.07882256805896759,
      -0.10591014474630356
    ],
    [
      0.20813997089862823,
      0.18632982671260834,
      -0.0550042986869812,
      0.2156749963760376,
      -0.2109230011701584,
      0.016342539340257645,
      -0.16365669667720795,
      -0.17565734684467316,
      -0.08417174965143204,
      -0.09960484504699707
    ],
    [
      0.20819427073001862,
      0.1882328987121582,
      -0.059494499117136,
      0.21580255031585693,
      -0.20927995443344116,
      0.015698708593845367,
      -0.1672665923833847,
      -0.17062342166900635,
      -0.08985734730958939,
      -0.09683825820684433
    ],
    [
      0.20846863090991974,
      0.18753795325756073,
      -0.05843660607933998,
      0.21563030779361725,
      -0.20966260135173798,
      0.01652892492711544,
      -0.16611777245998383,
      -0.172587588429451,
      -0.08732619136571884,
      -0.09729506820440292
    ],
    [
      0.20848901569843292,
      0.18884430825710297,
      -0.06052585318684578,
      0.21584242582321167,
      -0.2088957279920578,
      0.01707608439028263,
      -0.16772107779979706,
      -0.17060784995555878,
      -0.08948778361082077,
      -0.09557127207517624
    ],
    [
      0.2088083028793335,
      0.1895197033882141,
      -0.06131374463438988,
      0.2160225510597229,
      -0.20860348641872406,
      0.018403885886073112,
      -0.16800515353679657,
      -0.17075215280056,
      -0.0890829786658287,
      -0.09431415796279907
    ],
    [
      0.2091403752565384,
      0.19009046256542206,
      -0.06389626115560532,
      0.2162793129682541,
      -0.20752458274364471,
      0.018378181383013725,
      -0.16953350603580475,
      -0.1689358353614807,
      -0.09137631207704544,
      -0.09275393933057785
    ],
    [
      0.20960165560245514,
      0.18915604054927826,
      -0.06326539069414139,
      0.21625323593616486,
      -0.20771615207195282,
      0.01891298219561577,
      -0.16833741962909698,
      -0.17099060118198395,
      -0.08907651901245117,
      -0.09303290396928787
    ],
    [
      0.20987991988658905,
      0.18889035284519196,
      -0.0632849857211113,
      0.21626144647598267,
      -0.20770575106143951,
      0.019166389480233192,
      -0.168101966381073,
      -0.17149700224399567,
      -0.088487409055233,
      -0.09288623929023743
    ],
    [
      0.2098395824432373,
      0.18842919170856476,
      -0.06241108477115631,
      0.21614302694797516,
      -0.2080300897359848,
      0.019028818234801292,
      -0.16747742891311646,
      -0.17227812111377716,
      -0.08754760771989822,
      -0.09353587031364441
    ],
    [
      0.2094324380159378,
      0.1894349455833435,
      -0.06286534667015076,
      0.2161491960287094,
      -0.20793424546718597,
      0.019267233088612556,
      -0.16832725703716278,
      -0.17083978652954102,
      -0.08899310231208801,
      -0.09303230047225952
    ],
    [
      0.20921768248081207,
      0.19047845900058746,
      -0.06391241401433945,
      0.21610234677791595,
      -0.20762892067432404,
      0.019260866567492485,
      -0.1695537120103836,
      -0.16919970512390137,
      -0.0906461849808693,
      -0.09230142086744308
    ],
    [
      0.2059651017189026,
      0.19141535460948944,
      -0.06012523174285889,
      0.21390579640865326,
      -0.20968371629714966,
      0.014804963953793049,
      -0.1711488515138626,
      -0.1642177850008011,
      -0.09523579478263855,
      -0.0969790443778038
    ],
    [
      0.20302699506282806,
      0.19093944132328033,
      -0.0516929067671299,
      0.21150358021259308,
      -0.21358971297740936,
      0.01143921073526144,
      -0.16944099962711334,
      -0.16332578659057617,
      -0.09450867027044296,
      -0.10392454266548157
    ],
    [
      0.20204679667949677,
      0.19208697974681854,
      -0.05299060419201851,
      0.21180009841918945,
      -0.21301792562007904,
      0.008861555717885494,
      -0.1713263839483261,
      -0.15964408218860626,
      -0.0992463007569313,
      -0.10407215356826782
    ],
    [
      0.20431198179721832,
      0.19043461978435516,
      -0.057121288031339645,
      0.2140437364578247,
      -0.21068155765533447,
      0.00947924330830574,
      -0.17074666917324066,
      -0.16243211925029755,
      -0.09836950898170471,
      -0.10126657038927078
    ],
    [
      0.20512425899505615,
      0.1879604309797287,
      -0.05438069999217987,
      0.2144395262002945,
      -0.21144135296344757,
      0.010118830017745495,
      -0.16728831827640533,
      -0.16765516996383667,
      -0.09298522025346756,
      -0.10287731885910034
    ],
    [
