{
  "tempos": [
    0.0,
    0.5,
    1.0,
    1.5,
    2.0,
    2.5,
    3.0,
    3.5,
    4.0,
    4.5,
    5.0,
    5.5,
    6.0,
    6.5,
    7.0,
    7.5,
    8.0,
    8.5,
    9.0,
    9.5,
    10.0,
    10.5,
    11.0,
    11.5,
    12.0,
    12.5,
    13.0,
    13.5,
    14.0,
    14.5,
    15.0
  ],
  "engajamentoneural": [
    49.04179803705243,
    54.66932344617547,
    62.617071633302814,
    68.90185543413322,
    71.87723918230175,
    72.10681991512878,
    70.8664131481839,
    69.25152521437556,
    67.83977805393113,
    66.72581882973995,
    65.76531219428163,
    64.84901935692493,
    64.08082289247923,
    63.746774680986476,
    64.06834543071915,
    64.95746117705134,
    66.03838050149547,
    66.91260333269082,
    67.39032151183068,
    67.5147423929776,
    67.44302881535027,
    67.32253278084372,
    67.23391025925774,
    67.1954873303726,
    67.18997762529236,
    67.18097953848444,
    67.11169022526649,
    66.91005131785528,
    66.53957869253352,
    66.08350097613072,
    65.75593759985694
  ],
  "cognitivedemand": [
    24.283002321605046,
    40.08048838528618,
    61.3278154994579,
    67.86048428324183,
    75.4605085328967,
    76.7791185048534,
    76.86615715701625,
    76.8670020110056,
    76.86278440543857,
    76.86957507908201,
    76.90479784746245,
    69.41581392677065,
    35.6022172964688,
    35.95894837625822,
    45.51038034873657,
    59.63104316430349,
    66.72620210891331,
    66.49815029054692,
    66.37435827263916,
    66.58908136541964,
    66.53562495853252,
    66.39684397806478,
    66.56565605777382,
    66.55361951062352,
    66.31613891507675,
    66.5166976035316,
    66.56514409313985,
    66.36477062359371,
    66.4682840942799,
    66.58830378501581,
    66.44589381164703
  ],
  "focus": [
    8.03651737395296,
    13.898519218537853,
    22.197299152561442,
    14.718285152674056,
    13.349582826507856,
    14.428449754778564,
    11.350321464838991,
    8.708080163291934,
    8.056068521070607,
    8.082119570923394,
    8.083043720405593,
    8.063603881991693,
    7.998096564453266,
    10.108080707154283,
    34.871667063677634,
    33.33183917086039,
    17.182277162160265,
    13.975432625941822,
    10.30157318122977,
    8.386599635205041,
    8.59502247071234,
    8.6658961395208,
    8.660464818832573,
    8.658593902328308,
    8.66317013620724,
    8.665656054620156,
    8.64451766920917,
    8.639674384630132,
    8.63472505686326,
    8.65228130442207,
    8.673791795262344
  ],
  "embeddings": [
    [
      0.2020544558763504,
      0.194191575050354,
      -0.05452251806855202,
      0.21275396645069122,
      -0.21233350038528442,
      0.01187885832041502,
      -0.17193996906280518,
      -0.15967053174972534,
      -0.09960614889860153,
      -0.10151854157447815
    ],
    [
      0.20262278616428375,
      0.19362644851207733,
      -0.05636170506477356,
      0.21319128572940826,
      -0.21133650839328766,
      0.010882214643061161,
      -0.17233507335186005,
      -0.15948490798473358,
      -0.10043022036552429,
      -0.1009104922413826
    ],
    [
      0.2037838101387024,
      0.19307392835617065,
      -0.05711740627884865,
      0.21409057080745697,
      -0.21080684661865234,
      0.012747311033308506,
      -0.17121338844299316,
      -0.16211669147014618,
      -0.09776607900857925,
      -0.09959711879491806
    ],
    [
      0.20474517345428467,
      0.193603977560997,
      -0.05961837247014046,
      0.21473343670368195,
      -0.20975090563297272,
      0.01441542524844408,
      -0.17185766994953156,
      -0.16231799125671387,
      -0.09759920835494995,
      -0.09717115759849548
    ],
    [
      0.2051599621772766,
      0.19363057613372803,
      -0.060646023601293564,
      0.21474097669124603,
      -0.20940126478672028,
      0.01480415090918541,
      -0.17226187884807587,
      -0.16203826665878296,
      -0.0978403389453888,
      -0.0963435247540474
    ],
    [
      0.20565181970596313,
      0.19362682104110718,
      -0.06189173460006714,
      0.21493279933929443,
      -0.2088674157857895,
      0.015278640203177929,
      -0.17255230247974396,
      -0.16206316649913788,
      -0.09788552671670914,
      -0.09535675495862961
    ],
    [
      0.20623458921909332,
      0.1926976442337036,
      -0.061489637941122055,
      0.2150416374206543,
      -0.20897310972213745,
      0.015647796913981438,
      -0.17162711918354034,
      -0.16368220746517181,
      -0.0962112545967102,
      -0.09542969614267349
    ],
    [
      0.20645417273044586,
      0.1928986757993698,
      -0.0622263103723526,
      0.215116485953331,
      -0.20869775116443634,
      0.016065159812569618,
      -0.1719486266374588,
      -0.16351677477359772,
      -0.09635612368583679,
      -0.09476714581251144
    ],
    [
      0.20663666725158691,
      0.19302819669246674,
      -0.0628601536154747,
      0.21516142785549164,
      -0.2084476798772812,
      0.01619202271103859,
      -0.17227496206760406,
      -0.1632472425699234,
      -0.09668195247650146,
      -0.09428607672452927
    ],
    [
      0.20687134563922882,
      0.19253967702388763,
      -0.06291459500789642,
      0.21513505280017853,
      -0.20840050280094147,
      0.01608354039490223,
      -0.1720208078622818,
      -0.16369126737117767,
      -0.09628564119338989,
      -0.09434431791305542
    ],
    [
      0.2069481611251831,
      0.1928281933069229,
      -0.06309210509061813,
      0.21521629393100739,
      -0.20831270515918732,
      0.016675585880875587,
      -0.1720089167356491,
      -0.16400890052318573,
      -0.09584181755781174,
      -0.09392869472503662
    ],
    [
      0.20720021426677704,
      0.19296622276306152,
      -0.06366629153490067,
      0.2153053730726242,
      -0.2080998420715332,
      0.01710861548781395,
      -0.1722588986158371,
      -0.16390234231948853,
      -0.09591641277074814,
      -0.09334928542375565
    ],
    [
      0.20720744132995605,
      0.19369329512119293,
      -0.06458093225955963,
      0.2153700590133667,
      -0.20777921378612518,
      0.01761583983898163,
      -0.17295540869235992,
      -0.1631476730108261,
      -0.09662573784589767,
      -0.09247907996177673
    ],
    [
      0.20747102797031403,
      0.19374747574329376,
      -0.0652739405632019,
      0.21543653309345245,
      -0.20749859511852264,
      0.017987119033932686,
      -0.1731722354888916,
      -0.1630936712026596,
      -0.09662432223558426,
      -0.09191156178712845
    ],
    [
      0.2076748162508011,
      0.19372963905334473,
      -0.06559867411851883,
      0.21548525989055634,
      -0.2073637992143631,
      0.018387354910373688,
      -0.17317251861095428,
      -0.16329704225063324,
      -0.09631187468767166,
      -0.09156745672225952
    ],
    [
      0.20799608528614044,
      0.1933876872062683,
      -0.0662958174943924,
      0.21553575992584229,
      -0.20704291760921478,
      0.018411455675959587,
      -0.17319898307323456,
      -0.16353249549865723,
      -0.0961565300822258,
      -0.0912163183093071
    ],
    [
      0.20837952196598053,
      0.19285373389720917,
      -0.06644053012132645,
      0.21558226644992828,
      -0.20690275728702545,
      0.018468648195266724,
      -0.17282886803150177,
      -0.1643005758523941,
      -0.09542343765497208,
      -0.0910547599196434
    ],
    [
      0.20715470612049103,
      0.19285531342029572,
      -0.062317442148923874,
      0.21440698206424713,
      -0.20882754027843475,
      0.01833283342421055,
      -0.1717168688774109,
      -0.16473568975925446,
      -0.09369602054357529,
      -0.09389153867959976
    ],
    [
      0.20642586052417755,
      0.19567900896072388,
      -0.06457223743200302,
      0.21465003490447998,
      -0.20808462798595428,
      0.01893032155930996,
      -0.17434780299663544,
      -0.1610971838235855,
      -0.09768740087747574,
      -0.09179914742708206
    ],
    [
