{
  "tempos": [
    0.0,
    0.5,
    1.0,
    1.5,
    2.0,
    2.5,
    3.0,
    3.5,
    4.0,
    4.5,
    5.0,
    5.5,
    6.0,
    6.5,
    7.0,
    7.5,
    8.0,
    8.5,
    9.0,
    9.5,
    10.0,
    10.5,
    11.0,
    11.5,
    12.0,
    12.5,
    13.0,
    13.5,
    14.0,
    14.5,
    15.0,
    15.5,
    16.0,
    16.5,
    17.0,
    17.5,
    18.0
  ],
  "engajamentoneural": [
    37.88785021452534,
    43.56132002173464,
    52.29098881208915,
    59.823312866107216,
    63.3661111315589,
    62.89047980531688,
    60.035331908564835,
    56.90903487468331,
    55.182606431651614,
    55.642711891340454,
    58.15847392266922,
    61.763122937332994,
    64.99867491218873,
    66.59887705853015,
    66.01765565657985,
    63.53088604175928,
    60.10570559814682,
    57.04259967239032,
    55.37319424137548,
    55.3347672647112,
    56.25350101181403,
    56.927666936750775,
    56.299098584675214,
    53.95057590261568,
    50.188520327924444,
    45.82126150427215,
    41.78523043397161,
    38.77362136729532,
    37.063739841794984,
    36.58029762608645,
    36.98278569434104,
    37.61729295693753,
    37.53084286948163,
    35.8912305494195,
    32.70638174327947,
    29.13184480708867,
    26.80780469098034
  ],
  "cognitivedemand": [
    50.87445150047374,
    53.18125727109876,
    61.74703718129185,
    62.687682228820925,
    59.62138903507325,
    54.21540581904876,
    51.84092680935524,
    44.23648030599847,
    43.597089995924115,
    44.09869742758287,
    56.91918783454776,
    61.66837450062276,
    61.59373904830568,
    57.9241618219231,
    56.53883750653139,
    55.14593062899053,
    54.52641475521182,
    55.89089933984829,
    52.64209514906514,
    47.91258649287342,
    48.32834312160537,
    48.91593411558036,
    47.75299638880666,
    52.28856768313713,
    52.60456768513286,
    49.621186689558165,
    50.559797534382824,
    50.15143455084933,
    47.08218431087168,
    40.3376984650318,
    41.40062491196627,
    42.698343712916504,
    42.593555125676446,
    36.81842651579182,
    34.92621204707709,
    23.416054381664676,
    23.86614252631873
  ],
  "focus": [
    7.8328248927975705,
    8.338466322988706,
    21.181346719385118,
    8.351585371409314,
    10.427933767353075,
    19.212119977612883,
    31.051397708021153,
    32.320466765092725,
    14.888775912192353,
    9.929404257987768,
    14.659224791954491,
    22.070341364507996,
    43.78615718887543,
    55.18486531458607,
    50.20009454084715,
    47.28374229459697,
    37.999895664879524,
    17.044740635713662,
    8.566814458577893,
    9.712822505163079,
    8.240334878763672,
    7.86301856259998,
    12.599396887382177,
    24.951841434918908,
    13.703807026046853,
    17.436836215689624,
    14.04548619708173,
    30.410794693652228,
    48.82497189067106,
    52.234487193605446,
    20.693613956519776,
    10.989813367201412,
    33.244699006624494,
    51.90462307841342,
    64.99011556501817,
    38.982991822002084,
    43.45802694581883
  ],
  "embeddings": [
    [
      0.20121102035045624,
      0.19186390936374664,
      -0.04839503392577171,
      0.21477162837982178,
      -0.21426694095134735,
      0.01058746874332428,
      -0.1666383147239685,
      -0.1654282957315445,
      -0.09474218636751175,
      -0.10666584223508835
    ],
    [
      0.20098207890987396,
      0.19497352838516235,
      -0.0525425486266613,
      0.21515853703022003,
      -0.21276962757110596,
      0.011433330364525318,
      -0.17036612331867218,
      -0.1608673334121704,
      -0.09981238842010498,
      -0.10299059748649597
    ],
    [
      0.19873152673244476,
      0.20127128064632416,
      -0.05895170196890831,
      0.21532301604747772,
      -0.21063144505023956,
      0.010541128925979137,
      -0.17764057219028473,
      -0.14938630163669586,
      -0.1123192235827446,
      -0.09905923157930374
    ],
    [
      0.19945915043354034,
      0.1998933106660843,
      -0.05776416137814522,
      0.21517319977283478,
      -0.21099819242954254,
      0.01131956372410059,
      -0.17600809037685394,
      -0.15216833353042603,
      -0.10892465710639954,
      -0.09962359070777893
    ],
    [
      0.19989687204360962,
      0.19938687980175018,
      -0.05798855423927307,
      0.2153445929288864,
      -0.21089787781238556,
      0.011654219590127468,
      -0.17556630074977875,
      -0.1532747894525528,
      -0.1079021468758583,
      -0.09929267317056656
    ],
    [
      0.19947616755962372,
      0.20112520456314087,
      -0.059865742921829224,
      0.21564604341983795,
      -0.21023321151733398,
      0.01178776752203703,
      -0.177403524518013,
      -0.15065790712833405,
      -0.11094539612531662,
      -0.09804130345582962
    ],
    [
      0.19948655366897583,
      0.19930899143218994,
      -0.05761745572090149,
      0.21526509523391724,
      -0.21097607910633087,
      0.010760989040136337,
      -0.17547617852687836,
      -0.15295718610286713,
      -0.10868813842535019,
      -0.1000640019774437
    ],
    [
      0.1989315003156662,
      0.19885645806789398,
      -0.05450530722737312,
      0.2146083563566208,
      -0.21238379180431366,
      0.010859552770853043,
      -0.17413277924060822,
      -0.1543591320514679,
      -0.1064632311463356,
      -0.10199979692697525
    ],
    [
      0.19906699657440186,
      0.1994050294160843,
      -0.05642069876194,
      0.21485066413879395,
      -0.21159358322620392,
      0.010530217550694942,
      -0.1753915697336197,
      -0.15281493961811066,
      -0.10855057090520859,
      -0.1008182093501091
    ],
    [
      0.19895969331264496,
      0.20156817138195038,
      -0.05831265449523926,
      0.21538348495960236,
      -0.2109682708978653,
      0.012346622534096241,
      -0.17676562070846558,
      -0.15141521394252777,
      -0.10981691628694534,
      -0.09872513264417648
    ],
    [
      0.1982138305902481,
      0.20377938449382782,
      -0.06190783903002739,
      0.21574103832244873,
      -0.2095797210931778,
      0.01095693837851286,
      -0.18027518689632416,
      -0.14594118297100067,
      -0.11634695529937744,
      -0.09701088815927505
    ],
    [
      0.19836419820785522,
      0.20297251641750336,
      -0.062565378844738,
      0.21563583612442017,
      -0.20912408828735352,
      0.00967481266707182,
      -0.18032534420490265,
      -0.14546772837638855,
      -0.11708440631628036,
      -0.09732479602098465
    ],
    [
      0.19881391525268555,
      0.20033109188079834,
      -0.05900232866406441,
      0.21540467441082,
      -0.21031685173511505,
      0.00945153646171093,
      -0.17706847190856934,
      -0.150127112865448,
      -0.11205721646547318,
      -0.09970683604478836
    ],
    [
      0.19846920669078827,
      0.19834260642528534,
      -0.05403463914990425,
      0.2147250920534134,
      -0.2122865915298462,
      0.009110036306083202,
      -0.17378146946430206,
      -0.154074028134346,
      -0.10726666450500488,
      -0.10302098840475082
    ],
    [
      0.1982150822877884,
      0.19729125499725342,
      -0.05162420868873596,
      0.21442049741744995,
      -0.2133219838142395,
      0.008717079646885395,
      -0.1724090576171875,
      -0.15561388432979584,
      -0.10535789281129837,
      -0.10484400391578674
    ],
    [
      0.1964075118303299,
      0.19950532913208008,
      -0.05267353728413582,
      0.21425890922546387,
      -0.21313436329364777,
      0.006223504897207022,
      -0.17537565529346466,
      -0.14974039793014526,
      -0.11198056489229202,
      -0.10532885044813156
    ],
    [
      0.19647370278835297,
      0.19938521087169647,
      -0.053004126995801926,
      0.21431763470172882,
      -0.21299152076244354,
      0.005993025843054056,
      -0.1755279153585434,
      -0.14957496523857117,
      -0.11216053366661072,
      -0.10531190782785416
    ],
    [
      0.19519253075122833,
      0.1992769092321396,
