{
  "tempos": [
    0.0,
    0.5,
    1.0,
    1.5,
    2.0,
    2.5,
    3.0,
    3.5,
    4.0,
    4.5,
    5.0,
    5.5,
    6.0,
    6.5,
    7.0,
    7.5,
    8.0,
    8.5,
    9.0,
    9.5,
    10.0,
    10.5,
    11.0,
    11.5,
    12.0,
    12.5,
    13.0,
    13.5,
    14.0,
    14.5,
    15.0
  ],
  "engajamentoneural": [
    57.2670632194551,
    63.6631538910575,
    72.05163675280285,
    77.94933933444742,
    80.17692607123084,
    79.64587735209413,
    77.68677338431506,
    75.50117249760879,
    73.9100767696135,
    73.27492837089846,
    73.59543991327403,
    74.64702753295057,
    76.09840231913448,
    77.60737760876782,
    78.88589580308891,
    79.73338844063471,
    80.05364014236756,
    79.86083207158482,
    79.26533365299295,
    78.43416729896799,
    77.54234202766986,
    76.7405895357397,
    76.14307043216816,
    75.81466982845042,
    75.7482952176007,
    75.85308452443932,
    75.97795614604148,
    75.9703119518867,
    75.75602242092134,
    75.40953289074272,
    75.1399237151005
  ],
  "cognitivedemand": [
    28.066619364050037,
    44.83262635797323,
    54.680744721672575,
    69.19542962186351,
    73.36546141654725,
    73.45402167038456,
    73.49457332585315,
    73.51349487228943,
    62.354673625511644,
    60.32468955045369,
    72.0392930257585,
    73.53235114336697,
    74.32885134973947,
    74.19976110763614,
    73.93098894353979,
    73.65217054166328,
    63.573370453316215,
    76.65075776262259,
    76.8484684045671,
    78.1964546861338,
    77.62320667551153,
    77.56507099263345,
    77.25030745393128,
    74.64433053886827,
    49.62067754973792,
    63.59397161287371,
    65.24198257744376,
    65.62722527209428,
    66.16900229191876,
    65.68324486641747,
    65.66882867945814
  ],
  "focus": [
    7.9460990205578765,
    7.977958583826941,
    10.43834717356174,
    8.971512340481127,
    15.193550607572716,
    23.073055455751547,
    17.796321655762306,
    13.178842710150455,
    12.832266757513032,
    13.34523174319352,
    9.272853292875913,
    7.972987189512607,
    7.933656723685147,
    7.87713682661785,
    7.872771386123148,
    7.850406970871913,
    7.853185876911073,
    7.995657755926818,
    8.57308871852942,
    9.45951994431167,
    10.003984514451522,
    9.356524861603688,
    8.58484128487958,
    8.34829834118524,
    9.348526528588762,
    16.791130823573734,
    25.428702106602536,
    18.280430533177437,
    11.039834212430923,
    8.976893349801568,
    8.842751900527631
  ],
  "embeddings": [
    [
      0.19956274330615997,
      0.1951851099729538,
      -0.052790556102991104,
      0.21057002246379852,
      -0.21391896903514862,
      0.007158970460295677,
      -0.17502643167972565,
      -0.15226882696151733,
      -0.10678613930940628,
      -0.10514038056135178
    ],
    [
      0.20359189808368683,
      0.1939651519060135,
      -0.0615144819021225,
      0.21426282823085785,
      -0.20927131175994873,
      0.01000575814396143,
      -0.17465126514434814,
      -0.15646564960479736,
      -0.1047002449631691,
      -0.09833421558141708
    ],
    [
      0.20589400827884674,
      0.18748730421066284,
      -0.05594189092516899,
      0.2151496857404709,
      -0.2104835957288742,
      0.010979145765304565,
      -0.16678671538829803,
      -0.1685262769460678,
      -0.0924227237701416,
      -0.10211338847875595
    ],
    [
      0.20668858289718628,
      0.1872261017560959,
      -0.05721957981586456,
      0.2157522290945053,
      -0.20980225503444672,
      0.011972484178841114,
      -0.1665886491537094,
      -0.16961587965488434,
      -0.09171023964881897,
      -0.1007125973701477
    ],
    [
      0.207159623503685,
      0.18499229848384857,
      -0.053054239600896835,
      0.2155604511499405,
      -0.21140097081661224,
      0.013011137954890728,
      -0.16307808458805084,
      -0.17486076056957245,
      -0.08560816198587418,
      -0.10293277353048325
    ],
    [
      0.20723192393779755,
      0.18745459616184235,
      -0.056800663471221924,
      0.2160760760307312,
      -0.2100638747215271,
      0.013742147944867611,
      -0.1660185009241104,
      -0.17129157483577728,
      -0.08964940160512924,
      -0.09973686933517456
    ],
    [
      0.2070002555847168,
      0.1888837069272995,
      -0.05842694267630577,
      0.21612222492694855,
      -0.20952804386615753,
      0.014121181331574917,
      -0.16756325960159302,
      -0.16921162605285645,
      -0.09175226092338562,
      -0.09838241338729858
    ],
    [
      0.20675140619277954,
      0.1890512853860855,
      -0.05768335983157158,
      0.21588397026062012,
      -0.20994146168231964,
      0.014439749531447887,
      -0.16740846633911133,
      -0.16928982734680176,
      -0.09127318859100342,
      -0.09876777976751328
    ],
    [
      0.20667362213134766,
      0.19004277884960175,
      -0.05904344096779823,
      0.21588186919689178,
      -0.20947736501693726,
      0.014578097499907017,
      -0.16862638294696808,
      -0.16770386695861816,
      -0.09294471144676208,
      -0.09769736975431442
    ],
    [
      0.20684410631656647,
      0.1905149668455124,
      -0.0598972886800766,
      0.21605747938156128,
      -0.2091570645570755,
      0.015134409070014954,
      -0.16909027099609375,
      -0.1673572063446045,
      -0.09331467002630234,
      -0.09679478406906128
    ],
    [
      0.20668967068195343,
      0.19065164029598236,
      -0.059824954718351364,
      0.21585054695606232,
      -0.20925796031951904,
      0.014993362128734589,
      -0.16931968927383423,
      -0.16690872609615326,
      -0.09364130347967148,
      -0.0969407930970192
    ],
    [
      0.20648932456970215,
      0.19062702357769012,
      -0.05939173698425293,
      0.21562384068965912,
      -0.20947153866291046,
      0.014802160672843456,
      -0.16926638782024384,
      -0.16678501665592194,
      -0.09361198544502258,
      -0.09735772013664246
    ],
    [
      0.20557284355163574,
      0.1909564882516861,
      -0.05784374475479126,
      0.21530784666538239,
      -0.21021676063537598,
      0.014132467098534107,
      -0.16916197538375854,
      -0.1661420464515686,
      -0.09404274076223373,
      -0.09867285937070847
    ],
    [
      0.20430420339107513,
      0.19021296501159668,
      -0.05536875128746033,
      0.2144959419965744,
      -0.21129195392131805,
      0.011223259381949902,
      -0.1687818318605423,
      -0.16511575877666473,
      -0.09532901644706726,
      -0.1017259880900383
    ],
    [
      0.20287580788135529,
      0.18904723227024078,
      -0.05138690769672394,
      0.21395444869995117,
      -0.212820902466774,
      0.009015130810439587,
      -0.1670866459608078,
      -0.16584821045398712,
      -0.09461641311645508,
      -0.1056692823767662
    ],
    [
      0.20122747123241425,
      0.189098060131073,
      -0.048231881111860275,
      0.21342718601226807,
      -0.21418397128582,
      0.006777216214686632,
      -0.16664284467697144,
      -0.1648072600364685,
      -0.09573015570640564,
      -0.1087118610739708
    ],
    [
      0.2000827044248581,
      0.1892833262681961,
      -0.046567995101213455,
      0.21317343413829803,
      -0.21487824618816376,
      0.0049680243246257305,
      -0.1666330248117447,
      -0.16370856761932373,
      -0.0971534326672554,
      -0.11054501682519913
    ],
    [
      0.19906918704509735,
      0.1888505071401596,
      -0.04421545937657356,
      0.2128932923078537,
      -0.21581678092479706,
      0.0030816441867500544,
      -0.16597528755664825,
      -0.16347061097621918,
      -0.09761854261159897,
      -0.11296692490577698
    ],
    [
      0.1976487636566162,
      0.18872837722301483,
      -0.04139569774270058,
      0.2125093936920166,
      -0.21695853769779205,
      0.0012693043099716306,
      -0.1653129905462265,
      -0.16298389434814453,
      -0.09822368621826172,
      -0.11570816487073898
    ],
    [
