{
  "tempos": [
    0.0,
    0.5,
    1.0,
    1.5,
    2.0,
    2.5,
    3.0,
    3.5,
    4.0,
    4.5,
    5.0,
    5.5,
    6.0,
    6.5,
    7.0,
    7.5,
    8.0,
    8.5,
    9.0,
    9.5,
    10.0,
    10.5,
    11.0,
    11.5,
    12.0,
    12.5,
    13.0,
    13.5,
    14.0,
    14.5,
    15.0
  ],
  "engajamentoneural": [
    61.56308178165099,
    68.55579213394299,
    77.13723023937976,
    82.4144476071481,
    83.51379054032347,
    81.36411513319932,
    77.18120347244066,
    72.40345454230659,
    68.39552262733469,
    66.04575883885857,
    65.60103255953463,
    66.68946508057746,
    68.54182139821852,
    70.36762550837852,
    71.66154836685055,
    72.2799678664667,
    72.34710483076906,
    72.11584141578659,
    71.85167779781713,
    71.76396009974202,
    71.97772861034893,
    72.51700447073055,
    73.29131132578898,
    74.11857882633568,
    74.79966189174222,
    75.19534515359965,
    75.24637860449003,
    74.9489601690708,
    74.3618497888604,
    73.6695399229344,
    73.18755280803207
  ],
  "cognitivedemand": [
    29.894742298271147,
    44.04949483748958,
    65.66956888510911,
    65.85141246939679,
    65.87993748783974,
    66.7742629052588,
    66.5652211595656,
    63.24463037696017,
    35.55907437216907,
    38.455480906412475,
    53.493489820379814,
    54.81284690362758,
    64.81126884062898,
    65.11488356503727,
    65.16293507528339,
    60.126055991769064,
    53.84555630831302,
    60.45171203112034,
    60.488436782247604,
    60.494941270696366,
    60.425767706650156,
    53.97546852354254,
    65.40990551542271,
    70.03034096840476,
    70.01600727870006,
    70.03941116680627,
    70.05309960574992,
    70.98774343965955,
    70.00361077633026,
    70.00765158478488,
    70.01338936000151
  ],
  "focus": [
    8.139058384662835,
    8.355617489666571,
    10.666811202937058,
    8.115584715254263,
    8.896610193557871,
    12.697426606891009,
    20.814890865029362,
    17.479742868845555,
    8.866600716068259,
    8.189835721452942,
    39.3495830517748,
    59.517483831330004,
    40.04095468130688,
    25.57782143927016,
    11.774908280000195,
    10.269280795095044,
    15.290060324120349,
    25.110251379175015,
    15.352323210354138,
    11.408983620658356,
    10.705864219762212,
    15.127159731326906,
    24.881950653143285,
    17.56206092747504,
    9.44816505220458,
    8.652018921806336,
    9.495148112336526,
    9.879367285567485,
    9.137737609424601,
    9.159022119047547,
    9.62715938634323
  ],
  "embeddings": [
    [
      0.20557332038879395,
      0.19681085646152496,
      -0.0701334998011589,
      0.21455097198486328,
      -0.2068735808134079,
      0.01607903651893139,
      -0.18060870468616486,
      -0.1517462283372879,
      -0.1085781678557396,
      -0.09173596650362015
    ],
    [
      0.2158561497926712,
      0.1881762146949768,
      -0.07860927283763885,
      0.21695716679096222,
      -0.2006012350320816,
      0.013016149401664734,
      -0.17481021583080292,
      -0.16654518246650696,
      -0.09568163007497787,
      -0.08393564075231552
    ],
    [
      0.21505139768123627,
      0.1721508949995041,
      -0.04768839851021767,
      0.21538160741329193,
      -0.21223290264606476,
      0.021206526085734367,
      -0.1488516479730606,
      -0.20022933185100555,
      -0.05665089562535286,
      -0.1045980378985405
    ],
    [
      0.21590827405452728,
      0.17780767381191254,
      -0.05657640099525452,
      0.21692228317260742,
      -0.20929162204265594,
      0.023503223434090614,
      -0.15586911141872406,
      -0.1922164112329483,
      -0.06631365418434143,
      -0.09606757014989853
    ],
    [
      0.21583767235279083,
      0.18111419677734375,
      -0.06296908110380173,
      0.21737980842590332,
      -0.20686109364032745,
      0.023318782448768616,
      -0.16069330275058746,
      -0.18603354692459106,
      -0.07354872673749924,
      -0.09176837652921677
    ],
    [
      0.21624808013439178,
      0.1804295927286148,
      -0.06136002764105797,
      0.2173779010772705,
      -0.2074931412935257,
      0.02528396248817444,
      -0.1588956117630005,
      -0.18912656605243683,
      -0.06974071264266968,
      -0.09209463745355606
    ],
    [
      0.21617312729358673,
      0.18256235122680664,
      -0.06417238712310791,
      0.21746766567230225,
      -0.20655600726604462,
      0.02586938440799713,
      -0.1614142507314682,
      -0.1859474629163742,
      -0.07306072860956192,
      -0.08961638063192368
    ],
    [
      0.21661032736301422,
      0.18443991243839264,
      -0.06926079839468002,
      0.21803796291351318,
      -0.20456092059612274,
      0.025718696415424347,
      -0.16494518518447876,
      -0.18141387403011322,
      -0.07840290665626526,
      -0.08620063215494156
    ],
    [
      0.21645335853099823,
      0.18505103886127472,
      -0.07085225731134415,
      0.21796904504299164,
      -0.20392823219299316,
      0.025154834613204002,
      -0.16619925200939178,
      -0.17964331805706024,
      -0.08045115321874619,
      -0.08553287386894226
    ],
    [
      0.21703733503818512,
      0.18298578262329102,
      -0.0677555724978447,
      0.21768398582935333,
      -0.20505577325820923,
      0.025989601388573647,
      -0.16325555741786957,
      -0.18402127921581268,
      -0.07525266706943512,
      -0.08730774372816086
    ],
    [
      0.21690894663333893,
      0.18207895755767822,
      -0.06392963975667953,
      0.21720868349075317,
      -0.20671914517879486,
      0.027492322027683258,
      -0.16060735285282135,
      -0.18777529895305634,
      -0.07048364728689194,
      -0.08912881463766098
    ],
    [
      0.21511656045913696,
      0.18798935413360596,
      -0.06918276101350784,
      0.21759425103664398,
      -0.2050589770078659,
      0.02779465913772583,
      -0.16707764565944672,
      -0.1782774180173874,
      -0.08058321475982666,
      -0.08501338958740234
    ],
    [
      0.21565596759319305,
      0.19105154275894165,
      -0.07499227672815323,
      0.21830230951309204,
      -0.202870175242424,
      0.028887338936328888,
      -0.17113812267780304,
      -0.1738131046295166,
      -0.08566131442785263,
      -0.08036748319864273
    ],
    [
      0.2148124724626541,
      0.19110630452632904,
      -0.07384588569402695,
      0.21750564873218536,
      -0.2034405916929245,
      0.027764270082116127,
      -0.17135290801525116,
      -0.17268897593021393,
      -0.08634054660797119,
      -0.08188220858573914
    ],
    [
      0.2139059454202652,
      0.19099746644496918,
      -0.07375538349151611,
      0.21717973053455353,
      -0.20347429811954498,
      0.02503478340804577,
      -0.1722368746995926,
      -0.17038117349147797,
      -0.08925933390855789,
      -0.0833052322268486
    ],
    [
      0.21427369117736816,
      0.18837368488311768,
      -0.07116027921438217,
      0.21680708229541779,
      -0.20434199273586273,
      0.024198008701205254,
      -0.1698015183210373,
      -0.17354194819927216,
      -0.08581068366765976,
      -0.08575734496116638
    ],
    [
      0.21437986195087433,
      0.18678145110607147,
      -0.0688423290848732,
      0.21671847999095917,
      -0.20512175559997559,
      0.023700790479779243,
      -0.16786545515060425,
      -0.17602257430553436,
      -0.0831947922706604,
      -0.08756035566329956
    ],
    [
      0.21391360461711884,
      0.18778814375400543,
      -0.06954968720674515,
      0.2164723128080368,
      -0.2050209492444992,
      0.023524360731244087,
      -0.16909654438495636,
      -0.17398643493652344,
      -0.08515434712171555,
      -0.08714508265256882
    ],
    [
      0.2138347625732422,
      0.18756674230098724,
      -0.06907174736261368,
      0.21630816161632538,
      -0.2052239030599594,
      0.02321854792535305,
      -0.16889475286006927,
      -0.1741553395986557,
      -0.08492490649223328,
      -0.08761003613471985
    ],
