{
  "tempos": [
    0.0,
    0.5,
    1.0,
    1.5,
    2.0,
    2.5,
    3.0,
    3.5,
    4.0,
    4.5,
    5.0,
    5.5,
    6.0,
    6.5,
    7.0,
    7.5,
    8.0,
    8.5,
    9.0,
    9.5,
    10.0,
    10.5,
    11.0,
    11.5,
    12.0,
    12.5,
    13.0,
    13.5,
    14.0,
    14.5,
    15.0
  ],
  "engajamentoneural": [
    68.23173407011677,
    75.07322322053183,
    83.10912815318031,
    87.9430315788853,
    89.32333841862899,
    88.28408588811803,
    85.71119308019404,
    82.47306745221567,
    79.40555995750445,
    77.10145377202136,
    75.82283019019162,
    75.52727330143424,
    75.94738811588148,
    76.71552538900734,
    77.47975352383226,
    77.95803996667013,
    77.95148110236731,
    77.3674744374695,
    76.25604280973643,
    74.81189471227117,
    73.30715426863037,
    71.99043081409265,
    71.03043778934845,
    70.52541314919523,
    70.5141466491454,
    70.93674527056103,
    71.58974162592698,
    72.17081479474834,
    72.43815913633208,
    72.38039724676426,
    72.22740804286398
  ],
  "cognitivedemand": [
    40.57136168750609,
    65.48798547344884,
    72.39880432377706,
    72.74766930821117,
    72.7375741202331,
    72.74490358496338,
    72.7443101509539,
    72.70995442259712,
    70.70420657762537,
    33.12092071432198,
    66.01753592745845,
    69.60617440785936,
    71.69885596939427,
    71.81773137967144,
    71.77666370914511,
    72.03077494768472,
    71.86423231469449,
    45.22472650345567,
    48.37718550443593,
    58.58435952495908,
    58.812676569993634,
    59.036416704638036,
    59.4379344234508,
    58.98019651572988,
    38.88521311351975,
    62.925652930346736,
    74.01854574770542,
    74.50518095092113,
    74.76069628746816,
    74.75533410310025,
    74.73619797067263
  ],
  "focus": [
    15.264465144184587,
    10.749849118654335,
    10.137063000865375,
    27.503646908266692,
    36.524722208284736,
    28.669952064459064,
    25.271194305579577,
    24.80367179621149,
    27.18499017684055,
    25.269959962194314,
    8.098972302077561,
    9.28771607321291,
    9.55478901444456,
    8.798446149246635,
    8.419713146779362,
    8.245224288412953,
    8.175061804424974,
    8.296432651821458,
    9.19791302680123,
    14.210985946501898,
    16.143216977447047,
    15.758403450809993,
    15.049826844042173,
    13.737857398770421,
    12.276101553069747,
    12.333965341799912,
    21.241412780442573,
    21.03965823713052,
    16.978527305076085,
    15.778440617824506,
    14.555062419717471
  ],
  "embeddings": [
    [
      0.1993643045425415,
      0.19302953779697418,
      -0.05212419107556343,
      0.21009260416030884,
      -0.2143522948026657,
      0.0027706557884812355,
      -0.17516197264194489,
      -0.15080860257148743,
      -0.1089991107583046,
      -0.1083071231842041
    ],
    [
      0.19867338240146637,
      0.18636763095855713,
      -0.04377947747707367,
      0.21067756414413452,
      -0.2158215194940567,
      -0.0023439570795744658,
      -0.16635799407958984,
      -0.16060927510261536,
      -0.10004361718893051,
      -0.11630795150995255
    ],
    [
      0.19659648835659027,
      0.18340831995010376,
      -0.03206690773367882,
      0.2103242129087448,
      -0.22063444554805756,
      -0.00360906426794827,
      -0.16012512147426605,
      -0.16728699207305908,
      -0.09289094805717468,
      -0.1241765022277832
    ],
    [
      0.19646672904491425,
      0.1874876767396927,
      -0.03660105913877487,
      0.2118002027273178,
      -0.21899843215942383,
      -0.0008475037175230682,
      -0.1633950173854828,
      -0.16404254734516144,
      -0.09695786237716675,
      -0.119478739798069
    ],
    [
      0.1957339644432068,
      0.19055229425430298,
      -0.04002828150987625,
      0.21235771477222443,
      -0.2177901715040207,
      -0.00044207190512679517,
      -0.16661585867404938,
      -0.1594543606042862,
      -0.10210323333740234,
      -0.11709862947463989
    ],
    [
      0.19536453485488892,
      0.19200380146503448,
      -0.041671425104141235,
      0.2124350666999817,
      -0.21723629534244537,
      -0.0006354246288537979,
      -0.16826947033405304,
      -0.15694712102413177,
      -0.10479622334241867,
      -0.11604099720716476
    ],
    [
      0.19557015597820282,
      0.19212424755096436,
      -0.04260873794555664,
      0.21250367164611816,
      -0.21684253215789795,
      -0.00023327588860411197,
      -0.16856743395328522,
      -0.15681953728199005,
      -0.10487765073776245,
      -0.11541768163442612
    ],
    [
      0.19608168303966522,
      0.19181489944458008,
      -0.042959827929735184,
      0.21263377368450165,
      -0.2166404277086258,
      0.0005568829365074635,
      -0.16813594102859497,
      -0.157926544547081,
      -0.10364612191915512,
      -0.11485550552606583
    ],
    [
      0.19596357643604279,
      0.1918897032737732,
      -0.04267027974128723,
      0.2125818282365799,
      -0.21678763628005981,
      0.0006394701194949448,
      -0.16807907819747925,
      -0.1579536348581314,
      -0.10358545184135437,
      -0.11502691358327866
    ],
    [
      0.19562338292598724,
      0.19251108169555664,
      -0.04265475273132324,
      0.21243518590927124,
      -0.21691031754016876,
      0.0004883282817900181,
      -0.1686456799507141,
      -0.1569330096244812,
      -0.10457497835159302,
      -0.11498551815748215
    ],
    [
      0.1960306167602539,
      0.19295930862426758,
      -0.04453173279762268,
      0.21264775097370148,
      -0.21613241732120514,
      0.0014298316091299057,
      -0.16941535472869873,
      -0.15651704370975494,
      -0.10501059144735336,
      -0.11347094923257828
    ],
    [
      0.19578982889652252,
      0.19275562465190887,
      -0.04332919418811798,
      0.21250410377979279,
      -0.21663522720336914,
      0.0009529106901027262,
      -0.16894645988941193,
      -0.15675945580005646,
      -0.10467689484357834,
      -0.11436566710472107
    ],
    [
      0.1956775188446045,
      0.19306634366512299,
      -0.043640073388814926,
      0.21245120465755463,
      -0.2165442705154419,
      0.0008794742752797902,
      -0.16937963664531708,
      -0.1561262607574463,
      -0.10533938556909561,
      -0.11421576142311096
    ],
    [
      0.1960700899362564,
      0.1924266368150711,
      -0.04394271597266197,
      0.21258790791034698,
      -0.21632973849773407,
      0.001115938532166183,
      -0.16893847286701202,
      -0.1570962518453598,
      -0.10430292040109634,
      -0.11401518434286118
    ],
    [
      0.19480283558368683,
      0.1908637434244156,
      -0.038955312222242355,
      0.21116463840007782,
      -0.21850518882274628,
      -0.0019988499116152525,
      -0.16737614572048187,
      -0.15730397403240204,
      -0.10349496454000473,
      -0.11865869164466858
    ],
    [
      0.19485436379909515,
      0.19091840088367462,
      -0.03920819237828255,
      0.2113780379295349,
      -0.21839316189289093,
      -0.0018186595989391208,
      -0.16737212240695953,
      -0.15747325122356415,
      -0.10340625792741776,
      -0.11840251088142395
    ],
    [
      0.1949501633644104,
      0.19108687341213226,
      -0.03980530425906181,
      0.21154315769672394,
      -0.21811871230602264,
      -0.001853255438618362,
      -0.16763876378536224,
      -0.15724681317806244,
      -0.1038382351398468,
      -0.11791223287582397
    ],
    [
      0.19529499113559723,
      0.1910717934370041,
      -0.040521040558815,
      0.21169312298297882,
      -0.2177819162607193,
      -0.001354680280201137,
      -0.16773486137390137,
      -0.15752121806144714,
      -0.1035882756114006,
      -0.11727989464998245
    ],
    [
      0.1955338716506958,
      0.1909659057855606,
      -0.04109052196145058,
      0.21188224852085114,
      -0.21747587621212006,
      -0.0012527024373412132,
      -0.16776256263256073,
      -0.15772177278995514,
      -0.10359955579042435,
