{
  "tempos": [
    0.0,
    0.5,
    1.0,
    1.5,
    2.0,
    2.5,
    3.0,
    3.5,
    4.0,
    4.5,
    5.0,
    5.5,
    6.0,
    6.5,
    7.0,
    7.5,
    8.0,
    8.5,
    9.0,
    9.5,
    10.0,
    10.5,
    11.0,
    11.5,
    12.0,
    12.5,
    13.0,
    13.5,
    14.0,
    14.5,
    15.0
  ],
  "engajamentoneural": [
    24.121436203178238,
    30.22302759714265,
    42.577489479208914,
    58.15709866159573,
    71.04171401309557,
    78.35051544683247,
    81.14265970215087,
    81.28757786277139,
    80.18681861446308,
    78.75131206023624,
    77.48137032126789,
    76.55600429169259,
    75.96206185524525,
    75.61487486682954,
    75.43319233648643,
    75.36517678180012,
    75.38154247791967,
    75.46202698318216,
    75.59054115247072,
    75.7550833769896,
    75.94246795526098,
    76.13056139126601,
    76.28943282562703,
    76.39276615898598,
    76.42596030927045,
    76.37944933100682,
    76.23264173066502,
    75.95244684987892,
    75.53390195098557,
    75.06766480953354,
    74.74740133249199
  ],
  "cognitivedemand": [
    21.386280114539808,
    22.110763737319377,
    27.67215808894521,
    38.118380797409394,
    47.664563478143876,
    58.44391199899007,
    68.30542447477997,
    71.2600182184216,
    71.6530364460633,
    71.9256137802096,
    73.05548337936342,
    74.22767145650604,
    74.56192370550484,
    74.92888524227547,
    75.00473752949877,
    75.23561827972249,
    75.30119069954094,
    75.273861238865,
    75.12619230579377,
    75.14620091216773,
    75.19229761332554,
    75.1302894145443,
    75.109485047205,
    75.30318598534704,
    75.21503614712688,
    75.02141998978699,
    74.97492763713835,
    75.09867794911735,
    75.27571085293836,
    75.24741856008876,
    74.44418650198907
  ],
  "focus": [
    12.642073509500419,
    13.27468231205531,
    41.37363363309818,
    16.20353486084091,
    9.891922362085365,
    13.845612408926852,
    12.718070430690801,
    12.666252331397747,
    8.605820655776043,
    8.065264664183497,
    7.9188268375062965,
    7.878567999064438,
    7.878711485595908,
    7.872128356509218,
    7.855179446210475,
    7.860044995310111,
    7.8645465756323985,
    7.8678957975674075,
    7.872322771487024,
    7.912765665971425,
    7.928653896069144,
    7.903836588499186,
    7.880430012789414,
    7.8699990837003755,
    7.870797475099208,
    7.88039825454759,
    7.88419417275452,
    7.887421663606866,
    7.941245918078336,
    7.909855949792693,
    7.904055751492507
  ],
  "embeddings": [
    [
      0.19751733541488647,
      0.1975969821214676,
      -0.05468219146132469,
      0.20884378254413605,
      -0.21374106407165527,
      0.002794179366901517,
      -0.17994455993175507,
      -0.14340032637119293,
      -0.11559316515922546,
      -0.10593241453170776
    ],
    [
      0.19637298583984375,
      0.19796474277973175,
      -0.05399473011493683,
      0.2086164951324463,
      -0.21397753059864044,
      0.0014841420343145728,
      -0.18020989000797272,
      -0.14235927164554596,
      -0.11690068989992142,
      -0.10722015053033829
    ],
    [
      0.1972479373216629,
      0.1934976726770401,
      -0.0475643090903759,
      0.20952169597148895,
      -0.21571265161037445,
      0.0020568259060382843,
      -0.17295320332050323,
      -0.15274524688720703,
      -0.10645142942667007,
      -0.11111659556627274
    ],
    [
      0.1965925693511963,
      0.19085811078548431,
      -0.04165684059262276,
      0.20956222712993622,
      -0.2178761512041092,
      0.0007801700267009437,
      -0.1687331199645996,
      -0.1572912186384201,
      -0.10160452127456665,
      -0.11560669541358948
    ],
    [
      0.19750547409057617,
      0.19120073318481445,
      -0.04348108172416687,
      0.2110399454832077,
      -0.21688491106033325,
      0.002877700375393033,
      -0.16841737926006317,
      -0.15892867743968964,
      -0.10054409503936768,
      -0.11341279745101929
    ],
    [
      0.1977940946817398,
      0.19202391803264618,
      -0.04531988129019737,
      0.21170057356357574,
      -0.2160329967737198,
      0.003347475314512849,
      -0.16931189596652985,
      -0.158119335770607,
      -0.1018587276339531,
      -0.11192529648542404
    ],
    [
      0.1983688324689865,
      0.19133009016513824,
      -0.04601498320698738,
      0.21219922602176666,
      -0.21552813053131104,
      0.004243329167366028,
      -0.1685861349105835,
      -0.15961267054080963,
      -0.1006152406334877,
      -0.11140155792236328
    ],
    [
      0.19813352823257446,
      0.1918196827173233,
      -0.04595010355114937,
      0.2123747617006302,
      -0.21558968722820282,
      0.004085833672434092,
      -0.16884750127792358,
      -0.1590694934129715,
      -0.10140133649110794,
      -0.11137642711400986
    ],
    [
      0.19887761771678925,
      0.1914185881614685,
      -0.047082092612981796,
      0.21268093585968018,
      -0.21500635147094727,
      0.004597679246217012,
      -0.16872984170913696,
      -0.15984058380126953,
      -0.10086099058389664,
      -0.11036669462919235
    ],
    [
      0.19870144128799438,
      0.1914912611246109,
      -0.046210870146751404,
      0.21266889572143555,
      -0.2154070883989334,
      0.004954269155859947,
      -0.16831772029399872,
      -0.1602889746427536,
      -0.100173719227314,
      -0.11076358705759048
    ],
    [
      0.19884155690670013,
      0.1921541690826416,
      -0.047730010002851486,
      0.21281997859477997,
      -0.21483242511749268,
      0.005136843305081129,
      -0.16932250559329987,
      -0.1590915471315384,
      -0.10158473253250122,
      -0.10960490256547928
    ],
    [
      0.19883012771606445,
      0.19213895499706268,
      -0.04784548282623291,
      0.21277911961078644,
      -0.21479147672653198,
      0.005042210221290588,
      -0.16941209137439728,
      -0.15891805291175842,
      -0.10176859050989151,
      -0.10960748791694641
    ],
    [
      0.1987106055021286,
      0.1922081857919693,
      -0.04770956560969353,
      0.21274513006210327,
      -0.21485330164432526,
      0.0049633728340268135,
      -0.16943417489528656,
      -0.15879397094249725,
      -0.10187991708517075,
      -0.10975775867700577
    ],
    [
      0.19872252643108368,
      0.1922566145658493,
      -0.047731589525938034,
      0.21279506385326385,
      -0.2148389369249344,
      0.005112994462251663,
      -0.16939835250377655,
      -0.15889477729797363,
      -0.10177800804376602,
      -0.10967651754617691
    ],
    [
      0.1985924243927002,
      0.19240789115428925,
      -0.047740351408720016,
      0.21281826496124268,
      -0.2148381471633911,
      0.004988145083189011,
      -0.1695234179496765,
      -0.15863795578479767,
      -0.10209923982620239,
      -0.10972587019205093
    ],
    [
      0.1981458067893982,
      0.1925869733095169,
      -0.047202710062265396,
      0.21273106336593628,
      -0.21507959067821503,
      0.004425473045557737,
      -0.16963094472885132,
      -0.15807320177555084,
      -0.10273771733045578,
      -0.11034971475601196
    ],
    [
      0.1977759599685669,
      0.19279570877552032,
      -0.04683785140514374,
      0.21265576779842377,
      -0.21525490283966064,
      0.003984758164733648,
      -0.16977167129516602,
      -0.1575533151626587,
      -0.103321373462677,
      -0.11078380793333054
    ],
    [
      0.19730918109416962,
      0.19303880631923676,
      -0.04631995037198067,
      0.21259379386901855,
      -0.21548587083816528,
      0.003435541642829776,
      -0.16989021003246307,
      -0.1569855660200119,
      -0.1039775013923645,
      -0.11135784536600113
    ],
    [
      0.197063148021698,
      0.19324326515197754,
      -0.046218808740377426,
      0.2125595659017563,
      -0.21554666757583618,
      0.003134683473035693,
      -0.17007605731487274,
      -0.15651504695415497,
      -0.10453987866640091,
      -0.11153748631477356
    ],
