{
  "tempos": [
    0.0,
    0.5,
    1.0,
    1.5,
    2.0,
    2.5,
    3.0,
    3.5,
    4.0,
    4.5,
    5.0,
    5.5,
    6.0,
    6.5,
    7.0,
    7.5,
    8.0,
    8.5,
    9.0,
    9.5,
    10.0,
    10.5,
    11.0,
    11.5,
    12.0,
    12.5,
    13.0,
    13.5,
    14.0,
    14.5,
    15.0
  ],
  "engajamentoneural": [
    63.55835661879935,
    69.97083132236077,
    77.72168654920101,
    82.39348376243858,
    83.2589325211595,
    81.26901245172644,
    77.69173696391339,
    73.82814769497142,
    70.5943216616256,
    68.32392038205425,
    66.97558138793039,
    66.38503936494328,
    66.35951370035559,
    66.68515986130245,
    67.15223842895605,
    67.60514046873871,
    67.96834821187939,
    68.22819794951604,
    68.39620114288326,
    68.48667114092947,
    68.51677746250742,
    68.51196242045854,
    68.49526663878633,
    68.45935754245092,
    68.34449431018706,
    68.04801615269322,
    67.46450461392959,
    66.54050873517522,
    65.34726625064265,
    64.15277597665487,
    63.38255435757605
  ],
  "cognitivedemand": [
    24.024140962973043,
    47.5217713028868,
    63.882688159887785,
    66.22038083132288,
    66.39183931822359,
    66.524872115944,
    66.67019430948373,
    66.80435267368385,
    66.97674114872355,
    66.55688667367421,
    35.79675298372834,
    36.8035040815911,
    52.990407701483555,
    57.98610403291164,
    59.04870692581371,
    59.28123409764408,
    59.323734839338,
    59.266701361658285,
    59.38919162137298,
    59.699181289720805,
    59.86185770264802,
    60.07058382926674,
    60.10292625337584,
    58.38540076968385,
    39.70704878301342,
    52.47985007219659,
    55.61994665598748,
    55.9029497698957,
    56.067683974755234,
    56.324363218302125,
    56.19975100038715
  ],
  "focus": [
    17.004889127645654,
    63.41895465928167,
    42.76287099405448,
    11.646546547691422,
    22.073560016882524,
    37.24338012224382,
    45.89121692680363,
    43.47515273425019,
    39.20833262623945,
    41.47202471763635,
    50.528750448632394,
    30.64096794428923,
    36.22112967095852,
    24.72464790334629,
    13.998340451230186,
    10.860639198451755,
    11.762960345974264,
    12.32617156884913,
    12.336213946207732,
    12.688438650851136,
    13.189510521753634,
    13.623474587707964,
    13.125442268725756,
    12.919514503137426,
    29.204041572828082,
    64.6093005318006,
    62.8117849710208,
    42.524238632673054,
    43.52835087699625,
    42.22421646476868,
    39.60162864259025
  ],
  "embeddings": [
    [
      0.19790057837963104,
      0.19420969486236572,
      -0.048917073756456375,
      0.2119724601507187,
      -0.21482451260089874,
      0.00468491530045867,
      -0.17197531461715698,
      -0.15480121970176697,
      -0.10551192611455917,
      -0.10892471671104431
    ],
    [
      0.19502340257167816,
      0.19418923556804657,
      -0.043260473757982254,
      0.21097277104854584,
      -0.21728627383708954,
      0.0007276788237504661,
      -0.17092068493366241,
      -0.15324655175209045,
      -0.10701030492782593,
      -0.11447083204984665
    ],
    [
      0.19294102489948273,
      0.19629459083080292,
      -0.04301595687866211,
      0.21096663177013397,
      -0.2175331860780716,
      -0.0016689751064404845,
      -0.1729016900062561,
      -0.14889048039913177,
      -0.11219815164804459,
      -0.1155616044998169
    ],
    [
      0.1917187124490738,
      0.1962924599647522,
      -0.04127257689833641,
      0.2106882482767105,
      -0.2182154655456543,
      -0.0037316170055419207,
      -0.17281581461429596,
      -0.1476680040359497,
      -0.11377909779548645,
      -0.1177263930439949
    ],
    [
      0.1907733529806137,
      0.19562019407749176,
      -0.03857353329658508,
      0.21039998531341553,
      -0.21925897896289825,
      -0.005391763057559729,
      -0.17175942659378052,
      -0.14805005490779877,
      -0.11352027207612991,
      -0.12030917406082153
    ],
    [
      0.1898549646139145,
      0.19554249942302704,
      -0.03657526150345802,
      0.21024417877197266,
      -0.22007334232330322,
      -0.006636714097112417,
      -0.17125345766544342,
      -0.14787708222866058,
      -0.11383446305990219,
      -0.12215111404657364
    ],
    [
      0.18923890590667725,
      0.19581091403961182,
      -0.03577260300517082,
      0.21017897129058838,
      -0.220425084233284,
      -0.007356432732194662,
      -0.17131160199642181,
      -0.14726108312606812,
      -0.11457568407058716,
      -0.12298215180635452
    ],
    [
      0.18884916603565216,
      0.19579432904720306,
      -0.03496033325791359,
      0.21011574566364288,
      -0.2207588404417038,
      -0.007905525155365467,
      -0.1711292266845703,
      -0.14712977409362793,
      -0.11476355791091919,
      -0.1237504705786705
    ],
    [
      0.18837904930114746,
      0.19600193202495575,
      -0.034434106200933456,
      0.20998603105545044,
      -0.2210138887166977,
      -0.00856663566082716,
      -0.17129240930080414,
      -0.14644141495227814,
      -0.11552368849515915,
      -0.12437280267477036
    ],
    [
      0.18802839517593384,
      0.19622810184955597,
      -0.03406810387969017,
      0.20991754531860352,
      -0.22119061648845673,
      -0.008959679864346981,
      -0.17142219841480255,
      -0.1459728628396988,
      -0.11603470891714096,
      -0.12477516382932663
    ],
    [
      0.18803657591342926,
      0.19594216346740723,
      -0.03385186567902565,
      0.2098263055086136,
      -0.22125791013240814,
      -0.009252036921679974,
      -0.17127420008182526,
      -0.14606791734695435,
      -0.11594446748495102,
      -0.12508992850780487
    ],
    [
      0.1877310425043106,
      0.19578297436237335,
      -0.03278249502182007,
      0.2097548395395279,
      -0.22168749570846558,
      -0.009473872371017933,
      -0.1707785725593567,
      -0.14647047221660614,
      -0.11546722054481506,
      -0.12592099606990814
    ],
    [
      0.18744449317455292,
      0.1961289793252945,
      -0.032704271376132965,
      0.20970378816127777,
      -0.2217704802751541,
      -0.009727763943374157,
      -0.17109237611293793,
      -0.1458132117986679,
      -0.11616310477256775,
      -0.1260467916727066
    ],
    [
      0.18723797798156738,
      0.19608362019062042,
      -0.0323014110326767,
      0.20968025922775269,
      -0.221926748752594,
      -0.010033278726041317,
      -0.1709733009338379,
      -0.14572525024414062,
      -0.11630060523748398,
      -0.12647098302841187
    ],
    [
      0.1871095448732376,
      0.1965055614709854,
      -0.03280193731188774,
      0.20977725088596344,
      -0.2217262238264084,
      -0.009978264570236206,
      -0.17139841616153717,
      -0.1450813263654709,
      -0.11706262081861496,
      -0.12612284719944
    ],
    [
      0.1860475093126297,
      0.19666774570941925,
      -0.030658626928925514,
      0.20897386968135834,
      -0.22278474271297455,
      -0.011799812316894531,
      -0.17154355347156525,
      -0.14394229650497437,
      -0.11796595901250839,
      -0.12810246646404266
    ],
    [
      0.18755151331424713,
      0.19457489252090454,
      -0.031315695494413376,
      0.20969603955745697,
      -0.22214387357234955,
      -0.010755572468042374,
      -0.1698010414838791,
      -0.1474151462316513,
      -0.11470407992601395,
      -0.12751583755016327
    ],
    [
      0.18808996677398682,
      0.19299308955669403,
      -0.030324049293994904,
      0.21000801026821136,
      -0.22229862213134766,
      -0.011048364453017712,
      -0.16820065677165985,
      -0.14976532757282257,
      -0.11260032653808594,
      -0.1283738762140274
    ],
    [
      0.1884889006614685,
      0.1926887482404709,
      -0.030443258583545685,
      0.21024829149246216,
      -0.22217877209186554,
      -0.010528788901865482,
      -0.16777579486370087,
      -0.15072739124298096,
      -0.11165475100278854,
