{
  "tempos": [
    0.0,
    0.5,
    1.0,
    1.5,
    2.0,
    2.5,
    3.0,
    3.5,
    4.0,
    4.5,
    5.0,
    5.5,
    6.0,
    6.5,
    7.0,
    7.5,
    8.0,
    8.5,
    9.0,
    9.5,
    10.0,
    10.5,
    11.0,
    11.5,
    12.0,
    12.5,
    13.0,
    13.5,
    14.0,
    14.5,
    15.0
  ],
  "engajamentoneural": [
    47.34683410908565,
    55.51890654596112,
    67.26320336786166,
    76.45788929772685,
    80.75154522229907,
    81.03389511810914,
    78.76157294181738,
    75.31094236660238,
    71.92125849215029,
    69.44293370951178,
    68.175292508798,
    67.95113134201898,
    68.38504301615804,
    69.1276197183205,
    70.00110111959587,
    70.97923457206173,
    72.07226075217048,
    73.2208190463498,
    74.28167582223838,
    75.10025693303743,
    75.5887271907411,
    75.74701871252157,
    75.63163313072381,
    75.30870520366375,
    74.81918498619468,
    74.17023450385885,
    73.35208794661393,
    72.36991661404238,
    71.29193418559485,
    70.30356055088296,
    69.69195712198668
  ],
  "cognitivedemand": [
    21.54420820072631,
    27.21854960178988,
    71.3132448878448,
    80.85384574214596,
    81.44596744516012,
    81.57336549055799,
    81.66615885773952,
    67.12062583116872,
    30.04948824582883,
    48.34905307294499,
    65.15133786897312,
    69.99487346107371,
    69.42282839056101,
    69.7090605149008,
    69.54590085885178,
    39.96416599810875,
    53.843715100811245,
    68.6156540607531,
    69.53595594251036,
    69.53448126303999,
    69.62389853972059,
    69.74423442207431,
    65.77393823995074,
    32.35429946472508,
    52.32793593618033,
    57.00150647724367,
    56.210077465352846,
    55.6274841522215,
    57.17823702981491,
    57.172384714274614,
    57.1289876599378
  ],
  "focus": [
    12.46661136226629,
    10.45930394731935,
    8.62698999284492,
    7.895250783696435,
    10.150870581420708,
    11.302336021225006,
    11.451673284370537,
    13.431193901392609,
    9.519086416895606,
    12.362941786482235,
    38.640048486762375,
    33.25101325985564,
    14.322510192061095,
    11.702057422548705,
    12.039788483282422,
    14.17952342485411,
    18.233773041489894,
    10.4675076205501,
    13.601954506834,
    13.045576333977051,
    12.438920957439858,
    10.873412243586989,
    11.094065601878969,
    10.77791515971438,
    10.221798287471929,
    10.906685427227423,
    11.443393160889242,
    10.473023735898638,
    9.31067642028107,
    9.177694438388194,
    9.330000065644562
  ],
  "embeddings": [
    [
      0.19756180047988892,
      0.1985407918691635,
      -0.054448071867227554,
      0.20959490537643433,
      -0.21345974504947662,
      0.004030989482998848,
      -0.17935724556446075,
      -0.14441393315792084,
      -0.11516755819320679,
      -0.1045595034956932
    ],
    [
      0.19769418239593506,
      0.1932351440191269,
      -0.04467135667800903,
      0.21057093143463135,
      -0.21627439558506012,
      0.005337998736649752,
      -0.16950936615467072,
      -0.15795288980007172,
      -0.10132599622011185,
      -0.11047626286745071
    ],
    [
      0.20236647129058838,
      0.1930958479642868,
      -0.056592587381601334,
      0.21417872607707977,
      -0.21093708276748657,
      0.009754822589457035,
      -0.1716836541891098,
      -0.16010823845863342,
      -0.10102357715368271,
      -0.10132517665624619
    ],
    [
      0.20378084480762482,
      0.18914036452770233,
      -0.05150766298174858,
      0.2140754610300064,
      -0.21261723339557648,
      0.012179193086922169,
      -0.16592973470687866,
      -0.1690165251493454,
      -0.09066653251647949,
      -0.10412029176950455
    ],
    [
      0.20385493338108063,
      0.18941761553287506,
      -0.05210202932357788,
      0.2140125185251236,
      -0.21247561275959015,
      0.01215704157948494,
      -0.1665666103363037,
      -0.16792041063308716,
      -0.09178591519594193,
      -0.1036706194281578
    ],
    [
      0.20454289019107819,
      0.18975317478179932,
      -0.05390411242842674,
      0.2143920212984085,
      -0.21170397102832794,
      0.0132407546043396,
      -0.1671382337808609,
      -0.16786640882492065,
      -0.09189173579216003,
      -0.10201419144868851
    ],
    [
      0.20516575872898102,
      0.1899116486310959,
      -0.054607439786195755,
      0.21438749134540558,
      -0.2114465832710266,
      0.014528325758874416,
      -0.16721494495868683,
      -0.16858918964862823,
      -0.0907910168170929,
      -0.1008807122707367
    ],
    [
      0.20555901527404785,
      0.19047074019908905,
      -0.05680321529507637,
      0.21463648974895477,
      -0.21067027747631073,
      0.014840315096080303,
      -0.16848744451999664,
      -0.16710948944091797,
      -0.09247159957885742,
      -0.09934979677200317
    ],
    [
      0.2060556858778,
      0.1906481832265854,
      -0.05756881833076477,
      0.21462692320346832,
      -0.2103467583656311,
      0.015946699306368828,
      -0.16855132579803467,
      -0.1677751988172531,
      -0.09157847613096237,
      -0.09829115122556686
    ],
    [
      0.20632749795913696,
      0.19130939245224,
      -0.0582980252802372,
      0.21465887129306793,
      -0.21015270054340363,
      0.017147662118077278,
      -0.1689419150352478,
      -0.16772030293941498,
      -0.09138957411050797,
      -0.09715515375137329
    ],
    [
      0.20647591352462769,
      0.19276310503482819,
      -0.06196054443717003,
      0.21497757732868195,
      -0.20876091718673706,
      0.016940221190452576,
      -0.17159491777420044,
      -0.1642947793006897,
      -0.09539404511451721,
      -0.09483759850263596
    ],
    [
      0.20469968020915985,
      0.1949314922094345,
      -0.06199657917022705,
      0.2141709327697754,
      -0.2090398073196411,
      0.015420638024806976,
      -0.17402897775173187,
      -0.15946297347545624,
      -0.1000526174902916,
      -0.09537697583436966
    ],
    [
      0.20614521205425262,
      0.19310982525348663,
      -0.06047472730278969,
      0.21459919214248657,
      -0.20938734710216522,
      0.01733785681426525,
      -0.1711886078119278,
      -0.1647678017616272,
      -0.09434027224779129,
      -0.09534507989883423
    ],
    [
      0.20691132545471191,
      0.1938481479883194,
      -0.06349317729473114,
      0.21519385278224945,
      -0.20816461741924286,
      0.018100829795002937,
      -0.17249540984630585,
      -0.16370974481105804,
      -0.09578961133956909,
      -0.09298297762870789
    ],
    [
      0.20737667381763458,
      0.19320113956928253,
      -0.06362132728099823,
      0.21529114246368408,
      -0.2080785632133484,
      0.018444232642650604,
      -0.1720408797264099,
      -0.16458122432231903,
      -0.09476234763860703,
      -0.09294601529836655
    ],
    [
      0.20760129392147064,
      0.19263078272342682,
      -0.06386292725801468,
      0.21515434980392456,
      -0.2079307585954666,
      0.018130851909518242,
      -0.1719413548707962,
      -0.16478432714939117,
      -0.09453138709068298,
      -0.09305725246667862
    ],
    [
      0.20782625675201416,
      0.19166477024555206,
      -0.0629359558224678,
      0.21518903970718384,
      -0.208267942070961,
      0.018038151785731316,
      -0.1709350347518921,
      -0.1661718636751175,
      -0.09310096502304077,
      -0.09383216500282288
    ],
    [
      0.2077912837266922,
      0.1918516606092453,
      -0.06302720308303833,
      0.21511121094226837,
      -0.20824135839939117,
      0.018085405230522156,
      -0.1711074262857437,
      -0.16595898568630219,
      -0.09327768534421921,
      -0.0936625599861145
    ],
    [
      0.20781297981739044,
      0.19185267388820648,
      -0.06307703256607056,
      0.21502526104450226,
      -0.20823274552822113,
      0.01812887005507946,
      -0.17116110026836395,
      -0.16591396927833557,
      -0.09324437379837036,
      -0.09362831711769104
    ],
    [
