{
  "tempos": [
    0.0,
    0.5,
    1.0,
    1.5,
    2.0,
    2.5,
    3.0,
    3.5,
    4.0,
    4.5,
    5.0,
    5.5,
    6.0,
    6.5,
    7.0,
    7.5,
    8.0,
    8.5,
    9.0,
    9.5,
    10.0,
    10.5,
    11.0,
    11.5,
    12.0,
    12.5,
    13.0,
    13.5,
    14.0,
    14.5,
    15.0
  ],
  "engajamentoneural": [
    44.6196875209938,
    53.12619125057273,
    65.84940131998405,
    76.34440840952219,
    81.75494770215668,
    82.97330513399226,
    81.56999214982702,
    78.8745065387054,
    76.01950230046123,
    73.88672511292353,
    73.03706803358926,
    73.63720969254189,
    75.40355650168861,
    77.72916236624631,
    79.98841179998692,
    81.76313604110419,
    82.85659957464391,
    83.2233865678612,
    82.96781330045633,
    82.38982807960765,
    81.90821289313648,
    81.77825760992891,
    81.85485922251574,
    81.71164323241305,
    81.00067323309015,
    79.71676282314245,
    78.20809156489328,
    76.92948234850327,
    76.11971189966066,
    75.72050018047321,
    75.56843391765929
  ],
  "cognitivedemand": [
    21.91822618347186,
    28.618885012224872,
    41.55011166261097,
    57.09382659104682,
    62.05672040332697,
    63.59827260586464,
    63.439722109299154,
    63.478372460867135,
    63.775508175098864,
    31.364941782515505,
    38.67283487590541,
    65.26425420009458,
    75.44690729214886,
    77.68014681566125,
    77.65762659969872,
    77.39676306670233,
    77.47957509131297,
    77.19269601447785,
    73.11978907074756,
    27.044408060536497,
    28.879629266866655,
    48.39786363666269,
    58.5092559881653,
    60.764470600486284,
    61.33183983831139,
    43.43126433602062,
    29.539153842612738,
    45.03548979379042,
    57.7702712210885,
    62.45073995681102,
    63.37846558173312
  ],
  "focus": [
    12.496065021527777,
    11.441791855096405,
    10.728189129970678,
    30.793152852321278,
    74.29931770914534,
    56.078690479783845,
    33.886530944042896,
    26.45658842005456,
    34.00843899180478,
    32.46512733713342,
    10.684412589948307,
    10.561723319174416,
    17.102552867358835,
    27.557078368513395,
    11.469185843482723,
    10.254002294596003,
    11.17619225118155,
    10.995552905426258,
    12.233340455448836,
    8.661545956659818,
    8.148845837765675,
    10.743889399241477,
    23.64007095254245,
    36.35203454954575,
    27.54499681809677,
    38.37673272868325,
    11.98294655553086,
    33.4844730656562,
    34.935701492874635,
    18.047931176372355,
    11.289232425502647
  ],
  "embeddings": [
    [
      0.19781756401062012,
      0.19861340522766113,
      -0.05511324480175972,
      0.21014487743377686,
      -0.21338456869125366,
      0.006187912076711655,
      -0.1793144941329956,
      -0.14575549960136414,
      -0.11388077586889267,
      -0.10425654798746109
    ],
    [
      0.19790661334991455,
      0.19457906484603882,
      -0.0486738495528698,
      0.2108248919248581,
      -0.2148645967245102,
      0.004879151936620474,
      -0.17262136936187744,
      -0.15449269115924835,
      -0.10531552881002426,
      -0.10881546139717102
    ],
    [
      0.20018190145492554,
      0.1929142028093338,
      -0.04987019672989845,
      0.21263396739959717,
      -0.21404562890529633,
      0.008716930635273457,
      -0.1698169708251953,
      -0.16060897707939148,
      -0.09888089448213577,
      -0.10658180713653564
    ],
    [
      0.20164097845554352,
      0.19178986549377441,
      -0.04983983933925629,
      0.21323277056217194,
      -0.21389801800251007,
      0.012076270766556263,
      -0.16764606535434723,
      -0.1648339480161667,
      -0.09400173276662827,
      -0.10532132536172867
    ],
    [
      0.20267057418823242,
      0.1932564228773117,
      -0.0561368465423584,
      0.21402879059314728,
      -0.21142832934856415,
      0.011237614788115025,
      -0.17163915932178497,
      -0.16001661121845245,
      -0.10026829689741135,
      -0.10120198130607605
    ],
    [
      0.20307205617427826,
      0.19126689434051514,
      -0.05456702038645744,
      0.21387039124965668,
      -0.21184752881526947,
      0.010573729872703552,
      -0.1697656512260437,
      -0.16263572871685028,
      -0.09750449657440186,
      -0.10275441408157349
    ],
    [
      0.20344819128513336,
      0.19101059436798096,
      -0.05487869307398796,
      0.21410231292247772,
      -0.21165205538272858,
      0.010956092737615108,
      -0.16948288679122925,
      -0.16339944303035736,
      -0.09685932844877243,
      -0.10230746865272522
    ],
    [
      0.20392835140228271,
      0.19145148992538452,
      -0.05555744841694832,
      0.21438592672348022,
      -0.21135763823986053,
      0.012312685139477253,
      -0.169511616230011,
      -0.16407497227191925,
      -0.09600767493247986,
      -0.10102826356887817
    ],
    [
      0.2039211541414261,
      0.1919412463903427,
      -0.05691222473978996,
      0.21451617777347565,
      -0.21079021692276,
      0.01227041706442833,
      -0.1704297810792923,
      -0.16281382739543915,
      -0.09755418449640274,
      -0.10024771094322205
    ],
    [
      0.20455993711948395,
      0.1912176012992859,
      -0.05668598413467407,
      0.21478287875652313,
      -0.2107834666967392,
      0.013171869330108166,
      -0.1693495661020279,
      -0.1649324893951416,
      -0.09528374671936035,
      -0.10002050548791885
    ],
    [
      0.20460934937000275,
      0.1910727620124817,
      -0.05660296976566315,
      0.2147146314382553,
      -0.21082694828510284,
      0.013045351952314377,
      -0.16928625106811523,
      -0.16496925055980682,
      -0.09522247314453125,
      -0.10009754449129105
    ],
    [
      0.20446480810642242,
      0.19062793254852295,
      -0.055795010179281235,
      0.21455971896648407,
      -0.2111559510231018,
      0.012558359652757645,
      -0.1688094139099121,
      -0.16533686220645905,
      -0.09480748325586319,
      -0.10085204243659973
    ],
    [
      0.20401781797409058,
      0.19156195223331451,
      -0.05612599849700928,
      0.21449065208435059,
      -0.21112322807312012,
      0.012669938616454601,
      -0.16967563331127167,
      -0.16389556229114532,
      -0.09623393416404724,
      -0.10054595023393631
    ],
    [
      0.20332729816436768,
      0.19205625355243683,
      -0.055607158690690994,
      0.21430319547653198,
      -0.21132834255695343,
      0.012255887500941753,
      -0.16990919411182404,
      -0.163307324051857,
      -0.09685755521059036,
      -0.10121064633131027
    ],
    [
      0.20176176726818085,
      0.1914592981338501,
      -0.051893334835767746,
      0.21288640797138214,
      -0.21309615671634674,
      0.00911469105631113,
      -0.1695406287908554,
      -0.16191896796226501,
      -0.09774037450551987,
      -0.10503446310758591
    ],
    [
      0.20089904963970184,
      0.19051463901996613,
      -0.04892583191394806,
      0.21237528324127197,
      -0.21433289349079132,
      0.007118542212992907,
      -0.16850443184375763,
      -0.16213089227676392,
      -0.09739898890256882,
      -0.10796523839235306
    ],
    [
      0.20054441690444946,
      0.18978171050548553,
      -0.047628190368413925,
      0.21239840984344482,
      -0.21476523578166962,
      0.005841835867613554,
      -0.1677403450012207,
      -0.16266568005084991,
      -0.09723851084709167,
      -0.10930949449539185
    ],
    [
      0.20069867372512817,
      0.18966107070446014,
      -0.04838496446609497,
      0.21299101412296295,
      -0.21429665386676788,
      0.005180250853300095,
      -0.16794328391551971,
      -0.1624290943145752,
      -0.09824827313423157,
      -0.10903391987085342
    ],
    [
      0.2011374980211258,
      0.1885884404182434,
      -0.047658771276474,
      0.21327374875545502,
      -0.21448397636413574,
      0.005262734368443489,
      -0.16669996082782745,
      -0.1643717736005783,
      -0.09645526856184006,
