{
  "tempos": [
    0.0,
    0.5,
    1.0,
    1.5,
    2.0,
    2.5,
    3.0,
    3.5,
    4.0,
    4.5,
    5.0,
    5.5,
    6.0,
    6.5,
    7.0,
    7.5,
    8.0,
    8.5,
    9.0,
    9.5,
    10.0,
    10.5,
    11.0,
    11.5,
    12.0,
    12.5,
    13.0,
    13.5,
    14.0,
    14.5,
    15.0
  ],
  "engajamentoneural": [
    47.29683767801933,
    55.6437635637631,
    67.6840752063838,
    77.1564309980765,
    81.6679092271196,
    82.14880439091651,
    80.032081639555,
    76.61366848007553,
    73.09411032108018,
    70.36974397878373,
    68.82624500220543,
    68.36633211472018,
    68.63631239345574,
    69.28815656896067,
    70.13267572197022,
    71.13123671298597,
    72.28175083425651,
    73.50840684767003,
    74.64607916320533,
    75.51717305134997,
    76.01751862743387,
    76.145436254378,
    75.97412957953027,
    75.5987759983735,
    75.0874405993229,
    74.45905408568481,
    73.69589287520894,
    72.78122422613976,
    71.7598864730444,
    70.80505076355598,
    70.20637765078112
  ],
  "cognitivedemand": [
    21.730240567374324,
    27.06239583525557,
    72.85790516373879,
    82.54523143391029,
    83.1683226084522,
    83.35142442929131,
    83.59117953192425,
    68.0864575351393,
    30.06430356864705,
    47.743411116757635,
    64.38137249336869,
    68.6906828154589,
    68.61246392827385,
    68.59637468153691,
    68.50772491877639,
    39.592432231033236,
    53.578997377170936,
    68.11038591183409,
    68.82924269211274,
    68.84352752172073,
    68.84078884458044,
    68.82784101297574,
    63.93309587463943,
    32.01562234256428,
    50.4813074284771,
    54.82464561751682,
    54.20740480975047,
    53.56830812709019,
    54.83408615829594,
    54.84531109925113,
    54.84549511731381
  ],
  "focus": [
    12.58336064569442,
    10.583211353147714,
    8.556684174620447,
    7.966617183775563,
    17.93993382281004,
    17.683722142124545,
    14.065853653978099,
    15.253397743270048,
    10.837373833220806,
    12.200988386825712,
    37.848373668944696,
    31.938012590125552,
    14.90991954112195,
    12.18686350822608,
    12.438188617338897,
    14.858752892877334,
    18.168465689552647,
    10.11318142664409,
    13.867371957705606,
    13.270573725512033,
    12.865055955069597,
    11.168999490889247,
    11.32757462651249,
    10.945650681644233,
    10.182514025335184,
    10.86800146372478,
    11.142731227254359,
    10.412329787883557,
    9.16941951697809,
    9.02674144761472,
    9.184088944731833
  ],
  "embeddings": [
    [
      0.19808197021484375,
      0.1988816261291504,
      -0.05617797002196312,
      0.21038810908794403,
      -0.21253974735736847,
      0.004913668613880873,
      -0.17969445884227753,
      -0.1447441279888153,
      -0.11547750979661942,
      -0.1029694676399231
    ],
    [
      0.19846124947071075,
      0.1925085186958313,
      -0.04509034752845764,
      0.2109786719083786,
      -0.21587114036083221,
      0.0064987256191670895,
      -0.16837944090366364,
      -0.16010260581970215,
      -0.09903577715158463,
      -0.11001991480588913
    ],
    [
      0.20141816139221191,
      0.19214613735675812,
      -0.05605723336338997,
      0.21413230895996094,
      -0.21108461916446686,
      0.005967389792203903,
      -0.17189669609069824,
      -0.15784554183483124,
      -0.10446871072053909,
      -0.10361859947443008
    ],
    [
      0.20257936418056488,
      0.1864941269159317,
      -0.04792870581150055,
      0.21373188495635986,
      -0.21382957696914673,
      0.007757099810987711,
      -0.16393667459487915,
      -0.16954493522644043,
      -0.09090640395879745,
      -0.10900067538022995
    ],
    [
      0.2019270658493042,
      0.18654125928878784,
      -0.04531245306134224,
      0.2133370041847229,
      -0.2150508165359497,
      0.007651721592992544,
      -0.16315555572509766,
      -0.16993863880634308,
      -0.09015030413866043,
      -0.11047101765871048
    ],
    [
      0.20148326456546783,
      0.18800856173038483,
      -0.04660798981785774,
      0.2134532779455185,
      -0.2146516889333725,
      0.00751536525785923,
      -0.16479946672916412,
      -0.16743476688861847,
      -0.09294220060110092,
      -0.10953400284051895
    ],
    [
      0.20139487087726593,
      0.18871410191059113,
      -0.04717928171157837,
      0.21345163881778717,
      -0.21449346840381622,
      0.0077790748327970505,
      -0.16548825800418854,
      -0.1666584461927414,
      -0.09366792440414429,
      -0.10893218964338303
    ],
    [
      0.20152580738067627,
      0.1892327517271042,
      -0.04793215170502663,
      0.21356254816055298,
      -0.21428103744983673,
      0.008232388645410538,
      -0.1660517007112503,
      -0.16604678332805634,
      -0.09419805556535721,
      -0.10820183157920837
    ],
    [
      0.20192164182662964,
      0.18977893888950348,
      -0.049395740032196045,
      0.21372751891613007,
      -0.21371369063854218,
      0.009190499782562256,
      -0.16665340960025787,
      -0.16586126387119293,
      -0.09438389539718628,
      -0.10679159313440323
    ],
    [
      0.20196767151355743,
      0.19017566740512848,
      -0.04924151673913002,
      0.2135944813489914,
      -0.21386289596557617,
      0.010057821869850159,
      -0.16665145754814148,
      -0.1660696119070053,
      -0.09379462152719498,
      -0.10642711073160172
    ],
    [
      0.20188112556934357,
      0.1917436122894287,
      -0.05232308804988861,
      0.21375425159931183,
      -0.21272538602352142,
      0.00969191174954176,
      -0.16922922432422638,
      -0.16248585283756256,
      -0.09782588481903076,
      -0.10448799282312393
    ],
    [
      0.19993488490581512,
      0.19451673328876495,
      -0.05267816781997681,
      0.212522491812706,
      -0.21307025849819183,
      0.00797890592366457,
      -0.1725095957517624,
      -0.1562238186597824,
      -0.10351577401161194,
      -0.10482624173164368
    ],
    [
      0.20145666599273682,
      0.19346408545970917,
      -0.052568841725587845,
      0.21327580511569977,
      -0.21287798881530762,
      0.010682444088160992,
      -0.17048092186450958,
      -0.16083015501499176,
      -0.09873505681753159,
      -0.10358364135026932
    ],
    [
      0.20256908237934113,
      0.19462613761425018,
      -0.05707094445824623,
      0.2142155021429062,
      -0.21100114285945892,
      0.01216878741979599,
      -0.17234943807125092,
      -0.15957804024219513,
      -0.10055448859930038,
      -0.09988399595022202
    ],
    [
      0.2032092809677124,
      0.19378988444805145,
      -0.05728115141391754,
      0.2144312709569931,
      -0.21081827580928802,
      0.012606213800609112,
      -0.17169922590255737,
      -0.16088007390499115,
      -0.09918022155761719,
      -0.09975331276655197
    ],
    [
      0.20359452068805695,
      0.19322092831134796,
      -0.05780479311943054,
      0.2144215852022171,
      -0.21053165197372437,
      0.012567300349473953,
      -0.17157453298568726,
      -0.16129405796527863,
      -0.09877446293830872,
      -0.09955230355262756
    ],
    [
      0.20389874279499054,
      0.19218993186950684,
      -0.05690280720591545,
      0.21444851160049438,
      -0.2108444720506668,
      0.012530632317066193,
      -0.17051450908184052,
      -0.1628551185131073,
      -0.09717027097940445,
      -0.10029188543558121
    ],
    [
      0.2038668543100357,
      0.19223017990589142,
      -0.056718334555625916,
      0.21427278220653534,
      -0.21092426776885986,
      0.012625206261873245,
      -0.17048151791095734,
      -0.16288402676582336,
      -0.09697770327329636,
      -0.10029489547014236
    ],
    [
      0.20391379296779633,
      0.1922713965177536,
      -0.05702105164527893,
      0.21421079337596893,
      -0.21081818640232086,
      0.012520719319581985,
      -0.17072491347789764,
      -0.162575826048851,
      -0.09730317443609238,
      -0.10012348741292953
