{
  "tempos": [
    0.0,
    0.5,
    1.0,
    1.5,
    2.0,
    2.5,
    3.0,
    3.5,
    4.0,
    4.5,
    5.0,
    5.5,
    6.0,
    6.5,
    7.0,
    7.5,
    8.0,
    8.5,
    9.0,
    9.5,
    10.0,
    10.5,
    11.0,
    11.5,
    12.0,
    12.5,
    13.0,
    13.5,
    14.0,
    14.5,
    15.0
  ],
  "engajamentoneural": [
    70.18571929706118,
    76.09062928694918,
    82.98497811565274,
    87.04178115701524,
    87.89849465070203,
    86.3980020982461,
    83.46427274171863,
    80.110192785132,
    77.23361664462558,
    75.34662821228031,
    74.5521442638045,
    74.67032447586229,
    75.38430772331532,
    76.36680820163664,
    77.36546917873319,
    78.24244867605015,
    78.97655197857448,
    79.62555434729937,
    80.25244099173929,
    80.85707932864172,
    81.36418385847115,
    81.66543009713533,
    81.67469214659256,
    81.37572907275697,
    80.85222694296957,
    80.25922480221153,
    79.71296952059781,
    79.19480773171531,
    78.61385516437154,
    77.99575643861958,
    77.56508007579338
  ],
  "cognitivedemand": [
    39.94775179884847,
    70.90151967854287,
    84.80071493558711,
    87.47469720181294,
    88.08551075347971,
    88.0974363732974,
    88.10395098543522,
    88.11547504018729,
    74.03326701901331,
    51.54034081857437,
    67.74107114639264,
    70.37409922749136,
    70.50614678385828,
    70.52892883563987,
    70.53694887223314,
    70.54128757594239,
    63.51640933103667,
    55.59018556036075,
    72.51886732654471,
    76.17449996691742,
    76.2731425232529,
    76.30187964073399,
    76.30602192286226,
    76.31157137940764,
    67.62633419062534,
    39.83153775578645,
    66.19204573759605,
    69.86496632469508,
    70.05804605901159,
    70.07962558153957,
    70.07120445139243
  ],
  "focus": [
    10.714325458817942,
    8.874036353618619,
    7.993347321110797,
    8.20457107403095,
    8.844097579743975,
    8.481480636283226,
    7.989818718109017,
    8.125566966601296,
    8.124951751279397,
    11.115513686713932,
    14.698576023810833,
    10.267722268181728,
    8.840157058929236,
    8.56317807644145,
    8.438252309654382,
    8.538595180207944,
    8.587134698291436,
    9.246521464745774,
    10.59186825802738,
    8.135781658138036,
    7.839365057373011,
    7.831396314226968,
    7.842960209865481,
    7.855830749994269,
    7.868666678119009,
    10.460024960460506,
    36.553315644916964,
    71.81600747628748,
    85.1383845922193,
    83.3075667269933,
    78.35192599216538
  ],
  "embeddings": [
    [
      0.20005573332309723,
      0.1905144304037094,
      -0.04914145544171333,
      0.21143615245819092,
      -0.21471120417118073,
      0.003088573692366481,
      -0.17070311307907104,
      -0.15740267932415009,
      -0.10325174778699875,
      -0.10934608429670334
    ],
    [
      0.20174650847911835,
      0.18502582609653473,
      -0.04411248862743378,
      0.21238380670547485,
      -0.21588890254497528,
      0.003935744520276785,
      -0.16347186267375946,
      -0.16836093366146088,
      -0.09226825833320618,
      -0.11279275268316269
    ],
    [
      0.20256739854812622,
      0.18579207360744476,
      -0.043537259101867676,
      0.21289141476154327,
      -0.21615667641162872,
      0.00764830457046628,
      -0.16236315667629242,
      -0.1713835448026657,
      -0.08836660534143448,
      -0.11093872040510178
    ],
    [
      0.20141859352588654,
      0.1900111585855484,
      -0.04933852329850197,
      0.21353381872177124,
      -0.21402449905872345,
      0.00711606303229928,
      -0.16781766712665558,
      -0.1633022427558899,
      -0.09755194932222366,
      -0.10740851610898972
    ],
    [
      0.202342227101326,
      0.1904151439666748,
      -0.051738157868385315,
      0.21388709545135498,
      -0.21296174824237823,
      0.008630418218672276,
      -0.16842134296894073,
      -0.163642019033432,
      -0.09711816161870956,
      -0.10522767901420593
    ],
    [
      0.20371055603027344,
      0.19059519469738007,
      -0.05381712317466736,
      0.21440589427947998,
      -0.21202348172664642,
      0.011365283280611038,
      -0.16820001602172852,
      -0.16567164659500122,
      -0.09485328197479248,
      -0.10261272639036179
    ],
    [
      0.2036457508802414,
      0.19128169119358063,
      -0.054224643856287,
      0.2143089920282364,
      -0.21195219457149506,
      0.012017144821584225,
      -0.16883964836597443,
      -0.16467927396297455,
      -0.09548427909612656,
      -0.10203161090612411
    ],
    [
      0.2041141837835312,
      0.19212490320205688,
      -0.05712731182575226,
      0.214804008603096,
      -0.210781529545784,
      0.012417272664606571,
      -0.1704576462507248,
      -0.1628936380147934,
      -0.0976272001862526,
      -0.09997571259737015
    ],
    [
      0.2043381929397583,
      0.19199703633785248,
      -0.057497601956129074,
      0.21483860909938812,
      -0.21062159538269043,
      0.012512353248894215,
      -0.17050175368785858,
      -0.16293172538280487,
      -0.09755025058984756,
      -0.09970512986183167
    ],
    [
      0.20497409999370575,
      0.19120019674301147,
      -0.05721178650856018,
      0.21479485929012299,
      -0.21066594123840332,
      0.013232552446424961,
      -0.16958056390285492,
      -0.16485926508903503,
      -0.09537425637245178,
      -0.09959778934717178
    ],
    [
      0.20517903566360474,
      0.19115126132965088,
      -0.0574227012693882,
      0.21488671004772186,
      -0.21061374247074127,
      0.01359609141945839,
      -0.16956698894500732,
      -0.16498029232025146,
      -0.09514272958040237,
      -0.09926971048116684
    ],
    [
      0.20602838695049286,
      0.19097323715686798,
      -0.05847667530179024,
      0.2150944471359253,
      -0.2101089209318161,
      0.014777660369873047,
      -0.16936832666397095,
      -0.16629759967327118,
      -0.09382189065217972,
      -0.09801114350557327
    ],
    [
      0.2054220288991928,
      0.19020479917526245,
      -0.05560370162129402,
      0.21453122794628143,
      -0.21141044795513153,
      0.013941769488155842,
      -0.16795764863491058,
      -0.1674441546201706,
      -0.09231486171483994,
      -0.10026530176401138
    ],
    [
      0.2059946209192276,
      0.19086487591266632,
      -0.05844820663332939,
      0.21503615379333496,
      -0.21015197038650513,
      0.014790337532758713,
      -0.16916364431381226,
      -0.16662077605724335,
      -0.09347957372665405,
      -0.09820855408906937
    ],
    [
      0.20548708736896515,
      0.18976640701293945,
      -0.05721573531627655,
      0.2144884467124939,
      -0.21059876680374146,
      0.012818948365747929,
      -0.1687876433134079,
      -0.1660955399274826,
      -0.09397637844085693,
      -0.10012228041887283
    ],
    [
      0.205377995967865,
      0.18849295377731323,
      -0.055397871881723404,
      0.21418340504169464,
      -0.2112530618906021,
      0.011938477866351604,
      -0.16754305362701416,
      -0.1674683690071106,
      -0.0924772247672081,
      -0.10182738304138184
    ],
    [
      0.20547039806842804,
      0.18754327297210693,
      -0.0544714629650116,
      0.21413801610469818,
      -0.2115042805671692,
      0.011518719606101513,
      -0.16668708622455597,
      -0.16853851079940796,
      -0.09143998473882675,
      -0.1028110608458519
    ],
    [
      0.20550493896007538,
      0.18708999454975128,
      -0.05330180004239082,
      0.21410375833511353,
      -0.21199031174182892,
      0.011671777814626694,
      -0.16582150757312775,
      -0.16969771683216095,
      -0.09009740501642227,
      -0.10336068272590637
    ],
    [
      0.20532555878162384,
      0.18784771859645844,
      -0.05408605933189392,
      0.21411873400211334,
      -0.2117202877998352,
      0.011567641980946064,
      -0.16670650243759155,
      -0.16843019425868988,
      -0.09146624058485031,
      -0.1027764081954956
    ],
    [
