{
  "tempos": [
    0.0,
    0.5,
    1.0,
    1.5,
    2.0,
    2.5,
    3.0,
    3.5,
    4.0,
    4.5,
    5.0,
    5.5,
    6.0,
    6.5,
    7.0,
    7.5,
    8.0,
    8.5,
    9.0,
    9.5,
    10.0,
    10.5,
    11.0,
    11.5,
    12.0,
    12.5,
    13.0,
    13.5,
    14.0,
    14.5,
    15.0
  ],
  "engajamentoneural": [
    70.02526682264593,
    76.0039398259086,
    82.9581254600523,
    87.00722200431642,
    87.7873102710453,
    86.1266060372229,
    82.92904379328824,
    79.2196170720187,
    75.94769421636553,
    73.69267389231572,
    72.60566269320799,
    72.50801295462568,
    73.03592968195251,
    73.79249485126729,
    74.46214571799604,
    74.86866623197824,
    74.99092407882164,
    74.93746813125982,
    74.86894923574403,
    74.89769287511582,
    75.0352809270725,
    75.22212722772639,
    75.39632483655039,
    75.53873613583339,
    75.6677745037683,
    75.79616300942952,
    75.88386634566211,
    75.8354677999184,
    75.57768663789864,
    75.17736424210224,
    74.86477998301287
  ],
  "cognitivedemand": [
    40.519927112426274,
    72.88174113717382,
    81.52027400081244,
    85.27111626170735,
    85.5836724050542,
    85.5821191475866,
    85.5806261337931,
    85.57676758453952,
    66.51046185914385,
    58.242973872052,
    82.66614397788658,
    82.95819034978278,
    82.97180471005763,
    82.98799866966725,
    82.99037976935847,
    82.99296788335235,
    68.32915585423092,
    60.106631106938266,
    71.36148865977319,
    71.38352475482348,
    71.4125193831269,
    71.42061927397582,
    71.40675950984294,
    71.3938695395083,
    61.55276890112386,
    49.31514224906825,
    59.366036569732714,
    63.42098159849416,
    63.457954232367456,
    63.4752865601537,
    63.48583821837672
  ],
  "focus": [
    10.176279713174743,
    9.658618698794088,
    8.215790069087374,
    11.876415016168792,
    15.548840076836916,
    11.921089185967443,
    12.501757489287987,
    13.27289604454785,
    13.36675101192923,
    9.240312247748845,
    21.39382012016468,
    25.15491055384113,
    20.524005832813828,
    12.484453319693417,
    11.93900667970967,
    11.839340631254629,
    11.82673690044861,
    10.760934522059786,
    12.829523744224181,
    15.061823597182284,
    11.8748894407101,
    11.14288370265959,
    10.882239715616564,
    10.887106183359307,
    10.761750111760739,
    10.922619301188087,
    22.82930926551055,
    14.361834273109299,
    10.562944460058333,
    9.568601071098245,
    9.245292811137706
  ],
  "embeddings": [
    [
      0.20524132251739502,
      0.185903862118721,
      -0.049348365515470505,
      0.2132866382598877,
      -0.2135419249534607,
      0.009476017206907272,
      -0.16419482231140137,
      -0.17092196643352509,
      -0.08853056281805038,
      -0.10648670047521591
    ],
    [
      0.20550720393657684,
      0.18509335815906525,
      -0.04737439751625061,
      0.21356189250946045,
      -0.2144724726676941,
      0.012041027657687664,
      -0.1620536595582962,
      -0.1742558628320694,
      -0.08462872356176376,
      -0.10684560984373093
    ],
    [
      0.205453023314476,
      0.18846015632152557,
      -0.05295181646943092,
      0.21421702206134796,
      -0.2123328000307083,
      0.013105102814733982,
      -0.1661246418952942,
      -0.169414684176445,
      -0.0903656855225563,
      -0.10239347070455551
    ],
    [
      0.2052282840013504,
      0.18957965075969696,
      -0.05505003035068512,
      0.2144020050764084,
      -0.21152202785015106,
      0.012911279685795307,
      -0.16779136657714844,
      -0.16706067323684692,
      -0.09300168603658676,
      -0.10121771693229675
    ],
    [
      0.2053990364074707,
      0.1889321357011795,
      -0.0545320063829422,
      0.21434490382671356,
      -0.21167351305484772,
      0.012961349450051785,
      -0.16703762114048004,
      -0.1681615710258484,
      -0.09164487570524216,
      -0.10167781263589859
    ],
    [
      0.20557801425457,
      0.1892133206129074,
      -0.054996684193611145,
      0.21455799043178558,
      -0.21145813167095184,
      0.013760651461780071,
      -0.1670745611190796,
      -0.16844816505908966,
      -0.09130581468343735,
      -0.10095924884080887
    ],
    [
      0.20545560121536255,
      0.19010400772094727,
      -0.056313950568437576,
      0.2147132307291031,
      -0.21097351610660553,
      0.013854154385626316,
      -0.16826052963733673,
      -0.16677378118038177,
      -0.09311512112617493,
      -0.10001897066831589
    ],
    [
      0.20587749779224396,
      0.19035808742046356,
      -0.05694319307804108,
      0.2148781567811966,
      -0.2107192724943161,
      0.014926191419363022,
      -0.16824829578399658,
      -0.167305126786232,
      -0.09236609190702438,
      -0.09903737157583237
    ],
    [
      0.2061890810728073,
      0.19106507301330566,
      -0.05852177366614342,
      0.21509520709514618,
      -0.210083469748497,
      0.015728142112493515,
      -0.16905929148197174,
      -0.16671590507030487,
      -0.09302612394094467,
      -0.0975986123085022
    ],
    [
      0.20659999549388885,
      0.1912393420934677,
      -0.059699203819036484,
      0.21529702842235565,
      -0.2096003293991089,
      0.01626112498342991,
      -0.16949807107448578,
      -0.1665114462375641,
      -0.0932617262005806,
      -0.0965927466750145
    ],
    [
      0.20684514939785004,
      0.19116896390914917,
      -0.060026656836271286,
      0.21518874168395996,
      -0.20944802463054657,
      0.016491979360580444,
      -0.1694565862417221,
      -0.16682909429073334,
      -0.09280409663915634,
      -0.09624264389276505
    ],
    [
      0.20725928246974945,
      0.19077365100383759,
      -0.060008782893419266,
      0.2152281552553177,
      -0.20944760739803314,
      0.017153359949588776,
      -0.16903923451900482,
      -0.16774804890155792,
      -0.09168586134910583,
      -0.09601497650146484
    ],
    [
      0.20703478157520294,
      0.19069170951843262,
      -0.06049710512161255,
      0.2148798257112503,
      -0.209327831864357,
      0.015795854851603508,
      -0.16988754272460938,
      -0.16617782413959503,
      -0.09340033680200577,
      -0.0964360460639
    ],
    [
      0.20709039270877838,
      0.1893371343612671,
      -0.05851209536194801,
      0.21461845934391022,
      -0.21006952226161957,
      0.015853093937039375,
      -0.16824114322662354,
      -0.1683190017938614,
      -0.09084373712539673,
      -0.09804549068212509
    ],
    [
      0.20641404390335083,
      0.18934936821460724,
      -0.05808543786406517,
      0.2142980843782425,
      -0.2102668732404709,
      0.014288723468780518,
      -0.1687740534543991,
      -0.16672657430171967,
      -0.0926651582121849,
      -0.09908612817525864
    ],
    [
      0.20576198399066925,
      0.1892009824514389,
      -0.05714615061879158,
      0.21406857669353485,
      -0.2106490284204483,
      0.012879777699708939,
      -0.16880320012569427,
      -0.16592878103256226,
      -0.09367793798446655,
      -0.10034104436635971
    ],
    [
      0.20519490540027618,
      0.1886693686246872,
      -0.05544102191925049,
      0.213833287358284,
      -0.21129755675792694,
      0.01166529580950737,
      -0.16812269389629364,
      -0.1662016659975052,
      -0.09347222000360489,
      -0.10201249271631241
    ],
    [
      0.2046864777803421,
      0.18819165229797363,
      -0.05357423424720764,
      0.21368221938610077,
      -0.21202804148197174,
      0.01109448540955782,
      -0.167204812169075,
      -0.16690321266651154,
      -0.09268214553594589,
      -0.10358192771673203
    ],
    [
      0.20427466928958893,
      0.18868346512317657,
      -0.05344032868742943,
      0.21378321945667267,
      -0.21210193634033203,
      0.010830658487975597,
      -0.16752798855304718,
      -0.16619552671909332,
      -0.09359085559844971,
      -0.10371724516153336
    ],
    [
