{
  "tempos": [
    0.0,
    0.5,
    1.0,
    1.5,
    2.0,
    2.5,
    3.0,
    3.5,
    4.0,
    4.5,
    5.0,
    5.5,
    6.0,
    6.5,
    7.0,
    7.5,
    8.0,
    8.5,
    9.0,
    9.5,
    10.0,
    10.5,
    11.0,
    11.5,
    12.0,
    12.5,
    13.0,
    13.5,
    14.0,
    14.5,
    15.0
  ],
  "engajamentoneural": [
    68.84195047835449,
    75.45929831051204,
    83.30363212903063,
    88.11327984814601,
    89.57876118651167,
    88.67314901834908,
    86.23850291351005,
    83.12683040151099,
    80.20092621836183,
    78.04249646293651,
    76.79297202944119,
    76.25262372488476,
    76.09967797025008,
    76.08057628669007,
    76.09611899558185,
    76.17209965763453,
    76.35369283874404,
    76.60978645541587,
    76.82571315132454,
    76.87655104167047,
    76.7021965544856,
    76.32111774884825,
    75.7837656251603,
    75.12099192005259,
    74.33917295429418,
    73.44969681632172,
    72.47877753533902,
    71.45067373702875,
    70.40576794049514,
    69.47478998734573,
    68.90116054785501
  ],
  "cognitivedemand": [
    50.98348922469291,
    71.6363595352679,
    82.12501913835762,
    86.94959223197735,
    87.45957705150111,
    87.23781086421468,
    87.01983059664106,
    62.716078435306265,
    50.256885460260314,
    62.50454099305263,
    70.45955844029699,
    71.00000341295447,
    70.90767154510937,
    70.81728279364889,
    58.833406680787874,
    58.69383704398078,
    67.68069798053469,
    72.59386908810339,
    72.69608516249025,
    73.12122523040593,
    73.96410142679913,
    48.55837094663833,
    74.1757863239811,
    77.0213635604353,
    77.21970396762728,
    77.33725134757057,
    77.42781118804167,
    77.5318390249375,
    77.61888742565282,
    77.69265440302625,
    77.71279578640326
  ],
  "focus": [
    11.013618801037335,
    8.02421256363533,
    8.065276340681697,
    8.08072168384032,
    8.538649826813723,
    8.156367061868746,
    7.837384899606717,
    7.8405970259357645,
    8.103041259989013,
    12.268582013446572,
    11.27367046155873,
    9.714270724938663,
    9.393258398092769,
    8.64735531976939,
    8.697327536452402,
    9.235504232777568,
    10.865518154170708,
    8.18129517795217,
    7.908056763816177,
    7.869960324439307,
    7.914113726533567,
    14.334751656956547,
    14.250641120535368,
    17.69429032590376,
    10.801111834850229,
    8.307005453235055,
    8.445044438381732,
    8.36843868663688,
    8.386625491275638,
    8.510726503377619,
    8.679558570036262
  ],
  "embeddings": [
    [
      0.19623219966888428,
      0.1892947405576706,
      -0.0398651547729969,
      0.20880304276943207,
      -0.2180825024843216,
      -0.005082669202238321,
      -0.16833703219890594,
      -0.1554289311170578,
      -0.10494229197502136,
      -0.1180901750922203
    ],
    [
      0.1965721696615219,
      0.18240247666835785,
      -0.031061531975865364,
      0.20977413654327393,
      -0.22090299427509308,
      -0.005119037348777056,
      -0.15959233045578003,
      -0.16739453375339508,
      -0.09254474192857742,
      -0.1260959953069687
    ],
    [
      0.19739849865436554,
      0.1852205991744995,
      -0.03492490574717522,
      0.21151728928089142,
      -0.2196163386106491,
      -0.0010026643285527825,
      -0.16110773384571075,
      -0.16749222576618195,
      -0.09302055090665817,
      -0.12085366994142532
    ],
    [
      0.1957470327615738,
      0.18931443989276886,
      -0.03843966871500015,
      0.21167784929275513,
      -0.2185196876525879,
      -0.0017776270397007465,
      -0.16561968624591827,
      -0.16038919985294342,
      -0.10097283869981766,
      -0.11863619089126587
    ],
    [
      0.19496898353099823,
      0.19023092091083527,
      -0.038628723472356796,
      0.21159876883029938,
      -0.21853667497634888,
      -0.002663363702595234,
      -0.16658665239810944,
      -0.1584920436143875,
      -0.10312741249799728,
      -0.1188872754573822
    ],
    [
      0.19518713653087616,
      0.19058144092559814,
      -0.03977912664413452,
      0.2120356559753418,
      -0.21797597408294678,
      -0.0017986968159675598,
      -0.16683392226696014,
      -0.15854042768478394,
      -0.10320523381233215,
      -0.11791777610778809
    ],
    [
      0.19525305926799774,
      0.1904163807630539,
      -0.03947564586997032,
      0.2121364027261734,
      -0.21804367005825043,
      -0.0015407324535772204,
      -0.16643226146697998,
      -0.1591695249080658,
      -0.10252886265516281,
      -0.1180398240685463
    ],
    [
      0.19478853046894073,
      0.19102942943572998,
      -0.03921324014663696,
      0.21195752918720245,
      -0.2182633876800537,
      -0.001921569462865591,
      -0.1670055389404297,
      -0.15802696347236633,
      -0.10366424173116684,
      -0.1182839497923851
    ],
    [
      0.1945977807044983,
      0.1914573460817337,
      -0.03915869817137718,
      0.2118205428123474,
      -0.21837200224399567,
      -0.0019654808565974236,
      -0.16733784973621368,
      -0.15743786096572876,
      -0.10413030534982681,
      -0.11824934929609299
    ],
    [
      0.19464533030986786,
      0.19265730679035187,
      -0.04093388095498085,
      0.2121596485376358,
      -0.21768979728221893,
      -0.0009727845899760723,
      -0.16846810281276703,
      -0.15633231401443481,
      -0.10531195253133774,
      -0.11662456393241882
    ],
    [
      0.19451270997524261,
      0.19284550845623016,
      -0.0407789945602417,
      0.21195103228092194,
      -0.2178434282541275,
      -0.0012943997280672193,
      -0.16876442730426788,
      -0.15569061040878296,
      -0.10586849600076675,
      -0.1168067529797554
    ],
    [
      0.19488541781902313,
      0.19205917418003082,
      -0.04017836973071098,
      0.21189813315868378,
      -0.2179388552904129,
      -0.0012555368011817336,
      -0.16802509129047394,
      -0.1569666564464569,
      -0.10446508973836899,
      -0.11721312254667282
    ],
    [
      0.195495143532753,
      0.1912643313407898,
      -0.041222866624593735,
      0.21229928731918335,
      -0.21735209226608276,
      -0.0013167833676561713,
      -0.16768242418766022,
      -0.15793897211551666,
      -0.10392817854881287,
      -0.11660202592611313
    ],
    [
      0.1957906037569046,
      0.19002604484558105,
      -0.04012611508369446,
      0.21226610243320465,
      -0.21768367290496826,
      -0.0014075356302782893,
      -0.16637472808361053,
      -0.15981824696063995,
      -0.10191472619771957,
      -0.1174706444144249
    ],
    [
      0.19525682926177979,
      0.1892383098602295,
      -0.037729229778051376,
      0.21179604530334473,
      -0.21863065659999847,
      -0.0025528997648507357,
      -0.16540922224521637,
      -0.1603749692440033,
      -0.10116467624902725,
      -0.1196042001247406
    ],
    [
      0.19512628018856049,
      0.18935994803905487,
      -0.037682365626096725,
      0.21179266273975372,
      -0.21864990890026093,
      -0.0026934233028441668,
      -0.16552551090717316,
      -0.1601192057132721,
      -0.10148044675588608,
      -0.11967397481203079
    ],
    [
      0.19468630850315094,
      0.18938171863555908,
      -0.03721382096409798,
      0.21170659363269806,
      -0.21886706352233887,
      -0.0032319200690835714,
      -0.16547620296478271,
      -0.1597142219543457,
      -0.10195157676935196,
      -0.12030941247940063
    ],
    [
      0.19452013075351715,
      0.1891869455575943,
      -0.036540187895298004,
      0.21160787343978882,
      -0.2191147804260254,
      -0.003692913567647338,
      -0.16528663039207458,
      -0.15975594520568848,
      -0.10196854919195175,
      -0.1209167018532753
    ],
    [
      0.1946142464876175,
      0.1893826276063919,
      -0.03703433647751808,
      0.21173612773418427,
      -0.2189476490020752,
      -0.0033836651127785444,
      -0.1654430478811264,
      -0.1597285121679306,
      -0.10199237614870071,
