{
  "tempos": [
    0.0,
    0.5,
    1.0,
    1.5,
    2.0,
    2.5,
    3.0,
    3.5,
    4.0,
    4.5,
    5.0,
    5.5,
    6.0,
    6.5,
    7.0,
    7.5,
    8.0,
    8.5,
    9.0,
    9.5,
    10.0,
    10.5,
    11.0,
    11.5,
    12.0,
    12.5,
    13.0,
    13.5,
    14.0,
    14.5,
    15.0
  ],
  "engajamentoneural": [
    60.28410156009202,
    68.08452519073079,
    78.17991834414795,
    85.23942174552819,
    88.38502683305589,
    88.88744295870885,
    87.91042002262881,
    86.28178714543328,
    84.58967183879516,
    83.164834331868,
    82.11015330170048,
    81.39264658293312,
    80.9271758803123,
    80.62522090152335,
    80.4187861538395,
    80.26987702632215,
    80.1678938888099,
    80.11474620950602,
    80.10496338836182,
    80.11522180487536,
    80.11174614222543,
    80.06850593795936,
    79.97981053674448,
    79.85789618038159,
    79.71782635275997,
    79.55746162614568,
    79.34002951538466,
    78.99828137522611,
    78.49359419006589,
    77.91671920272283,
    77.51170705090378
  ],
  "cognitivedemand": [
    21.66018331228124,
    36.616218971076044,
    62.3675396295551,
    68.69810632150374,
    69.36848596226693,
    72.3110926580519,
    74.43505635837222,
    75.00744783617144,
    75.73360640226055,
    77.51644171955564,
    79.44333392236732,
    80.93379997762514,
    80.96035138307676,
    81.19620149344397,
    81.21241371705727,
    81.329515540434,
    81.1555138046491,
    81.291311729036,
    81.04652266596293,
    80.913515272759,
    80.84190763310626,
    80.95500226665384,
    80.87590059136299,
    80.92974443852006,
    81.00774308137034,
    81.09532364921543,
    80.9569866922118,
    80.8992622399577,
    80.92693237791333,
    81.21559522024322,
    80.28061814443076
  ],
  "focus": [
    12.754040667133205,
    11.638644749696532,
    9.40842511943903,
    9.515110437099581,
    11.005652641847524,
    10.92075552029798,
    17.908713071478907,
    14.570053773489185,
    9.609608319593338,
    8.390103513615777,
    8.075621632310414,
    8.075864778662867,
    8.030225262062892,
    7.984431425181802,
    8.022018546758952,
    8.07274442824546,
    8.047074850600037,
    8.035844220952177,
    8.121182755580282,
    8.092832517791656,
    8.005920259447597,
    7.961572379833146,
    8.01710623474336,
    8.048877628810718,
    8.016396270455173,
    7.977278171880813,
    7.986369054666318,
    8.003249043281635,
    8.001532940335975,
    7.956549311196264,
    7.986788064175711
  ],
  "embeddings": [
    [
      0.1995069533586502,
      0.19616855680942535,
      -0.05721684917807579,
      0.21042902767658234,
      -0.21219539642333984,
      0.005170801654458046,
      -0.1786249727010727,
      -0.14729654788970947,
      -0.11232038587331772,
      -0.10357832163572311
    ],
    [
      0.2008790224790573,
      0.18968170881271362,
      -0.04932953044772148,
      0.21196185052394867,
      -0.2140873223543167,
      0.005704464856535196,
      -0.16882000863552094,
      -0.16128505766391754,
      -0.09848276525735855,
      -0.10871362686157227
    ],
    [
      0.20091716945171356,
      0.18862850964069366,
      -0.04709098860621452,
      0.21256768703460693,
      -0.2147436887025833,
      0.005699088331311941,
      -0.16674838960170746,
      -0.16405779123306274,
      -0.09603976458311081,
      -0.1100926399230957
    ],
    [
      0.2001943588256836,
      0.18911761045455933,
      -0.046359315514564514,
      0.21253104507923126,
      -0.21510350704193115,
      0.0050256154499948025,
      -0.1668965071439743,
      -0.1631910651922226,
      -0.09710104018449783,
      -0.11074437946081161
    ],
    [
      0.19975821673870087,
      0.18959935009479523,
      -0.04662219062447548,
      0.21257780492305756,
      -0.2150268405675888,
      0.004358752630650997,
      -0.16749300062656403,
      -0.1619451642036438,
      -0.09865046292543411,
      -0.11083275824785233
    ],
    [
      0.19938357174396515,
      0.1894843429327011,
      -0.045892585068941116,
      0.21251440048217773,
      -0.2153102159500122,
      0.0037179316859692335,
      -0.1672932654619217,
      -0.1617773324251175,
      -0.09892109781503677,
      -0.11164509505033493
    ],
    [
      0.19905968010425568,
      0.1896114945411682,
      -0.04541541635990143,
      0.21252258121967316,
      -0.21550124883651733,
      0.003308882238343358,
      -0.16728222370147705,
      -0.16149044036865234,
      -0.0993024930357933,
      -0.11212686449289322
    ],
    [
      0.1987680047750473,
      0.18989087641239166,
      -0.04533901438117027,
      0.21250438690185547,
      -0.2155560404062271,
      0.0029600115958601236,
      -0.16753017902374268,
      -0.16089767217636108,
      -0.09998012334108353,
      -0.11231092363595963
    ],
    [
      0.19852900505065918,
      0.19010038673877716,
      -0.04515734687447548,
      0.21251213550567627,
      -0.2156466245651245,
      0.0027692001312971115,
      -0.16763055324554443,
      -0.16056320071220398,
      -0.10036172717809677,
      -0.11250269412994385
    ],
    [
      0.19831593334674835,
      0.19022423028945923,
      -0.04496688023209572,
      0.21251170337200165,
      -0.2157333940267563,
      0.0025143525563180447,
      -0.16769784688949585,
      -0.16027410328388214,
      -0.10071723908185959,
      -0.11274055391550064
    ],
    [
      0.19816987216472626,
      0.1902921199798584,
      -0.04484209790825844,
      0.21252930164337158,
      -0.2157829999923706,
      0.0023469782900065184,
      -0.1677158921957016,
      -0.1601264625787735,
      -0.10093212872743607,
      -0.11289975047111511
    ],
    [
      0.19804759323596954,
      0.19033128023147583,
      -0.044640302658081055,
      0.2125178724527359,
      -0.21586881577968597,
      0.0022582928650081158,
      -0.16767293214797974,
      -0.16007955372333527,
      -0.10098356753587723,
      -0.1130763366818428
    ],
    [
      0.197835311293602,
      0.19049465656280518,
      -0.04438510537147522,
      0.2124578356742859,
      -0.2159993052482605,
      0.0021063918247818947,
      -0.16774003207683563,
      -0.15980856120586395,
      -0.10122563689947128,
      -0.11330237239599228
    ],
    [
      0.19766771793365479,
      0.19065582752227783,
      -0.044259387999773026,
      0.21240855753421783,
      -0.21608148515224457,
      0.0020095244981348515,
      -0.16784362494945526,
      -0.1595255732536316,
      -0.10147538036108017,
      -0.11342165619134903
    ],
    [
      0.19754284620285034,
      0.19079725444316864,
      -0.04430869221687317,
      0.21240182220935822,
      -0.21607792377471924,
      0.001813158974982798,
      -0.16802066564559937,
      -0.15916834771633148,
      -0.101895272731781,
      -0.11346273869276047
    ],
    [
      0.1973012536764145,
      0.1907305121421814,
      -0.04371918737888336,
      0.21231959760189056,
      -0.2163260132074356,
      0.0015114806592464447,
      -0.16784389317035675,
      -0.15915820002555847,
      -0.10187826305627823,
      -0.11401452869176865
    ],
    [
      0.1971457451581955,
      0.19078640639781952,
      -0.04350331425666809,
      0.21229016780853271,
      -0.21642589569091797,
      0.0013160016387701035,
      -0.16785728931427002,
      -0.15899890661239624,
      -0.1020604744553566,
      -0.1142338439822197
    ],
    [
      0.19705647230148315,
      0.19089557230472565,
      -0.043491244316101074,
      0.21231025457382202,
      -0.21643495559692383,
      0.0012381175765767694,
      -0.16793261468410492,
      -0.15884201228618622,
      -0.10226216912269592,
      -0.1142558827996254
    ],
    [
      0.19699345529079437,
      0.19098103046417236,
      -0.04351625218987465,
      0.21231885254383087,
      -0.21643100678920746,
      0.0011820978252217174,
      -0.16800349950790405,
      -0.15870554745197296,
      -0.10243045538663864,
      -0.11425494402647018
    ],
