{
  "tempos": [
    0.0,
    0.5,
    1.0,
    1.5,
    2.0,
    2.5,
    3.0,
    3.5,
    4.0,
    4.5,
    5.0,
    5.5,
    6.0,
    6.5,
    7.0,
    7.5,
    8.0,
    8.5,
    9.0,
    9.5,
    10.0,
    10.5,
    11.0,
    11.5,
    12.0,
    12.5,
    13.0,
    13.5,
    14.0,
    14.5,
    15.0
  ],
  "engajamentoneural": [
    54.165025811058065,
    62.1200911958713,
    72.73143609088861,
    80.22353813679636,
    83.11829685108134,
    82.5134155542283,
    79.751241554225,
    76.01840582746237,
    72.16160988337262,
    68.56406752337837,
    65.40126700729182,
    62.96115385983426,
    61.643404089889465,
    61.663431355924025,
    62.809251246475384,
    64.5108417565002,
    66.15208575392143,
    67.34539511454314,
    67.99428670562489,
    68.19522370291453,
    68.11421697997824,
    67.92371990956141,
    67.80717838743048,
    67.96766370557067,
    68.54743434542479,
    69.46083052471613,
    70.32060563877896,
    70.63271106304295,
    70.16411175831902,
    69.1943455610084,
    68.41003196742403
  ],
  "cognitivedemand": [
    22.196526963420027,
    34.68944438343885,
    56.60804403595211,
    69.70467612862637,
    71.45194808917239,
    72.29030616796257,
    72.09004226716883,
    71.81577077996634,
    71.48079893363993,
    68.10927251874094,
    28.385901880345862,
    27.358642168175635,
    30.735665103797334,
    33.00055186615306,
    36.325118982944375,
    42.03606790208277,
    45.31870979958007,
    47.145156534032765,
    48.74360739533085,
    50.34085439460581,
    51.62025989837015,
    51.939947313573455,
    51.842970799154315,
    51.75779380569475,
    30.783850696244823,
    36.29917053281457,
    59.323607738383615,
    59.834547918252596,
    59.85063488279605,
    59.8624833362741,
    59.85776308226658
  ],
  "focus": [
    40.59693229709885,
    27.297422495350776,
    27.07670878983103,
    23.587155217953924,
    21.915510870710666,
    14.129076574349064,
    26.684618560467438,
    43.89132589041796,
    54.65889847019175,
    53.48480385791895,
    56.55150212563721,
    21.260356917271878,
    40.18553517933047,
    88.10836610399927,
    86.37738326819213,
    77.63804718792633,
    66.48021207408657,
    65.68389713690624,
    59.62923555227825,
    40.98249799084623,
    30.866774585170596,
    32.326694038237,
    38.257219291933644,
    42.77026527691685,
    41.05905887318131,
    25.11224803960304,
    16.603276913667518,
    29.37026174349123,
    47.57859376509709,
    47.939273021676,
    39.55161526604315
  ],
  "embeddings": [
    [
      0.19805091619491577,
      0.1966981738805771,
      -0.05155014991760254,
      0.2093857079744339,
      -0.21480625867843628,
      0.004898236598819494,
      -0.1763298064470291,
      -0.14899344742298126,
      -0.10944906622171402,
      -0.1067558228969574
    ],
    [
      0.20180995762348175,
      0.19235585629940033,
      -0.057958897203207016,
      0.21243642270565033,
      -0.21091149747371674,
      0.0047919671051204205,
      -0.17461411654949188,
      -0.15439796447753906,
      -0.10681845992803574,
      -0.10335472226142883
    ],
    [
      0.20109470188617706,
      0.18575598299503326,
      -0.04375109076499939,
      0.21228772401809692,
      -0.21590352058410645,
      0.005342412739992142,
      -0.163521870970726,
      -0.1680716872215271,
      -0.09151635318994522,
      -0.11338867992162704
    ],
    [
      0.19958768784999847,
      0.18796281516551971,
      -0.0434567928314209,
      0.21244077384471893,
      -0.21625745296478271,
      0.004129993263632059,
      -0.16513434052467346,
      -0.16482357680797577,
      -0.09554004669189453,
      -0.11340475082397461
    ],
    [
      0.1971825808286667,
      0.1909957081079483,
      -0.04367797076702118,
      0.21205133199691772,
      -0.21649934351444244,
      0.0017364217201247811,
      -0.1681346297264099,
      -0.15875132381916046,
      -0.1022253930568695,
      -0.11403405666351318
    ],
    [
      0.19563500583171844,
      0.19216281175613403,
      -0.04268601909279823,
      0.21173708140850067,
      -0.21703076362609863,
      5.5315595091087744e-05,
      -0.16909579932689667,
      -0.15603919327259064,
      -0.10519054532051086,
      -0.11543047428131104
    ],
    [
      0.19524912536144257,
      0.19157832860946655,
      -0.0413224957883358,
      0.21166177093982697,
      -0.21751241385936737,
      -0.0009351790067739785,
      -0.1684257537126541,
      -0.15639816224575043,
      -0.10498446226119995,
      -0.11682762950658798
    ],
    [
      0.19464324414730072,
      0.19127655029296875,
      -0.039580151438713074,
      0.21152110397815704,
      -0.21820314228534698,
      -0.0016982938395813107,
      -0.167722687125206,
      -0.15671418607234955,
      -0.10470648854970932,
      -0.11835990101099014
    ],
    [
      0.19395995140075684,
      0.19164013862609863,
      -0.03866487368941307,
      0.21143501996994019,
      -0.21862058341503143,
      -0.0024263181257992983,
      -0.167815700173378,
      -0.15596520900726318,
      -0.10553759336471558,
      -0.11923667788505554
    ],
    [
      0.19345004856586456,
      0.19207192957401276,
      -0.03841838613152504,
      0.21144509315490723,
      -0.21875345706939697,
      -0.0030713751912117004,
      -0.16819357872009277,
      -0.15499238669872284,
      -0.10670306533575058,
      -0.11963643878698349
    ],
    [
      0.19311602413654327,
      0.19218526780605316,
      -0.038147587329149246,
      0.21139128506183624,
      -0.21887779235839844,
      -0.003734249621629715,
      -0.16837112605571747,
      -0.15438462793827057,
      -0.10743913054466248,
      -0.12009911984205246
    ],
    [
      0.19305311143398285,
      0.1919877529144287,
      -0.03771057352423668,
      0.21149908006191254,
      -0.2190038412809372,
      -0.003886498510837555,
      -0.16802839934825897,
      -0.1547863930463791,
      -0.10708543658256531,
      -0.12046637386083603
    ],
    [
      0.19300073385238647,
      0.19191212952136993,
      -0.037627194076776505,
      0.21152625977993011,
      -0.21901090443134308,
      -0.004109323490411043,
      -0.16797544062137604,
      -0.15477000176906586,
      -0.10719829797744751,
      -0.12061583995819092
    ],
    [
      0.1925349235534668,
      0.19172970950603485,
      -0.03642207756638527,
      0.2113775759935379,
      -0.21949954330921173,
      -0.004856902174651623,
      -0.16759365797042847,
      -0.15478530526161194,
      -0.10724183917045593,
      -0.12173876911401749
    ],
    [
      0.19159142673015594,
      0.19218499958515167,
      -0.03542044386267662,
      0.21128512918949127,
      -0.21990643441677094,
      -0.005684800446033478,
      -0.1676768809556961,
      -0.15393349528312683,
      -0.10818914324045181,
      -0.12286359816789627
    ],
    [
      0.19021928310394287,
      0.19325053691864014,
      -0.034686386585235596,
      0.2093513458967209,
      -0.22072972357273102,
      -0.008849403820931911,
      -0.1700713187456131,
      -0.14914359152317047,
      -0.11251135915517807,
      -0.1243581473827362
    ],
    [
      0.18878112733364105,
      0.19298140704631805,
      -0.03024732507765293,
      0.2088516801595688,
      -0.22266565263271332,
      -0.009911611676216125,
      -0.16856002807617188,
      -0.15003830194473267,
      -0.1111350730061531,
      -0.1275351494550705
    ],
    [
      0.1899322271347046,
      0.19280098378658295,
      -0.03231222927570343,
      0.20985476672649384,
      -0.22165440022945404,
      -0.007754158228635788,
      -0.1682109832763672,
      -0.1518043428659439,
      -0.1095271036028862,
      -0.12542614340782166
    ],
    [
      0.19129686057567596,
      0.19172555208206177,
      -0.033886462450027466,
      0.2106751799583435,
      -0.2207328826189041,
      -0.006718904245644808,
      -0.1674729734659195,
      -0.15397530794143677,
      -0.10775122791528702,
