{
  "tempos": [
    0.0,
    0.5,
    1.0,
    1.5,
    2.0,
    2.5,
    3.0,
    3.5,
    4.0,
    4.5,
    5.0,
    5.5,
    6.0,
    6.5,
    7.0,
    7.5,
    8.0,
    8.5,
    9.0,
    9.5,
    10.0,
    10.5,
    11.0,
    11.5,
    12.0,
    12.5,
    13.0,
    13.5,
    14.0,
    14.5,
    15.0
  ],
  "engajamentoneural": [
    59.36320931643232,
    65.62818159631156,
    73.7759194166861,
    79.47493119991526,
    81.65331780097482,
    81.17417482245202,
    79.20630345879592,
    76.74188623981286,
    74.42326964364923,
    72.54002942046661,
    71.1834649860212,
    70.38774817246582,
    70.18290249484781,
    70.5891219130582,
    71.57421784665392,
    72.99609980593628,
    74.59565328395126,
    76.08076494040638,
    77.23569146306548,
    77.96191609711695,
    78.25399811308924,
    78.18088091675303,
    77.88889666084347,
    77.56607056265108,
    77.34063547863347,
    77.19694877268003,
    76.99998881546112,
    76.60546922476182,
    75.9786513441278,
    75.2707735950358,
    74.78576493869616
  ],
  "cognitivedemand": [
    28.655180278102442,
    64.16046119222491,
    71.42471414624201,
    71.44575080151564,
    71.44642669144959,
    71.44647406408241,
    71.44540120329277,
    71.44233892761851,
    71.03822130784397,
    36.66524978598583,
    56.171097629895876,
    54.342359309412494,
    55.838944987178266,
    55.88675074486035,
    52.777668003970874,
    49.76084171206806,
    74.19178570803173,
    74.25720085681505,
    74.8830847260243,
    74.88813762105835,
    74.85923804152533,
    74.86293628014282,
    61.23947504680823,
    39.187107522926205,
    58.87330456708817,
    59.846799707225856,
    59.75726237657094,
    59.3189431341434,
    59.320110787853075,
    59.3104469015078,
    59.257080078667244
  ],
  "focus": [
    11.85092961007479,
    16.913105607606013,
    15.548451613474967,
    9.843176092616979,
    8.29725749756384,
    8.548247309998073,
    8.7114983900434,
    8.710109573527468,
    8.700439940018745,
    8.292253753121548,
    11.139052932380716,
    27.19311605956591,
    31.43083231549626,
    25.285541107543683,
    21.7012077547336,
    12.771183485462936,
    8.762393692986414,
    8.121481781451848,
    7.95535682937039,
    7.862969532114031,
    7.8549147662876315,
    7.85941953217601,
    7.861259308421919,
    8.049637438587181,
    12.703137919463488,
    12.874256103401242,
    11.557130426113732,
    10.31426286847781,
    9.667380245549765,
    9.12595772640748,
    9.105242088408337
  ],
  "embeddings": [
    [
      0.19792413711547852,
      0.19284169375896454,
      -0.045042335987091064,
      0.21020935475826263,
      -0.2166825383901596,
      0.0027369577437639236,
      -0.17108947038650513,
      -0.15539602935314178,
      -0.10386208444833755,
      -0.11152246594429016
    ],
    [
      0.1985769420862198,
      0.1927901953458786,
      -0.0487697571516037,
      0.21158945560455322,
      -0.21482481062412262,
      0.004096489865332842,
      -0.17105591297149658,
      -0.15641725063323975,
      -0.10351551324129105,
      -0.10910335928201675
    ],
    [
      0.19877688586711884,
      0.1914822906255722,
      -0.047814544290304184,
      0.2121802419424057,
      -0.21497134864330292,
      0.003970383666455746,
      -0.16951994597911835,
      -0.1585005521774292,
      -0.10182595252990723,
      -0.11015114188194275
    ],
    [
      0.19894146919250488,
      0.19094546139240265,
      -0.047343164682388306,
      0.21260882914066315,
      -0.2150150090456009,
      0.004024478141218424,
      -0.16872751712799072,
      -0.1597476452589035,
      -0.10086763650178909,
      -0.11047106236219406
    ],
    [
      0.1993200033903122,
      0.1908930093050003,
      -0.04749211296439171,
      0.21283911168575287,
      -0.21486467123031616,
      0.004999946337193251,
      -0.1683083027601242,
      -0.16082726418972015,
      -0.09965363889932632,
      -0.10987246036529541
    ],
    [
      0.1990732103586197,
      0.1911015659570694,
      -0.04729496315121651,
      0.2127566784620285,
      -0.2149985283613205,
      0.004550350829958916,
      -0.1685655117034912,
      -0.16023492813110352,
      -0.10033651441335678,
      -0.1101885735988617
    ],
    [
      0.19939734041690826,
      0.1917576789855957,
      -0.047926727682352066,
      0.21286989748477936,
      -0.21479272842407227,
      0.005988413002341986,
      -0.16882817447185516,
      -0.16047166287899017,
      -0.09976494312286377,
      -0.10906224697828293
    ],
    [
      0.1995580941438675,
      0.1923721581697464,
      -0.0495419055223465,
      0.21312738955020905,
      -0.21414069831371307,
      0.006111508700996637,
      -0.1698089987039566,
      -0.1593259572982788,
      -0.1011900082230568,
      -0.10794759541749954
    ],
    [
      0.19998449087142944,
      0.19232916831970215,
      -0.05018964409828186,
      0.2132132649421692,
      -0.21383672952651978,
      0.006961440667510033,
      -0.16971908509731293,
      -0.15993739664554596,
      -0.10041873902082443,
      -0.10720909386873245
    ],
    [
      0.20037789642810822,
      0.1927199363708496,
      -0.050953611731529236,
      0.2134198546409607,
      -0.21351902186870575,
      0.00813817698508501,
      -0.1698833703994751,
      -0.1602534055709839,
      -0.09994518011808395,
      -0.10615048557519913
    ],
    [
      0.20015497505664825,
      0.19289948046207428,
      -0.051211025565862656,
      0.21331487596035004,
      -0.21346254646778107,
      0.0075071933679282665,
      -0.17037256062030792,
      -0.15926621854305267,
      -0.10107386112213135,
      -0.10626288503408432
    ],
    [
      0.20030803978443146,
      0.19239823520183563,
      -0.051081862300634384,
      0.21322761476039886,
      -0.21353895962238312,
      0.006995962467044592,
      -0.17023563385009766,
      -0.15943585336208344,
      -0.10094261169433594,
      -0.1065421923995018
    ],
    [
      0.20009100437164307,
      0.19223688542842865,
      -0.05032023787498474,
      0.21300093829631805,
      -0.21385152637958527,
      0.006871514488011599,
      -0.16993413865566254,
      -0.15957218408584595,
      -0.10060326009988785,
      -0.10714437812566757
    ],
    [
      0.19792883098125458,
      0.19267261028289795,
      -0.0464911013841629,
      0.21139071881771088,
      -0.2157166749238968,
      0.004112433176487684,
      -0.17011958360671997,
      -0.15699265897274017,
      -0.10259027034044266,
      -0.11081817001104355
    ],
    [
      0.19854146242141724,
      0.1934330016374588,
      -0.04871736839413643,
      0.21228432655334473,
      -0.21462106704711914,
      0.005402885843068361,
      -0.17075012624263763,
      -0.15711326897144318,
      -0.10286983102560043,
      -0.10870382189750671
    ],
    [
      0.1990332156419754,
      0.19380663335323334,
      -0.04975423589348793,
      0.21277232468128204,
      -0.21414987742900848,
      0.006726500112563372,
      -0.1708676666021347,
      -0.15767145156860352,
      -0.1023210659623146,
      -0.10743536800146103
    ],
    [
      0.19911448657512665,
      0.19420480728149414,
      -0.05037220939993858,
      0.21286362409591675,
      -0.2139352560043335,
      0.006977347657084465,
      -0.17129869759082794,
      -0.15721578896045685,
      -0.10282870382070541,
      -0.10684669762849808
    ],
    [
      0.19926266372203827,
      0.19467101991176605,
      -0.05121558904647827,
      0.21290536224842072,
      -0.213637113571167,
      0.007515544071793556,
      -0.17181284725666046,
      -0.1567908376455307,
      -0.1031586155295372,
      -0.10602232068777084
    ],
    [
      0.19943493604660034,
      0.19502662122249603,
      -0.05219465494155884,
      0.21299506723880768,
      -0.2132711559534073,
      0.00784758199006319,
      -0.1723579615354538,
      -0.1562948077917099,
      -0.10369700193405151,
      -0.10524732619524002
    ],
