{
  "tempos": [
    0.0,
    0.5,
    1.0,
    1.5,
    2.0,
    2.5,
    3.0,
    3.5,
    4.0,
    4.5,
    5.0,
    5.5,
    6.0,
    6.5,
    7.0,
    7.5,
    8.0,
    8.5,
    9.0,
    9.5,
    10.0,
    10.5,
    11.0,
    11.5,
    12.0,
    12.5,
    13.0,
    13.5,
    14.0,
    14.5,
    15.0
  ],
  "engajamentoneural": [
    54.98529592277842,
    60.6135064157304,
    68.02408187661011,
    73.16402183513401,
    74.77575396584517,
    73.66506212247815,
    71.22760562203239,
    68.69158670276772,
    66.76211789386764,
    65.66309961639814,
    65.41214627537725,
    66.03943162468072,
    67.61373747098872,
    70.09785997003064,
    73.19360329723511,
    76.38166633449993,
    79.16837384327718,
    81.30444082497412,
    82.80129088939063,
    83.80709199292114,
    84.47443004831314,
    84.87708466399644,
    84.982456318814,
    84.68509811306804,
    83.8939161667205,
    82.62097034418989,
    80.98911131466673,
    79.14245910438221,
    77.20792723099929,
    75.43790774779853,
    74.32144965199721
  ],
  "cognitivedemand": [
    22.049168275384687,
    34.614163968674454,
    56.817685789192595,
    58.58727434941292,
    58.60956252935477,
    58.6096297801243,
    58.609551222912955,
    58.60951482365818,
    58.614817614280874,
    58.613545377855424,
    58.81360187649502,
    59.01447057881879,
    57.616575960717505,
    37.105575851015004,
    48.41188353483117,
    55.94713161166537,
    58.137723211201504,
    58.25587711789984,
    58.408154429234415,
    58.55381552001164,
    58.755402954660006,
    59.156426389389885,
    59.20037383099025,
    59.072033091944014,
    51.4709981589709,
    28.421761614480697,
    40.3481690462726,
    45.310299718290764,
    45.334837643968775,
    45.3341656595237,
    45.36023289853047
  ],
  "focus": [
    11.894025084108643,
    13.47705632444988,
    11.945360783077474,
    9.620549289270306,
    9.795865676855383,
    10.022884668526121,
    10.630603890109454,
    11.080142535706589,
    11.14827499263125,
    11.208984753372345,
    11.193004622419844,
    11.317361675691764,
    10.812654563403072,
    10.516894197710437,
    8.617089279814246,
    10.802013373628128,
    19.038259833710107,
    13.014706623696508,
    9.145931890772959,
    8.71377980321965,
    8.92382698766689,
    9.016740698266698,
    9.1375818961505,
    9.510826421351732,
    9.028332106608778,
    7.851627719618953,
    36.72739114704577,
    70.30682498458089,
    63.34820779390402,
    50.31042418369976,
    35.08375490024338
  ],
  "embeddings": [
    [
      0.20084679126739502,
      0.1928977519273758,
      -0.05211244523525238,
      0.211954727768898,
      -0.2135118991136551,
      0.007601981516927481,
      -0.1719832420349121,
      -0.15733008086681366,
      -0.10220115631818771,
      -0.10533791035413742
    ],
    [
      0.19993411004543304,
      0.1906210333108902,
      -0.04891906678676605,
      0.21172650158405304,
      -0.21441258490085602,
      0.004241602495312691,
      -0.16969358921051025,
      -0.1589495688676834,
      -0.10109476000070572,
      -0.10927879810333252
    ],
    [
      0.19917036592960358,
      0.18830376863479614,
      -0.04424981400370598,
      0.2116895467042923,
      -0.216114342212677,
      0.0027981020975857973,
      -0.16645866632461548,
      -0.16229937970638275,
      -0.09772869199514389,
      -0.11337757855653763
    ],
    [
      0.19856393337249756,
      0.18812626600265503,
      -0.042560476809740067,
      0.21172773838043213,
      -0.21679694950580597,
      0.002082540886476636,
      -0.16580532491207123,
      -0.16259370744228363,
      -0.09757337719202042,
      -0.1147756278514862
    ],
    [
      0.19780071079730988,
      0.18864966928958893,
      -0.041977930814027786,
      0.21169494092464447,
      -0.21705664694309235,
      0.001048173289746046,
      -0.16621483862400055,
      -0.1613318771123886,
      -0.09913754463195801,
      -0.11555993556976318
    ],
    [
      0.19711695611476898,
      0.1889544278383255,
      -0.041179925203323364,
      0.21161532402038574,
      -0.21740160882472992,
      0.00019306720059830695,
      -0.1663392186164856,
      -0.16052640974521637,
      -0.10011208057403564,
      -0.11645862460136414
    ],
    [
      0.19652147591114044,
      0.18918372690677643,
      -0.04045262187719345,
      0.2115345448255539,
      -0.21771542727947235,
      -0.0005799736827611923,
      -0.16642193496227264,
      -0.1598542034626007,
      -0.10092776268720627,
      -0.1172768846154213
    ],
    [
      0.19598929584026337,
      0.18935902416706085,
      -0.039727602154016495,
      0.21146179735660553,
      -0.21802501380443573,
      -0.0012587073724716902,
      -0.16644196212291718,
      -0.1593254804611206,
      -0.10157202929258347,
      -0.11805427819490433
    ],
    [
      0.19553017616271973,
      0.1895035356283188,
      -0.039097193628549576,
      0.2114005833864212,
      -0.21829426288604736,
      -0.0018505677580833435,
      -0.16645313799381256,
      -0.1588766723871231,
      -0.10212107747793198,
      -0.11872947216033936
    ],
    [
      0.19511955976486206,
      0.18961966037750244,
      -0.03851732984185219,
      0.21134047210216522,
      -0.21854214370250702,
      -0.002384651219472289,
      -0.16645121574401855,
      -0.1584886908531189,
      -0.10259435325860977,
      -0.11934703588485718
    ],
    [
      0.19475996494293213,
      0.18971551954746246,
      -0.03800223395228386,
      0.21128831803798676,
      -0.2187620997428894,
      -0.0028520089108496904,
      -0.16644199192523956,
      -0.1581590175628662,
      -0.10299766808748245,
      -0.11989343166351318
    ],
    [
      0.1944383978843689,
      0.18979763984680176,
      -0.037533950060606,
      0.21123893558979034,
      -0.2189628630876541,
      -0.0032691594678908587,
      -0.16642974317073822,
      -0.15786834061145782,
      -0.10335057973861694,
      -0.12038663774728775
    ],
    [
      0.1941555291414261,
      0.18986858427524567,
      -0.037125565111637115,
      0.21119634807109833,
      -0.21913744509220123,
      -0.00363585795275867,
      -0.1664181500673294,
      -0.15761461853981018,
      -0.10365999490022659,
      -0.12081942707300186
    ],
    [
      0.19390743970870972,
      0.18992997705936432,
      -0.03675798326730728,
      0.21115921437740326,
      -0.2192961722612381,
      -0.0039502582512795925,
      -0.16640204191207886,
      -0.1573999524116516,
      -0.10391861945390701,
      -0.12120074778795242
    ],
    [
      0.19367313385009766,
      0.18988849222660065,
      -0.03627625107765198,
      0.21110720932483673,
      -0.21949540078639984,
      -0.004294076003134251,
      -0.1662832349538803,
      -0.15731815993785858,
      -0.10403390973806381,
      -0.1216791495680809
    ],
    [
      0.19342471659183502,
      0.19002069532871246,
      -0.03598381206393242,
      0.2110428661108017,
      -0.21963556110858917,
      -0.004612746648490429,
      -0.16635864973068237,
      -0.15698255598545074,
      -0.10440019518136978,
      -0.12199622392654419
    ],
    [
      0.19322484731674194,
      0.19013488292694092,
      -0.035761330276727676,
      0.2110058069229126,
      -0.21974511444568634,
      -0.004823838826268911,
      -0.1664116382598877,
      -0.15673239529132843,
      -0.10467005521059036,
      -0.12222873419523239
    ],
    [
      0.19310086965560913,
      0.19026465713977814,
      -0.03573497384786606,
      0.21100299060344696,
      -0.21976953744888306,
      -0.004953038413077593,
      -0.16652345657348633,
      -0.156480610370636,
      -0.1049548014998436,
      -0.12229225784540176
    ],
    [
      0.1931282877922058,
      0.19030813872814178,
      -0.035726118832826614,
      0.21112386882305145,
      -0.21976514160633087,
      -0.004729399457573891,
      -0.16642840206623077,
      -0.1566789746284485,
