{
  "tempos": [
    0.0,
    0.5,
    1.0,
    1.5,
    2.0,
    2.5,
    3.0,
    3.5,
    4.0,
    4.5,
    5.0,
    5.5,
    6.0,
    6.5,
    7.0,
    7.5,
    8.0,
    8.5,
    9.0,
    9.5,
    10.0,
    10.5,
    11.0,
    11.5,
    12.0,
    12.5,
    13.0,
    13.5,
    14.0
  ],
  "engajamentoneural": [
    46.52036365701308,
    51.838824768505454,
    58.93348198426887,
    63.54388036955223,
    63.890535123896484,
    60.733893404249905,
    56.05747727150381,
    51.80600773027171,
    48.92276033733939,
    47.237711060944044,
    46.033876015791144,
    44.78805585241298,
    43.65271855048152,
    43.329291821605885,
    44.40690247729179,
    46.71626999917944,
    49.275959369157235,
    50.983192410986746,
    51.49039077378396,
    51.47228856362695,
    52.073626964935556,
    53.954652570643745,
    56.64442592853256,
    58.74974786014056,
    58.86312240474514,
    56.3783820914941,
    51.85004216069892,
    46.95691962344387,
    43.80767356891932
  ],
  "cognitivedemand": [
    59.59002199622774,
    54.3687098543575,
    53.52544534677268,
    58.57436257770365,
    56.45801052865815,
    60.862194351439115,
    66.25632743319457,
    66.92446386251963,
    62.24219239556936,
    64.95277343220582,
    67.10145532366597,
    60.04947895186373,
    62.36734686293067,
    59.285936905917815,
    55.55920835774497,
    62.96924079322893,
    54.17792802818753,
    52.216815665375115,
    49.53677288064263,
    44.45286778479774,
    44.832079670591654,
    56.92460923949289,
    71.3087376219489,
    74.17467344756814,
    67.22708637580013,
    65.83900054976957,
    69.18217079670822,
    70.71999580177786,
    70.43497996191053
  ],
  "focus": [
    8.885436260304852,
    12.733433566968385,
    38.507009393299185,
    40.42695095519535,
    28.534784505447693,
    25.24185599567075,
    34.81322807262271,
    25.026460059167448,
    23.069880100950048,
    26.28584277088341,
    26.075285992717454,
    18.50738401520323,
    24.491134187777366,
    25.651229606588704,
    22.560042651669008,
    22.219906379637024,
    24.456279808006958,
    42.794069005820404,
    35.670905768738486,
    32.46580758042849,
    15.086752705038387,
    13.460521066819785,
    38.0874494435351,
    31.131317735233935,
    15.443628323434526,
    22.373358349619842,
    35.11682447821127,
    35.00430195211461,
    36.35471550469036
  ],
  "embeddings": [
    [
      0.19855086505413055,
      0.18683476746082306,
      -0.041962891817092896,
      0.21265007555484772,
      -0.21629799902439117,
      -0.00017381056386511773,
      -0.1641591638326645,
      -0.1640477329492569,
      -0.09774550050497055,
      -0.11642763763666153
    ],
    [
      0.1948973387479782,
      0.18921910226345062,
      -0.029312418773770332,
      0.21109168231487274,
      -0.22225476801395416,
      0.003881484968587756,
      -0.1597948670387268,
      -0.168904647231102,
      -0.08914080262184143,
      -0.12238893657922745
    ],
    [
      0.19383513927459717,
      0.20005132257938385,
      -0.04860863462090492,
      0.21357810497283936,
      -0.21503448486328125,
      0.0026605718303471804,
      -0.17540615797042847,
      -0.147390216588974,
      -0.11542408913373947,
      -0.10929965227842331
    ],
    [
      0.19400407373905182,
      0.19615618884563446,
      -0.04354486241936684,
      0.21323047578334808,
      -0.21678246557712555,
      0.0012060768203809857,
      -0.17080070078372955,
      -0.15305031836032867,
      -0.10906573385000229,
      -0.11380793899297714
    ],
    [
      0.19281458854675293,
      0.1981000304222107,
      -0.04220717027783394,
      0.2129737287759781,
      -0.21763694286346436,
      0.0018454549135640264,
      -0.1716846227645874,
      -0.15130507946014404,
      -0.11037465929985046,
      -0.11407697200775146
    ],
    [
      0.192436084151268,
      0.19988536834716797,
      -0.044963475316762924,
      0.21319596469402313,
      -0.21658922731876373,
      0.001365122850984335,
      -0.174214169383049,
      -0.14750637114048004,
      -0.1146044135093689,
      -0.11260964721441269
    ],
    [
      0.19201594591140747,
      0.19919918477535248,
      -0.0445321686565876,
      0.21304887533187866,
      -0.2166852355003357,
      -0.0004635262303054333,
      -0.17405539751052856,
      -0.14691048860549927,
      -0.11562598496675491,
      -0.1138911247253418
    ],
    [
      0.19082625210285187,
      0.20015430450439453,
      -0.04108954593539238,
      0.21203561127185822,
      -0.21845245361328125,
      0.0002925647422671318,
      -0.17356228828430176,
      -0.14691133797168732,
      -0.1142326220870018,
      -0.11569123715162277
    ],
    [
      0.19119685888290405,
      0.20301105082035065,
      -0.04813918471336365,
      0.21305382251739502,
      -0.21555109322071075,
      7.943025411805138e-05,
      -0.17829175293445587,
      -0.14074863493442535,
      -0.12190846353769302,
      -0.11104371398687363
    ],
    [
      0.19148020446300507,
      0.2007620930671692,
      -0.04431478679180145,
      0.21269750595092773,
      -0.21692615747451782,
      0.0005410031881183386,
      -0.17501258850097656,
      -0.14530660212039948,
      -0.1167096272110939,
      -0.11340337246656418
    ],
    [
      0.19141705334186554,
      0.20372049510478973,
      -0.04870377108454704,
      0.2131723314523697,
      -0.2153434157371521,
      0.001230973401106894,
      -0.17855222523212433,
      -0.14076174795627594,
      -0.12176554650068283,
      -0.10992446541786194
    ],
    [
      0.19071398675441742,
      0.2054719477891922,
      -0.04965660348534584,
      0.21303074061870575,
      -0.2151981145143509,
      0.0013170653255656362,
      -0.1802632361650467,
      -0.13797806203365326,
      -0.12439057230949402,
      -0.10924255847930908
    ],
    [
      0.1915678232908249,
      0.20263664424419403,
      -0.04942668601870537,
      0.2133442759513855,
      -0.21492289006710052,
      -0.0006589515251107514,
      -0.17845343053340912,
      -0.14063815772533417,
      -0.12267982214689255,
      -0.11048508435487747
    ],
    [
      0.19140128791332245,
      0.19801397621631622,
      -0.03920518606901169,
      0.21218006312847137,
      -0.21895946562290192,
      0.00015960710879880935,
      -0.17098848521709442,
      -0.15053485333919525,
      -0.11089835315942764,
      -0.11703606694936752
    ],
    [
      0.19070683419704437,
      0.20247523486614227,
      -0.042827531695365906,
      0.21214081346988678,
      -0.21797460317611694,
      0.0018455848330631852,
      -0.17544527351856232,
      -0.1445222645998001,
      -0.11663242429494858,
      -0.11351338773965836
    ],
    [
      0.19132989645004272,
      0.20566602051258087,
      -0.051109302788972855,
      0.21320784091949463,
      -0.21463733911514282,
      0.0022462077904492617,
      -0.18077051639556885,
      -0.13786816596984863,
      -0.12449333071708679,
      -0.10792971402406693
    ],
    [
      0.19141222536563873,
      0.2053331732749939,
      -0.052444055676460266,
      0.21349988877773285,
      -0.21396760642528534,
      0.0011886857682839036,
      -0.18121564388275146,
      -0.13717389106750488,
      -0.12571005523204803,
      -0.10771670192480087
    ],
    [
      0.19107645750045776,
      0.20276278257369995,
      -0.047559529542922974,
      0.21256060898303986,
      -0.2159423679113388,
      3.927511352230795e-05,
      -0.1779475212097168,
      -0.1409904807806015,
      -0.1210283637046814,
      -0.11165749281644821
    ],
    [
      0.1908789724111557,
      0.20199698209762573,
      -0.044483866542577744,
      0.21218763291835785,
      -0.2172519713640213,
      0.0005527602043002844,
      -0.17615826427936554,
      -0.14326722919940948,
      -0.11820235103368759,
      -0.11332734674215317
    ],
    [
      0.19197805225849152,
      0.19963496923446655,
      -0.04519044980406761,
