{
  "tempos": [
    0.0,
    0.5,
    1.0,
    1.5,
    2.0,
    2.5,
    3.0,
    3.5,
    4.0,
    4.5,
    5.0,
    5.5,
    6.0
  ],
  "engajamentoneural": [
    66.46820216253924,
    73.93219610345507,
    82.87805630712647,
    88.44181974996013,
    90.35232107444119,
    89.81091722537798,
    87.73713600920911,
    84.92342240098554,
    82.10190248285754,
    79.73766886569604,
    77.97701055335251,
    76.80578462489673,
    76.21105362265794
  ],
  "cognitivedemand": [
    51.632768320882064,
    51.64909031960866,
    78.83287361916766,
    87.61210020207335,
    88.82503751564246,
    88.78085246606227,
    88.99796789709279,
    89.18578274056534,
    89.04692779563078,
    89.02787630783243,
    89.17343551492878,
    89.31336313341413,
    89.19685611070103
  ],
  "focus": [
    35.601545117839514,
    32.809469630443125,
    54.627251206814975,
    51.834096740208146,
    33.332650873495425,
    20.877039306570904,
    19.71539101076115,
    18.459912045599353,
    17.086242121822185,
    16.620208248412077,
    16.862609842315187,
    17.448692931695142,
    17.87877748937033
  ],
  "embeddings": [
    [
      0.20151138305664062,
      0.19564814865589142,
      -0.056973349303007126,
      0.2123347967863083,
      -0.21180200576782227,
      0.009584847837686539,
      -0.17606167495250702,
      -0.15326575934886932,
      -0.10706844180822372,
      -0.10129189491271973
    ],
    [
      0.19916094839572906,
      0.19087868928909302,
      -0.04784080386161804,
      0.21222852170467377,
      -0.2144201546907425,
      0.003220275044441223,
      -0.16921542584896088,
      -0.15911756455898285,
      -0.10263198614120483,
      -0.1103367730975151
    ],
    [
      0.19623015820980072,
      0.18391205370426178,
      -0.03375076875090599,
      0.21116764843463898,
      -0.21962390840053558,
      -0.004785835277289152,
      -0.1610628217458725,
      -0.16534201800823212,
      -0.0960749015212059,
      -0.12440845370292664
    ],
    [
      0.1951422542333603,
      0.18223412334918976,
      -0.028945306316018105,
      0.21107737720012665,
      -0.2214953452348709,
      -0.006611678283661604,
      -0.15847347676753998,
      -0.16797275841236115,
      -0.09367614984512329,
      -0.12837088108062744
    ],
    [
      0.19342808425426483,
      0.18342141807079315,
      -0.027455590665340424,
      0.21085143089294434,
      -0.2222667932510376,
      -0.008669047616422176,
      -0.15931099653244019,
      -0.1654568463563919,
      -0.09671300649642944,
      -0.12994889914989471
    ],
    [
      0.19251352548599243,
      0.1849271059036255,
      -0.028083140030503273,
      0.2109195441007614,
      -0.22213788330554962,
      -0.009497270919382572,
      -0.16077680885791779,
      -0.1628599315881729,
      -0.09979286044836044,
      -0.12963753938674927
    ],
    [
      0.191945418715477,
      0.18552075326442719,
      -0.027950631454586983,
      0.21087981760501862,
      -0.22224943339824677,
      -0.010089854709804058,
      -0.16130174696445465,
      -0.16170312464237213,
      -0.10110855847597122,
      -0.1299309879541397
    ],
    [
      0.19175995886325836,
      0.18568657338619232,
      -0.027857819572091103,
      0.21085532009601593,
      -0.2223016768693924,
      -0.010255254805088043,
      -0.16141164302825928,
      -0.16139113903045654,
      -0.10142403841018677,
      -0.13007895648479462
    ],
    [
      0.19151128828525543,
      0.18597275018692017,
      -0.02762129157781601,
      0.21083396673202515,
      -0.22244061529636383,
      -0.010277354158461094,
      -0.16150350868701935,
      -0.1611528843641281,
      -0.10164786130189896,
      -0.13020332157611847
    ],
    [
      0.1911771148443222,
      0.18706072866916656,
      -0.028521910309791565,
      0.21088677644729614,
      -0.2221897840499878,
      -0.010193752124905586,
      -0.16256876289844513,
      -0.1595802903175354,
      -0.10333884507417679,
      -0.12943927943706512
    ],
    [
      0.19129352271556854,
      0.18758459389209747,
      -0.02961158938705921,
      0.21105320751667023,
      -0.2217697650194168,
      -0.009900246746838093,
      -0.16322660446166992,
      -0.15885819494724274,
      -0.10420414805412292,
      -0.12851853668689728
    ],
    [
      0.19122529029846191,
      0.18762053549289703,
      -0.029488423839211464,
      0.21103690564632416,
      -0.22183118760585785,
      -0.009891615249216557,
      -0.1631961315870285,
      -0.15884731709957123,
      -0.10419114679098129,
      -0.12860412895679474
    ],
    [
      0.19102776050567627,
      0.1879926174879074,
      -0.029581479728221893,
      0.21098798513412476,
      -0.22184069454669952,
      -0.01001819595694542,
      -0.16354013979434967,
      -0.15825249254703522,
      -0.10479685664176941,
      -0.1285320371389389
    ],
    [
      0.19082458317279816,
      0.18840377032756805,
      -0.029686493799090385,
      0.2109735608100891,
      -0.2218501716852188,
      -0.009981143288314342,
      -0.16386181116104126,
      -0.15771549940109253,
      -0.10531648248434067,
      -0.12842042744159698
    ],
    [
      0.190834179520607,
      0.18884362280368805,
      -0.030386900529265404,
      0.21107226610183716,
      -0.2215941995382309,
      -0.009824027307331562,
      -0.16437289118766785,
      -0.15706650912761688,
      -0.10604244470596313,
      -0.12784917652606964
    ],
    [
      0.19077028334140778,
      0.1893865019083023,
      -0.031109295785427094,
      0.21110282838344574,
      -0.2213461846113205,
      -0.009785384871065617,
      -0.16502125561237335,
      -0.15616197884082794,
      -0.10700822621583939,
      -0.12729871273040771
    ],
    [
      0.1907743662595749,
      0.18947212398052216,
      -0.0312382522970438,
      0.21111565828323364,
      -0.2212975025177002,
      -0.009692628867924213,
      -0.16508840024471283,
      -0.15608353912830353,
      -0.10706031322479248,
      -0.1271902471780777
    ],
    [
      0.19083766639232635,
      0.18961860239505768,
      -0.031484972685575485,
      0.21119721233844757,
      -0.2211996465921402,
      -0.009406483732163906,
      -0.16516868770122528,
      -0.15610365569591522,
      -0.10703238099813461,
      -0.12689195573329926
    ]
  ]
}