{
  "tempos": [
    0.0,
    0.5,
    1.0,
    1.5,
    2.0,
    2.5,
    3.0,
    3.5,
    4.0,
    4.5,
    5.0,
    5.5,
    6.0,
    6.5,
    7.0,
    7.5,
    8.0,
    8.5,
    9.0,
    9.5,
    10.0,
    10.5,
    11.0,
    11.5,
    12.0,
    12.5,
    13.0,
    13.5,
    14.0,
    14.5,
    15.0
  ],
  "engajamentoneural": [
    62.33940603861969,
    68.43783422595727,
    76.1050426925087,
    81.11989261731473,
    82.55203926352401,
    81.19368549134656,
    78.12922228687786,
    74.45402353980947,
    71.08785773813796,
    68.62812865468265,
    67.38731180678882,
    67.48122081320287,
    68.8028653975843,
    70.90382573998775,
    73.01752758722668,
    74.36430268400838,
    74.51635153967253,
    73.5582779476194,
    72.0216516325186,
    70.61990964700303,
    69.8693209395681,
    69.8654710359336,
    70.37466688737041,
    71.08369114143322,
    71.76995519035948,
    72.3085943845834,
    72.58621557322179,
    72.46043244842927,
    71.86655946668928,
    71.00372143822612,
    70.35214908889598
  ],
  "cognitivedemand": [
    33.56500949445917,
    48.87387698516276,
    59.68736148750344,
    60.316480856912534,
    60.81475996226895,
    71.19502804692128,
    75.21132889761307,
    70.78315498332603,
    72.82189089797244,
    78.78622474272024,
    58.67651903265361,
    61.081452275671424,
    94.66179085645093,
    95.62517962992743,
    95.9505512426051,
    96.18591205790204,
    96.5029762845498,
    85.67136123671466,
    57.35977063640041,
    65.7823771078335,
    66.57295738389932,
    68.82663554917022,
    74.44158972855298,
    71.06741036992577,
    65.13049957400048,
    65.04124814171465,
    71.84162306181372,
    72.21894585287676,
    71.6177290947048,
    63.70798899076698,
    65.4057719158033
  ],
  "focus": [
    53.73127322181196,
    63.50741500211867,
    61.36709818717245,
    58.474024203983234,
    50.33190514613091,
    44.22223762098518,
    48.67990455961845,
    48.060349457548504,
    46.405107609334586,
    37.911765230371344,
    29.489275197696184,
    31.193023740822646,
    41.270376573761055,
    28.455875599394094,
    13.37499132893306,
    26.08222412270402,
    33.01981367398629,
    16.313633545222228,
    13.398369206246512,
    16.032786291837287,
    21.022133251375703,
    10.155701574097723,
    8.472088335512312,
    10.25920394773798,
    9.38935473577328,
    11.48376978783618,
    28.514358470563078,
    35.08226408597005,
    33.8341385870152,
    38.448341057208154,
    50.04401210374778
  ],
  "embeddings": [
    [
      0.19967998564243317,
      0.1921813040971756,
      -0.04538843408226967,
      0.21213030815124512,
      -0.21602414548397064,
      0.0055430978536605835,
      -0.16889595985412598,
      -0.16052581369876862,
      -0.10105479508638382,
      -0.10902898758649826
    ],
    [
      0.1961469203233719,
      0.19411014020442963,
      -0.04504289850592613,
      0.2119508534669876,
      -0.2161552906036377,
      7.62066338211298e-05,
      -0.17142029106616974,
      -0.15386426448822021,
      -0.10827680677175522,
      -0.11249316483736038
    ],
    [
      0.19600887596607208,
      0.1918744295835495,
      -0.04155777022242546,
      0.21195323765277863,
      -0.2172713279724121,
      0.0005436848732642829,
      -0.1680482178926468,
      -0.15847955644130707,
      -0.10281943529844284,
      -0.11547377705574036
    ],
    [
      0.19529490172863007,
      0.1918581873178482,
      -0.039618585258722305,
      0.21177411079406738,
      -0.21816398203372955,
      0.0006389815243892372,
      -0.16722767055034637,
      -0.15906654298305511,
      -0.1017821654677391,
      -0.11683762073516846
    ],
    [
      0.19420266151428223,
      0.1932728886604309,
      -0.039810795336961746,
      0.2114592343568802,
      -0.21829980611801147,
      -0.0003623771481215954,
      -0.168826162815094,
      -0.15592075884342194,
      -0.10500850528478622,
      -0.11719557642936707
    ],
    [
      0.19456066191196442,
      0.19379876554012299,
      -0.04170839861035347,
      0.21191059052944183,
      -0.2174980640411377,
      6.85382037772797e-05,
      -0.16973049938678741,
      -0.15514959394931793,
      -0.1060914620757103,
      -0.11573376506567001
    ],
    [
      0.1948290318250656,
      0.192745640873909,
      -0.040431614965200424,
      0.21207016706466675,
      -0.2178495079278946,
      0.00036051194183528423,
      -0.16819556057453156,
      -0.15736882388591766,
      -0.10379830002784729,
      -0.11653032898902893
    ],
    [
      0.19608645141124725,
      0.19069552421569824,
      -0.041040416806936264,
      0.21243207156658173,
      -0.217340886592865,
      7.055862806737423e-05,
      -0.16699963808059692,
      -0.15954715013504028,
      -0.10192471742630005,
      -0.11648911982774734
    ],
    [
      0.1968376189470291,
      0.19087082147598267,
      -0.03984217718243599,
      0.21270859241485596,
      -0.2178177386522293,
      0.0034485217183828354,
      -0.16509604454040527,
      -0.1634453684091568,
      -0.09723345190286636,
      -0.11529453843832016
    ],
    [
      0.19712084531784058,
      0.19431711733341217,
      -0.045169997960329056,
      0.21343107521533966,
      -0.21588844060897827,
      0.005509039852768183,
      -0.1690473109483719,
      -0.1588842123746872,
      -0.10206853598356247,
      -0.11067420989274979
    ],
    [
      0.19801338016986847,
      0.1962602585554123,
      -0.049525100737810135,
      0.21427112817764282,
      -0.2141539454460144,
      0.007950697094202042,
      -0.17128939926624298,
      -0.1570771187543869,
      -0.10402227193117142,
      -0.10671011358499527
    ],
    [
      0.19859395921230316,
      0.1972290277481079,
      -0.05168434605002403,
      0.21474750339984894,
      -0.2132781594991684,
      0.00968236941844225,
      -0.17216961085796356,
      -0.15664196014404297,
      -0.10437118262052536,
      -0.10451356321573257
    ],
    [
      0.19948512315750122,
      0.19562417268753052,
      -0.0518697164952755,
      0.21494923532009125,
      -0.2130228728055954,
      0.009238805621862411,
      -0.1712052971124649,
      -0.15840207040309906,
      -0.10310220718383789,
      -0.10487788170576096
    ],
    [
      0.19961212575435638,
      0.19413445889949799,
      -0.05118121579289436,
      0.214424267411232,
      -0.21326066553592682,
      0.007593464106321335,
      -0.17064012587070465,
      -0.15868735313415527,
      -0.10278353840112686,
      -0.10620155185461044
    ],
    [
      0.19932012259960175,
      0.19099082052707672,
      -0.04423269256949425,
      0.21363556385040283,
      -0.2159227579832077,
      0.007328368257731199,
      -0.16551147401332855,
      -0.16534899175167084,
      -0.09521078318357468,
      -0.1107688844203949
    ],
    [
      0.19920392334461212,
      0.1922016590833664,
      -0.044320955872535706,
      0.21339112520217896,
      -0.21615199744701385,
      0.008410564623773098,
      -0.166161447763443,
      -0.16473786532878876,
      -0.09537220746278763,
      -0.10988318920135498
    ],
    [
      0.19920699298381805,
      0.19260625541210175,
      -0.04517414793372154,
      0.21341653168201447,
      -0.21581484377384186,
      0.008258085697889328,
      -0.16685914993286133,
      -0.16379095613956451,
      -0.09640801697969437,
      -0.10931632667779922
    ],
    [
      0.2011146992444992,
      0.19536805152893066,
      -0.051490675657987595,
      0.2156982272863388,
      -0.21307285130023956,
      0.01398246455937624,
      -0.16911041736602783,
      -0.16347841918468475,
      -0.09683293849229813,
      -0.10267249494791031
    ],
    [
      0.20260709524154663,
      0.19689130783081055,
      -0.05590875819325447,
      0.2167789787054062,
      -0.21116869151592255,
      0.017762305215001106,
      -0.1706646829843521,
      -0.16355444490909576,
      -0.09696277976036072,
      -0.09813857078552246
