{
  "tempos": [
    0.0,
    0.5,
    1.0,
    1.5,
    2.0,
    2.5,
    3.0,
    3.5,
    4.0,
    4.5,
    5.0,
    5.5,
    6.0,
    6.5,
    7.0,
    7.5,
    8.0,
    8.5,
    9.0,
    9.5,
    10.0
  ],
  "engajamentoneural": [
    59.06958436060506,
    65.76553554348123,
    74.17555222349543,
    79.52913249857635,
    80.7772102332081,
    78.9076870357713,
    75.37861925209232,
    71.64551046397249,
    68.63808133009069,
    66.56279199463457,
    65.19053607374326,
    64.21284410900012,
    63.430278715247,
    62.79617145864877,
    62.36889771289225,
    62.182655661853104,
    62.092737942588826,
    61.756972298100955,
    60.88967829745344,
    59.646111562900536,
    58.69405272169548
  ],
  "cognitivedemand": [
    84.15127832005271,
    79.17866234421363,
    83.64081537989489,
    89.75312978125962,
    88.94696549710234,
    89.74286037768722,
    89.09718180595311,
    91.46901694266346,
    91.69692156180075,
    91.73350840986623,
    92.49630046683994,
    90.57550875462698,
    87.13766681536934,
    89.10615317291077,
    57.490595976662384,
    59.12181306488963,
    59.984647275852346,
    60.29548423912433,
    60.37410265314595,
    39.16340069873634,
    34.049548217042265
  ],
  "focus": [
    7.969575577691379,
    9.406957374703456,
    11.156204674557257,
    10.115149986617121,
    9.670441461958182,
    9.655636917291613,
    8.916471930853467,
    8.260130369267454,
    8.013871493527537,
    8.269575505124385,
    8.558003143189048,
    9.435601955558601,
    10.289156490670537,
    10.30933379156054,
    8.314885829912459,
    11.832021188051431,
    20.22110086047485,
    22.137231755834026,
    22.33915511724979,
    19.874386448507522,
    24.20553444269506
  ],
  "embeddings": [
    [
      0.1995091438293457,
      0.19330520927906036,
      -0.04696938768029213,
      0.2125980705022812,
      -0.21529996395111084,
      0.00966752041131258,
      -0.16862504184246063,
      -0.1616724133491516,
      -0.09723556786775589,
      -0.10789542645215988
    ],
    [
      0.19702868163585663,
      0.19791801273822784,
      -0.04892081394791603,
      0.21260999143123627,
      -0.21501250565052032,
      0.008260251022875309,
      -0.1730642169713974,
      -0.15411166846752167,
      -0.10570778697729111,
      -0.10676556825637817
    ],
    [
      0.1961389183998108,
      0.20070214569568634,
      -0.052698712795972824,
      0.21219824254512787,
      -0.2140427678823471,
      0.006676615681499243,
      -0.17747993767261505,
      -0.14731256663799286,
      -0.11274620145559311,
      -0.10511291772127151
    ],
    [
      0.1980220079421997,
      0.19660091400146484,
      -0.053803008049726486,
      0.21355529129505157,
      -0.21274447441101074,
      0.005413595121353865,
      -0.1746370941400528,
      -0.1519344300031662,
      -0.10963604599237442,
      -0.10553548485040665
    ],
    [
      0.19852139055728912,
      0.19278311729431152,
      -0.04767049476504326,
      0.213144913315773,
      -0.21485723555088043,
      0.0057581630535423756,
      -0.16921232640743256,
      -0.15950904786586761,
      -0.10114424675703049,
      -0.10959497094154358
    ],
    [
      0.1995786428451538,
      0.18942199647426605,
      -0.04155378416180611,
      0.213026762008667,
      -0.2171613574028015,
      0.007620194926857948,
      -0.16369308531284332,
      -0.16789112985134125,
      -0.09132011979818344,
      -0.11263004690408707
    ],
    [
      0.19795669615268707,
      0.19498060643672943,
      -0.04800558462738991,
      0.21295557916164398,
      -0.21509678661823273,
      0.007044745143502951,
      -0.1707514375448227,
      -0.15733832120895386,
      -0.10283869504928589,
      -0.1083749532699585
    ],
    [
      0.19668377935886383,
      0.19692246615886688,
      -0.05047263577580452,
      0.21266400814056396,
      -0.21427780389785767,
      0.004366669803857803,
      -0.17413724958896637,
      -0.1513340175151825,
      -0.10967150330543518,
      -0.10799732059240341
    ],
    [
      0.19617591798305511,
      0.1935081034898758,
      -0.0431286096572876,
      0.21174603700637817,
      -0.21714694797992706,
      0.0038584303110837936,
      -0.16915027797222137,
      -0.15734153985977173,
      -0.10217543691396713,
      -0.11368703097105026
    ],
    [
      0.19626069068908691,
      0.19519273936748505,
      -0.04617709293961525,
      0.2122611403465271,
      -0.21592514216899872,
      0.004007591865956783,
      -0.17122139036655426,
      -0.15479882061481476,
      -0.10556289553642273,
      -0.11116109043359756
    ],
    [
      0.19846408069133759,
      0.19309468567371368,
      -0.048036184161901474,
      0.21299952268600464,
      -0.21480758488178253,
      0.004499438684433699,
      -0.1703352928161621,
      -0.1575791984796524,
      -0.10341116786003113,
      -0.10954621434211731
    ],
    [
      0.2004067450761795,
      0.19000478088855743,
      -0.04590651020407677,
      0.21359193325042725,
      -0.21528363227844238,
      0.0068700131960213184,
      -0.16622206568717957,
      -0.16488312184810638,
      -0.09548141807317734,
      -0.11003446578979492
    ],
    [
      0.20030827820301056,
      0.19197393953800201,
      -0.048920873552560806,
      0.2136276364326477,
      -0.21427863836288452,
      0.007420787587761879,
      -0.1687411069869995,
      -0.16156353056430817,
      -0.09898770600557327,
      -0.10763216018676758
    ],
    [
      0.20108415186405182,
      0.19221830368041992,
      -0.05066007375717163,
      0.21396784484386444,
      -0.21356254816055298,
      0.008813280612230301,
      -0.16910123825073242,
      -0.1619388312101364,
      -0.09855389595031738,
      -0.10590211302042007
    ],
    [
      0.20136044919490814,
      0.19242799282073975,
      -0.05233831703662872,
      0.21408908069133759,
      -0.21284519135951996,
      0.008722666651010513,
      -0.16997504234313965,
      -0.16094648838043213,
      -0.09986033290624619,
      -0.10488462448120117
    ],
    [
      0.2011195421218872,
      0.19248218834400177,
      -0.051777858287096024,
      0.21372239291667938,
      -0.21316617727279663,
      0.008268889039754868,
      -0.17001573741436005,
      -0.1605978161096573,
      -0.09998919814825058,
      -0.10537848621606827
    ],
    [
      0.2010035514831543,
      0.19245372712612152,
      -0.05014537274837494,
      0.21366570889949799,
      -0.2138732671737671,
      0.009429887868463993,
      -0.1689581423997879,
      -0.16225676238536835,
      -0.09772665053606033,
      -0.10591831058263779
    ],
    [
      0.20053595304489136,
      0.1943679004907608,
      -0.05168761685490608,
      0.2135842889547348,
      -0.21354544162750244,
      0.009998886846005917,
      -0.1709831953048706,
      -0.1593681126832962,
      -0.10050558298826218,
      -0.10454495996236801
    ],
    [
      0.20042558014392853,
      0.19547788798809052,
      -0.054384808987379074,
      0.21363842487335205,
      -0.21245072782039642,
      0.009337603114545345,
      -0.17303043603897095,
      -0.1564934253692627,
      -0.10396504402160645,
      -0.10302581638097763
    ],
    [
      0.2006952166557312,
      0.19513118267059326,
      -0.05411098524928093,
      0.2136635035276413,
      -0.21254293620586395,
      0.009847241453826427,
      -0.17250700294971466,
      -0.1575324982404709,
      -0.10279717296361923,
      -0.10303827375173569
    ],
    [
      0.2002490907907486,
      0.1958015412092209,
      -0.05426997318863869,
      0.21354423463344574,
      -0.2125609666109085,
      0.009503058157861233,
      -0.1731974482536316,
      -0.15621377527713776,
      -0.1041005477309227,
      -0.10302447527647018
    ],
    [
      0.1999277025461197,
      0.19671325385570526,
      -0.05563442409038544,
      0.21369250118732452,
      -0.21199919283390045,
      0.008959601633250713,
      -0.1744382232427597,
