{
  "tempos": [
    0.0,
    0.5,
    1.0,
    1.5,
    2.0,
    2.5,
    3.0,
    3.5,
    4.0,
    4.5,
    5.0,
    5.5,
    6.0,
    6.5,
    7.0,
    7.5,
    8.0,
    8.5,
    9.0,
    9.5,
    10.0,
    10.5,
    11.0,
    11.5,
    12.0,
    12.5,
    13.0,
    13.5,
    14.0,
    14.5,
    15.0
  ],
  "engajamentoneural": [
    39.44397565501018,
    47.14938094714197,
    59.29560623193537,
    70.20978426776925,
    76.56045095006733,
    78.71612327271731,
    78.27748407397918,
    76.72320945958211,
    75.13436189176909,
    74.10404122226349,
    73.76419279749025,
    73.92848085391117,
    74.29080874345124,
    74.6034118902421,
    74.76954957430637,
    74.83246585997989,
    74.90249317797658,
    75.07561356960943,
    75.38589879105227,
    75.80951720269829,
    76.29983695387226,
    76.80978491199957,
    77.27454088520415,
    77.56737689654523,
    77.46746085215328,
    76.68051288845214,
    74.9278684334026,
    72.0995516183081,
    68.47111029951712,
    64.88902388110955,
    62.60875419726742
  ],
  "cognitivedemand": [
    20.913845294661122,
    29.9400626371352,
    36.50705925117612,
    48.804556290380305,
    57.69986478099347,
    57.81412709659201,
    57.55894658395764,
    46.996846027305295,
    54.40906170066154,
    54.85973522190244,
    55.53580112639032,
    57.63216360353126,
    57.459046616244166,
    57.73724038122574,
    57.87275827465802,
    49.72934129279979,
    50.3883245687694,
    50.02893260202453,
    51.28606336523624,
    51.2942976188151,
    51.54565986894213,
    45.709455131872495,
    51.19202301894707,
    55.59312433791038,
    56.4496796021041,
    56.51711329191008,
    50.20096724438091,
    28.596875562397916,
    34.414491066628806,
    39.13643511773818,
    39.72843706321857
  ],
  "focus": [
    38.4083116113825,
    34.10429282055754,
    79.98751308487444,
    47.29170154395882,
    49.35348030805896,
    54.530141023787706,
    40.7429646147088,
    20.004781640422948,
    20.381338920693516,
    31.72426018053017,
    22.190364663237148,
    73.09684767254832,
    93.93733053050346,
    96.06370386099651,
    96.45520367909333,
    95.15133164362373,
    57.07141428242343,
    41.99729967391584,
    38.65317530184411,
    26.343540815406538,
    27.607234716091618,
    28.221682084239212,
    10.9828874227222,
    22.981675846767413,
    31.424553705325764,
    52.006520192469836,
    54.1875594192502,
    28.399403473359968,
    26.66008874937266,
    31.329764318137386,
    29.09620586105632
  ],
  "embeddings": [
    [
      0.199491485953331,
      0.19760291278362274,
      -0.05743913725018501,
      0.21167826652526855,
      -0.21195904910564423,
      0.008035081438720226,
      -0.17794062197208405,
      -0.14902712404727936,
      -0.1108456552028656,
      -0.10213539749383926
    ],
    [
      0.19959299266338348,
      0.1952802687883377,
      -0.05226542055606842,
      0.2118712216615677,
      -0.21345235407352448,
      0.009081930853426456,
      -0.17312121391296387,
      -0.1557890623807907,
      -0.10348430275917053,
      -0.10482961684465408
    ],
    [
      0.2002895474433899,
      0.1960458606481552,
      -0.054819270968437195,
      0.2127857655286789,
      -0.21238122880458832,
      0.01075999066233635,
      -0.17387573421001434,
      -0.1556590348482132,
      -0.10386157035827637,
      -0.1024961993098259
    ],
    [
      0.20115359127521515,
      0.19539369642734528,
      -0.05617229640483856,
      0.21352259814739227,
      -0.21161846816539764,
      0.011053004302084446,
      -0.17347778379917145,
      -0.15692658722400665,
      -0.10307884961366653,
      -0.10146969556808472
    ],
    [
      0.20159415900707245,
      0.1928795576095581,
      -0.05451570078730583,
      0.21326017379760742,
      -0.21200639009475708,
      0.00951291248202324,
      -0.17142890393733978,
      -0.15940368175506592,
      -0.10060155391693115,
      -0.10351619124412537
    ],
    [
      0.2018333226442337,
      0.19167548418045044,
      -0.053699519485235214,
      0.21324555575847626,
      -0.21222136914730072,
      0.00852296408265829,
      -0.17055881023406982,
      -0.16051170229911804,
      -0.09979759901762009,
      -0.10450439900159836
    ],
    [
      0.20235711336135864,
      0.18991614878177643,
      -0.05173252522945404,
      0.21335028111934662,
      -0.2127901315689087,
      0.008946736343204975,
      -0.168157160282135,
      -0.1641344577074051,
      -0.09597975760698318,
      -0.10569380968809128
    ],
    [
      0.2017335146665573,
      0.19030143320560455,
      -0.05094842612743378,
      0.21317434310913086,
      -0.21316523849964142,
      0.008424695581197739,
      -0.16835270822048187,
      -0.16326768696308136,
      -0.09687688201665878,
      -0.10642186552286148
    ],
    [
      0.20117159187793732,
      0.19127194583415985,
      -0.05134163796901703,
      0.2132783681154251,
      -0.21304087340831757,
      0.007855790667235851,
      -0.16926760971546173,
      -0.16156862676143646,
      -0.09887967258691788,
      -0.10617630928754807
    ],
    [
      0.20074789226055145,
      0.19130106270313263,
      -0.05020881071686745,
      0.21322345733642578,
      -0.2135017365217209,
      0.007613176014274359,
      -0.16884642839431763,
      -0.16180117428302765,
      -0.09851041436195374,
      -0.10702413320541382
    ],
    [
      0.20011202991008759,
      0.19191141426563263,
      -0.0501607209444046,
      0.2131710648536682,
      -0.21364450454711914,
      0.0067289103753864765,
      -0.16962528228759766,
      -0.16011165082454681,
      -0.1003928855061531,
      -0.10744664072990417
    ],
    [
      0.2005254626274109,
      0.19197648763656616,
      -0.05043809488415718,
      0.2134225219488144,
      -0.2134832888841629,
      0.007754376623779535,
      -0.16924284398555756,
      -0.16129045188426971,
      -0.09910831600427628,
      -0.1066662073135376
    ],
    [
      0.20016886293888092,
      0.1918783336877823,
      -0.04970761016011238,
      0.21315781772136688,
      -0.2138870805501938,
      0.006994486320763826,
      -0.16928428411483765,
      -0.16065682470798492,
      -0.09968910366296768,
      -0.10754438489675522
    ],
    [
      0.20027440786361694,
      0.19286465644836426,
      -0.051949914544820786,
      0.21353377401828766,
      -0.21297532320022583,
      0.007113343570381403,
      -0.1707724779844284,
      -0.15890511870384216,
      -0.10194554924964905,
      -0.10592759400606155
    ],
    [
      0.1999923437833786,
      0.1921921968460083,
      -0.05020948126912117,
      0.21326397359371185,
      -0.21366818249225616,
      0.006753976922482252,
      -0.1697704941034317,
      -0.1598488688468933,
      -0.10069590061903,
      -0.10740667581558228
    ],
    [
      0.20030206441879272,
      0.19079534709453583,
      -0.04943830147385597,
      0.21312697231769562,
      -0.21382050216197968,
      0.005923667456954718,
      -0.1687445193529129,
      -0.16131286323070526,
      -0.09944360703229904,
      -0.10836092382669449
    ],
    [
      0.19970105588436127,
      0.18984484672546387,
      -0.04600691795349121,
      0.21265701949596405,
      -0.2151808887720108,
      0.005757871549576521,
      -0.166880264878273,
      -0.16327475011348724,
      -0.09709009528160095,
      -0.1107807382941246
    ],
    [
      0.19866551458835602,
      0.19037079811096191,
      -0.04526588320732117,
      0.21241463720798492,
      -0.21566200256347656,
      0.0035084523260593414,
      -0.16771413385868073,
      -0.1609352082014084,
      -0.09990908950567245,
      -0.11210115998983383
    ],
    [
      0.19837410748004913,
      0.19058220088481903,
      -0.044325750321149826,
      0.21230296790599823,
      -0.2160353809595108,
      0.003962381277233362,
      -0.1672385185956955,
      -0.16151583194732666,
      -0.09903895109891891,
      -0.11242833733558655
    ],
