{
  "tempos": [
    0.0,
    0.5,
    1.0,
    1.5,
    2.0,
    2.5,
    3.0,
    3.5,
    4.0,
    4.5,
    5.0,
    5.5,
    6.0,
    6.5,
    7.0,
    7.5,
    8.0,
    8.5,
    9.0,
    9.5,
    10.0,
    10.5,
    11.0,
    11.5,
    12.0,
    12.5,
    13.0,
    13.5,
    14.0,
    14.5,
    15.0
  ],
  "engajamentoneural": [
    32.4482545687673,
    41.117456863145165,
    56.184629230552765,
    70.9014859395819,
    79.7917154269484,
    82.94799129237146,
    82.39655601536042,
    79.82739937080466,
    76.60286369129204,
    73.70487967641748,
    71.57912074351846,
    70.24316342835951,
    69.52012667231897,
    69.20160512903963,
    69.1165527760536,
    69.14751569204437,
    69.2282548437924,
    69.33436500192111,
    69.46522775799663,
    69.61989983591934,
    69.78074005790639,
    69.91783273078826,
    70.00879125733294,
    70.0529502903794,
    70.06398854686795,
    70.04618272617797,
    69.97399098760715,
    69.79760251217758,
    69.4912440192376,
    69.12257872313917,
    68.86041896928606
  ],
  "cognitivedemand": [
    39.1384002817277,
    40.126306544977645,
    50.21933413705797,
    70.35454994426938,
    76.37340641001525,
    79.18190864954926,
    80.40214668468208,
    81.04786154310911,
    82.0960570887714,
    82.77811955997795,
    83.29176930604089,
    83.27413090024409,
    83.08363498414998,
    83.05443704024393,
    83.12224548294299,
    83.04841579918921,
    82.88258926102107,
    82.77874192096463,
    82.8117851371508,
    82.85330147608379,
    82.8519397345903,
    82.72665505085511,
    82.62667271410244,
    82.65366335226196,
    82.54132876293704,
    82.34924213153968,
    82.17068610060275,
    82.15433246865764,
    82.21310609566264,
    82.02582802678712,
    81.06491334796466
  ],
  "focus": [
    8.117947913740757,
    7.980835036485678,
    21.242057709661026,
    8.221578368760719,
    8.76896622607253,
    9.507100063950046,
    13.395297099190268,
    13.690275528077038,
    10.474429140260769,
    9.343266940661582,
    8.959876084842453,
    9.018287065968574,
    9.102549363822762,
    9.261339947177582,
    9.178277885109763,
    9.188794363375736,
    9.150122112971347,
    9.198156161865507,
    9.267677490739365,
    8.98000386801989,
    8.76319571445193,
    8.615331016539583,
    8.720297356495946,
    8.746007888191507,
    8.658432155598215,
    8.573008804544216,
    8.607634012673028,
    8.668611330687007,
    8.670331892701663,
    8.76661230870916,
    8.948853055811686
  ],
  "embeddings": [
    [
      0.19941844046115875,
      0.19639141857624054,
      -0.05361904576420784,
      0.21003539860248566,
      -0.21389709413051605,
      0.0073652006685733795,
      -0.1764003187417984,
      -0.15071846544742584,
      -0.10772079974412918,
      -0.10460016876459122
    ],
    [
      0.19902892410755157,
      0.19717103242874146,
      -0.054037902504205704,
      0.21026025712490082,
      -0.21356867253780365,
      0.007932930253446102,
      -0.17687340080738068,
      -0.15023207664489746,
      -0.10829842835664749,
      -0.10426738113164902
    ],
    [
      0.19994080066680908,
      0.19561421871185303,
      -0.05218474566936493,
      0.2118915468454361,
      -0.21372251212596893,
      0.009521297179162502,
      -0.17310093343257904,
      -0.15617956221103668,
      -0.10256370157003403,
      -0.10434607416391373
    ],
    [
      0.2027166485786438,
      0.19284002482891083,
      -0.05850929021835327,
      0.21414990723133087,
      -0.21016699075698853,
      0.007998766377568245,
      -0.1730322390794754,
      -0.15741890668869019,
      -0.10404355078935623,
      -0.10137384384870529
    ],
    [
      0.20343029499053955,
      0.18092332780361176,
      -0.04224090278148651,
      0.21302582323551178,
      -0.21566016972064972,
      0.005519093945622444,
      -0.15925444662570953,
      -0.17508794367313385,
      -0.0844988226890564,
      -0.11527373641729355
    ],
    [
      0.20304124057292938,
      0.18055742979049683,
      -0.03975139558315277,
      0.21327896416187286,
      -0.21665091812610626,
      0.005465561058372259,
      -0.15779425203800201,
      -0.17718082666397095,
      -0.0828455239534378,
      -0.11631200462579727
    ],
    [
      0.2016703486442566,
      0.18299412727355957,
      -0.041813865303993225,
      0.21341866254806519,
      -0.21602030098438263,
      0.0033279501367360353,
      -0.16083508729934692,
      -0.17188607156276703,
      -0.08935543149709702,
      -0.11534184962511063
    ],
    [
      0.2008596807718277,
      0.18224544823169708,
      -0.03874179720878601,
      0.21306991577148438,
      -0.2172538787126541,
      0.002498860005289316,
      -0.1593853235244751,
      -0.17306500673294067,
      -0.0878484770655632,
      -0.11791035532951355
    ],
    [
      0.20020908117294312,
      0.18377280235290527,
      -0.03981999307870865,
      0.21317417919635773,
      -0.2169615626335144,
      0.0019513339502736926,
      -0.16094321012496948,
      -0.17058312892913818,
      -0.0908142626285553,
      -0.11705823987722397
    ],
    [
      0.19967029988765717,
      0.1838529109954834,
      -0.03869771957397461,
      0.21300995349884033,
      -0.21745073795318604,
      0.0015220376662909985,
      -0.16071908175945282,
      -0.17042623460292816,
      -0.09084627032279968,
      -0.11806553602218628
    ],
    [
      0.19938425719738007,
      0.18433940410614014,
      -0.038984064012765884,
      0.21306873857975006,
      -0.21737201511859894,
      0.0012818592367693782,
      -0.16119436919689178,
      -0.16957099735736847,
      -0.0919240340590477,
      -0.11788201332092285
    ],
    [
      0.19915716350078583,
      0.18430431187152863,
      -0.03861585259437561,
      0.21303673088550568,
      -0.2175113707780838,
      0.0008599681896157563,
      -0.16113372147083282,
      -0.16940180957317352,
      -0.09217232465744019,
      -0.1183311939239502
    ],
    [
      0.19866132736206055,
      0.18479859828948975,
      -0.03838623687624931,
      0.212880477309227,
      -0.2176893949508667,
      0.0004215532389935106,
      -0.1615551859140396,
      -0.16841264069080353,
      -0.09317559003829956,
      -0.11862915754318237
    ],
    [
      0.19851841032505035,
      0.18507641553878784,
      -0.03842468932271004,
      0.2129034548997879,
      -0.21770773828029633,
      0.00044692400842905045,
      -0.16173075139522552,
      -0.16809958219528198,
      -0.09351401776075363,
      -0.11853528767824173
    ],
    [
      0.19824665784835815,
      0.18533450365066528,
      -0.0382949635386467,
      0.21283107995986938,
      -0.21780215203762054,
      0.00019273720681667328,
      -0.1619495302438736,
      -0.1675666719675064,
      -0.09404685348272324,
      -0.11873853206634521
    ],
    [
      0.1981433779001236,
      0.18542762100696564,
      -0.03843386843800545,
      0.2128058224916458,
      -0.21775877475738525,
      -7.367599755525589e-05,
      -0.16214725375175476,
      -0.1671990007162094,
      -0.094521664083004,
      -0.11875023692846298
    ],
    [
      0.1981145739555359,
      0.18534106016159058,
      -0.038325656205415726,
      0.21280457079410553,
      -0.2177876979112625,
      -0.00021534087136387825,
      -0.16206903755664825,
      -0.16727663576602936,
      -0.09449885040521622,
      -0.11888643354177475
    ],
    [
      0.19789154827594757,
      0.18565231561660767,
      -0.03814294561743736,
      0.21276813745498657,
      -0.21790646016597748,
      -0.00024238275364041328,
      -0.16221562027931213,
      -0.16697002947330475,
      -0.09478104114532471,
      -0.11895541101694107
    ],
    [
      0.1976841539144516,
      0.18607188761234283,
      -0.03842576593160629,
      0.21274824440479279,
      -0.21783430874347687,
      -0.0004252206126693636,
      -0.16266322135925293,
      -0.1662050485610962,
      -0.09563044458627701,
