{
  "tempos": [
    0.0,
    0.5,
    1.0,
    1.5,
    2.0,
    2.5,
    3.0,
    3.5,
    4.0,
    4.5,
    5.0,
    5.5,
    6.0,
    6.5,
    7.0,
    7.5,
    8.0,
    8.5,
    9.0,
    9.5,
    10.0
  ],
  "engajamentoneural": [
    66.73836272228137,
    73.30084627325914,
    80.98959186665321,
    85.44424899372115,
    86.21854667015849,
    84.2915196678075,
    80.81486794969395,
    77.02944859001812,
    73.86268420758327,
    71.64376633724025,
    70.2527493958728,
    69.37301311725575,
    68.62902168210515,
    67.63480825498205,
    66.0271721114265,
    63.52819157336067,
    60.024805673256964,
    55.641164095375714,
    50.84681220808472,
    46.5658362137205,
    43.9922876007315
  ],
  "cognitivedemand": [
    32.92563185861741,
    50.49821020300386,
    53.22832628418915,
    54.32038004752303,
    51.66309078982944,
    51.797063424416066,
    60.38829502638599,
    67.2042486393189,
    67.75039573266838,
    57.05433184098918,
    58.93320888761749,
    69.97942653294903,
    68.71460229454655,
    67.91278342471337,
    67.18582628857968,
    53.54905806162485,
    29.402161662109503,
    32.46823100525332,
    32.65817504475877,
    32.666912673856785,
    32.19666677663729
  ],
  "focus": [
    65.2406834286872,
    57.89421521418963,
    76.67529037419223,
    81.48567320027477,
    87.55816441796458,
    53.07193199288293,
    35.93375609296968,
    25.792771721660934,
    48.04712537074746,
    63.29853097452715,
    33.69499262191618,
    73.72081916692188,
    64.54857986735381,
    61.38617416057349,
    78.5685432707607,
    78.18254276866207,
    49.43738965901015,
    55.91203029613243,
    61.13680383771349,
    47.652278407457324,
    46.88933003108212
  ],
  "embeddings": [
    [
      0.20135809481143951,
      0.18857766687870026,
      -0.04371980205178261,
      0.21226133406162262,
      -0.21613824367523193,
      0.008068893104791641,
      -0.1645558625459671,
      -0.16772067546844482,
      -0.09126046299934387,
      -0.11090000718832016
    ],
    [
      0.20009012520313263,
      0.18846814334392548,
      -0.04349839687347412,
      0.21295808255672455,
      -0.2162005752325058,
      0.005758183542639017,
      -0.1644815057516098,
      -0.1663876622915268,
      -0.0939612090587616,
      -0.11241190880537033
    ],
    [
      0.20035958290100098,
      0.18468254804611206,
      -0.03460448607802391,
      0.21261583268642426,
      -0.21979589760303497,
      0.006813753396272659,
      -0.1575169712305069,
      -0.1759655475616455,
      -0.08268973231315613,
      -0.11737755686044693
    ],
    [
      0.19851958751678467,
      0.18904012441635132,
      -0.036360740661621094,
      0.21237440407276154,
      -0.21952714025974274,
      0.006762248929589987,
      -0.1615675836801529,
      -0.1694037914276123,
      -0.089540034532547,
      -0.1156560406088829
    ],
    [
      0.1965727061033249,
      0.19379585981369019,
      -0.04171930253505707,
      0.21221669018268585,
      -0.21769554913043976,
      0.005037814378738403,
      -0.16820339858531952,
      -0.15904344618320465,
      -0.10112780332565308,
      -0.11302755028009415
    ],
    [
      0.1954084187746048,
      0.1960747390985489,
      -0.044837549328804016,
      0.21222145855426788,
      -0.21656720340251923,
      0.003251606598496437,
      -0.17172159254550934,
      -0.15315945446491241,
      -0.10770515352487564,
      -0.11200370639562607
    ],
    [
      0.19414304196834564,
      0.19699625670909882,
      -0.044190675020217896,
      0.21189968287944794,
      -0.21689246594905853,
      0.002059689024463296,
      -0.17254473268985748,
      -0.15082325041294098,
      -0.10999881476163864,
      -0.11318539828062057
    ],
    [
      0.19534099102020264,
      0.19419938325881958,
      -0.042361754924058914,
      0.21223650872707367,
      -0.21734268963336945,
      0.002027184935286641,
      -0.16957877576351166,
      -0.15574829280376434,
      -0.10504475235939026,
      -0.11440858989953995
    ],
    [
      0.1965753585100174,
      0.19290675222873688,
      -0.042187049984931946,
      0.21276839077472687,
      -0.21722523868083954,
      0.003298854222521186,
      -0.1679162234067917,
      -0.15925224125385284,
      -0.10156644135713577,
      -0.11371143907308578
    ],
    [
      0.19587230682373047,
      0.194210946559906,
      -0.043079864233732224,
      0.2125048041343689,
      -0.21690674126148224,
      0.0031429745722562075,
      -0.1694786101579666,
      -0.156649649143219,
      -0.10415083914995193,
      -0.11328161507844925
    ],
    [
      0.19685404002666473,
      0.1933962106704712,
      -0.04517395421862602,
      0.2128499150276184,
      -0.21600954234600067,
      0.002409252105280757,
      -0.16994480788707733,
      -0.1564398556947708,
      -0.10497217625379562,
      -0.11221426725387573
    ],
    [
      0.1969202756881714,
      0.19215457141399384,
      -0.04356876388192177,
      0.21252234280109406,
      -0.21661396324634552,
      0.0018335700733587146,
      -0.1686725616455078,
      -0.1580374389886856,
      -0.1030968427658081,
      -0.11357458680868149
    ],
    [
      0.1967831254005432,
      0.1922367811203003,
      -0.04378407076001167,
      0.21244005858898163,
      -0.21650411188602448,
      0.0015232035657390952,
      -0.16895921528339386,
      -0.15757067501544952,
      -0.10370112210512161,
      -0.1135660707950592
    ],
    [
      0.19756074249744415,
      0.19192248582839966,
      -0.04354887083172798,
      0.21286846697330475,
      -0.21648718416690826,
      0.0035522973630577326,
      -0.16775496304035187,
      -0.16027601063251495,
      -0.10066631436347961,
      -0.11268657445907593
    ],
    [
      0.19693614542484283,
      0.19628280401229858,
      -0.04941662773489952,
      0.21311794221401215,
      -0.21451105177402496,
      0.0045335437171161175,
      -0.17316043376922607,
      -0.15314342081546783,
      -0.10824588686227798,
      -0.10833249241113663
    ],
    [
      0.1975160390138626,
      0.1933237910270691,
      -0.04615103825926781,
      0.21300138533115387,
      -0.21552465856075287,
      0.0041922046802937984,
      -0.16948102414608002,
      -0.15827955305576324,
      -0.10289227962493896,
      -0.11082097142934799
    ],
    [
      0.19794511795043945,
      0.1921653151512146,
      -0.04405919089913368,
      0.21287448704242706,
      -0.21633456647396088,
      0.004920655395835638,
      -0.16754698753356934,
      -0.16118501126766205,
      -0.09938749670982361,
      -0.11180267482995987
    ],
    [
      0.199484184384346,
      0.19091375172138214,
      -0.04595569148659706,
      0.21377713978290558,
      -0.21525637805461884,
      0.005573528353124857,
      -0.1669328212738037,
      -0.16319380700588226,
      -0.09797089546918869,
      -0.11025355011224747
    ],
    [
      0.2001105397939682,
      0.18994136154651642,
      -0.04533000290393829,
      0.21391497552394867,
      -0.2154453545808792,
      0.006442807614803314,
      -0.16568394005298615,
      -0.1653766632080078,
      -0.09544602781534195,
      -0.1103728637099266
    ],
    [
      0.20105154812335968,
      0.19005368649959564,
      -0.0476343147456646,
      0.2144215703010559,
      -0.21439121663570404,
      0.007598314434289932,
      -0.16623829305171967,
      -0.16559751331806183,
      -0.09549698978662491,
      -0.10835831612348557
    ],
    [
      0.2005101442337036,
      0.19133532047271729,
      -0.04861925542354584,
      0.21408778429031372,
      -0.2142038345336914,
      0.007271063979715109,
      -0.16788923740386963,
      -0.1628383845090866,
      -0.09817833453416824,
      -0.10776922106742859
    ],
    [
      0.20012961328029633,
      0.1928209811449051,
      -0.05041395500302315,
      0.21399664878845215,
      -0.21363592147827148,
      0.00721196411177516,
      -0.16980445384979248,
