{
  "tempos": [
    0.0,
    0.5,
    1.0,
    1.5,
    2.0,
    2.5,
    3.0,
    3.5,
    4.0,
    4.5,
    5.0,
    5.5,
    6.0,
    6.5,
    7.0,
    7.5,
    8.0,
    8.5,
    9.0,
    9.5,
    10.0,
    10.5,
    11.0,
    11.5,
    12.0,
    12.5,
    13.0,
    13.5,
    14.0,
    14.5,
    15.0
  ],
  "engajamentoneural": [
    40.225638997593336,
    46.59781763342248,
    56.883570366071766,
    66.98938301039222,
    74.19951922826978,
    78.38169393976032,
    80.53343597119493,
    81.57912711423388,
    82.09397507950918,
    82.38405513300945,
    82.5874599967953,
    82.73767508513895,
    82.82161204470566,
    82.84685917757473,
    82.88664024895166,
    83.05198052273323,
    83.40549316962024,
    83.90556416241054,
    84.43751259493912,
    84.88420982080248,
    85.16391691942529,
    85.23017517717489,
    85.07109890442237,
    84.71862915049464,
    84.23326867971166,
    83.64310674159788,
    82.88905919310336,
    81.86194300454429,
    80.54910485948159,
    79.19709863570247,
    78.30264496897345
  ],
  "cognitivedemand": [
    27.5398489368946,
    37.94626322576569,
    53.27047952399485,
    58.47062540815657,
    64.63838117173603,
    68.78023198635692,
    68.63684222489034,
    68.85331373233029,
    68.87709262857193,
    68.85865109643261,
    68.87813593034731,
    68.89392395556487,
    68.99291562756906,
    68.84971368362456,
    39.55322590446143,
    61.21242807540652,
    73.69882171016178,
    73.99699809405358,
    73.99734672037033,
    73.99707249292854,
    74.15014000958229,
    74.32657841320363,
    74.3265950199093,
    71.68970514413942,
    37.65346929339966,
    46.78547574265392,
    47.22028331316517,
    47.37606174559309,
    47.48628595490117,
    47.57896623923448,
    47.45006104482314
  ],
  "focus": [
    11.188456032248464,
    8.450154522250589,
    9.3143530576647,
    8.700527009783046,
    13.230562681116389,
    24.578605133767226,
    11.52811207317744,
    8.802206882934904,
    8.369492220516907,
    8.464893608790623,
    8.370414454951925,
    8.303689438414013,
    8.350507704144622,
    8.391181985423993,
    8.742442522399324,
    12.54016124369696,
    21.397743160119784,
    14.281175904857651,
    13.217941618685824,
    12.519239351867267,
    12.971253195866293,
    13.184198325837217,
    13.237643518922535,
    12.373624110857731,
    14.056759542955705,
    57.22918605762612,
    83.07068410926182,
    76.67389366298873,
    71.03193056868366,
    64.79455274141947,
    64.51062268901582
  ],
  "embeddings": [
    [
      0.19350272417068481,
      0.19126801192760468,
      -0.032644521445035934,
      0.20894382894039154,
      -0.2214382290840149,
      -0.0029776571318507195,
      -0.16620907187461853,
      -0.15722566843032837,
      -0.10287553071975708,
      -0.12182927131652832
    ],
    [
      0.18871824443340302,
      0.1974807232618332,
      -0.033633146435022354,
      0.20754660665988922,
      -0.22211314737796783,
      -0.007248596753925085,
      -0.17267079651355743,
      -0.14500510692596436,
      -0.11511466652154922,
      -0.12316566705703735
    ],
    [
      0.1866341382265091,
      0.19918100535869598,
      -0.033752936869859695,
      0.20762620866298676,
      -0.22211037576198578,
      -0.009764173068106174,
      -0.1744569092988968,
      -0.14081883430480957,
      -0.11977396160364151,
      -0.12454976886510849
    ],
    [
      0.18570458889007568,
      0.19915948808193207,
      -0.03307364508509636,
      0.20799894630908966,
      -0.22229798138141632,
      -0.010655279271304607,
      -0.17424620687961578,
      -0.14022281765937805,
      -0.12063702195882797,
      -0.1258946657180786
    ],
    [
      0.18576903641223907,
      0.19738881289958954,
      -0.031446103006601334,
      0.20837821066379547,
      -0.22265475988388062,
      -0.011644481681287289,
      -0.17243190109729767,
      -0.14243431389331818,
      -0.11886176466941833,
      -0.127668097615242
    ],
    [
      0.18610639870166779,
      0.19599474966526031,
      -0.030197596177458763,
      0.20870769023895264,
      -0.22292931377887726,
      -0.011793737299740314,
      -0.17082691192626953,
      -0.14475756883621216,
      -0.11671911925077438,
      -0.1286618560552597
    ],
    [
      0.18604665994644165,
      0.1955568790435791,
      -0.02945268154144287,
      0.20886336266994476,
      -0.2231244295835495,
      -0.012244805693626404,
      -0.1702663153409958,
      -0.14543093740940094,
      -0.11628811806440353,
      -0.12928660213947296
    ],
    [
      0.1863986700773239,
      0.19461548328399658,
      -0.028905289247632027,
      0.20909245312213898,
      -0.2231953740119934,
      -0.012177612632513046,
      -0.1692734956741333,
      -0.14696566760540009,
      -0.11483436822891235,
      -0.12971371412277222
    ],
    [
      0.18654461205005646,
      0.1940927505493164,
      -0.02840275876224041,
      0.20929670333862305,
      -0.2232842594385147,
      -0.012348226271569729,
      -0.16865088045597076,
      -0.14787648618221283,
      -0.11412229388952255,
      -0.13008178770542145
    ],
    [
      0.18662549555301666,
      0.1939283162355423,
      -0.02827172540128231,
      0.209397554397583,
      -0.2232964038848877,
      -0.012299722991883755,
      -0.16841308772563934,
      -0.1482962965965271,
      -0.1137693002820015,
      -0.13012747466564178
    ],
    [
      0.18672263622283936,
      0.19373482465744019,
      -0.02820577472448349,
      0.20945240557193756,
      -0.2232906073331833,
      -0.01219217013567686,
      -0.16818980872631073,
      -0.14868678152561188,
      -0.11338282376527786,
      -0.13015739619731903
    ],
    [
      0.18668395280838013,
      0.1936923712491989,
      -0.028071021661162376,
      0.20948664844036102,
      -0.2233363837003708,
      -0.012206331826746464,
      -0.16809409856796265,
      -0.14879590272903442,
      -0.11330147832632065,
      -0.13027404248714447
    ],
    [
      0.18665850162506104,
      0.19376350939273834,
      -0.028133675456047058,
      0.20948530733585358,
      -0.22332210838794708,
      -0.012209747917950153,
      -0.16817303001880646,
      -0.14868448674678802,
      -0.11341384798288345,
      -0.13022899627685547
    ],
    [
      0.18654370307922363,
      0.19377274811267853,
      -0.027918370440602303,
      0.20945771038532257,
      -0.2234153300523758,
      -0.012346938252449036,
      -0.16813857853412628,
      -0.1486186534166336,
      -0.11348221451044083,
      -0.13043858110904694
    ],
    [
      0.1864212155342102,
      0.1938176155090332,
      -0.02772791124880314,
      0.20939767360687256,
      -0.223512664437294,
      -0.01247798278927803,
      -0.16815762221813202,
      -0.14847807586193085,
      -0.11359626799821854,
      -0.13061892986297607
    ],
    [
      0.1863277405500412,
      0.19398002326488495,
      -0.027815958485007286,
      0.209359809756279,
      -0.22351320087909698,
      -0.012523438781499863,
      -0.16834767162799835,
      -0.14815153181552887,
      -0.11389701813459396,
      -0.130585715174675
    ],
    [
      0.18623806536197662,
      0.1940392702817917,
      -0.027718795463442802,
      0.20934569835662842,
      -0.22355912625789642,
      -0.01260626595467329,
      -0.168370321393013,
      -0.14805346727371216,
      -0.11401170492172241,
      -0.1306876391172409
    ],
    [
      0.1862281709909439,
      0.19402678310871124,
      -0.027644960209727287,
      0.2093258649110794,
      -0.22359372675418854,
      -0.012593712657690048,
      -0.16833078861236572,
      -0.14810647070407867,
      -0.11392895132303238,
      -0.13073164224624634
    ],
    [
      0.1862257719039917,
      0.19405056536197662,
      -0.027663996443152428,
      0.20932380855083466,
      -0.22359265387058258,
      -0.012554044835269451,
      -0.16834110021591187,
      -0.14810441434383392,
      -0.11391258984804153,
