{
  "tempos": [
    0.0,
    0.5,
    1.0,
    1.5,
    2.0,
    2.5,
    3.0,
    3.5,
    4.0,
    4.5,
    5.0,
    5.5,
    6.0,
    6.5,
    7.0,
    7.5,
    8.0,
    8.5,
    9.0,
    9.5,
    10.0
  ],
  "engajamentoneural": [
    70.41021855019378,
    76.81207581245906,
    84.05121308202503,
    88.03968317357376,
    88.55686532794742,
    86.43583545455158,
    82.55172028153756,
    78.08871985730912,
    74.23812758923602,
    71.64415998144581,
    70.30419384030819,
    69.84986565328997,
    69.8644680311467,
    70.0538841929389,
    70.25545996828195,
    70.36172310007407,
    70.24793491000992,
    69.77300075018769,
    68.8934837118144,
    67.83070070640588,
    67.07710111968493
  ],
  "cognitivedemand": [
    34.944130931688356,
    50.563089578189334,
    51.95336952704711,
    52.06132485607333,
    51.41572262822293,
    50.000324587236314,
    52.411604127396814,
    53.411485654679595,
    40.02600750377183,
    66.31522997515115,
    59.604545303710054,
    69.9127772746269,
    70.08352855148807,
    68.10013238573777,
    69.21712221968578,
    57.495363848823395,
    58.18090937091777,
    58.4530294032377,
    56.86247556871925,
    54.08074286932844,
    35.947095966149426
  ],
  "focus": [
    23.337164154010893,
    29.969857523421958,
    57.48106958461732,
    49.166724951524266,
    66.89864422918131,
    72.68302937556564,
    64.30345630949371,
    63.35447438181501,
    67.8662298250478,
    11.576881659147926,
    34.311299173373634,
    22.520145201737563,
    17.30136927535962,
    27.51315561211968,
    43.373264718542444,
    47.13818120949053,
    42.399383859609024,
    43.91330059682052,
    46.65347408376416,
    49.3511284100707,
    14.765735879415752
  ],
  "embeddings": [
    [
      0.19612346589565277,
      0.19191408157348633,
      -0.03801076114177704,
      0.2107921838760376,
      -0.21880142390727997,
      0.003396799089387059,
      -0.1667727679014206,
      -0.1594439595937729,
      -0.0996575728058815,
      -0.11658836156129837
    ],
    [
      0.1932247281074524,
      0.2003280371427536,
      -0.048967912793159485,
      0.2124398946762085,
      -0.21501553058624268,
      0.0003651110455393791,
      -0.17721472680568695,
      -0.14362294971942902,
      -0.11873948574066162,
      -0.1099846363067627
    ],
    [
      0.19337064027786255,
      0.19758188724517822,
      -0.046851176768541336,
      0.21305818855762482,
      -0.21540920436382294,
      -0.0007877305033616722,
      -0.17423184216022491,
      -0.1475095897912979,
      -0.11522430181503296,
      -0.11264950037002563
    ],
    [
      0.19131316244602203,
      0.19556526839733124,
      -0.03885402902960777,
      0.2121303826570511,
      -0.21863315999507904,
      -0.0032394423615187407,
      -0.17025278508663177,
      -0.15093781054019928,
      -0.11129090934991837,
      -0.11912284046411514
    ],
    [
      0.19054870307445526,
      0.19622085988521576,
      -0.03796306625008583,
      0.2121417373418808,
      -0.2190578728914261,
      -0.004031979013234377,
      -0.17060963809490204,
      -0.14991967380046844,
      -0.11258422583341599,
      -0.11986219882965088
    ],
    [
      0.19018320739269257,
      0.19724906980991364,
      -0.03832162916660309,
      0.21214504539966583,
      -0.21900290250778198,
      -0.004033206962049007,
      -0.17153990268707275,
      -0.1485450714826584,
      -0.11393526196479797,
      -0.11953207850456238
    ],
    [
      0.1913316398859024,
      0.1981867402791977,
      -0.04211154207587242,
      0.21269267797470093,
      -0.21739886701107025,
      -0.0020247905049473047,
      -0.17297308146953583,
      -0.1477721482515335,
      -0.11487150192260742,
      -0.11616692692041397
    ],
    [
      0.19156299531459808,
      0.19821737706661224,
      -0.041780244559049606,
      0.2125571221113205,
      -0.21760432422161102,
      -0.0011920571560040116,
      -0.1726519912481308,
      -0.1485624760389328,
      -0.11357564479112625,
      -0.11599358171224594
    ],
    [
      0.19150613248348236,
      0.19852334260940552,
      -0.041789691895246506,
      0.21247808635234833,
      -0.21765835583209991,
      -0.0005425114650279284,
      -0.17260988056659698,
      -0.14877544343471527,
      -0.11320992559194565,
      -0.11575711518526077
    ],
    [
      0.19087260961532593,
      0.19821453094482422,
      -0.04035807400941849,
      0.2123204916715622,
      -0.21824918687343597,
      -0.0018372096819803119,
      -0.1721622794866562,
      -0.1486007422208786,
      -0.11357966810464859,
      -0.11722346395254135
    ],
    [
      0.19129759073257446,
      0.19876335561275482,
      -0.042492955923080444,
      0.21215756237506866,
      -0.2175510674715042,
      -0.0020518123637884855,
      -0.17382681369781494,
      -0.14671529829502106,
      -0.11548905819654465,
      -0.11572123318910599
    ],
    [
      0.19150781631469727,
      0.19924376904964447,
      -0.044477637857198715,
      0.2123785763978958,
      -0.21676768362522125,
      -0.0020580156706273556,
      -0.17502768337726593,
      -0.14540472626686096,
      -0.11713897436857224,
      -0.11446690559387207
    ],
    [
      0.19214367866516113,
      0.19794446229934692,
      -0.04467759653925896,
      0.2124062329530716,
      -0.2165023684501648,
      -0.0025472017005085945,
      -0.17425799369812012,
      -0.14673350751399994,
      -0.11601033061742783,
      -0.1146683469414711
    ],
    [
      0.19231228530406952,
      0.19518013298511505,
      -0.04030353203415871,
      0.21171140670776367,
      -0.21816857159137726,
      -0.0034186902921646833,
      -0.17099471390247345,
      -0.1508433073759079,
      -0.11127067357301712,
      -0.11787879467010498
    ],
    [
      0.19212086498737335,
      0.19552159309387207,
      -0.03973577171564102,
      0.2113141566514969,
      -0.2186174988746643,
      -0.003221025923267007,
      -0.17117561399936676,
      -0.1505533754825592,
      -0.11112324148416519,
      -0.1180414929986
    ],
    [
      0.19133956730365753,
      0.19692544639110565,
      -0.04022718593478203,
      0.210952028632164,
      -0.21865415573120117,
      -0.0036245977971702814,
      -0.1727185994386673,
      -0.14795948565006256,
      -0.11368795484304428,
      -0.11784228682518005
    ],
    [
      0.19142605364322662,
      0.1961458921432495,
      -0.039950329810380936,
      0.2107551544904709,
      -0.21870726346969604,
      -0.004396230448037386,
      -0.17233650386333466,
      -0.14822599291801453,
      -0.11350667476654053,
      -0.11848592013120651
    ],
    [
      0.1913098245859146,
      0.19572828710079193,
      -0.03836704418063164,
      0.21068908274173737,
      -0.21932893991470337,
      -0.004046011716127396,
      -0.17125000059604645,
      -0.14976726472377777,
      -0.11165303736925125,
      -0.11937931925058365
    ],
    [
      0.19122986495494843,
      0.19604283571243286,
      -0.03916020691394806,
      0.21059487760066986,
      -0.21904020011425018,
      -0.004654344171285629,
      -0.17207789421081543,
      -0.14845328032970428,
      -0.11319422721862793,
      -0.11903873085975647
    ],
    [
      0.19107981026172638,
      0.19610095024108887,
      -0.038837846368551254,
      0.2107187658548355,
      -0.21916449069976807,
      -0.004526038654148579,
      -0.17185746133327484,
      -0.1487160623073578,
      -0.11290255934000015,
      -0.11930618435144424
    ],
    [
      0.19118671119213104,
      0.1961144059896469,
      -0.038870129734277725,
      0.21076036989688873,
      -0.2191506177186966,
      -0.004253874998539686,
      -0.17177154123783112,
      -0.14899171888828278,
      -0.11259854584932327,
      -0.11916917562484741
    ],
    [
      0.19080877304077148,
      0.19670505821704865,
      -0.03947051241993904,
      0.21064525842666626,
      -0.21898607909679413,
      -0.004706229083240032,
