{
  "tempos": [
    0.0,
    0.5,
    1.0,
    1.5,
    2.0,
    2.5,
    3.0,
    3.5,
    4.0,
    4.5,
    5.0,
    5.5,
    6.0,
    6.5,
    7.0,
    7.5,
    8.0,
    8.5,
    9.0,
    9.5,
    10.0,
    10.5,
    11.0,
    11.5,
    12.0,
    12.5,
    13.0,
    13.5,
    14.0,
    14.5,
    15.0
  ],
  "engajamentoneural": [
    44.90687176337437,
    50.10252294494384,
    57.633744152263766,
    63.807855027283026,
    66.85213665640222,
    67.18655338715794,
    66.11663916309377,
    64.83521717783273,
    63.98918858541307,
    63.699748681539816,
    63.80851852055432,
    64.1025932957975,
    64.4210425335049,
    64.66875110312523,
    64.79813300894257,
    64.79414737265235,
    64.66969923399625,
    64.46385890445153,
    64.23526520777581,
    64.0477970779844,
    63.950396922109675,
    63.95770868092391,
    64.04264040827078,
    64.14946380782038,
    64.21867319893128,
    64.20019899634306,
    64.04335034318494,
    63.691006790287354,
    63.12996696985134,
    62.4868146573317,
    62.03960595701717
  ],
  "cognitivedemand": [
    35.69510465216432,
    45.54828329622674,
    51.02178287980169,
    62.4061193353418,
    65.35299061099803,
    65.50430500837315,
    65.5573793773536,
    64.32573972235394,
    68.74305788317811,
    73.19690598975838,
    73.91438301417533,
    74.04346310444647,
    74.17094792642811,
    74.23475582921728,
    74.34473178745799,
    74.45437503495867,
    74.47981608488068,
    74.6445758728244,
    74.68150238219765,
    74.71295379351005,
    74.81888697176437,
    74.869558391365,
    74.91640845658904,
    75.06339865603633,
    75.12275914361496,
    75.19720310780312,
    75.3682453444199,
    75.42448492427519,
    75.45871596447657,
    75.5699327257296,
    75.09533873778166
  ],
  "focus": [
    8.062786026081572,
    10.553289154940675,
    34.21310173731427,
    21.180541194082572,
    14.486141415410698,
    14.66285547198033,
    9.789126298830741,
    12.18517134538581,
    10.545542163702581,
    12.759787839970738,
    12.31834830773526,
    9.760730698274346,
    8.61833888525978,
    8.822083350224272,
    8.865212867914485,
    8.853093195354402,
    8.83553554169875,
    8.84742723743388,
    8.881358680007404,
    8.88420885441623,
    8.900009385106854,
    8.911115768168449,
    8.930486473013435,
    8.965958789781581,
    8.994736364098781,
    9.004330638546358,
    9.00430369623805,
    9.024758799922587,
    9.030355439884342,
    9.063015978935178,
    9.08684254362826
  ],
  "embeddings": [
    [
      0.19742004573345184,
      0.19480963051319122,
      -0.04668790102005005,
      0.20983941853046417,
      -0.21630854904651642,
      0.004465001169592142,
      -0.17257852852344513,
      -0.15344753861427307,
      -0.10510954260826111,
      -0.11006227135658264
    ],
    [
      0.1957896202802658,
      0.19621609151363373,
      -0.04706732556223869,
      0.2088565230369568,
      -0.21652108430862427,
      0.0016152843600139022,
      -0.17495034635066986,
      -0.14849789440631866,
      -0.11005216836929321,
      -0.11116404086351395
    ],
    [
      0.1973341703414917,
      0.19402094185352325,
      -0.04730256274342537,
      0.2106345146894455,
      -0.21570587158203125,
      0.0030584551859647036,
      -0.17214179039001465,
      -0.15381912887096405,
      -0.1056109368801117,
      -0.11054997891187668
    ],
    [
      0.19832144677639008,
      0.19283483922481537,
      -0.047420334070920944,
      0.21159957349300385,
      -0.21531282365322113,
      0.004136235918849707,
      -0.17058692872524261,
      -0.15685580670833588,
      -0.10301649570465088,
      -0.11004450917243958
    ],
    [
      0.19996361434459686,
      0.19193722307682037,
      -0.04981808364391327,
      0.21237723529338837,
      -0.2141028642654419,
      0.005530097987502813,
      -0.17030614614486694,
      -0.15871170163154602,
      -0.10152298957109451,
      -0.10794984549283981
    ],
    [
      0.2007794976234436,
      0.18999546766281128,
      -0.049042537808418274,
      0.21236051619052887,
      -0.21418003737926483,
      0.00533305061981082,
      -0.16870301961898804,
      -0.16126103699207306,
      -0.09898654371500015,
      -0.10868506878614426
    ],
    [
      0.20199352502822876,
      0.18750321865081787,
      -0.04785275086760521,
      0.21247465908527374,
      -0.21440429985523224,
      0.005706358700990677,
      -0.16635295748710632,
      -0.16521574556827545,
      -0.09488949924707413,
      -0.10948306322097778
    ],
    [
      0.20245404541492462,
      0.18647418916225433,
      -0.04699772596359253,
      0.21257372200489044,
      -0.21464218199253082,
      0.005917783360928297,
      -0.16520850360393524,
      -0.16710136830806732,
      -0.09296026080846786,
      -0.10992897301912308
    ],
    [
      0.2027258425951004,
      0.18598268926143646,
      -0.04687831178307533,
      0.2126665860414505,
      -0.21462856233119965,
      0.005917966365814209,
      -0.16479891538619995,
      -0.16783221065998077,
      -0.09230764955282211,
      -0.10999033600091934
    ],
    [
      0.20290304720401764,
      0.18583323061466217,
      -0.046998437494039536,
      0.21280759572982788,
      -0.2145325094461441,
      0.006101334001868963,
      -0.1646411418914795,
      -0.16822069883346558,
      -0.09198221564292908,
      -0.10983210057020187
    ],
    [
      0.20243734121322632,
      0.18615974485874176,
      -0.0465313196182251,
      0.21275025606155396,
      -0.21477313339710236,
      0.005815697368234396,
      -0.1647464483976364,
      -0.16772162914276123,
      -0.09248518943786621,
      -0.11027192324399948
    ],
    [
      0.20231057703495026,
      0.18653325736522675,
      -0.0468776635825634,
      0.21274162828922272,
      -0.21467238664627075,
      0.005754765588790178,
      -0.16515995562076569,
      -0.1670657843351364,
      -0.09318695217370987,
      -0.11005168408155441
    ],
    [
      0.20258384943008423,
      0.18632034957408905,
      -0.04763076826930046,
      0.2129223793745041,
      -0.21432189643383026,
      0.005732606630772352,
      -0.1653072088956833,
      -0.16704387962818146,
      -0.09340157359838486,
      -0.10966480523347855
    ],
    [
      0.20308934152126312,
      0.18600712716579437,
      -0.04822247102856636,
      0.21319109201431274,
      -0.21400779485702515,
      0.006156297866255045,
      -0.16513459384441376,
      -0.16772346198558807,
      -0.09283069521188736,
      -0.10908617824316025
    ],
    [
      0.20341163873672485,
      0.18560445308685303,
      -0.04846673086285591,
      0.21334676444530487,
      -0.2138315588235855,
      0.006276286672800779,
      -0.16487307846546173,
      -0.16829818487167358,
      -0.09235110878944397,
      -0.10891126841306686
    ],
    [
      0.20367294549942017,
      0.18522417545318604,
      -0.0482974499464035,
      0.21344448626041412,
      -0.21384559571743011,
      0.006620626896619797,
      -0.16437985002994537,
      -0.1692104935646057,
      -0.09139937907457352,
      -0.10890007019042969
    ],
    [
      0.2038256675004959,
      0.1851615309715271,
      -0.04848245903849602,
      0.21345780789852142,
      -0.21377134323120117,
      0.00675978371873498,
      -0.16439221799373627,
      -0.16931641101837158,
      -0.09125956147909164,
      -0.10869849473237991
    ],
    [
      0.2038588970899582,
      0.1851355880498886,
      -0.048487547785043716,
      0.21348565816879272,
      -0.2137620598077774,
      0.006858377251774073,
      -0.16433461010456085,
      -0.16943359375,
      -0.09113240242004395,
      -0.10866010189056396
    ],
    [
      0.20405054092407227,
      0.18504540622234344,
      -0.04873645678162575,
      0.21355067193508148,
      -0.21364273130893707,
      0.007105869706720114,
      -0.16427315771579742,
      -0.1697128266096115,
      -0.09084218740463257,
      -0.10840225219726562
    ],
