{
  "tempos": [
    0.0,
    0.5,
    1.0,
    1.5,
    2.0,
    2.5,
    3.0,
    3.5,
    4.0,
    4.5,
    5.0,
    5.5,
    6.0,
    6.5,
    7.0,
    7.5,
    8.0,
    8.5,
    9.0,
    9.5,
    10.0,
    10.5,
    11.0,
    11.5,
    12.0,
    12.5,
    13.0,
    13.5,
    14.0,
    14.5,
    15.0
  ],
  "engajamentoneural": [
    43.49962348311307,
    52.75143641440758,
    66.41811742989916,
    77.26786180592806,
    82.47285059902948,
    83.29372145040385,
    81.50457659995854,
    78.57516223376713,
    75.65461703508872,
    73.37922232767485,
    71.88875322463129,
    71.0506866199217,
    70.6597134328794,
    70.53153282257006,
    70.53082776410756,
    70.56806598293096,
    70.59105235904005,
    70.58142008302461,
    70.55216107300453,
    70.53627275123218,
    70.56328527021839,
    70.63553700174077,
    70.72185306643034,
    70.77243035162546,
    70.738985758195,
    70.58276745707145,
    70.26849721523934,
    69.76483837291987,
    69.08735728058045,
    68.37617702784239,
    67.9015971900164
  ],
  "cognitivedemand": [
    20.615593926853975,
    27.46160490803489,
    46.5522568139329,
    53.930276612677,
    62.74156439162905,
    69.21670894009613,
    68.99831942591254,
    69.13730642385092,
    69.07989639058648,
    69.4434670604154,
    70.01919018129762,
    70.31876839829427,
    70.0156202389398,
    70.09446098483383,
    70.07725846611432,
    70.39552389428445,
    70.30045255535669,
    70.33703248596662,
    70.11372591846894,
    70.37218049043246,
    70.4004505193875,
    70.87293832855386,
    70.8098373078104,
    70.80855304630377,
    70.7355056089835,
    70.80255036977923,
    70.53781238350467,
    70.88333380536365,
    71.02101930228689,
    71.1442179888198,
    70.93758236721165
  ],
  "focus": [
    7.874200324551633,
    7.908285082556726,
    8.477296573314762,
    9.046618436622502,
    10.256983103276918,
    11.110235523818837,
    9.83578194758841,
    8.742657730397152,
    8.560815748588666,
    9.008958206032478,
    9.219582134857479,
    8.676645470346084,
    9.155430169827836,
    9.629286758871116,
    9.892796610627824,
    9.895503958135617,
    10.018355942646233,
    9.363079411775622,
    9.16686623789627,
    9.774146634778797,
    9.686781460223848,
    8.76848021447988,
    8.882245428713249,
    8.863414608815901,
    9.285457134300085,
    9.5406652144675,
    9.722571084507077,
    9.36172702651392,
    10.174294767408767,
    10.841589771362976,
    10.189909434324976
  ],
  "embeddings": [
    [
      0.19762951135635376,
      0.19691573083400726,
      -0.05382917448878288,
      0.20958192646503448,
      -0.21379847824573517,
      0.002435073023661971,
      -0.17853309214115143,
      -0.145433709025383,
      -0.11425241082906723,
      -0.10640344768762589
    ],
    [
      0.19841979444026947,
      0.1912568360567093,
      -0.047659751027822495,
      0.20985299348831177,
      -0.21513450145721436,
      -0.00011451969476183876,
      -0.1717624068260193,
      -0.15428198873996735,
      -0.10581117123365402,
      -0.11181405931711197
    ],
    [
      0.19996146857738495,
      0.18732233345508575,
      -0.0421016663312912,
      0.21058113873004913,
      -0.216979518532753,
      0.0034576253965497017,
      -0.16527046263217926,
      -0.16464583575725555,
      -0.09395889192819595,
      -0.11443265527486801
    ],
    [
      0.19976399838924408,
      0.19124473631381989,
      -0.04743695259094238,
      0.21214133501052856,
      -0.21498839557170868,
      0.00557702174410224,
      -0.1689446121454239,
      -0.16046516597270966,
      -0.09942415356636047,
      -0.10945942997932434
    ],
    [
      0.19858498871326447,
      0.19310426712036133,
      -0.048509661108255386,
      0.21226121485233307,
      -0.2146792858839035,
      0.004369964823126793,
      -0.17082034051418304,
      -0.15691818296909332,
      -0.10349565744400024,
      -0.10920757800340652
    ],
    [
      0.1966959685087204,
      0.19394391775131226,
      -0.04604783654212952,
      0.2118222564458847,
      -0.21583576500415802,
      0.0023346019443124533,
      -0.1710064560174942,
      -0.15498009324073792,
      -0.10554397851228714,
      -0.11174705624580383
    ],
    [
      0.195251002907753,
      0.19463330507278442,
      -0.044233787804841995,
      0.21149814128875732,
      -0.21667619049549103,
      0.0007711001089774072,
      -0.17123198509216309,
      -0.15338076651096344,
      -0.10727470368146896,
      -0.11361371725797653
    ],
    [
      0.1938198059797287,
      0.1954375058412552,
      -0.04280867055058479,
      0.2112663835287094,
      -0.21736091375350952,
      -0.0008594428072683513,
      -0.17168807983398438,
      -0.15149085223674774,
      -0.10943794250488281,
      -0.11523471027612686
    ],
    [
      0.192823588848114,
      0.19621269404888153,
      -0.04196050390601158,
      0.2109464406967163,
      -0.21784710884094238,
      -0.0017995057860389352,
      -0.17226386070251465,
      -0.14986927807331085,
      -0.1110633835196495,
      -0.11617205291986465
    ],
    [
      0.19190014898777008,
      0.1965082287788391,
      -0.04072584956884384,
      0.21077901124954224,
      -0.21839825809001923,
      -0.002965778112411499,
      -0.1723051816225052,
      -0.1489574909210205,
      -0.11214017122983932,
      -0.11749323457479477
    ],
    [
      0.19146360456943512,
      0.19660961627960205,
      -0.04033408686518669,
      0.21084387600421906,
      -0.21853333711624146,
      -0.003713633632287383,
      -0.17235131561756134,
      -0.14844582974910736,
      -0.11293143033981323,
      -0.11808068305253983
    ],
    [
      0.19099582731723785,
      0.1968747228384018,
      -0.03971358761191368,
      0.21067030727863312,
      -0.21884973347187042,
      -0.004056473262608051,
      -0.17244231700897217,
      -0.14792947471141815,
      -0.11336249113082886,
      -0.11866084486246109
    ],
    [
      0.1905573606491089,
      0.19728614389896393,
      -0.03966892510652542,
      0.21055370569229126,
      -0.21892422437667847,
      -0.004730199929326773,
      -0.17293782532215118,
      -0.14684461057186127,
      -0.11460793018341064,
      -0.11891552060842514
    ],
    [
      0.19018496572971344,
      0.197275772690773,
      -0.03897818177938461,
      0.21041353046894073,
      -0.21921025216579437,
      -0.0052576009184122086,
      -0.17283481359481812,
      -0.14658136665821075,
      -0.11486520618200302,
      -0.11963438987731934
    ],
    [
      0.18999230861663818,
      0.1973516196012497,
      -0.03868689760565758,
      0.2103312760591507,
      -0.2193482667207718,
      -0.005450300872325897,
      -0.17286396026611328,
      -0.14634832739830017,
      -0.11507122963666916,
      -0.11991611868143082
    ],
    [
      0.18979579210281372,
      0.19750382006168365,
      -0.0385650098323822,
      0.21031071245670319,
      -0.21941782534122467,
      -0.005653677973896265,
      -0.17298126220703125,
      -0.14604826271533966,
      -0.1154327318072319,
      -0.12006518989801407
    ],
    [
      0.1896008998155594,
      0.19760088622570038,
      -0.03835710510611534,
      0.21028457581996918,
      -0.21951055526733398,
      -0.005844749044626951,
      -0.17303133010864258,
      -0.1457885056734085,
      -0.11570758372545242,
      -0.12030023336410522
    ],
    [
      0.18945471942424774,
      0.1975938081741333,
      -0.03806519880890846,
      0.21034646034240723,
      -0.21961773931980133,
      -0.00600804528221488,
      -0.17291484773159027,
      -0.14582780003547668,
      -0.11575138568878174,
      -0.12056142836809158
    ],
    [
      0.18933449685573578,
      0.19767378270626068,
      -0.037860263139009476,
      0.21036414802074432,
      -0.21970826387405396,
      -0.005994855891913176,
      -0.1728765368461609,
      -0.1458125114440918,
      -0.11574807018041611,
      -0.12070027738809586
