{
  "tempos": [
    0.0,
    0.5,
    1.0,
    1.5,
    2.0,
    2.5,
    3.0,
    3.5,
    4.0,
    4.5,
    5.0,
    5.5,
    6.0,
    6.5,
    7.0,
    7.5,
    8.0,
    8.5,
    9.0,
    9.5,
    10.0
  ],
  "engajamentoneural": [
    65.66165825575612,
    71.72483395868277,
    78.65498573713037,
    82.22027061249526,
    81.8347269318296,
    78.56933583594086,
    74.11087457653873,
    70.1185149747932,
    67.3605148567828,
    65.70370044590247,
    64.69657982655792,
    63.96847628232132,
    63.30713221803227,
    62.61490285665222,
    61.871305035173286,
    61.09184163367324,
    60.251429242160334,
    59.2391816695888,
    57.972017495901305,
    56.632066035351954,
    55.7237442894306
  ],
  "cognitivedemand": [
    77.33262704440634,
    78.74085976686268,
    81.13217445981208,
    81.05239061823602,
    81.28565006353492,
    72.13865250893184,
    70.95258880843147,
    77.37518222073622,
    79.48490129300123,
    85.36535209641883,
    88.4189260994899,
    88.13453540539402,
    87.6207693769708,
    88.48876999291224,
    66.92501776199677,
    68.80665580862251,
    69.68866159724203,
    70.26539016592588,
    70.51372036223277,
    40.52109336366552,
    31.455024385097488
  ],
  "focus": [
    22.37227524518749,
    23.6971090156311,
    34.70501151181216,
    44.10680478898376,
    49.50394555984627,
    50.01845962921959,
    46.21832086817555,
    25.91802866372854,
    12.090780640964942,
    18.397796259964288,
    18.701147258549746,
    19.43448118470744,
    23.626347426125697,
    25.82636282313231,
    16.970704411251475,
    31.946768312197353,
    57.263224604387574,
    61.006449610958924,
    64.88959283975265,
    54.97231952675168,
    39.620962777490426
  ],
  "embeddings": [
    [
      0.1980358362197876,
      0.19166861474514008,
      -0.044064994901418686,
      0.2119794487953186,
      -0.21623589098453522,
      0.0048922281712293625,
      -0.1675214022397995,
      -0.16085217893123627,
      -0.09871730208396912,
      -0.11250128597021103
    ],
    [
      0.19819879531860352,
      0.19163119792938232,
      -0.04594476893544197,
      0.21279925107955933,
      -0.2153913527727127,
      0.0038817122112959623,
      -0.16826529800891876,
      -0.1597685068845749,
      -0.10106753557920456,
      -0.11173205822706223
    ],
    [
      0.19576291739940643,
      0.19042837619781494,
      -0.0394761823117733,
      0.211638405919075,
      -0.2182065099477768,
      0.0005365840625017881,
      -0.16632674634456635,
      -0.15953929722309113,
      -0.100780189037323,
      -0.11791121959686279
    ],
    [
      0.19397671520709991,
      0.19195158779621124,
      -0.03794560208916664,
      0.21143734455108643,
      -0.21901516616344452,
      -0.0011757266474887729,
      -0.16747327148914337,
      -0.1566891223192215,
      -0.10396572202444077,
      -0.11933637410402298
    ],
    [
      0.19299139082431793,
      0.19479547441005707,
      -0.04038405790925026,
      0.21134211122989655,
      -0.21831507980823517,
      -0.0018861452117562294,
      -0.1707557886838913,
      -0.1517619639635086,
      -0.10945374518632889,
      -0.11756634712219238
    ],
    [
      0.19239167869091034,
      0.1959161013364792,
      -0.040367793291807175,
      0.21123789250850677,
      -0.2184363752603531,
      -0.001682486035861075,
      -0.17160318791866302,
      -0.1504204422235489,
      -0.11073224991559982,
      -0.1174611821770668
    ],
    [
      0.19273704290390015,
      0.197418674826622,
      -0.04623602330684662,
      0.2119743973016739,
      -0.21597225964069366,
      -0.002789304358884692,
      -0.1750241070985794,
      -0.14584283530712128,
      -0.11691388487815857,
      -0.11404957622289658
    ],
    [
      0.1934359073638916,
      0.19407665729522705,
      -0.041943203657865524,
      0.21168909966945648,
      -0.2174074798822403,
      -0.0028656788635998964,
      -0.1708979457616806,
      -0.15182937681674957,
      -0.11020321398973465,
      -0.11704913526773453
    ],
    [
      0.19341818988323212,
      0.19234907627105713,
      -0.037899646908044815,
      0.21137112379074097,
      -0.21899044513702393,
      -0.002472459338605404,
      -0.1679188758134842,
      -0.15573924779891968,
      -0.10548344999551773,
      -0.11958589404821396
    ],
    [
      0.19428719580173492,
      0.19301378726959229,
      -0.04128146916627884,
      0.2120705097913742,
      -0.21754318475723267,
      -0.0022209142334759235,
      -0.16944782435894012,
      -0.15454651415348053,
      -0.10761057585477829,
      -0.11690083146095276
    ],
    [
      0.1943635195493698,
      0.19193720817565918,
      -0.03920675814151764,
      0.21183545887470245,
      -0.21835725009441376,
      -0.002353752963244915,
      -0.1680656522512436,
      -0.15625333786010742,
      -0.10554438829421997,
      -0.11834913492202759
    ],
    [
      0.1939636915922165,
      0.19206734001636505,
      -0.03887205198407173,
      0.21184957027435303,
      -0.21848762035369873,
      -0.0029209814965724945,
      -0.16810084879398346,
      -0.15574654936790466,
      -0.10624373704195023,
      -0.11880745738744736
    ],
    [
      0.19418443739414215,
      0.19243310391902924,
      -0.03997960314154625,
      0.2120458036661148,
      -0.21805323660373688,
      -0.0024708763230592012,
      -0.1686166375875473,
      -0.15534044802188873,
      -0.10674958676099777,
      -0.11784199625253677
    ],
    [
      0.19423525035381317,
      0.19271109998226166,
      -0.04053167998790741,
      0.21203435957431793,
      -0.21785421669483185,
      -0.002282831585034728,
      -0.1690053939819336,
      -0.15490896999835968,
      -0.10712841153144836,
      -0.11741618067026138
    ],
    [
      0.19363929331302643,
      0.19358281791210175,
      -0.04057234525680542,
      0.21164053678512573,
      -0.21801696717739105,
      -0.0026962801348417997,
      -0.16993661224842072,
      -0.15319588780403137,
      -0.10867103934288025,
      -0.11752880364656448
    ],
    [
      0.1934950202703476,
      0.19359737634658813,
      -0.04017923027276993,
      0.21154062449932098,
      -0.218186154961586,
      -0.0027828190941363573,
      -0.16983823478221893,
      -0.15317805111408234,
      -0.10860543698072433,
      -0.11785050481557846
    ],
    [
      0.19279813766479492,
      0.1939210742712021,
      -0.03931286931037903,
      0.21126966178417206,
      -0.2186332494020462,
      -0.003393079387024045,
      -0.1699816733598709,
      -0.15226879715919495,
      -0.10942854732275009,
      -0.1187477707862854
    ],
    [
      0.19272440671920776,
      0.19493411481380463,
      -0.04077579826116562,
      0.21145308017730713,
      -0.21808187663555145,
      -0.0030090713407844305,
      -0.17110921442508698,
      -0.15094594657421112,
      -0.11094677448272705,
      -0.11756500601768494
    ],
    [
      0.19274365901947021,
      0.19492870569229126,
      -0.040625911206007004,
      0.2114957571029663,
      -0.2181522399187088,
      -0.0028454046696424484,
      -0.17096053063869476,
      -0.15126577019691467,
      -0.1105978712439537,
      -0.1175612285733223
    ],
    [
      0.19295574724674225,
      0.1948722004890442,
      -0.04094836115837097,
      0.21154165267944336,
      -0.21803033351898193,
      -0.0026987195014953613,
      -0.17099629342556,
      -0.15142349898815155,
      -0.1104588732123375,
      -0.11724579334259033
    ],
    [
      0.19343538582324982,
      0.19474075734615326,
      -0.0412551611661911,
      0.21162162721157074,
      -0.2178671807050705,
      -0.001859898678958416,
      -0.17073549330234528,
      -0.15227419137954712,
      -0.10935743898153305,
      -0.11664208769798279
    ],
    [
      0.19447141885757446,
      0.19437479972839355,
      -0.04288052022457123,
      0.21222692728042603,
      -0.21700681746006012,
      -0.0008196696289815009,
