{
  "tempos": [
    0.0,
    0.5,
    1.0,
    1.5,
    2.0,
    2.5,
    3.0,
    3.5,
    4.0,
    4.5,
    5.0,
    5.5,
    6.0,
    6.5,
    7.0,
    7.5,
    8.0,
    8.5,
    9.0,
    9.5,
    10.0
  ],
  "engajamentoneural": [
    65.95802933920292,
    72.22612300218425,
    79.65843823116454,
    84.0373042998259,
    84.8122355626848,
    82.93875733553875,
    79.61440428514364,
    76.06461730909395,
    73.15187611435108,
    71.15571816112363,
    69.930841535705,
    69.14861316501475,
    68.44187217866305,
    67.47692702020399,
    66.01049116783824,
    63.94591033943833,
    61.34476310518825,
    58.374107043024715,
    55.29791733982694,
    52.5912972228016,
    50.9527381189948
  ],
  "cognitivedemand": [
    41.119331058023434,
    53.23996178608273,
    55.5067238091067,
    57.85703988379764,
    56.87140449663841,
    57.564230796779434,
    62.4198811548971,
    61.585326693958024,
    62.44897124165374,
    51.524898558165035,
    58.889390643996634,
    60.13308017005898,
    56.93934936773045,
    55.99836477981202,
    54.79430325251401,
    43.341690677851204,
    28.006757440866487,
    30.4199024160955,
    30.541057092711945,
    30.541997146885162,
    30.25226424045402
  ],
  "focus": [
    24.257735562223665,
    51.07252330235185,
    50.30326878132933,
    57.02580520902361,
    63.43574160363621,
    63.84256738370829,
    59.482996720464264,
    53.339914509669924,
    58.47664024826785,
    61.591349269497805,
    60.185485585570795,
    58.09284434785705,
    57.63628471690106,
    58.02306107638534,
    58.51509483635566,
    54.3039922930536,
    42.170276411860264,
    51.1469911145447,
    48.564111708368316,
    41.90674447246514,
    32.38618797542236
  ],
  "embeddings": [
    [
      0.19543391466140747,
      0.19413404166698456,
      -0.041809070855379105,
      0.2104572206735611,
      -0.21772508323192596,
      0.003027699189260602,
      -0.16979922354221344,
      -0.15513747930526733,
      -0.10356789827346802,
      -0.11473450064659119
    ],
    [
      0.1901361495256424,
      0.19802111387252808,
      -0.03807899355888367,
      0.2099047154188156,
      -0.21964044868946075,
      -0.003098629182204604,
      -0.17252449691295624,
      -0.14688368141651154,
      -0.11379007250070572,
      -0.11931759864091873
    ],
    [
      0.18833975493907928,
      0.19775426387786865,
      -0.03429802134633064,
      0.20963843166828156,
      -0.2213500589132309,
      -0.004744299687445164,
      -0.17140239477157593,
      -0.14684832096099854,
      -0.1134786531329155,
      -0.12302037328481674
    ],
    [
      0.18709544837474823,
      0.1988990306854248,
      -0.03520522639155388,
      0.21012794971466064,
      -0.22081629931926727,
      -0.007492959499359131,
      -0.17308370769023895,
      -0.1433505415916443,
      -0.11859866976737976,
      -0.12330926209688187
    ],
    [
      0.18682104349136353,
      0.19759224355220795,
      -0.032223351299762726,
      0.2095719575881958,
      -0.22200779616832733,
      -0.008145897649228573,
      -0.17132051289081573,
      -0.14534755051136017,
      -0.11606014519929886,
      -0.1257506161928177
    ],
    [
      0.18624667823314667,
      0.19709278643131256,
      -0.03150435909628868,
      0.20952652394771576,
      -0.22228290140628815,
      -0.010426909662783146,
      -0.1714126318693161,
      -0.14429853856563568,
      -0.1176670491695404,
      -0.12724082171916962
    ],
    [
      0.18745611608028412,
      0.19566680490970612,
      -0.03256616368889809,
      0.21030724048614502,
      -0.22151821851730347,
      -0.010136689059436321,
      -0.1704411506652832,
      -0.14646212756633759,
      -0.11606821417808533,
      -0.12643034756183624
    ],
    [
      0.18796683847904205,
      0.19400660693645477,
      -0.029837563633918762,
      0.210155189037323,
      -0.22253651916980743,
      -0.009154041297733784,
      -0.1678440123796463,
      -0.15058445930480957,
      -0.11121011525392532,
      -0.1277938038110733
    ],
    [
      0.19094683229923248,
      0.19241784512996674,
      -0.032313454896211624,
      0.2114548236131668,
      -0.2212042659521103,
      -0.005597757641226053,
      -0.1662081629037857,
      -0.15574710071086884,
      -0.10612232238054276,
      -0.12425532937049866
    ],
    [
      0.190080925822258,
      0.19305185973644257,
      -0.03060757927596569,
      0.21093671023845673,
      -0.22201500833034515,
      -0.005317399278283119,
      -0.16595706343650818,
      -0.15552575886249542,
      -0.10578583925962448,
      -0.12530617415905
    ],
    [
      0.19019705057144165,
      0.19527770578861237,
      -0.03570258244872093,
      0.21101213991641998,
      -0.220262810587883,
      -0.006050819996744394,
      -0.1701941043138504,
      -0.14982999861240387,
      -0.11222051829099655,
      -0.12213727086782455
    ],
    [
      0.19104067981243134,
      0.194037064909935,
      -0.03569159284234047,
      0.2111222743988037,
      -0.22010505199432373,
      -0.005583830643445253,
      -0.16907727718353271,
      -0.15194924175739288,
      -0.1099533811211586,
      -0.122064508497715
    ],
    [
      0.19078631699085236,
      0.19453853368759155,
      -0.035542335361242294,
      0.21113282442092896,
      -0.22022242844104767,
      -0.005188270006328821,
      -0.16923034191131592,
      -0.15176911652088165,
      -0.11004680395126343,
      -0.12191165238618851
    ],
    [
      0.1919821947813034,
      0.1948714256286621,
      -0.03932857885956764,
      0.21188890933990479,
      -0.21851365268230438,
      -0.003947287332266569,
      -0.17033453285694122,
      -0.15152107179164886,
      -0.11086621135473251,
      -0.11890354752540588
    ],
    [
      0.19311101734638214,
      0.19327174127101898,
      -0.03780556842684746,
      0.2120731621980667,
      -0.21900783479213715,
      -0.002104085171595216,
      -0.16797107458114624,
      -0.15592877566814423,
      -0.10580635815858841,
      -0.1190122738480568
    ],
    [
      0.19371551275253296,
      0.19336150586605072,
      -0.038319315761327744,
      0.2123124748468399,
      -0.21879027783870697,
      -0.0007510709692724049,
      -0.16772745549678802,
      -0.156903475522995,
      -0.10463976860046387,
      -0.11793061345815659
    ],
    [
      0.19359351694583893,
      0.19443874061107635,
      -0.040411558002233505,
      0.21254940330982208,
      -0.21793027222156525,
      -0.0008320926572196186,
      -0.16933870315551758,
      -0.15456782281398773,
      -0.10740049928426743,
      -0.1166430339217186
    ],
    [
      0.19424378871917725,
      0.1935046911239624,
      -0.04103143885731697,
      0.2128506898880005,
      -0.21746915578842163,
      -0.0012515541166067123,
      -0.16886146366596222,
      -0.15557652711868286,
      -0.10686251521110535,
      -0.11633876711130142
    ],
    [
      0.19522595405578613,
      0.19165925681591034,
      -0.039832666516304016,
      0.21304766833782196,
      -0.2177862673997879,
      -0.00030034538940526545,
      -0.16670268774032593,
      -0.15925849974155426,
      -0.10282788425683975,
      -0.11688128858804703
    ],
    [
      0.19552339613437653,
      0.19213084876537323,
      -0.040560659021139145,
      0.213142991065979,
      -0.21753259003162384,
      0.0007543959654867649,
      -0.16698293387889862,
      -0.15942539274692535,
      -0.10246971994638443,
      -0.11582285165786743
    ],
    [
      0.19496376812458038,
      0.19381272792816162,
      -0.04242977499961853,
      0.212959423661232,
      -0.21700863540172577,
      0.00031647257856093347,
      -0.16925688087940216,
      -0.1558283418416977,
      -0.10616567730903625,
      -0.11476082354784012
    ],
    [
      0.19464434683322906,
      0.1944459229707718,
      -0.043328508734703064,
      0.21280056238174438,
      -0.2167380005121231,
      -0.0002590495569165796,
