{
  "tempos": [
    0.0,
    0.5,
    1.0,
    1.5,
    2.0,
    2.5,
    3.0,
    3.5,
    4.0,
    4.5,
    5.0,
    5.5,
    6.0,
    6.5,
    7.0,
    7.5,
    8.0,
    8.5,
    9.0,
    9.5,
    10.0
  ],
  "engajamentoneural": [
    64.10568086236938,
    70.5663978076214,
    78.12035116518665,
    82.23749357464261,
    82.20252776341658,
    78.98058094717553,
    74.11359839782287,
    69.33497610749491,
    65.7187033731745,
    63.40873373708622,
    62.05656035719406,
    61.24791793755785,
    60.66570100435118,
    60.115672812821984,
    59.51638508060644,
    58.84603435262961,
    58.046030012107295,
    56.98013603631331,
    55.57408391700393,
    54.067287834077405,
    53.04636622058799
  ],
  "cognitivedemand": [
    71.3465797305084,
    71.90252817386613,
    79.96502949520514,
    82.67781014207742,
    82.39219858271815,
    81.9555813996543,
    83.07956124899329,
    84.97047197318142,
    85.43645618723082,
    85.45540320101955,
    86.22075180976142,
    85.77004571333568,
    83.26038839285975,
    86.32394539378814,
    64.79684304229644,
    66.43691491864995,
    67.52435935659933,
    67.94885596059274,
    68.28724015581587,
    39.89117092305184,
    30.01220735803507
  ],
  "focus": [
    25.70606750017528,
    23.9960453592398,
    32.41955925475234,
    28.16116590653905,
    27.860661084253994,
    36.9912952941074,
    33.84539874178892,
    20.741831247712895,
    14.907492581126556,
    22.57709884017586,
    28.664549262218806,
    34.08875526269952,
    32.76583495517589,
    21.09254424100937,
    11.5465657978572,
    19.609861716134585,
    49.239824905844564,
    55.55930794353058,
    55.357502428736964,
    47.416315290720966,
    36.21120291912825
  ],
  "embeddings": [
    [
      0.20054836571216583,
      0.1944790482521057,
      -0.05043090507388115,
      0.21261169016361237,
      -0.21405863761901855,
      0.011217123828828335,
      -0.1705562323331833,
      -0.16030830144882202,
      -0.09842211753129959,
      -0.10492873191833496
    ],
    [
      0.19813664257526398,
      0.2001272588968277,
      -0.05555883049964905,
      0.21286775171756744,
      -0.21257074177265167,
      0.0095277214422822,
      -0.17708002030849457,
      -0.14993594586849213,
      -0.10995204001665115,
      -0.10198985785245895
    ],
    [
      0.19672374427318573,
      0.20125514268875122,
      -0.05799387767910957,
      0.21263325214385986,
      -0.21168626844882965,
      0.005739109590649605,
      -0.18006594479084015,
      -0.14380022883415222,
      -0.11722194403409958,
      -0.1025385856628418
    ],
    [
      0.19758139550685883,
      0.1944274753332138,
      -0.04930800199508667,
      0.21260595321655273,
      -0.2144671082496643,
      0.004279471002519131,
      -0.17202095687389374,
      -0.15444929897785187,
      -0.10618432611227036,
      -0.10934016108512878
    ],
    [
      0.19719474017620087,
      0.1934526115655899,
      -0.045553673058748245,
      0.21224696934223175,
      -0.21601760387420654,
      0.004394598305225372,
      -0.16988956928253174,
      -0.15699636936187744,
      -0.10298353433609009,
      -0.11173369735479355
    ],
    [
      0.19671720266342163,
      0.19714371860027313,
      -0.050494492053985596,
      0.21283598244190216,
      -0.21423369646072388,
      0.004799421411007643,
      -0.17420923709869385,
      -0.15141072869300842,
      -0.10966066271066666,
      -0.10773366689682007
    ],
    [
      0.19641797244548798,
      0.1975177675485611,
      -0.0522419810295105,
      0.21295799314975739,
      -0.21346116065979004,
      0.0032784121576696634,
      -0.17555101215839386,
      -0.14892683923244476,
      -0.11285340040922165,
      -0.10746708512306213
    ],
    [
      0.19639605283737183,
      0.1954783946275711,
      -0.04849264398217201,
      0.2126997709274292,
      -0.2148231714963913,
      0.0029978519305586815,
      -0.17272549867630005,
      -0.15252628922462463,
      -0.10869166254997253,
      -0.1102505698800087
    ],
    [
      0.1968255639076233,
      0.19498801231384277,
      -0.04844551160931587,
      0.21291841566562653,
      -0.21474194526672363,
      0.00322542036883533,
      -0.17221789062023163,
      -0.15353281795978546,
      -0.10783746093511581,
      -0.11003697663545609
    ],
    [
      0.19721053540706635,
      0.19426824152469635,
      -0.047228049486875534,
      0.2129979133605957,
      -0.21520622074604034,
      0.00382249616086483,
      -0.17093448340892792,
      -0.15578195452690125,
      -0.10533418506383896,
      -0.11038568615913391
    ],
    [
      0.19704894721508026,
      0.19638501107692719,
      -0.04987029731273651,
      0.2131872922182083,
      -0.21433936059474945,
      0.004688170272856951,
      -0.17329806089401245,
      -0.1528550088405609,
      -0.10851413756608963,
      -0.10799572616815567
    ],
    [
      0.19823092222213745,
      0.19593454897403717,
      -0.05196678638458252,
      0.21377797424793243,
      -0.21328134834766388,
      0.005730355158448219,
      -0.17327778041362762,
      -0.15382269024848938,
      -0.10785623639822006,
      -0.1061696782708168
    ],
    [
      0.19884853065013885,
      0.19533760845661163,
      -0.052314043045043945,
      0.2139340192079544,
      -0.21304316818714142,
      0.006402716506272554,
      -0.17272405326366425,
      -0.1551104336977005,
      -0.10648071765899658,
      -0.10569729655981064
    ],
    [
      0.19911761581897736,
      0.19528687000274658,
      -0.052954744547605515,
      0.21390528976917267,
      -0.21278642117977142,
      0.006660990417003632,
      -0.17294876277446747,
      -0.15501071512699127,
      -0.10650675743818283,
      -0.10523262619972229
    ],
    [
      0.19902777671813965,
      0.195365309715271,
      -0.0530003160238266,
      0.2137155383825302,
      -0.21282386779785156,
      0.006459345575422049,
      -0.17318469285964966,
      -0.15460504591464996,
      -0.10687282681465149,
      -0.1052747592329979
    ],
    [
      0.1992998719215393,
      0.19491362571716309,
      -0.05254537984728813,
      0.21367593109607697,
      -0.21298672258853912,
      0.006732753943651915,
      -0.17261344194412231,
      -0.15563024580478668,
      -0.1056981310248375,
      -0.10540886968374252
    ],
    [
      0.19914187490940094,
      0.19478435814380646,
      -0.05102157220244408,
      0.21347849071025848,
      -0.21368657052516937,
      0.007344265002757311,
      -0.17177337408065796,
      -0.15662531554698944,
      -0.10412106662988663,
      -0.10613901168107986
    ],
    [
      0.19902776181697845,
      0.19703491032123566,
      -0.05485375598073006,
      0.21368180215358734,
      -0.21232090890407562,
      0.007754739839583635,
      -0.17490655183792114,
      -0.15266995131969452,
      -0.10849031805992126,
      -0.10338660329580307
    ],
    [
      0.19963014125823975,
      0.19687487185001373,
      -0.056003034114837646,
      0.21393926441669464,
      -0.21177314221858978,
      0.008223172277212143,
      -0.174988254904747,
      -0.15311352908611298,
      -0.10818815976381302,
      -0.10243693739175797
    ],
    [
      0.19986224174499512,
      0.19650495052337646,
      -0.055657774209976196,
      0.2139097899198532,
      -0.2118983268737793,
      0.008626936934888363,
      -0.17446093261241913,
      -0.15405763685703278,
      -0.10703285783529282,
      -0.10254678875207901
    ],
    [
      0.1992114782333374,
      0.1973753720521927,
      -0.05532240495085716,
      0.21359826624393463,
      -0.2121914178133011,
      0.008310379460453987,
      -0.17507433891296387,
      -0.15278351306915283,
      -0.10806465148925781,
      -0.10280286520719528
    ],
    [
      0.1988394409418106,
      0.19761045277118683,
      -0.05488203465938568,
      0.213464617729187,
      -0.21239887177944183,
      0.00791265070438385,
      -0.17520099878311157,
