{
  "tempos": [
    0.0,
    0.5,
    1.0,
    1.5,
    2.0,
    2.5,
    3.0,
    3.5,
    4.0,
    4.5,
    5.0,
    5.5,
    6.0,
    6.5,
    7.0,
    7.5,
    8.0,
    8.5,
    9.0,
    9.5,
    10.0,
    10.5,
    11.0,
    11.5,
    12.0,
    12.5,
    13.0,
    13.5,
    14.0,
    14.5,
    15.0
  ],
  "engajamentoneural": [
    40.01901771649884,
    48.642992116052916,
    62.12229610772779,
    73.84474497580224,
    80.29433169356425,
    82.21944651352804,
    81.37415055631945,
    79.22234508353573,
    76.86195886623861,
    74.93618600805776,
    73.64224090487666,
    72.90133863616344,
    72.53884689786855,
    72.38697405303323,
    72.32661999961668,
    72.2942719563527,
    72.27079457887832,
    72.25918307039323,
    72.26161381505037,
    72.26847206794253,
    72.26298393418004,
    72.23355904843525,
    72.18369237736324,
    72.13354385883311,
    72.10939534292291,
    72.12166208313366,
    72.1418826515402,
    72.10261607179864,
    71.94598800962207,
    71.70246505118153,
    71.51074488185454
  ],
  "cognitivedemand": [
    20.639220809923877,
    28.866867923074146,
    64.31623133210509,
    69.93705327686801,
    74.46121408470866,
    75.65838215130198,
    75.66865721071159,
    75.72824386418738,
    75.74586607751866,
    75.83459158235365,
    75.82813549352642,
    75.799348384735,
    75.78084059021847,
    75.82836781041783,
    75.8299261033217,
    75.89792613787125,
    75.92537907613539,
    76.00674936093415,
    76.01134016108165,
    76.08368598254617,
    76.15884500785224,
    76.22990173449378,
    76.1688514525701,
    76.20364780669897,
    76.20956378082619,
    76.28645480799918,
    76.28370675933233,
    76.36056998871739,
    76.38514567035527,
    76.45947897445902,
    76.38780986589767
  ],
  "focus": [
    7.874023895791824,
    7.9020691535603085,
    13.083857737546163,
    9.840058969855912,
    25.24949195706889,
    21.93171352817062,
    17.159224454083898,
    10.602608541466072,
    10.069121821965593,
    10.804912433189738,
    11.135579021644109,
    11.137499089232996,
    11.311367177766238,
    11.341870237551888,
    10.8947428693453,
    10.102737885301012,
    10.08024976745851,
    10.40216663688077,
    10.223688100463594,
    9.720851908271728,
    9.804358145930689,
    10.088712544016051,
    10.141628372400007,
    9.52669185415875,
    9.718864486445772,
    9.811532496638355,
    10.06701968215381,
    9.430103660649186,
    9.514989340546693,
    9.496191160260658,
    9.414066179363548
  ],
  "embeddings": [
    [
      0.19779236614704132,
      0.1970045566558838,
      -0.05462910607457161,
      0.20948760211467743,
      -0.2135092169046402,
      0.0024967482313513756,
      -0.17896109819412231,
      -0.14485925436019897,
      -0.11472910642623901,
      -0.10596121102571487
    ],
    [
      0.1985708475112915,
      0.19021950662136078,
      -0.04784168303012848,
      0.20970360934734344,
      -0.21498656272888184,
      0.00018191228446085006,
      -0.1711578220129013,
      -0.1548473984003067,
      -0.10487117618322372,
      -0.11253110319375992
    ],
    [
      0.199188694357872,
      0.18685458600521088,
      -0.03988460823893547,
      0.2111029028892517,
      -0.21768879890441895,
      0.0034890288952738047,
      -0.16350077092647552,
      -0.16652023792266846,
      -0.09250804781913757,
      -0.11605709791183472
    ],
    [
      0.1974582076072693,
      0.19215363264083862,
      -0.044382136315107346,
      0.21197490394115448,
      -0.2163161188364029,
      0.003219611244276166,
      -0.16874302923679352,
      -0.15876297652721405,
      -0.10159864276647568,
      -0.11250198632478714
    ],
    [
      0.19658897817134857,
      0.19276709854602814,
      -0.045017898082733154,
      0.2119905948638916,
      -0.21602793037891388,
      0.0014153501251712441,
      -0.16987241804599762,
      -0.1561720073223114,
      -0.10485464334487915,
      -0.11304662376642227
    ],
    [
      0.19563786685466766,
      0.19216983020305634,
      -0.04176425561308861,
      0.21160288155078888,
      -0.21736645698547363,
      0.0005026098224334419,
      -0.16848224401474,
      -0.1571434885263443,
      -0.10356948524713516,
      -0.11572617292404175
    ],
    [
      0.19497978687286377,
      0.1929318904876709,
      -0.04170546308159828,
      0.21163636445999146,
      -0.21745024621486664,
      -0.0001540832017781213,
      -0.16912876069545746,
      -0.155729740858078,
      -0.10526152700185776,
      -0.11596804112195969
    ],
    [
      0.19435544312000275,
      0.19334517419338226,
      -0.04135194420814514,
      0.21158146858215332,
      -0.21762888133525848,
      -0.0009480604785494506,
      -0.1694977730512619,
      -0.154640331864357,
      -0.10655659437179565,
      -0.11655672639608383
    ],
    [
      0.19377176463603973,
      0.19366514682769775,
      -0.0407429076731205,
      0.21145838499069214,
      -0.21792477369308472,
      -0.0016406140057370067,
      -0.16969256103038788,
      -0.1538384109735489,
      -0.10745641589164734,
      -0.11723566800355911
    ],
    [
      0.19332057237625122,
      0.19384776055812836,
      -0.04028879478573799,
      0.21137858927249908,
      -0.21812765300273895,
      -0.0022645473945885897,
      -0.16981948912143707,
      -0.1532171368598938,
      -0.10819839686155319,
      -0.11781150102615356
    ],
    [
      0.19294364750385284,
      0.19371294975280762,
      -0.03942904621362686,
      0.211321160197258,
      -0.21845698356628418,
      -0.0028718223329633474,
      -0.16954226791858673,
      -0.15319208800792694,
      -0.10831323266029358,
      -0.11866512149572372
    ],
    [
      0.19257159531116486,
      0.19383801519870758,
      -0.03866451978683472,
      0.2112276554107666,
      -0.2188035398721695,
      -0.0031533867586404085,
      -0.16941769421100616,
      -0.15305756032466888,
      -0.10839873552322388,
      -0.11927151679992676
    ],
    [
      0.1924031376838684,
      0.19408650696277618,
      -0.038894232362508774,
      0.21131713688373566,
      -0.21870893239974976,
      -0.0034336692187935114,
      -0.16971437633037567,
      -0.15250377357006073,
      -0.10915078967809677,
      -0.11921411007642746
    ],
    [
      0.19218021631240845,
      0.19391365349292755,
      -0.03827747330069542,
      0.2112528681755066,
      -0.21894042193889618,
      -0.0038215580862015486,
      -0.16945545375347137,
      -0.15259121358394623,
      -0.10909473896026611,
      -0.11982899904251099
    ],
    [
      0.1918550729751587,
      0.19384866952896118,
      -0.03759912773966789,
      0.2111339122056961,
      -0.21922914683818817,
      -0.004306753631681204,
      -0.16931398212909698,
      -0.1524473875761032,
      -0.10926058888435364,
      -0.1205022931098938
    ],
    [
      0.19167596101760864,
      0.19384147226810455,
      -0.03736215829849243,
      0.21108627319335938,
      -0.21932709217071533,
      -0.004641106817871332,
      -0.16932731866836548,
      -0.1522110551595688,
      -0.10954838991165161,
      -0.12082036584615707
    ],
    [
      0.1914350986480713,
      0.19375544786453247,
      -0.03676258400082588,
      0.21100366115570068,
      -0.21957416832447052,
      -0.005040630232542753,
      -0.1691625565290451,
      -0.1521809995174408,
      -0.1095910295844078,
      -0.12138751894235611
    ],
    [
      0.19126087427139282,
      0.19388240575790405,
      -0.036603618413209915,
      0.2109784632921219,
      -0.21965621411800385,
      -0.005219222512096167,
      -0.16924254596233368,
      -0.1519240289926529,
      -0.1098792552947998,
      -0.12155303359031677
    ],
    [
      0.1912098377943039,
      0.1941816210746765,
      -0.0369519479572773,
      0.21096961200237274,
      -0.2195553183555603,
      -0.0052134073339402676,
      -0.16960686445236206,
      -0.15142376720905304,
      -0.11040068417787552,
