{
  "tempos": [
    0.0,
    0.5,
    1.0,
    1.5,
    2.0,
    2.5,
    3.0,
    3.5,
    4.0,
    4.5,
    5.0,
    5.5,
    6.0,
    6.5,
    7.0,
    7.5,
    8.0,
    8.5,
    9.0,
    9.5,
    10.0,
    10.5,
    11.0,
    11.5,
    12.0,
    12.5,
    13.0,
    13.5,
    14.0,
    14.5,
    15.0
  ],
  "engajamentoneural": [
    64.24686377635847,
    71.35676049368425,
    79.9605631793839,
    85.23580278927996,
    86.55784408063727,
    84.9224323143128,
    81.44537427385741,
    77.4417595526532,
    74.09244244934159,
    71.92585527166237,
    70.82595829104963,
    70.39856104943092,
    70.2872166594564,
    70.29265545200514,
    70.3454701452506,
    70.43019204839864,
    70.53027686753315,
    70.61619825205743,
    70.66477407072345,
    70.6805626292804,
    70.69133629369546,
    70.71646291817319,
    70.74222694182154,
    70.73506620272093,
    70.67355281510247,
    70.55352961418562,
    70.3596620763785,
    70.05032659546919,
    69.60436894058275,
    69.10692971696899,
    68.76355026892588
  ],
  "cognitivedemand": [
    24.97124036463348,
    49.071708668213816,
    64.61555058435691,
    68.33635032156253,
    70.01160531720674,
    70.09334812590315,
    69.88625327040413,
    69.7275291629134,
    69.65491705537174,
    68.50259401793465,
    69.36095810899795,
    70.90155914882145,
    70.19984560641265,
    70.23059872927779,
    70.06123269075788,
    69.91086966666266,
    69.844653533057,
    69.7348617465461,
    69.58933817696973,
    69.61964629414751,
    59.405113145347116,
    69.33683064162796,
    75.94223884809503,
    77.48029071962408,
    77.61739153334938,
    77.55656325522195,
    77.38893205810275,
    77.02129389341069,
    76.88955988042662,
    76.40777901908824,
    76.30262151901665
  ],
  "focus": [
    11.712718743825025,
    33.0917864931966,
    17.93394309475744,
    12.006850762585572,
    36.199457322165095,
    41.87378076942576,
    29.45986533987782,
    21.491753875290016,
    18.645029120031005,
    35.761570341093815,
    36.12204800132166,
    22.809271145777096,
    14.25299274321641,
    11.672225288512099,
    12.348367286290893,
    12.801331120938181,
    12.311249848697566,
    12.083003190586806,
    12.28977823543207,
    11.958345387464126,
    13.240965979647875,
    17.2164412962146,
    11.234187823340582,
    14.641330797761775,
    17.524551487158416,
    19.822082506662912,
    17.249276528253567,
    13.817979043328693,
    15.107983565961927,
    16.780787667334486,
    15.172085797632151
  ],
  "embeddings": [
    [
      0.2010752409696579,
      0.1937021166086197,
      -0.051187559962272644,
      0.21184368431568146,
      -0.21402059495449066,
      0.009477696381509304,
      -0.1713830828666687,
      -0.15867896378040314,
      -0.09996172040700912,
      -0.1047535240650177
    ],
    [
      0.19830161333084106,
      0.1959151029586792,
      -0.0514318086206913,
      0.21249009668827057,
      -0.21386246383190155,
      0.00616844417527318,
      -0.1734144538640976,
      -0.15369188785552979,
      -0.10650097578763962,
      -0.10635147243738174
    ],
    [
      0.1977463811635971,
      0.19631481170654297,
      -0.05137617513537407,
      0.21269679069519043,
      -0.21384966373443604,
      0.005667898803949356,
      -0.17374400794506073,
      -0.15278618037700653,
      -0.10763587802648544,
      -0.10676443576812744
    ],
    [
      0.19748878479003906,
      0.19594722986221313,
      -0.05066949129104614,
      0.2127818912267685,
      -0.21406781673431396,
      0.0051557933911681175,
      -0.17332766950130463,
      -0.1529899686574936,
      -0.10758063942193985,
      -0.10759332031011581
    ],
    [
      0.1970190554857254,
      0.19527976214885712,
      -0.04921939596533775,
      0.2127426415681839,
      -0.21454356610774994,
      0.00396760506555438,
      -0.1725456863641739,
      -0.1534479558467865,
      -0.10741933435201645,
      -0.10911806672811508
    ],
    [
      0.19668252766132355,
      0.19490230083465576,
      -0.047731880098581314,
      0.21274177730083466,
      -0.21507030725479126,
      0.0036132819950580597,
      -0.17166000604629517,
      -0.1543276607990265,
      -0.10652881860733032,
      -0.11022818088531494
    ],
    [
      0.19612734019756317,
      0.19634117186069489,
      -0.04880702495574951,
      0.21268343925476074,
      -0.21480071544647217,
      0.00339877069927752,
      -0.1732933074235916,
      -0.15179161727428436,
      -0.10924365371465683,
      -0.10952407866716385
    ],
    [
      0.19577014446258545,
      0.19627536833286285,
      -0.04816707968711853,
      0.21266929805278778,
      -0.21507130563259125,
      0.0026686794590204954,
      -0.17319095134735107,
      -0.1515176147222519,
      -0.10972543805837631,
      -0.11025679856538773
    ],
    [
      0.1956302672624588,
      0.1954796463251114,
      -0.04669004678726196,
      0.21246181428432465,
      -0.21561384201049805,
      0.0022223694249987602,
      -0.17213870584964752,
      -0.15260405838489532,
      -0.10848462581634521,
      -0.11144896596670151
    ],
    [
      0.19523824751377106,
      0.19521363079547882,
      -0.04574024677276611,
      0.2124878168106079,
      -0.21595978736877441,
      0.0014699924504384398,
      -0.1717468500137329,
      -0.15273639559745789,
      -0.10852164775133133,
      -0.1124400720000267
    ],
    [
      0.19511930644512177,
      0.1949603110551834,
      -0.04488905891776085,
      0.21245239675045013,
      -0.21626366674900055,
      0.0013886134838685393,
      -0.17116856575012207,
      -0.15339875221252441,
      -0.10777353495359421,
      -0.11303607374429703
    ],
    [
      0.19473683834075928,
      0.19483701884746552,
      -0.04389847815036774,
      0.2124498337507248,
      -0.2166651487350464,
      0.0009491303935647011,
      -0.17076905071735382,
      -0.15352410078048706,
      -0.10774502158164978,
      -0.11391418427228928
    ],
    [
      0.19459110498428345,
      0.1952122300863266,
      -0.0441436730325222,
      0.21242038905620575,
      -0.21663300693035126,
      0.0008362482185475528,
      -0.17120254039764404,
      -0.15283352136611938,
      -0.10847113281488419,
      -0.11374597996473312
    ],
    [
      0.1948016881942749,
      0.195023775100708,
      -0.044007062911987305,
      0.21244466304779053,
      -0.21665696799755096,
      0.0013501417124643922,
      -0.17079448699951172,
      -0.1536765694618225,
      -0.10747528821229935,
      -0.11363121122121811
    ],
    [
      0.1942620873451233,
      0.19601459801197052,
      -0.04446752741932869,
      0.2122960090637207,
      -0.2165881246328354,
      0.0011461559915915132,
      -0.17180316150188446,
      -0.15190543234348297,
      -0.10922771692276001,
      -0.11338061839342117
    ],
    [
      0.19395600259304047,
      0.19631429016590118,
      -0.044622957706451416,
      0.2122860699892044,
      -0.21656043827533722,
      0.00048185387277044356,
      -0.17234666645526886,
      -0.1508009433746338,
      -0.11056096106767654,
      -0.11358257383108139
    ],
    [
      0.1946392059326172,
      0.19623659551143646,
      -0.04594598338007927,
      0.21277505159378052,
      -0.21590034663677216,
      0.0011210959637537599,
      -0.17252355813980103,
      -0.15131305158138275,
      -0.11041238158941269,
      -0.11241739988327026
    ],
    [
      0.19508714973926544,
      0.19537003338336945,
      -0.04544905200600624,
      0.21287675201892853,
      -0.21599264442920685,
      0.0014325827360153198,
      -0.1715303510427475,
      -0.15298400819301605,
      -0.10859888046979904,
      -0.11265182495117188
    ],
    [
      0.19525153934955597,
      0.19535331428050995,
      -0.04573134705424309,
      0.21298766136169434,
      -0.21584224700927734,
      0.0017256770515814424,
      -0.1714981645345688,
      -0.15324115753173828,
      -0.10837545990943909,
