{
  "tempos": [
    0.0,
    0.5,
    1.0,
    1.5,
    2.0,
    2.5,
    3.0,
    3.5,
    4.0,
    4.5,
    5.0,
    5.5,
    6.0,
    6.5,
    7.0,
    7.5,
    8.0,
    8.5,
    9.0,
    9.5,
    10.0,
    10.5,
    11.0,
    11.5,
    12.0,
    12.5,
    13.0,
    13.5,
    14.0,
    14.5,
    15.0
  ],
  "engajamentoneural": [
    50.43795981924004,
    57.03185837402563,
    66.40864890753241,
    73.97242104231039,
    77.95295835795632,
    79.00584618895701,
    78.35358411102429,
    77.0134630028148,
    75.64339458289906,
    74.55429511883538,
    73.79911420427155,
    73.29005881749974,
    72.90482925587858,
    72.5540826223878,
    72.20300330058097,
    71.85791532662702,
    71.54073760451746,
    71.26913655549856,
    71.04847875804059,
    70.86932879657482,
    70.7028358814935,
    70.49628888324652,
    70.16881666586848,
    69.60020369922823,
    68.6222798478981,
    67.05046126320661,
    64.76484580318318,
    61.80156963674174,
    58.452357105536265,
    55.36787371101155,
    53.46711216366693
  ],
  "cognitivedemand": [
    21.59712334381207,
    33.762743879036144,
    38.856490675127155,
    37.809721795372276,
    45.89131752897897,
    59.57113336169723,
    60.254054432836234,
    61.7320966186941,
    51.817843309239535,
    61.50317260634668,
    64.2782858969852,
    65.31503683399683,
    63.44608303930416,
    68.51442551877632,
    69.94823495634641,
    68.09434830202251,
    69.4209262996389,
    69.37078994257635,
    68.1261927960582,
    59.14403874210142,
    56.58955685596321,
    58.96335396903646,
    59.85387383715462,
    57.933867070594744,
    58.47208217822746,
    59.38678793845584,
    26.88171439294158,
    30.387692211665605,
    34.03591735549553,
    35.88696793044192,
    35.80412523890654
  ],
  "focus": [
    12.965056251670305,
    23.329278249935214,
    53.96118836548458,
    51.24744628411578,
    27.67139128467335,
    24.188866020106556,
    55.989349403014145,
    44.5515444525716,
    31.773330913120144,
    16.93354819910777,
    28.142077232163043,
    52.71282180430527,
    59.44836893332309,
    33.79072561064362,
    15.223258976615329,
    25.35493015909821,
    37.4963228024667,
    40.26444343118358,
    53.41269721053123,
    49.64102919440195,
    51.08562611594089,
    30.88265323020397,
    39.42609232778883,
    53.75512743882886,
    47.10226887244916,
    24.810489082585377,
    19.723434321055667,
    22.556792573165442,
    18.424106499693533,
    16.54024624176674,
    15.678210867954189
  ],
  "embeddings": [
    [
      0.19838416576385498,
      0.1983453631401062,
      -0.05208064615726471,
      0.21066980063915253,
      -0.21423374116420746,
      0.00858982838690281,
      -0.17608673870563507,
      -0.15084318816661835,
      -0.10787290334701538,
      -0.10431298613548279
    ],
    [
      0.19745172560214996,
      0.1997215300798416,
      -0.05395856499671936,
      0.2109994888305664,
      -0.21333563327789307,
      0.007630329113453627,
      -0.17787472903728485,
      -0.14756236970424652,
      -0.11154233664274216,
      -0.10376685112714767
    ],
    [
      0.19841252267360687,
      0.19702506065368652,
      -0.05472936853766441,
      0.21197594702243805,
      -0.2124224454164505,
      0.006499821785837412,
      -0.17601130902767181,
      -0.15058426558971405,
      -0.10949256271123886,
      -0.10432814806699753
    ],
    [
      0.19957268238067627,
      0.19271624088287354,
      -0.050270792096853256,
      0.21247142553329468,
      -0.21372516453266144,
      0.006589697673916817,
      -0.17071734368801117,
      -0.15839076042175293,
      -0.10164675116539001,
      -0.10743207484483719
    ],
    [
      0.19948942959308624,
      0.1923026591539383,
      -0.04945330694317818,
      0.21250860393047333,
      -0.2140030860900879,
      0.006376496981829405,
      -0.17013882100582123,
      -0.15906135737895966,
      -0.10109901428222656,
      -0.10795576125383377
    ],
    [
      0.19996599853038788,
      0.19044071435928345,
      -0.04559170827269554,
      0.21269936859607697,
      -0.2153921276330948,
      0.007179634645581245,
      -0.16642536222934723,
      -0.16453340649604797,
      -0.09535866230726242,
      -0.10977723449468613
    ],
    [
      0.19969719648361206,
      0.18817870318889618,
      -0.04018936678767204,
      0.21234732866287231,
      -0.21769678592681885,
      0.006165375467389822,
      -0.16314496099948883,
      -0.1682082861661911,
      -0.09099168330430984,
      -0.11399608850479126
    ],
    [
      0.19785062968730927,
      0.1936071664094925,
      -0.04711784049868584,
      0.21233659982681274,
      -0.21533679962158203,
      0.004595865495502949,
      -0.17061059176921844,
      -0.1567191481590271,
      -0.10371427983045578,
      -0.11012128740549088
    ],
    [
      0.19732342660427094,
      0.1928246021270752,
      -0.04591425135731697,
      0.2122127264738083,
      -0.21569783985614777,
      0.002753753215074539,
      -0.1700114607810974,
      -0.15679430961608887,
      -0.10414590686559677,
      -0.1118510439991951
    ],
    [
      0.19744820892810822,
      0.19247663021087646,
      -0.043789297342300415,
      0.21238893270492554,
      -0.21640412509441376,
      0.004507606849074364,
      -0.16795887053012848,
      -0.16009877622127533,
      -0.10024777799844742,
      -0.11236000806093216
    ],
    [
      0.1962951421737671,
      0.19467265903949738,
      -0.04492468014359474,
      0.2125207632780075,
      -0.2160920649766922,
      0.004031037446111441,
      -0.1701945662498474,
      -0.15625429153442383,
      -0.10447186976671219,
      -0.11169327050447464
    ],
    [
      0.19549421966075897,
      0.19546465575695038,
      -0.045238226652145386,
      0.2126571089029312,
      -0.21594202518463135,
      0.0028217968065291643,
      -0.17104721069335938,
      -0.15430575609207153,
      -0.10688068717718124,
      -0.11200716346502304
    ],
    [
      0.1951330155134201,
      0.19576752185821533,
      -0.044576600193977356,
      0.21236711740493774,
      -0.2163151651620865,
      0.002537892200052738,
      -0.17123444378376007,
      -0.15375939011573792,
      -0.10730836540460587,
      -0.1125456690788269
    ],
    [
      0.19445882737636566,
      0.19551973044872284,
      -0.04390253126621246,
      0.21230049431324005,
      -0.2165583223104477,
      0.0009758583619259298,
      -0.17134420573711395,
      -0.15275196731090546,
      -0.10869019478559494,
      -0.11384309083223343
    ],
    [
      0.19446420669555664,
      0.19378255307674408,
      -0.042630184441804886,
      0.21233172714710236,
      -0.21685145795345306,
      -0.0007995893829502165,
      -0.1700616329908371,
      -0.15404872596263885,
      -0.10789559036493301,
      -0.11567723751068115
    ],
    [
      0.19347281754016876,
      0.19086076319217682,
      -0.034982528537511826,
      0.21155543625354767,
      -0.2199103832244873,
      -0.002615228993818164,
      -0.16555826365947723,
      -0.15879042446613312,
      -0.10224366188049316,
      -0.12163203954696655
    ],
    [
      0.1930040568113327,
      0.1929561346769333,
      -0.038438212126493454,
      0.2117367386817932,
      -0.2186310887336731,
      -0.003011775203049183,
      -0.16859476268291473,
      -0.15446837246418,
      -0.10739028453826904,
      -0.1193721666932106
    ],
    [
      0.19265811145305634,
      0.19134552776813507,
      -0.03681819513440132,
      0.21169383823871613,
      -0.21902956068515778,
      -0.0052369446493685246,
      -0.16737012565135956,
      -0.15533138811588287,
      -0.10715630650520325,
      -0.12175371497869492
    ],
    [
      0.1923113614320755,
      0.19003017246723175,
      -0.03159935772418976,
      0.21101973950862885,
      -0.22121477127075195,
      -0.003939313348382711,
      -0.164046049118042,
      -0.15971441566944122,
      -0.10116583853960037,
