{
  "tempos": [
    0.0,
    0.5,
    1.0,
    1.5,
    2.0,
    2.5,
    3.0,
    3.5,
    4.0,
    4.5,
    5.0,
    5.5,
    6.0,
    6.5,
    7.0,
    7.5,
    8.0,
    8.5,
    9.0,
    9.5,
    10.0,
    10.5,
    11.0,
    11.5,
    12.0,
    12.5,
    13.0,
    13.5,
    14.0,
    14.5,
    15.0
  ],
  "engajamentoneural": [
    40.99479578308982,
    47.53897472983678,
    58.15495397937924,
    68.56998655728333,
    75.7714542001724,
    79.420945172673,
    80.44277482124234,
    79.83941026486124,
    78.43944633117263,
    76.87824287159438,
    75.53753231838454,
    74.53711238674715,
    73.83214379454466,
    73.33819336502194,
    73.00096781636847,
    72.79540210477032,
    72.70122447117157,
    72.6965694166525,
    72.76898033839228,
    72.91744534286877,
    73.13015981222179,
    73.34903560379006,
    73.44203973109569,
    73.20128471950058,
    72.37906983445298,
    70.76758723055026,
    68.29563391834009,
    65.09311808549387,
    61.53754976143206,
    58.31834606382481,
    56.35416017590986
  ],
  "cognitivedemand": [
    23.171739482590475,
    31.50853065248378,
    32.031073542192274,
    27.803826184863233,
    61.744266518804324,
    66.10807876819875,
    66.9387769048993,
    61.990360992728824,
    56.94790114909171,
    60.678313285182405,
    61.46306104058095,
    61.8905269212704,
    61.4997416610797,
    50.05371871166967,
    57.95894844655387,
    65.48052943924885,
    68.1529127515997,
    68.64286949013206,
    68.07727966419836,
    68.12570419840516,
    53.91251603806725,
    67.7442275713848,
    75.45412018534884,
    75.26255257130146,
    73.99409925762987,
    71.22575039407285,
    27.57481559491933,
    32.41951300635754,
    37.490738894494314,
    39.81589593592552,
    39.832101616212135
  ],
  "focus": [
    32.52254387608903,
    58.923310164534435,
    66.48093990151324,
    56.81502419317829,
    26.48769721813811,
    62.48824594358439,
    56.77219596714226,
    46.00451723064238,
    52.626826397132,
    50.905844145506634,
    63.858911066081326,
    64.46921092238996,
    63.29168244840702,
    65.04599370055716,
    67.60691127258778,
    68.06192076416846,
    68.94227737098768,
    77.4446996852419,
    71.09995501727623,
    70.0522459820883,
    74.28954560501938,
    85.28465072873644,
    76.19353600848994,
    53.255521588110895,
    51.451647199128885,
    66.44891412134157,
    40.519906186633094,
    22.904513634078615,
    26.348937706196267,
    27.76646712998756,
    22.681336215003345
  ],
  "embeddings": [
    [
      0.19693291187286377,
      0.19436733424663544,
      -0.04485929012298584,
      0.20947174727916718,
      -0.21654175221920013,
      0.002592601114884019,
      -0.17200426757335663,
      -0.15320147573947906,
      -0.10590150207281113,
      -0.11132209748029709
    ],
    [
      0.19419538974761963,
      0.1938205361366272,
      -0.038305800408124924,
      0.20837867259979248,
      -0.21944232285022736,
      -0.0004513169114943594,
      -0.17016132175922394,
      -0.15305738151073456,
      -0.10550148040056229,
      -0.11751171946525574
    ],
    [
      0.19461357593536377,
      0.19739623367786407,
      -0.045247066766023636,
      0.2097705602645874,
      -0.21708618104457855,
      0.00279982085339725,
      -0.17433534562587738,
      -0.14900647103786469,
      -0.10981020331382751,
      -0.11193123459815979
    ],
    [
      0.19542719423770905,
      0.1984545737504959,
      -0.05089736357331276,
      0.2109210044145584,
      -0.21453039348125458,
      0.0030046775937080383,
      -0.17697866261005402,
      -0.1464482992887497,
      -0.11346939951181412,
      -0.10858231037855148
    ],
    [
      0.1951250582933426,
      0.19632641971111298,
      -0.0480535626411438,
      0.2106158584356308,
      -0.21525345742702484,
      0.0017058299854397774,
      -0.17464010417461395,
      -0.14913998544216156,
      -0.11109528690576553,
      -0.11150159686803818
    ],
    [
      0.19888053834438324,
      0.1889461874961853,
      -0.04703254625201225,
      0.21265308558940887,
      -0.21443240344524384,
      0.0012956932187080383,
      -0.1679309457540512,
      -0.16056621074676514,
      -0.10121810436248779,
      -0.11280929297208786
    ],
    [
      0.199074849486351,
      0.18304449319839478,
      -0.03403913974761963,
      0.21182258427143097,
      -0.2195531278848648,
      0.0016779376892372966,
      -0.15851713716983795,
      -0.17277316749095917,
      -0.08658710867166519,
      -0.12117799371480942
    ],
    [
      0.19856739044189453,
      0.1872538924217224,
      -0.03996479511260986,
      0.21245737373828888,
      -0.21747927367687225,
      0.0022846506908535957,
      -0.16351549327373505,
      -0.16620735824108124,
      -0.09463274478912354,
      -0.11605633050203323
    ],
    [
      0.19831496477127075,
      0.18698328733444214,
      -0.04069935902953148,
      0.21249520778656006,
      -0.21708054840564728,
      0.00045170789235271513,
      -0.1641823798418045,
      -0.1648017019033432,
      -0.09679616242647171,
      -0.11665274947881699
    ],
    [
      0.19813424348831177,
      0.18646953999996185,
      -0.039923835545778275,
      0.21256081759929657,
      -0.21728633344173431,
      6.510162347694859e-05,
      -0.16351763904094696,
      -0.1655394434928894,
      -0.09625782817602158,
      -0.1173795536160469
    ],
    [
      0.19853614270687103,
      0.18459220230579376,
      -0.03778226673603058,
      0.21257680654525757,
      -0.2179710417985916,
      0.0001020645722746849,
      -0.16116033494472504,
      -0.16893719136714935,
      -0.09252861142158508,
      -0.11893406510353088
    ],
    [
      0.199463352560997,
      0.18136771023273468,
      -0.03229447081685066,
      0.212032750248909,
      -0.22012770175933838,
      0.0014109439216554165,
      -0.15642191469669342,
      -0.17617660760879517,
      -0.08371596783399582,
      -0.12203516811132431
    ],
    [
      0.19853508472442627,
      0.18577659130096436,
      -0.03533744066953659,
      0.21208803355693817,
      -0.21940064430236816,
      0.0029485616832971573,
      -0.1602933555841446,
      -0.17085258662700653,
      -0.08899366855621338,
      -0.11853014677762985
    ],
    [
      0.19788742065429688,
      0.18993151187896729,
      -0.03931141272187233,
      0.21220886707305908,
      -0.21816329658031464,
      0.00481770234182477,
      -0.16427306830883026,
      -0.16560207307338715,
      -0.09417611360549927,
      -0.11477339267730713
    ],
    [
      0.19722525775432587,
      0.1944422870874405,
      -0.04757966473698616,
      0.21251530945301056,
      -0.21511894464492798,
      0.003921794705092907,
      -0.17128455638885498,
      -0.15556126832962036,
      -0.10553306341171265,
      -0.109873466193676
    ],
    [
      0.19808988273143768,
      0.19059842824935913,
      -0.043826162815093994,
      0.2123999446630478,
      -0.2163105458021164,
      0.003129681572318077,
      -0.1671203374862671,
      -0.16138382256031036,
      -0.09936889261007309,
      -0.11307576298713684
    ],
    [
      0.19824236631393433,
      0.19146357476711273,
      -0.04647545516490936,
      0.21268528699874878,
      -0.21518456935882568,
      0.003403615904971957,
      -0.1687909960746765,
      -0.15936265885829926,
      -0.1018519327044487,
      -0.11125373095273972
    ],
    [
      0.1986456662416458,
      0.18721407651901245,
      -0.03941357135772705,
      0.2118941992521286,
      -0.21788986027240753,
      0.003069118596613407,
      -0.16327717900276184,
      -0.1667015105485916,
      -0.09323996305465698,
      -0.11640441417694092
    ],
    [
      0.19845986366271973,
      0.1885850876569748,
      -0.03942311182618141,
      0.21195612847805023,
      -0.21802465617656708,
      0.004517287015914917,
      -0.1636417955160141,
      -0.1665191799402237,
      -0.09303406625986099,
