{
  "tempos": [
    0.0,
    0.5,
    1.0,
    1.5,
    2.0,
    2.5,
    3.0,
    3.5,
    4.0,
    4.5,
    5.0,
    5.5,
    6.0,
    6.5,
    7.0,
    7.5,
    8.0,
    8.5,
    9.0,
    9.5,
    10.0,
    10.5,
    11.0,
    11.5,
    12.0,
    12.5,
    13.0,
    13.5,
    14.0,
    14.5,
    15.0
  ],
  "engajamentoneural": [
    48.101115304352845,
    57.03307385516956,
    69.6166630483415,
    79.06518050200727,
    83.2300708325599,
    83.37991512654264,
    81.10654758281402,
    77.80814496440532,
    74.62181402680142,
    72.16342057325028,
    70.53924068012971,
    69.58700791951082,
    69.08449356585649,
    68.84292833469078,
    68.73050186627856,
    68.66603835950761,
    68.60663246531095,
    68.53574030998664,
    68.45144858880239,
    68.35593006894216,
    68.24990612790671,
    68.1340259737952,
    68.0131018538931,
    67.89590490166735,
    67.78455095925308,
    67.65603396363832,
    67.44975873692562,
    67.08567510539993,
    66.53535810313849,
    65.91526398369639,
    65.48753958883049
  ],
  "cognitivedemand": [
    20.647932443034552,
    28.989826299542788,
    48.28873966703287,
    56.30218673464178,
    65.12704957281083,
    72.002826164168,
    71.90821825010406,
    72.01652406653311,
    71.89435128895887,
    72.20953122313372,
    73.04087311923877,
    73.6510864669385,
    73.36473496640286,
    73.38527591551644,
    73.36078011237768,
    73.6130636055902,
    73.53765184261343,
    73.56098777749634,
    73.38742395224918,
    73.5400505053087,
    73.57150891872443,
    73.99883792211281,
    73.92520160555354,
    73.86810856435909,
    73.72318015257906,
    73.76285806359523,
    73.61179714639273,
    73.92935647832296,
    73.96241949499161,
    74.01183751682477,
    73.88409729564398
  ],
  "focus": [
    12.375559202125238,
    9.944552379112286,
    15.895691839169542,
    21.506504920601436,
    21.28085132802781,
    10.638236245665887,
    14.212845510251952,
    20.656687843174485,
    20.42088402744169,
    20.859854727013847,
    23.51758443930224,
    21.78282424628215,
    20.921914718246853,
    20.96211536345703,
    23.141814432779658,
    20.938452543348088,
    21.77849149426584,
    21.856488581028984,
    23.86291843374442,
    22.987840455729373,
    21.529405990570332,
    21.367244615875066,
    19.206584244885093,
    22.948731492493668,
    28.21034628338243,
    31.452926387197206,
    31.704846360634875,
    27.791435572408762,
    26.354709776900325,
    24.00309805663913,
    25.01476751006508
  ],
  "embeddings": [
    [
      0.19654656946659088,
      0.19691835343837738,
      -0.05260835215449333,
      0.20908962190151215,
      -0.21422399580478668,
      -0.000245862320298329,
      -0.17890429496765137,
      -0.14346225559711456,
      -0.11689949035644531,
      -0.10808534175157547
    ],
    [
      0.19530938565731049,
      0.18981657922267914,
      -0.03827609121799469,
      0.20779366791248322,
      -0.21918392181396484,
      -0.0037775328382849693,
      -0.16868974268436432,
      -0.15489304065704346,
      -0.10368072986602783,
      -0.11975664645433426
    ],
    [
      0.1936844140291214,
      0.1895667314529419,
      -0.03481276333332062,
      0.20877301692962646,
      -0.22051839530467987,
      -0.004928173031657934,
      -0.1668122261762619,
      -0.1564759463071823,
      -0.10314662009477615,
      -0.12272917479276657
    ],
    [
      0.19214171171188354,
      0.19156326353549957,
      -0.03439487889409065,
      0.2093164175748825,
      -0.22077757120132446,
      -0.005470679607242346,
      -0.1677524298429489,
      -0.15446998178958893,
      -0.10592296719551086,
      -0.12299880385398865
    ],
    [
      0.1913844347000122,
      0.19335885345935822,
      -0.03567974641919136,
      0.2097080945968628,
      -0.220345139503479,
      -0.005745360627770424,
      -0.1693442016839981,
      -0.15189991891384125,
      -0.10901597887277603,
      -0.12212404608726501
    ],
    [
      0.19101135432720184,
      0.19402587413787842,
      -0.03568136692047119,
      0.2098979949951172,
      -0.22038353979587555,
      -0.005608402192592621,
      -0.1696297973394394,
      -0.15128572285175323,
      -0.10969159752130508,
      -0.1220647320151329
    ],
    [
      0.19075192511081696,
      0.19477182626724243,
      -0.03626050055027008,
      0.2099757343530655,
      -0.22020089626312256,
      -0.005641736090183258,
      -0.1703435629606247,
      -0.15014804899692535,
      -0.11093395948410034,
      -0.12164786458015442
    ],
    [
      0.19062741100788116,
      0.19528745114803314,
      -0.03682057932019234,
      0.20998091995716095,
      -0.22002427279949188,
      -0.005654824431985617,
      -0.17093424499034882,
      -0.14927025139331818,
      -0.11184704303741455,
      -0.12125556915998459
    ],
    [
      0.19066619873046875,
      0.19530147314071655,
      -0.0369722954928875,
      0.21005602180957794,
      -0.21995103359222412,
      -0.005576225463300943,
      -0.17095041275024414,
      -0.1492670774459839,
      -0.11186828464269638,
      -0.12115038186311722
    ],
    [
      0.19040854275226593,
      0.19508624076843262,
      -0.036206211894750595,
      0.2100684493780136,
      -0.22022469341754913,
      -0.005921883974224329,
      -0.17056475579738617,
      -0.1494942307472229,
      -0.11170900613069534,
      -0.12186330556869507
    ],
    [
      0.18996663391590118,
      0.19553326070308685,
      -0.036101773381233215,
      0.20988668501377106,
      -0.22035634517669678,
      -0.006502850446850061,
      -0.17109225690364838,
      -0.14836221933364868,
      -0.11288005113601685,
      -0.12215331196784973
    ],
    [
      0.18975865840911865,
      0.1954745501279831,
      -0.035794563591480255,
      0.20986948907375336,
      -0.22046776115894318,
      -0.0069155325181782246,
      -0.17104721069335938,
      -0.14817309379577637,
      -0.11316671967506409,
      -0.1225757971405983
    ],
    [
      0.1897369772195816,
      0.19547496736049652,
      -0.03569284453988075,
      0.20984847843647003,
      -0.22051632404327393,
      -0.0069038583897054195,
      -0.171011283993721,
      -0.14821410179138184,
      -0.11309979110956192,
      -0.1226278617978096
    ],
    [
      0.18980365991592407,
      0.19572566449642181,
      -0.03620759770274162,
      0.20988614857196808,
      -0.22031980752944946,
      -0.00676156347617507,
      -0.17134444415569305,
      -0.14786365628242493,
      -0.11348363012075424,
      -0.12219222635030746
    ],
    [
      0.18979190289974213,
      0.19576697051525116,
      -0.03630613535642624,
      0.20986564457416534,
      -0.22028903663158417,
      -0.006793165113776922,
      -0.17143891751766205,
      -0.14772666990756989,
      -0.11362399905920029,
      -0.1221478059887886
    ],
    [
      0.19000165164470673,
      0.1952660232782364,
      -0.03606304153800011,
      0.21002750098705292,
      -0.2203005999326706,
      -0.006677575409412384,
      -0.17088164389133453,
      -0.1485973447561264,
      -0.11282039433717728,
      -0.1223280057311058
    ],
    [
      0.19004012644290924,
      0.1951724886894226,
      -0.03580085560679436,
      0.21010446548461914,
      -0.22038884460926056,
      -0.0064558847807347775,
      -0.1705990880727768,
      -0.14905834197998047,
      -0.11233433336019516,
      -0.12240610271692276
    ],
    [
      0.19011980295181274,
      0.19538335502147675,
      -0.03631129860877991,
      0.21017350256443024,
      -0.2201905995607376,
      -0.00631766626611352,
      -0.1709042638540268,
      -0.14872965216636658,
      -0.11271876096725464,
      -0.12198855727910995
    ],
    [
      0.19028909504413605,
      0.19520322978496552,
      -0.036455459892749786,
      0.2102658599615097,
      -0.2200881987810135,
      -0.006199847906827927,
      -0.17077051103115082,
      -0.14904721081256866,
      -0.11244916170835495,
