{
  "tempos": [
    0.0,
    0.5,
    1.0,
    1.5,
    2.0,
    2.5,
    3.0,
    3.5,
    4.0,
    4.5,
    5.0,
    5.5,
    6.0
  ],
  "engajamentoneural": [
    76.41945163056806,
    79.41875206744375,
    82.74870809393863,
    84.22282696449366,
    83.40056229541233,
    80.8446836113538,
    77.53767212163433,
    74.42736795710651,
    72.02640489558941,
    70.38295400064835,
    69.31970313581854,
    68.6627848991799,
    68.33691158371464
  ],
  "cognitivedemand": [
    60.915655269644496,
    66.50798746419179,
    67.25941841145115,
    67.39815587791078,
    67.54255685452617,
    67.42725000599604,
    67.86104853531803,
    68.3881771381988,
    71.64854637017868,
    71.59855166614717,
    71.98633042006054,
    72.75296394218967,
    73.07861850780753
  ],
  "focus": [
    33.47456056029444,
    37.262209428826765,
    42.36666816626593,
    51.9004734237177,
    59.6996673244643,
    60.74455058243672,
    52.462358323682864,
    37.41848614538145,
    30.307466081040847,
    19.420315195190124,
    15.859702544436942,
    22.248619656377116,
    34.32538676950063
  ],
  "embeddings": [
    [
      0.19637133181095123,
      0.19050659239292145,
      -0.04097337648272514,
      0.21188890933990479,
      -0.21729962527751923,
      0.0010232451604679227,
      -0.16670680046081543,
      -0.15923382341861725,
      -0.10162347555160522,
      -0.11629170924425125
    ],
    [
      0.1924862414598465,
      0.19352400302886963,
      -0.03784598410129547,
      0.21169328689575195,
      -0.21893787384033203,
      -0.0028975000604987144,
      -0.16859187185764313,
      -0.15388275682926178,
      -0.1079280897974968,
      -0.11966624855995178
    ],
    [
      0.19358451664447784,
      0.19391775131225586,
      -0.04037884250283241,
      0.21218031644821167,
      -0.21791516244411469,
      -0.001185258268378675,
      -0.1692872792482376,
      -0.15427295863628387,
      -0.10744783282279968,
      -0.11710240691900253
    ],
    [
      0.19336436688899994,
      0.19426272809505463,
      -0.04057430848479271,
      0.2121342271566391,
      -0.21785499155521393,
      -0.0015211483696475625,
      -0.16965149343013763,
      -0.15365521609783173,
      -0.10813385248184204,
      -0.11708751320838928
    ],
    [
      0.19311398267745972,
      0.19413912296295166,
      -0.03990958258509636,
      0.21190160512924194,
      -0.21821372210979462,
      -0.00213971477933228,
      -0.16960042715072632,
      -0.15351584553718567,
      -0.10824000835418701,
      -0.1177578866481781
    ],
    [
      0.19315750896930695,
      0.19403685629367828,
      -0.039736922830343246,
      0.21182596683502197,
      -0.21830369532108307,
      -0.00199446571059525,
      -0.16938132047653198,
      -0.1538781374692917,
      -0.107765793800354,
      -0.11779674142599106
    ],
    [
      0.1928883045911789,
      0.19370831549167633,
      -0.038728587329387665,
      0.21168945729732513,
      -0.21868406236171722,
      -0.002575776306912303,
      -0.16896994411945343,
      -0.1540890485048294,
      -0.10761535912752151,
      -0.11874771863222122
    ],
    [
      0.1929088830947876,
      0.19422703981399536,
      -0.03952067717909813,
      0.21169495582580566,
      -0.21842963993549347,
      -0.002333651063963771,
      -0.16963617503643036,
      -0.15322065353393555,
      -0.10845679044723511,
      -0.11808273196220398
    ],
    [
      0.19202910363674164,
      0.19512468576431274,
      -0.038970500230789185,
      0.21141637861728668,
      -0.2188049554824829,
      -0.002984304679557681,
      -0.17033623158931732,
      -0.15161769092082977,
      -0.11002257466316223,
      -0.11868089437484741
    ],
    [
      0.19260810315608978,
      0.19590890407562256,
      -0.04143720865249634,
      0.21184803545475006,
      -0.21779118478298187,
      -0.002050893846899271,
      -0.17152975499629974,
      -0.15065588057041168,
      -0.11112859845161438,
      -0.11660757660865784
    ],
    [
      0.19302773475646973,
      0.1953415870666504,
      -0.04160730913281441,
      0.2119862586259842,
      -0.21762733161449432,
      -0.0020297968294471502,
      -0.17112915217876434,
      -0.15148882567882538,
      -0.1105031743645668,
      -0.11649653315544128
    ],
    [
      0.19315005838871002,
      0.19504278898239136,
      -0.041148778051137924,
      0.21184678375720978,
      -0.21782736480236053,
      -0.001950373058207333,
      -0.17079861462116241,
      -0.15202687680721283,
      -0.10972686856985092,
      -0.11674331873655319
    ],
    [
      0.19367463886737823,
      0.19390098750591278,
      -0.04042505845427513,
      0.2120603322982788,
      -0.2179623693227768,
      -0.0017690532840788364,
      -0.16953639686107635,
      -0.15409807860851288,
      -0.10773064941167831,
      -0.11717300862073898
    ],
    [
      0.1942271739244461,
      0.1936611533164978,
      -0.04071231558918953,
      0.21234802901744843,
      -0.21777653694152832,
      -0.0008892553742043674,
      -0.16910184919834137,
      -0.15524083375930786,
      -0.10655520111322403,
      -0.11651676893234253
    ],
    [
      0.19418708980083466,
      0.19407229125499725,
      -0.041037898510694504,
      0.21244384348392487,
      -0.2176794558763504,
      -0.0005435799830593169,
      -0.16936297714710236,
      -0.15496006608009338,
      -0.10680828243494034,
      -0.1161394938826561
    ],
    [
      0.1935320645570755,
      0.195444718003273,
      -0.04165635257959366,
      0.21229825913906097,
      -0.21759317815303802,
      -0.0007303126039914787,
      -0.1706937998533249,
      -0.1527223140001297,
      -0.10906102508306503,
      -0.11571238189935684
    ],
    [
      0.19290083646774292,
      0.19634300470352173,
      -0.042068954557180405,
      0.21204745769500732,
      -0.2175665944814682,
      -0.0012933159014210105,
      -0.1718023419380188,
      -0.15074487030506134,
      -0.1110546812415123,
      -0.11573189496994019
    ],
    [
      0.19266881048679352,
      0.1962389349937439,
      -0.041870687156915665,
      0.2118874043226242,
      -0.21766793727874756,
      -0.0021076726261526346,
      -0.1719779372215271,
      -0.15018868446350098,
      -0.11170201748609543,
      -0.11621154099702835
    ]
  ]
}