{
  "tempos": [
    0.0,
    0.5,
    1.0,
    1.5,
    2.0,
    2.5,
    3.0,
    3.5,
    4.0,
    4.5,
    5.0,
    5.5,
    6.0,
    6.5,
    7.0,
    7.5,
    8.0,
    8.5,
    9.0,
    9.5,
    10.0,
    10.5,
    11.0,
    11.5,
    12.0,
    12.5,
    13.0,
    13.5,
    14.0,
    14.5,
    15.0
  ],
  "engajamentoneural": [
    68.62721553606788,
    75.62368643765159,
    83.66858031755461,
    88.25902153076528,
    89.18349229750879,
    87.38792935672913,
    83.71262569510169,
    79.22832957910707,
    75.05101022023713,
    71.83029094704794,
    69.65755655470058,
    68.31412587968643,
    67.51418580009383,
    67.02530927506051,
    66.69603840325316,
    66.44285217671597,
    66.22982181584712,
    66.05075851349255,
    65.91235867188406,
    65.81959717546815,
    65.7693367747113,
    65.75323409391731,
    65.76172210869727,
    65.78195567277298,
    65.79187155235925,
    65.75727016097296,
    65.63305761185624,
    65.37262069054283,
    64.96616978900754,
    64.50414743601004,
    64.18387176722906
  ],
  "cognitivedemand": [
    38.798071844985344,
    46.871485753946075,
    62.52543984141882,
    71.67800313504428,
    77.54744118387787,
    81.09761140963573,
    81.49571314628378,
    81.71137889306017,
    81.31515478626106,
    81.36163671356653,
    81.49182644739373,
    81.47384075298572,
    81.48433193233768,
    81.20592391051603,
    81.09204471072574,
    81.54013508726847,
    81.46354958074991,
    81.30964020374084,
    81.41417436856784,
    81.36989543314152,
    81.68029270936567,
    81.42293771897033,
    81.488994679395,
    81.64157401398829,
    81.6148736208531,
    81.67674049329645,
    81.52344282057108,
    81.4856083025061,
    81.73078853155015,
    81.82767600319957,
    81.66457996466404
  ],
  "focus": [
    34.1073010062983,
    61.41071615896423,
    71.39407016825082,
    14.114318389246067,
    15.794686826513662,
    17.876729576970963,
    19.171376685593522,
    9.376943189551445,
    9.24533460161276,
    9.17015738463201,
    11.114301266921926,
    13.707844104550833,
    12.427938122406273,
    10.6971578190603,
    11.570867825465522,
    14.042237008129169,
    14.34149874276186,
    12.705930851327954,
    10.952136060766444,
    10.137207463128552,
    9.860191308256008,
    11.221451561769054,
    12.288060486496672,
    13.01121923351139,
    13.734354857512747,
    14.964155752834879,
    15.129112907814166,
    14.92436802606359,
    14.783608688313834,
    15.255507751897934,
    14.357391640476871
  ],
  "embeddings": [
    [
      0.19667460024356842,
      0.19577519595623016,
      -0.044381033629179,
      0.21045871078968048,
      -0.21694062650203705,
      0.0051808166317641735,
      -0.1717626303434372,
      -0.15452022850513458,
      -0.10438533872365952,
      -0.1108701303601265
    ],
    [
      0.19456030428409576,
      0.2000468224287033,
      -0.050793785601854324,
      0.2116735428571701,
      -0.21453328430652618,
      0.001886900863610208,
      -0.177684023976326,
      -0.1448439061641693,
      -0.11669585108757019,
      -0.10809633135795593
    ],
    [
      0.19402174651622772,
      0.19667170941829681,
      -0.04740050435066223,
      0.21178074181079865,
      -0.21538950502872467,
      -0.0018678698688745499,
      -0.17464326322078705,
      -0.1475149393081665,
      -0.1151084303855896,
      -0.11255637556314468
    ],
    [
      0.19306330382823944,
      0.19245560467243195,
      -0.03853750228881836,
      0.21110086143016815,
      -0.21866083145141602,
      -0.004057122394442558,
      -0.16879290342330933,
      -0.15394730865955353,
      -0.10789232701063156,
      -0.11984476447105408
    ],
    [
      0.19163143634796143,
      0.1936894804239273,
      -0.03762295842170715,
      0.21098977327346802,
      -0.21918852627277374,
      -0.005662389565259218,
      -0.16976362466812134,
      -0.1514917016029358,
      -0.11086370795965195,
      -0.12084084004163742
    ],
    [
      0.19020450115203857,
      0.1946718841791153,
      -0.036266669631004333,
      0.21071259677410126,
      -0.21989643573760986,
      -0.007161751855164766,
      -0.17033489048480988,
      -0.14954803884029388,
      -0.11295298486948013,
      -0.12227064371109009
    ],
    [
      0.1895403116941452,
      0.19489073753356934,
      -0.035530123859643936,
      0.21054969727993011,
      -0.22023062407970428,
      -0.008187995292246342,
      -0.17052416503429413,
      -0.14862647652626038,
      -0.11403516680002213,
      -0.12320172041654587
    ],
    [
      0.18896527588367462,
      0.1948346346616745,
      -0.03431525453925133,
      0.21030263602733612,
      -0.2207588106393814,
      -0.009009229019284248,
      -0.17031539976596832,
      -0.14831183850765228,
      -0.11431462317705154,
      -0.12438345700502396
    ],
    [
      0.1884015053510666,
      0.1952323466539383,
      -0.033801838755607605,
      0.21015416085720062,
      -0.22103141248226166,
      -0.00963584054261446,
      -0.17061764001846313,
      -0.14738960564136505,
      -0.11528906226158142,
      -0.1249677836894989
    ],
    [
      0.18794964253902435,
      0.19553808867931366,
      -0.033435650169849396,
      0.2100123167037964,
      -0.22122883796691895,
      -0.010210360400378704,
      -0.17089690268039703,
      -0.1465711146593094,
      -0.1161503866314888,
      -0.12544888257980347
    ],
    [
      0.18773984909057617,
      0.1956888884305954,
      -0.03321428969502449,
      0.20998074114322662,
      -0.2213374227285385,
      -0.01038290560245514,
      -0.17096419632434845,
      -0.1462983340024948,
      -0.11642666906118393,
      -0.12568049132823944
    ],
    [
      0.18764428794384003,
      0.19579704105854034,
      -0.03339345380663872,
      0.21000683307647705,
      -0.22125740349292755,
      -0.010715472511947155,
      -0.17120595276355743,
      -0.1458539217710495,
      -0.1170477569103241,
      -0.12567594647407532
    ],
    [
      0.18753153085708618,
      0.1955530196428299,
      -0.032764170318841934,
      0.20989453792572021,
      -0.22151249647140503,
      -0.010946216993033886,
      -0.17089831829071045,
      -0.14610888063907623,
      -0.11670000106096268,
      -0.12623561918735504
    ],
    [
      0.18738162517547607,
      0.19571973383426666,
      -0.03276233375072479,
      0.20990316569805145,
      -0.22152431309223175,
      -0.011145566590130329,
      -0.1710517406463623,
      -0.14577604830265045,
      -0.11711809039115906,
      -0.126289963722229
    ],
    [
      0.18723130226135254,
      0.1958329677581787,
      -0.03257283195853233,
      0.2098240703344345,
      -0.22163359820842743,
      -0.011202205903828144,
      -0.17110644280910492,
      -0.14558912813663483,
      -0.11723027378320694,
      -0.12646211683750153
    ],
    [
      0.18725962936878204,
      0.19551241397857666,
      -0.032624855637550354,
      0.20978792011737823,
      -0.22155357897281647,
      -0.011843245476484299,
      -0.17113375663757324,
      -0.14538510143756866,
      -0.11766316741704941,
      -0.12670905888080597
    ],
    [
      0.1872473806142807,
      0.19491052627563477,
      -0.031573254615068436,
      0.2096766233444214,
      -0.22193379700183868,
      -0.011927922256290913,
      -0.17034077644348145,
      -0.14635615050792694,
      -0.11652608960866928,
      -0.12752677500247955
    ],
    [
      0.18695759773254395,
      0.19532835483551025,
      -0.031500011682510376,
      0.209647536277771,
      -0.2220274955034256,
      -0.012040787376463413,
      -0.17064064741134644,
      -0.14577776193618774,
      -0.11710793524980545,
      -0.12757617235183716
    ],
    [
      0.18700243532657623,
      0.19558857381343842,
      -0.03204268589615822,
      0.20971496403217316,
      -0.22182238101959229,
      -0.011943716555833817,
      -0.17099249362945557,
      -0.14538165926933289,
      -0.11758065223693848,
