{
  "tempos": [
    0.0,
    0.5,
    1.0,
    1.5,
    2.0,
    2.5,
    3.0,
    3.5,
    4.0,
    4.5,
    5.0,
    5.5,
    6.0,
    6.5,
    7.0,
    7.5,
    8.0,
    8.5,
    9.0,
    9.5,
    10.0,
    10.5,
    11.0,
    11.5,
    12.0,
    12.5,
    13.0,
    13.5,
    14.0,
    14.5,
    15.0
  ],
  "engajamentoneural": [
    37.55617629534822,
    42.51170689190279,
    50.7794986486478,
    59.491691472845375,
    66.25271909578207,
    70.28577229055388,
    71.97464144705258,
    72.09509484967603,
    71.43208920110426,
    70.59247345844297,
    69.8942465059738,
    69.39706106752752,
    69.05038261389136,
    68.82025825187681,
    68.70543910713106,
    68.68152516236941,
    68.68098022815245,
    68.6454567210371,
    68.58531924559432,
    68.58070856592953,
    68.72525865578713,
    69.04846513158776,
    69.45258260507556,
    69.70531780201415,
    69.51146419625131,
    68.63410803132334,
    66.99378479377063,
    64.69859070344822,
    62.05319960683669,
    59.605505845214864,
    58.09301432027465
  ],
  "cognitivedemand": [
    24.916252208668705,
    42.438581199548516,
    43.581577904918625,
    28.075349202370944,
    58.34628451420312,
    59.708648224321834,
    60.68281789651538,
    54.78757572605861,
    54.58603634272185,
    55.46841844859798,
    56.501661754100624,
    57.01767758493451,
    56.378954481913574,
    46.042156120480165,
    54.65702009410373,
    60.248839188511056,
    61.77632579571384,
    62.24152138970054,
    61.672706467689764,
    61.81524812422704,
    53.26823650563665,
    58.337602461659614,
    65.1650080232404,
    64.88869216172117,
    64.34491725366233,
    63.16033810386434,
    29.394664806897293,
    29.41980790929292,
    32.90847123437742,
    34.39344442330793,
    34.40477219743943
  ],
  "focus": [
    7.9772962915936585,
    11.024184435450794,
    13.294131408090884,
    8.903058068111742,
    18.49132592062671,
    47.09150370858699,
    41.151768923648504,
    28.862056094451045,
    44.9129424388306,
    53.76930011693394,
    62.25107576918063,
    64.20412697399357,
    59.994963157453256,
    58.965541918378705,
    54.463170617719655,
    53.70471334783481,
    45.360064805650005,
    44.32853873534201,
    34.779556603541124,
    34.156872562235456,
    53.71692994771094,
    70.01661495147148,
    58.202984464839346,
    42.095430468401986,
    39.042087977362826,
    46.10759557313847,
    46.8507281070379,
    36.654592900128556,
    44.735037722127515,
    41.71284978551172,
    35.766030720318184
  ],
  "embeddings": [
    [
      0.19389164447784424,
      0.19229239225387573,
      -0.036066651344299316,
      0.20831789076328278,
      -0.2202644795179367,
      -0.003569379448890686,
      -0.1690279096364975,
      -0.15332865715026855,
      -0.10625144839286804,
      -0.11942717432975769
    ],
    [
      0.19369132816791534,
      0.19415944814682007,
      -0.03770333155989647,
      0.20945318043231964,
      -0.21986611187458038,
      -0.00033456645905971527,
      -0.16965170204639435,
      -0.15359900891780853,
      -0.10574650764465332,
      -0.11785727739334106
    ],
    [
      0.19598375260829926,
      0.19742317497730255,
      -0.04695616289973259,
      0.21135884523391724,
      -0.21631217002868652,
      0.005258472636342049,
      -0.17356280982494354,
      -0.1517086774110794,
      -0.10769274830818176,
      -0.10955860465765
    ],
    [
      0.19751159846782684,
      0.19870032370090485,
      -0.05388842523097992,
      0.2126554250717163,
      -0.21325822174549103,
      0.006769190076738596,
      -0.17662078142166138,
      -0.1493607610464096,
      -0.11099959164857864,
      -0.10466676205396652
    ],
    [
      0.19600717723369598,
      0.19896531105041504,
      -0.05408121272921562,
      0.21143658459186554,
      -0.2131555825471878,
      0.00325208343565464,
      -0.17861787974834442,
      -0.14482860267162323,
      -0.1160835400223732,
      -0.10647526383399963
    ],
    [
      0.19746290147304535,
      0.19582103192806244,
      -0.053074732422828674,
      0.2124813348054886,
      -0.21287639439105988,
      0.003065473632887006,
      -0.17505650222301483,
      -0.15066266059875488,
      -0.11106118559837341,
      -0.10723507404327393
    ],
    [
      0.19778823852539062,
      0.19107498228549957,
      -0.04580545425415039,
      0.2117169350385666,
      -0.21552419662475586,
      0.0014900182140991092,
      -0.16938163340091705,
      -0.15785354375839233,
      -0.10291738063097,
      -0.11295095831155777
    ],
    [
      0.19799698889255524,
      0.18882296979427338,
      -0.04063427448272705,
      0.211561381816864,
      -0.21749889850616455,
      0.0030639804899692535,
      -0.1650310605764389,
      -0.16420865058898926,
      -0.09555790573358536,
      -0.1155908927321434
    ],
    [
      0.19744445383548737,
      0.1926218718290329,
      -0.045400530099868774,
      0.21205157041549683,
      -0.21590793132781982,
      0.0031890932004898787,
      -0.1696644425392151,
      -0.15791422128677368,
      -0.10286162048578262,
      -0.11185646802186966
    ],
    [
      0.1977258175611496,
      0.1933680772781372,
      -0.04867582395672798,
      0.21280179917812347,
      -0.21442817151546478,
      0.002953864634037018,
      -0.17124146223068237,
      -0.15597134828567505,
      -0.10576465725898743,
      -0.10985597223043442
    ],
    [
      0.19755089282989502,
      0.19171138107776642,
      -0.046069398522377014,
      0.21235357224941254,
      -0.21537233889102936,
      0.001991399796679616,
      -0.16938108205795288,
      -0.15799057483673096,
      -0.1033768430352211,
      -0.1122339591383934
    ],
    [
      0.19755859673023224,
      0.188298299908638,
      -0.04041030630469322,
      0.21168310940265656,
      -0.2174740880727768,
      0.0006690726731903851,
      -0.16517744958400726,
      -0.16318292915821075,
      -0.09750915318727493,
      -0.11674071103334427
    ],
    [
      0.19819118082523346,
      0.18807612359523773,
      -0.039356525987386703,
      0.21204012632369995,
      -0.21786653995513916,
      0.0026773184072226286,
      -0.16380232572555542,
      -0.1659419685602188,
      -0.0942305400967598,
      -0.1162625253200531
    ],
    [
      0.19879065454006195,
      0.1889585256576538,
      -0.04019896686077118,
      0.21235744655132294,
      -0.21763662993907928,
      0.005047009792178869,
      -0.16386227309703827,
      -0.16694653034210205,
      -0.09285715967416763,
      -0.11419785767793655
    ],
    [
      0.1974927932024002,
      0.1937132626771927,
      -0.04489302635192871,
      0.2121220827102661,
      -0.21625952422618866,
      0.004958758596330881,
      -0.16963274776935577,
      -0.1582159548997879,
      -0.10182427614927292,
      -0.1110021248459816
    ],
    [
      0.19738014042377472,
      0.19435016810894012,
      -0.047508079558610916,
      0.2121884822845459,
      -0.2152165323495865,
      0.003803809406235814,
      -0.1715381145477295,
      -0.15533320605754852,
      -0.10539370775222778,
      -0.1100478544831276
    ],
    [
      0.19792942702770233,
      0.19339464604854584,
      -0.04808290675282478,
      0.21229995787143707,
      -0.21479623019695282,
      0.004187610000371933,
      -0.17095233500003815,
      -0.15653130412101746,
      -0.10419446974992752,
      -0.10981035232543945
    ],
    [
      0.19774116575717926,
      0.19066159427165985,
      -0.04283510521054268,
      0.2115517258644104,
      -0.21684527397155762,
      0.0028514063451439142,
      -0.16759639978408813,
      -0.16039349138736725,
      -0.09960488229990005,
      -0.11407157778739929
    ],
    [
      0.19827555119991302,
      0.18963348865509033,
      -0.04082150757312775,
      0.21173729002475739,
      -0.21755540370941162,
      0.004031456541270018,
      -0.16539698839187622,
      -0.16394871473312378,
      -0.095500148832798,
