{
  "tempos": [
    0.0,
    0.5,
    1.0,
    1.5,
    2.0,
    2.5,
    3.0,
    3.5,
    4.0,
    4.5,
    5.0,
    5.5,
    6.0,
    6.5,
    7.0,
    7.5,
    8.0,
    8.5,
    9.0,
    9.5,
    10.0
  ],
  "engajamentoneural": [
    67.84358105946998,
    74.26637617988361,
    81.81003115473857,
    86.25946376248237,
    87.19215171940542,
    85.49001397903409,
    82.08589265338304,
    78.04429281329907,
    74.38390033769004,
    71.71661446331366,
    70.14698436657204,
    69.43399818801312,
    69.22685887847088,
    69.23296654520189,
    69.2659290952159,
    69.20485722215801,
    68.93036101534733,
    68.31197450431296,
    67.3113550636882,
    66.15500719737136,
    65.34815271640613
  ],
  "cognitivedemand": [
    35.75734106986171,
    49.24039803662358,
    50.02247928630805,
    50.0159918333336,
    49.17058536435607,
    47.86511525470547,
    50.66894843829405,
    51.588484253856095,
    42.13569202981777,
    60.42937477785089,
    61.105461774948196,
    68.56611468418389,
    69.00515781162852,
    67.42467784708982,
    68.68578245806256,
    58.70770667770276,
    58.733593161549294,
    59.021357805656386,
    56.37407655400537,
    53.137967165970956,
    30.338702580187164
  ],
  "focus": [
    23.927936518534633,
    44.52000781316303,
    39.98616947860091,
    29.833585873666173,
    46.78811717520621,
    51.425103395241194,
    44.601150735016475,
    43.6816605030889,
    36.060222254572146,
    41.85552573645344,
    59.276611426147404,
    55.0180021302501,
    50.625488060558524,
    56.23052411929782,
    60.20446306131168,
    61.66563472663499,
    58.52539208095191,
    60.55179139551592,
    60.428030819819334,
    62.53621423491823,
    56.54929867388025
  ],
  "embeddings": [
    [
      0.19134165346622467,
      0.1953323930501938,
      -0.03184075281023979,
      0.208976149559021,
      -0.22142213582992554,
      -0.0019200750393792987,
      -0.16823863983154297,
      -0.15292347967624664,
      -0.10655543208122253,
      -0.12141560763120651
    ],
    [
      0.18947042524814606,
      0.1992630511522293,
      -0.03861267864704132,
      0.21130025386810303,
      -0.2190423458814621,
      -0.004807146266102791,
      -0.1734200268983841,
      -0.1451687067747116,
      -0.11697732657194138,
      -0.11876881867647171
    ],
    [
      0.18736547231674194,
      0.20091159641742706,
      -0.03804619982838631,
      0.21103282272815704,
      -0.21967951953411102,
      -0.006593614816665649,
      -0.1751236915588379,
      -0.1414838433265686,
      -0.1209646537899971,
      -0.12053307890892029
    ],
    [
      0.18754559755325317,
      0.19946087896823883,
      -0.03709761053323746,
      0.21138226985931396,
      -0.21985094249248505,
      -0.00722145801410079,
      -0.173687145113945,
      -0.14336510002613068,
      -0.11948030441999435,
      -0.12165787816047668
    ],
    [
      0.18765275180339813,
      0.19846530258655548,
      -0.03548390045762062,
      0.21140897274017334,
      -0.22038014233112335,
      -0.00725626340135932,
      -0.17226362228393555,
      -0.14537779986858368,
      -0.11747389286756516,
      -0.12272810935974121
    ],
    [
      0.18857742846012115,
      0.1985214352607727,
      -0.0367082804441452,
      0.2115153819322586,
      -0.21988321840763092,
      -0.005711603909730911,
      -0.17235930263996124,
      -0.14632104337215424,
      -0.11625968664884567,
      -0.12116396427154541
    ],
    [
      0.1891680210828781,
      0.19968651235103607,
      -0.039958685636520386,
      0.21174706518650055,
      -0.21861779689788818,
      -0.00435534305870533,
      -0.17415112257003784,
      -0.14454935491085052,
      -0.11807063966989517,
      -0.11851636320352554
    ],
    [
      0.18964745104312897,
      0.19983939826488495,
      -0.0404331348836422,
      0.21184079349040985,
      -0.2184572070837021,
      -0.0031874452251940966,
      -0.17409248650074005,
      -0.14523053169250488,
      -0.11699283868074417,
      -0.11765924096107483
    ],
    [
      0.19008243083953857,
      0.1996868997812271,
      -0.04216189309954643,
      0.2122945785522461,
      -0.2175828367471695,
      -0.003125447779893875,
      -0.17435579001903534,
      -0.14522476494312286,
      -0.11757255345582962,
      -0.1166006550192833
    ],
    [
      0.18906088173389435,
      0.19748564064502716,
      -0.03637872263789177,
      0.2114875465631485,
      -0.21987886726856232,
      -0.004890419077128172,
      -0.17110024392604828,
      -0.14829865097999573,
      -0.11400299519300461,
      -0.12132838368415833
    ],
    [
      0.190050408244133,
      0.19826430082321167,
      -0.039382606744766235,
      0.21173571050167084,
      -0.21884296834468842,
      -0.004168088082224131,
      -0.17283135652542114,
      -0.14687515795230865,
      -0.11549747735261917,
      -0.11860350519418716
    ],
    [
      0.19020511209964752,
      0.19827903807163239,
      -0.04047870635986328,
      0.21207354962825775,
      -0.2183436006307602,
      -0.004476321395486593,
      -0.17336316406726837,
      -0.14618463814258575,
      -0.11656730622053146,
      -0.11809160560369492
    ],
    [
      0.18938404321670532,
      0.1973315328359604,
      -0.038349349051713943,
      0.2115749567747116,
      -0.2191838175058365,
      -0.006576374638825655,
      -0.17244566977024078,
      -0.14636234939098358,
      -0.1164725199341774,
      -0.12064414471387863
    ],
    [
      0.19006706774234772,
      0.19493870437145233,
      -0.036460861563682556,
      0.21114476025104523,
      -0.21978060901165009,
      -0.007084863726049662,
      -0.17040298879146576,
      -0.1493661254644394,
      -0.11335599422454834,
      -0.12221831828355789
    ],
    [
      0.19015850126743317,
      0.194145068526268,
      -0.03434601426124573,
      0.21066372096538544,
      -0.22072093188762665,
      -0.006671791896224022,
      -0.16909156739711761,
      -0.1512899249792099,
      -0.11073035001754761,
      -0.12337156385183334
    ],
    [
      0.19073443114757538,
      0.19427849352359772,
      -0.03533869981765747,
      0.2108018547296524,
      -0.2203194499015808,
      -0.0056581622920930386,
      -0.16926026344299316,
      -0.15165413916110992,
      -0.11016973108053207,
      -0.12224181741476059
    ],
    [
      0.19089674949645996,
      0.19439959526062012,
      -0.035202641040086746,
      0.2106645703315735,
      -0.22048203647136688,
      -0.005012169014662504,
      -0.1691897064447403,
      -0.15205951035022736,
      -0.10949084162712097,
      -0.12194230407476425
    ],
    [
      0.19082136452198029,
      0.19452999532222748,
      -0.03470674157142639,
      0.21057124435901642,
      -0.22074536979198456,
      -0.004618063103407621,
      -0.16899383068084717,
      -0.15241442620754242,
      -0.10883679986000061,
      -0.12205854058265686
    ],
    [
      0.19026051461696625,
      0.19616807997226715,
      -0.03695661947131157,
      0.21046583354473114,
      -0.21999061107635498,
      -0.005298055708408356,
      -0.17142699658870697,
      -0.1486790031194687,
      -0.1129985824227333,
      -0.12080976366996765
    ],
    [
      0.19013524055480957,
      0.1968153566122055,
      -0.03801421448588371,
      0.21063929796218872,
      -0.21957708895206451,
      -0.0051524038426578045,
      -0.17210526764392853,
      -0.14777116477489471,
      -0.11397221684455872,
      -0.12014257907867432
    ],
    [
      0.19056840240955353,
      0.1962820142507553,
      -0.03839101269841194,
      0.21084029972553253,
      -0.2192913144826889,
      -0.005153722129762173,
      -0.1718326359987259,
      -0.14839942753314972,
      -0.1135600209236145,
      -0.11990762501955032
    ],
    [
      0.1905829757452011,
      0.19610579311847687,
      -0.03831145539879799,
      0.21063022315502167,
      -0.21936021745204926,
      -0.005163219757378101,
