{
  "tempos": [
    0.0,
    0.5,
    1.0,
    1.5,
    2.0,
    2.5,
    3.0,
    3.5,
    4.0,
    4.5,
    5.0,
    5.5,
    6.0,
    6.5,
    7.0,
    7.5,
    8.0,
    8.5,
    9.0,
    9.5,
    10.0,
    10.5,
    11.0,
    11.5,
    12.0,
    12.5,
    13.0,
    13.5,
    14.0,
    14.5,
    15.0
  ],
  "engajamentoneural": [
    37.55617629534822,
    42.51170689190279,
    50.7794986486478,
    59.491691472845375,
    66.25271909578207,
    70.28577229055388,
    71.97464144705258,
    72.09509484967603,
    71.43208920110426,
    70.59247345844297,
    69.8942465059738,
    69.39706106752752,
    69.05038261389136,
    68.82025825187681,
    68.70543910713106,
    68.68152516236941,
    68.68098022815245,
    68.6454567210371,
    68.58531924559432,
    68.58070856592953,
    68.72525865578713,
    69.04846513158776,
    69.45258260507556,
    69.70531780201415,
    69.51146419625131,
    68.63410803132334,
    66.99378479377063,
    64.69859070344822,
    62.05319960683669,
    59.605505845214864,
    58.09301432027465
  ],
  "cognitivedemand": [
    24.916252208668705,
    42.438581199548516,
    43.581577904918625,
    28.075349202370944,
    58.34628451420312,
    59.708648224321834,
    60.68281789651538,
    54.78757572605861,
    54.58603634272185,
    55.46841844859798,
    56.501661754100624,
    57.01767758493451,
    56.378954481913574,
    46.042156120480165,
    54.65702009410373,
    60.248839188511056,
    61.77632579571384,
    62.24152138970054,
    61.672706467689764,
    61.81524812422704,
    53.26823650563665,
    58.337602461659614,
    65.1650080232404,
    64.88869216172117,
    64.34491725366233,
    63.16033810386434,
    29.394664806897293,
    29.41980790929292,
    32.90847123437742,
    34.39344442330793,
    34.40477219743943
  ],
  "focus": [
    7.9772962915936585,
    11.024184435450794,
    13.294131408090884,
    8.903058068111742,
    18.49132592062671,
    47.09150370858699,
    41.151768923648504,
    28.862056094451045,
    44.9129424388306,
    53.76930011693394,
    62.25107576918063,
    64.20412697399357,
    59.994963157453256,
    58.965541918378705,
    54.463170617719655,
    53.70471334783481,
    45.360064805650005,
    44.32853873534201,
    34.779556603541124,
    34.156872562235456,
    53.71692994771094,
    70.01661495147148,
    58.202984464839346,
    42.095430468401986,
    39.042087977362826,
    46.10759557313847,
    46.8507281070379,
    36.654592900128556,
    44.735037722127515,
    41.71284978551172,
    35.766030720318184
  ],
  "embeddings": [
    [
      0.19501571357250214,
      0.1933102160692215,
      -0.04005509987473488,
      0.2090195268392563,
      -0.21865658462047577,
      -0.0009789831237867475,
      -0.1702997237443924,
      -0.15300416946411133,
      -0.10638154298067093,
      -0.11593451350927353
    ],
    [
      0.19459842145442963,
      0.19438771903514862,
      -0.039497993886470795,
      0.20972128212451935,
      -0.21916663646697998,
      0.001427394337952137,
      -0.16998636722564697,
      -0.1541520208120346,
      -0.10494694858789444,
      -0.11592993140220642
    ],
    [
      0.19634109735488892,
      0.19873128831386566,
      -0.04959673807024956,
      0.2115391045808792,
      -0.21538247168064117,
      0.006302408874034882,
      -0.17546825110912323,
      -0.14981210231781006,
      -0.10976409167051315,
      -0.10727939754724503
    ],
    [
      0.19786374270915985,
      0.19987086951732635,
      -0.05688798055052757,
      0.21275965869426727,
      -0.21212513744831085,
      0.007481942418962717,
      -0.1786385327577591,
      -0.14719955623149872,
      -0.11335191130638123,
      -0.1024833619594574
    ],
    [
      0.19636894762516022,
      0.19871479272842407,
      -0.05400944873690605,
      0.2114456444978714,
      -0.2130921483039856,
      0.004221260081976652,
      -0.17805223166942596,
      -0.1460782140493393,
      -0.11449166387319565,
      -0.10618285089731216
    ],
    [
      0.19756601750850677,
      0.19595126807689667,
      -0.05302880331873894,
      0.21239866316318512,
      -0.2129300832748413,
      0.0035489185247570276,
      -0.17507433891296387,
      -0.15078534185886383,
      -0.11064431816339493,
      -0.10706444829702377
    ],
    [
      0.1976560354232788,
      0.192585751414299,
      -0.04803623631596565,
      0.21188730001449585,
      -0.21473173797130585,
      0.0018273326568305492,
      -0.17127245664596558,
      -0.1553724855184555,
      -0.10572487860918045,
      -0.11124349385499954
    ],
    [
      0.1980292946100235,
      0.19019031524658203,
      -0.043483834713697433,
      0.21181488037109375,
      -0.21637828648090363,
      0.0031637465581297874,
      -0.16710078716278076,
      -0.16157843172550201,
      -0.09867431968450546,
      -0.11362002044916153
    ],
    [
      0.19798417389392853,
      0.19216270744800568,
      -0.04640240967273712,
      0.21220915019512177,
      -0.21538330614566803,
      0.003277895273640752,
      -0.16962844133377075,
      -0.15838444232940674,
      -0.10257852077484131,
      -0.11121898144483566
    ],
    [
      0.19878752529621124,
      0.19257265329360962,
      -0.04970001056790352,
      0.2129507213830948,
      -0.21391506493091583,
      0.0037751428317278624,
      -0.17087727785110474,
      -0.15744899213314056,
      -0.10422603040933609,
      -0.10879556089639664
    ],
    [
      0.19923055171966553,
      0.1904831975698471,
      -0.047596272081136703,
      0.21277761459350586,
      -0.2145412415266037,
      0.0036493234802037477,
      -0.1685112565755844,
      -0.1608169674873352,
      -0.10050518065690994,
      -0.1104438528418541
    ],
    [
      0.19954955577850342,
      0.18715238571166992,
      -0.041995733976364136,
      0.21213680505752563,
      -0.21663473546504974,
      0.003234500763937831,
      -0.16410870850086212,
      -0.16659601032733917,
      -0.09370823949575424,
      -0.114479660987854
    ],
    [
      0.19999605417251587,
      0.18797333538532257,
      -0.042843807488679886,
      0.21254384517669678,
      -0.21632516384124756,
      0.004985780455172062,
      -0.16436173021793365,
      -0.1669657677412033,
      -0.09317746758460999,
      -0.1128743514418602
    ],
    [
      0.20047925412654877,
      0.18862028419971466,
      -0.042381566017866135,
      0.21268689632415771,
      -0.21665923297405243,
      0.007605166640132666,
      -0.16374468803405762,
      -0.16880328953266144,
      -0.09058132022619247,
      -0.11157117038965225
    ],
    [
      0.19951243698596954,
      0.1939636617898941,
      -0.04952186346054077,
      0.21285831928253174,
      -0.21425177156925201,
      0.0076752291060984135,
      -0.17078424990177155,
      -0.15870298445224762,
      -0.10145954042673111,
      -0.10675037652254105
    ],
    [
      0.19948500394821167,
      0.1930977702140808,
      -0.04961976408958435,
      0.212682843208313,
      -0.214131161570549,
      0.006288111209869385,
      -0.17063987255096436,
      -0.15845191478729248,
      -0.10196057707071304,
      -0.10768157988786697
    ],
    [
      0.1997876912355423,
      0.19287878274917603,
      -0.05006440356373787,
      0.21274970471858978,
      -0.21388302743434906,
      0.007069659885019064,
      -0.17045092582702637,
      -0.1590685248374939,
      -0.10116615891456604,
      -0.1071438416838646
    ],
    [
      0.19951874017715454,
      0.19147928059101105,
      -0.04778837040066719,
      0.2122453898191452,
      -0.21478253602981567,
      0.0054784356616437435,
      -0.1692756861448288,
      -0.1599566787481308,
      -0.10018730908632278,
      -0.10958018898963928
    ],
    [
      0.2001146525144577,
      0.18952231109142303,
      -0.04442419484257698,
      0.21233098208904266,
      -0.21594703197479248,
      0.006565988529473543,
      -0.16586673259735107,
      -0.1651231199502945,
      -0.09426259994506836,
