{
  "tempos": [
    0.0,
    0.5,
    1.0,
    1.5,
    2.0,
    2.5,
    3.0,
    3.5,
    4.0,
    4.5,
    5.0,
    5.5,
    6.0,
    6.5,
    7.0,
    7.5,
    8.0,
    8.5,
    9.0,
    9.5,
    10.0,
    10.5,
    11.0,
    11.5,
    12.0,
    12.5,
    13.0,
    13.5,
    14.0,
    14.5,
    15.0
  ],
  "engajamentoneural": [
    61.04846180720692,
    67.7880691959938,
    76.35010319531766,
    82.07717933690364,
    84.00165945212974,
    83.02443921747454,
    80.25792842016148,
    76.83701664657872,
    73.82463436047831,
    71.98524711064785,
    71.62508440569381,
    72.55809603564376,
    74.256236624873,
    76.14934945976756,
    77.8684411723417,
    79.28655431470575,
    80.41718308933655,
    81.29885772229267,
    81.92454338359359,
    82.20966412435291,
    81.98949752295442,
    81.05735082866164,
    79.2502156874311,
    76.55620367880019,
    73.17228704726388,
    69.43241826070661,
    65.62987567661412,
    61.90595673368408,
    58.370802179785095,
    55.37928987624953,
    53.59479859108368
  ],
  "cognitivedemand": [
    43.75163645323245,
    47.93843389962117,
    65.96649023691752,
    73.46244391092881,
    74.24811644010799,
    74.26847109532278,
    69.93753045539944,
    69.74266680117374,
    75.08355750118272,
    58.686702033866425,
    70.66323341427446,
    76.15356337664454,
    77.8895496379746,
    80.52943146719218,
    81.34108893463946,
    84.0204157885909,
    85.48843528472874,
    86.121182328407,
    85.87327257094266,
    84.87789440318927,
    84.89080555839588,
    84.61291206721194,
    73.1024440210679,
    62.41168556985979,
    65.63170698935106,
    68.25410963727278,
    67.6949454967949,
    67.5534788075592,
    64.5726762777829,
    65.48576428017209,
    66.36821472919533
  ],
  "focus": [
    23.737404634457473,
    25.753076560029704,
    36.55756212444496,
    24.976150579368284,
    15.638202805190108,
    9.9321988894899,
    17.04893566789722,
    46.46041188735982,
    60.22952926819468,
    51.87815284142096,
    58.33785797171347,
    61.597431679738136,
    58.36339266735677,
    57.72385962909024,
    60.85726875634711,
    43.39302619618868,
    28.60959275625906,
    22.37982632993964,
    19.215344228782918,
    19.923032705034995,
    25.92400622247938,
    30.508492816288346,
    53.48538464962081,
    29.01499242152495,
    9.679785618321608,
    7.848069168530796,
    7.98413857812751,
    8.698981920053884,
    10.178287719170386,
    9.286111632930002,
    8.529050619479909
  ],
  "embeddings": [
    [
      0.20405782759189606,
      0.1926661878824234,
      -0.05361756682395935,
      0.21353216469287872,
      -0.21239393949508667,
      0.015554484911262989,
      -0.16905777156352997,
      -0.16569216549396515,
      -0.09312400966882706,
      -0.10098502039909363
    ],
    [
      0.20489974319934845,
      0.1976960450410843,
      -0.06331630051136017,
      0.2150910347700119,
      -0.2087085098028183,
      0.017616089433431625,
      -0.17577491700649261,
      -0.1581689417362213,
      -0.10194027423858643,
      -0.0932576134800911
    ],
    [
      0.20583730936050415,
      0.1961372047662735,
      -0.06650669127702713,
      0.21543067693710327,
      -0.2071400284767151,
      0.01577598787844181,
      -0.17609669268131256,
      -0.15809862315654755,
      -0.10251173377037048,
      -0.09247305244207382
    ],
    [
      0.20592749118804932,
      0.19149158895015717,
      -0.058586765080690384,
      0.21476610004901886,
      -0.21000690758228302,
      0.015577350743114948,
      -0.1695641130208969,
      -0.1661805510520935,
      -0.09325268119573593,
      -0.09800401329994202
    ],
    [
      0.2057405263185501,
      0.19135962426662445,
      -0.05737010017037392,
      0.21449559926986694,
      -0.21061523258686066,
      0.015922492370009422,
      -0.16898773610591888,
      -0.16689926385879517,
      -0.09228935092687607,
      -0.09853821992874146
    ],
    [
      0.2057010531425476,
      0.19177234172821045,
      -0.05788835883140564,
      0.2144794911146164,
      -0.21046161651611328,
      0.015859296545386314,
      -0.16961997747421265,
      -0.16597159206867218,
      -0.09325117617845535,
      -0.09815014153718948
    ],
    [
      0.20579500496387482,
      0.1920432597398758,
      -0.058373358100652695,
      0.21475158631801605,
      -0.2102496474981308,
      0.016316570341587067,
      -0.16975520551204681,
      -0.16594050824642181,
      -0.09329263120889664,
      -0.09759410470724106
    ],
    [
      0.20676110684871674,
      0.1922011822462082,
      -0.06145741045475006,
      0.21537046134471893,
      -0.20884586870670319,
      0.01679822988808155,
      -0.17088311910629272,
      -0.16519558429718018,
      -0.09461493045091629,
      -0.09542012214660645
    ],
    [
      0.20424044132232666,
      0.19109226763248444,
      -0.05301873758435249,
      0.2137312889099121,
      -0.2125876545906067,
      0.014532536268234253,
      -0.1678687185049057,
      -0.16674204170703888,
      -0.0917869433760643,
      -0.10208294540643692
    ],
    [
      0.20211613178253174,
      0.19536270201206207,
      -0.05565261468291283,
      0.21367289125919342,
      -0.21195292472839355,
      0.013131779618561268,
      -0.17248834669589996,
      -0.1589050441980362,
      -0.10041552037000656,
      -0.10057872533798218
    ],
    [
      0.2009974867105484,
      0.19743035733699799,
      -0.0569785051047802,
      0.21359504759311676,
      -0.21160371601581573,
      0.012163513340055943,
      -0.17477373778820038,
      -0.15487414598464966,
      -0.10483626276254654,
      -0.10005951672792435
    ],
    [
      0.19973276555538177,
      0.19976328313350677,
      -0.058679476380348206,
      0.2132231444120407,
      -0.21120703220367432,
      0.010927043855190277,
      -0.1777174025774002,
      -0.14994019269943237,
      -0.1101725697517395,
      -0.09951654076576233
    ],
    [
      0.19852924346923828,
      0.20137615501880646,
      -0.0587846040725708,
      0.21311289072036743,
      -0.21131658554077148,
      0.010303058661520481,
      -0.17899703979492188,
      -0.14751160144805908,
      -0.11278293281793594,
      -0.09977438300848007
    ],
    [
      0.1973869353532791,
      0.20226186513900757,
      -0.05778546631336212,
      0.2128930240869522,
      -0.2118612378835678,
      0.009314821101725101,
      -0.17952179908752441,
      -0.1458849310874939,
      -0.1145048439502716,
      -0.10086365789175034
    ],
    [
      0.19764022529125214,
      0.20222441852092743,
      -0.05717301368713379,
      0.213124081492424,
      -0.2120031863451004,
      0.010319997556507587,
      -0.17877288162708282,
      -0.14721129834651947,
      -0.1129460409283638,
      -0.10064223408699036
    ],
    [
      0.19815202057361603,
      0.2016458660364151,
      -0.05995108187198639,
      0.21378366649150848,
      -0.2106284499168396,
      0.008639001287519932,
      -0.1799047738313675,
      -0.14567646384239197,
      -0.11570652574300766,
      -0.09966737776994705
    ],
    [
      0.19759146869182587,
      0.19849735498428345,
      -0.054099395871162415,
      0.21310804784297943,
      -0.21280156075954437,
      0.006737840827554464,
      -0.1758774369955063,
      -0.1501419097185135,
      -0.11070767790079117,
      -0.10452959686517715
    ],
    [
      0.19812488555908203,
      0.19546599686145782,
      -0.051816489547491074,
      0.21336306631565094,
      -0.2132968306541443,
      0.004837645683437586,
      -0.17322562634944916,
      -0.15355265140533447,
      -0.10802638530731201,
      -0.10684660822153091
    ],
    [
      0.1972174048423767,
      0.1922924965620041,
      -0.04555432125926018,
      0.21252764761447906,
      -0.21572838723659515,
      0.0019429698586463928,
      -0.16954000294208527,
      -0.15710996091365814,
      -0.10415196418762207,
      -0.11245092004537582
    ],
    [
