{
  "tempos": [
    0.0,
    0.5,
    1.0,
    1.5,
    2.0,
    2.5,
    3.0,
    3.5,
    4.0,
    4.5,
    5.0,
    5.5,
    6.0,
    6.5,
    7.0,
    7.5,
    8.0,
    8.5,
    9.0,
    9.5,
    10.0,
    10.5,
    11.0,
    11.5,
    12.0,
    12.5,
    13.0,
    13.5,
    14.0,
    14.5,
    15.0
  ],
  "engajamentoneural": [
    50.24594478463859,
    56.32756802315537,
    64.89181543591438,
    71.94256374797993,
    76.28862291736037,
    78.79543075123463,
    80.32600891018376,
    81.01099555087026,
    80.70274884276203,
    79.57986616898604,
    78.29112271878328,
    77.59249400475142,
    77.77983432300474,
    78.46920317996204,
    78.92473491057852,
    78.54402585881391,
    77.13101018717148,
    75.0034296495459,
    73.02020496866739,
    72.31474457079257,
    73.61223914570508,
    76.62661815805295,
    80.23600796673497,
    83.33516415835443,
    85.43981102356604,
    86.60670670988301,
    87.09076764401364,
    87.12437848428081,
    86.87471799671398,
    86.50843749504095,
    86.23761388239703
  ],
  "cognitivedemand": [
    51.84501025896005,
    49.74339051060494,
    48.71833873297068,
    39.669307989609514,
    29.57912857493301,
    52.443868762413494,
    58.06786763182681,
    59.676657534245386,
    54.273463238060856,
    54.426101717371175,
    54.14178870598994,
    53.203323799690246,
    58.493210518173434,
    59.44811260250064,
    58.99566653483377,
    61.67216766491093,
    61.51283512516762,
    61.46731463776969,
    36.830447901612466,
    31.21776163883287,
    36.76467875618139,
    42.83187825667577,
    48.118405493382724,
    50.3084400178134,
    50.50742802179083,
    50.38605019368234,
    50.29276542849197,
    50.292871060818584,
    50.29222716055854,
    50.29496200826723,
    50.29353479749576
  ],
  "focus": [
    7.902475313864257,
    9.474699162364761,
    14.528307042848938,
    8.230986239369713,
    8.02068620092419,
    8.623473489306507,
    29.957091227504346,
    55.895025567414024,
    53.80176903000081,
    22.29119856673566,
    34.77476393932519,
    25.14751460406848,
    20.772446889484797,
    14.234165226712753,
    18.194499610337715,
    12.38414122696805,
    30.522215782611767,
    29.519567949057873,
    15.553141929692838,
    8.517008798264648,
    16.818271872253128,
    36.44753021306651,
    16.40267654320687,
    15.788309366513696,
    15.479195129431174,
    10.883061015986055,
    9.284140903328966,
    8.64279534878891,
    8.343724707466427,
    8.242207869680952,
    8.230073366205321
  ],
  "embeddings": [
    [
      0.2118094116449356,
      0.1887149065732956,
      -0.06866616010665894,
      0.21746917068958282,
      -0.20525310933589935,
      0.015824897214770317,
      -0.1712312251329422,
      -0.1684388667345047,
      -0.09374618530273438,
      -0.09072190523147583
    ],
    [
      0.21252381801605225,
      0.1801558881998062,
      -0.043722003698349,
      0.2156296819448471,
      -0.21499842405319214,
      0.02373119257390499,
      -0.15204931795597076,
      -0.19483552873134613,
      -0.061325106769800186,
      -0.10235654562711716
    ],
    [
      0.21157169342041016,
      0.18921412527561188,
      -0.05684231221675873,
      0.2165089100599289,
      -0.21046636998653412,
      0.025157449766993523,
      -0.1637708693742752,
      -0.1794811636209488,
      -0.07872109860181808,
      -0.09238559007644653
    ],
    [
      0.2106209397315979,
      0.1927376240491867,
      -0.062154922634363174,
      0.21655535697937012,
      -0.20863096415996552,
      0.024679839611053467,
      -0.16862048208713531,
      -0.1724330186843872,
      -0.08620228618383408,
      -0.08943209797143936
    ],
    [
      0.21102605760097504,
      0.19399785995483398,
      -0.06875880807638168,
      0.2170998603105545,
      -0.20593415200710297,
      0.023731306195259094,
      -0.17271727323532104,
      -0.16675668954849243,
      -0.0929640531539917,
      -0.08627619594335556
    ],
    [
      0.20604264736175537,
      0.19186212122440338,
      -0.061163004487752914,
      0.21517159044742584,
      -0.20892362296581268,
      0.01588808000087738,
      -0.17080067098140717,
      -0.16433705389499664,
      -0.09584816545248032,
      -0.09655653685331345
    ],
    [
      0.20446647703647614,
      0.1901920586824417,
      -0.04531846567988396,
      0.21380482614040375,
      -0.21564455330371857,
      0.018113959580659866,
      -0.1614263653755188,
      -0.17644691467285156,
      -0.07998719811439514,
      -0.10409370064735413
    ],
    [
      0.20120644569396973,
      0.20087148249149323,
      -0.06433729082345963,
      0.21550945937633514,
      -0.20848530530929565,
      0.012369944714009762,
      -0.17933380603790283,
      -0.14935119450092316,
      -0.11270929127931595,
      -0.09447353333234787
    ],
    [
      0.20149917900562286,
      0.19162489473819733,
      -0.053189050406217575,
      0.214335635304451,
      -0.2121492177248001,
      0.007189251948148012,
      -0.16982240974903107,
      -0.16080549359321594,
      -0.10080408304929733,
      -0.10513614863157272
    ],
    [
      0.20101995766162872,
      0.18565557897090912,
      -0.04211542010307312,
      0.21353578567504883,
      -0.2162780910730362,
      0.00556242885068059,
      -0.16167569160461426,
      -0.1707826852798462,
      -0.08973494917154312,
      -0.11365719884634018
    ],
    [
      0.19888506829738617,
      0.18672508001327515,
      -0.04042347893118858,
      0.2132657766342163,
      -0.21698243916034698,
      0.002240025671198964,
      -0.16264574229717255,
      -0.16740965843200684,
      -0.09410809725522995,
      -0.11600363254547119
    ],
    [
      0.19719208776950836,
      0.18661163747310638,
      -0.034354884177446365,
      0.2126428633928299,
      -0.21963191032409668,
      0.0018207667162641883,
      -0.1601756364107132,
      -0.16941852867603302,
      -0.09099698066711426,
      -0.11997167021036148
    ],
    [
      0.19423741102218628,
      0.1908389925956726,
      -0.0364355631172657,
      0.2122829407453537,
      -0.2190900444984436,
      -0.001072686049155891,
      -0.16510121524333954,
      -0.1602909415960312,
      -0.1010846495628357,
      -0.11999993771314621
    ],
    [
      0.19361136853694916,
      0.1912641078233719,
      -0.03518959879875183,
      0.2121644765138626,
      -0.21969063580036163,
      -0.0010717553086578846,
      -0.16484591364860535,
      -0.16028015315532684,
      -0.1009998545050621,
      -0.12066531181335449
    ],
    [
      0.1930309385061264,
      0.19440174102783203,
      -0.03949422016739845,
      0.2127246856689453,
      -0.2181321531534195,
      -0.001340569811873138,
      -0.16881316900253296,
      -0.15470020473003387,
      -0.10760816931724548,
      -0.11758925765752792
    ],
    [
      0.19272257387638092,
      0.1950221061706543,
      -0.03903445228934288,
      0.2122698426246643,
      -0.21841229498386383,
      -0.0002443209814373404,
      -0.16873574256896973,
      -0.15475915372371674,
      -0.10701072961091995,
      -0.11740066856145859
    ],
    [
      0.19206947088241577,
      0.19540952146053314,
      -0.03982317075133324,
      0.2127365916967392,
      -0.21805280447006226,
      -0.002475740620866418,
      -0.16981858015060425,
      -0.1525239795446396,
      -0.11029693484306335,
      -0.11780304461717606
    ],
    [
      0.19176918268203735,
      0.19434934854507446,
      -0.03738102689385414,
      0.2124505490064621,
      -0.21902918815612793,
      -0.002989201806485653,
      -0.16837167739868164,
      -0.1540784239768982,
      -0.10835107415914536,
      -0.11985180526971817
    ],
    [
      0.19317655265331268,
      0.19376452267169952,
      -0.040701594203710556,
      0.21307893097400665,
      -0.21747468411922455,
      -0.0024989366065710783,
      -0.16886840760707855,
      -0.15450192987918854,
      -0.10877341777086258,
