{
  "tempos": [
    0.0,
    0.5,
    1.0,
    1.5,
    2.0,
    2.5,
    3.0,
    3.5,
    4.0,
    4.5,
    5.0,
    5.5,
    6.0,
    6.5,
    7.0,
    7.5,
    8.0,
    8.5,
    9.0,
    9.5,
    10.0,
    10.5,
    11.0,
    11.5,
    12.0,
    12.5,
    13.0,
    13.5,
    14.0,
    14.5,
    15.0
  ],
  "engajamentoneural": [
    71.21005649451892,
    78.22915201022906,
    86.11401851345218,
    90.52264234923845,
    91.51807767795675,
    90.061339134233,
    86.78914057365373,
    82.5372149580204,
    78.3574147795291,
    74.99841039324528,
    72.67711460291366,
    71.2448631593196,
    70.41368243995997,
    69.89810513084973,
    69.49584392800023,
    69.12865872937144,
    68.8158996269537,
    68.57362172438756,
    68.33495079249832,
    68.01706677784276,
    67.70260758724773,
    67.74128564888196,
    68.62483651256869,
    70.68170693126154,
    73.78506501423581,
    77.30560248463317,
    80.41985536841287,
    82.55259747308763,
    83.5902246366388,
    83.81937111947786,
    83.73490963680939
  ],
  "cognitivedemand": [
    64.66122795755788,
    68.37781843265759,
    75.79044356432651,
    77.28107958917472,
    79.75659637008302,
    77.71918153334495,
    77.1017902170174,
    77.70534299276619,
    75.62932771948252,
    73.13561347142567,
    70.85009011996183,
    69.30344281122905,
    68.07355913669517,
    70.81004925358381,
    71.41556083750426,
    61.645755934808214,
    37.82179754356336,
    51.84601654343044,
    54.26141470189647,
    52.432441265206464,
    53.12608195215894,
    46.94245868042564,
    45.734573554323156,
    47.59319152616772,
    44.83848091536967,
    57.76092225256493,
    70.23316262843953,
    75.35104588471593,
    76.78150321512884,
    76.97470964629034,
    76.97383552205542
  ],
  "focus": [
    24.995004757141082,
    36.51147404166488,
    43.50462349197234,
    55.550456168440974,
    44.72763126976136,
    36.22495767912736,
    63.468291972796244,
    84.21001084588586,
    78.27725301750044,
    59.97849565436751,
    85.76822483409273,
    86.29254230476607,
    64.432421882865,
    82.24214142981582,
    96.5044689473246,
    93.27765053144601,
    64.68571486112192,
    43.12653930271192,
    62.59827493676632,
    68.80511068519709,
    47.56294402273781,
    28.308927652401493,
    20.976348726206446,
    25.80254056727827,
    58.414718589081396,
    78.95991519090134,
    71.13660963418361,
    25.63813046219583,
    17.499080977035366,
    19.225508027665192,
    30.079038767733397
  ],
  "embeddings": [
    [
      0.19205261766910553,
      0.19622547924518585,
      -0.04617011547088623,
      0.2124198079109192,
      -0.2161310911178589,
      -0.011361151933670044,
      -0.1768481284379959,
      -0.1397686004638672,
      -0.12678216397762299,
      -0.11525920778512955
    ],
    [
      0.19154131412506104,
      0.18925680220127106,
      -0.0332590751349926,
      0.21066594123840332,
      -0.22011281549930573,
      -0.010852555744349957,
      -0.16661320626735687,
      -0.15310241281986237,
      -0.10997744649648666,
      -0.12640608847141266
    ],
    [
      0.1933566778898239,
      0.18229413032531738,
      -0.025670668110251427,
      0.21063870191574097,
      -0.22265474498271942,
      -0.009230292402207851,
      -0.15826401114463806,
      -0.16557681560516357,
      -0.09619250148534775,
      -0.13190969824790955
    ],
    [
      0.1928606480360031,
      0.1846224069595337,
      -0.028386393561959267,
      0.2117338925600052,
      -0.2218187004327774,
      -0.009644504636526108,
      -0.1606927216053009,
      -0.1625301092863083,
      -0.10081832855939865,
      -0.12930549681186676
    ],
    [
      0.19249825179576874,
      0.18540172278881073,
      -0.02918456681072712,
      0.21171504259109497,
      -0.2215120643377304,
      -0.010442088358104229,
      -0.16173575818538666,
      -0.16099317371845245,
      -0.10262594372034073,
      -0.12891264259815216
    ],
    [
      0.19301225244998932,
      0.1849854737520218,
      -0.030324256047606468,
      0.21192602813243866,
      -0.22097492218017578,
      -0.010659243911504745,
      -0.16178257763385773,
      -0.16128651797771454,
      -0.10266846418380737,
      -0.12833982706069946
    ],
    [
      0.19326387345790863,
      0.18407249450683594,
      -0.027995312586426735,
      0.21174894273281097,
      -0.2219228893518448,
      -0.009034489281475544,
      -0.15972422063350677,
      -0.16487205028533936,
      -0.09812720865011215,
      -0.12924955785274506
    ],
    [
      0.1936563104391098,
      0.18573856353759766,
      -0.03251361474394798,
      0.21228019893169403,
      -0.22011446952819824,
      -0.009097780101001263,
      -0.1626020073890686,
      -0.16125290095806122,
      -0.10271994024515152,
      -0.12598717212677002
    ],
    [
      0.19372598826885223,
      0.183990478515625,
      -0.028953896835446358,
      0.21212244033813477,
      -0.2214408963918686,
      -0.008290438912808895,
      -0.1596756875514984,
      -0.16512449085712433,
      -0.09798570722341537,
      -0.1282328963279724
    ],
    [
      0.19411174952983856,
      0.1837845891714096,
      -0.02978191338479519,
      0.21244339644908905,
      -0.22098499536514282,
      -0.008312813937664032,
      -0.1597018986940384,
      -0.16529186069965363,
      -0.09822697192430496,
      -0.1274953931570053
    ],
    [
      0.19383352994918823,
      0.18599343299865723,
      -0.03304193913936615,
      0.21265877783298492,
      -0.21988511085510254,
      -0.008184432052075863,
      -0.1624063104391098,
      -0.1618153601884842,
      -0.10211851447820663,
      -0.1251695156097412
    ],
    [
      0.1935412883758545,
      0.18517406284809113,
      -0.02997966669499874,
      0.21201711893081665,
      -0.2212209850549698,
      -0.007394436281174421,
      -0.1605406552553177,
      -0.16433309018611908,
      -0.09861736744642258,
      -0.12711657583713531
    ],
    [
      0.19263313710689545,
      0.18762807548046112,
      -0.0312630757689476,
      0.21194761991500854,
      -0.22103583812713623,
      -0.007239280268549919,
      -0.1628599315881729,
      -0.16064505279064178,
      -0.10234054923057556,
      -0.1259857416152954
    ],
    [
      0.1926066279411316,
      0.188741996884346,
      -0.032668303698301315,
      0.2120453268289566,
      -0.22055763006210327,
      -0.006816016044467688,
      -0.1640840619802475,
      -0.15899179875850677,
      -0.10391541570425034,
      -0.12485694885253906
    ],
    [
      0.19232375919818878,
      0.18856537342071533,
      -0.031518664211034775,
      0.21225781738758087,
      -0.22090651094913483,
      -0.006619317922741175,
      -0.16295431554317474,
      -0.16029444336891174,
      -0.10260704159736633,
      -0.12546248733997345
    ],
    [
      0.19232015311717987,
      0.18949009478092194,
      -0.03413224592804909,
      0.21231454610824585,
      -0.2199089378118515,
      -0.007219105493277311,
      -0.1651642620563507,
      -0.15737847983837128,
      -0.10614826530218124,
      -0.12412393093109131
    ],
    [
      0.1927807778120041,
      0.18799670040607452,
      -0.03467271849513054,
      0.21261656284332275,
      -0.2194214016199112,
      -0.008717857301235199,
      -0.16446217894554138,
      -0.1581205576658249,
      -0.1061464250087738,
      -0.12464270740747452
    ],
    [
      0.19323700666427612,
      0.18665625154972076,
      -0.03222714364528656,
      0.21236521005630493,
      -0.220314621925354,
      -0.007712770253419876,
      -0.16219297051429749,
      -0.16172949969768524,
      -0.10171078890562057,
      -0.12573184072971344
    ],
    [
      0.19277389347553253,
      0.18574374914169312,
      -0.028727777302265167,
      0.21217967569828033,
      -0.2216903567314148,
      -0.007724002003669739,
      -0.1599670797586441,
      -0.16428564488887787,
      -0.09863033145666122,
