{
  "tempos": [
    0.0,
    0.5,
    1.0,
    1.5,
    2.0,
    2.5,
    3.0,
    3.5,
    4.0,
    4.5,
    5.0,
    5.5,
    6.0,
    6.5,
    7.0,
    7.5,
    8.0,
    8.5,
    9.0,
    9.5,
    10.0,
    10.5,
    11.0,
    11.5,
    12.0,
    12.5,
    13.0,
    13.5,
    14.0,
    14.5,
    15.0,
    15.5,
    16.0,
    16.5,
    17.0
  ],
  "engajamentoneural": [
    62.39409540842274,
    69.02991488554126,
    77.29070273461933,
    82.65423032947479,
    84.33828555356484,
    83.32517170571359,
    80.76544943100663,
    77.711917487095,
    74.93172296215303,
    72.80141561299816,
    71.4592723268174,
    71.00734263120981,
    71.53956269470928,
    73.01179805632574,
    75.15476647705923,
    77.56507115237554,
    79.88600785877318,
    81.91277211775139,
    83.58278257055541,
    84.91890390702986,
    85.98147025933498,
    86.83895117225492,
    87.55097211003606,
    88.16011129704943,
    88.69161746353232,
    89.15825100848822,
    89.56621507640884,
    89.91914602086686,
    90.21794206738385,
    90.45534334466261,
    90.6076816946442,
    90.63623886862686,
    90.51851647487537,
    90.30389827955841,
    90.12966939400509
  ],
  "cognitivedemand": [
    57.945648456481216,
    57.695571058934526,
    49.515492573049826,
    55.63800401193877,
    61.85900314395101,
    64.25684105418436,
    64.74563341434599,
    64.9321364192769,
    66.30682086488423,
    65.60968654038787,
    65.79468340241998,
    44.83675251744561,
    40.70661661528572,
    51.23462700877784,
    54.11744805566722,
    57.67989891899863,
    59.72132782838655,
    60.827845831308274,
    62.12407614790048,
    64.01979615990173,
    64.15938021091726,
    64.32850820422793,
    64.41178214414097,
    64.57186161076082,
    64.57198400144948,
    64.59270003104375,
    64.59129952655056,
    64.58912173738541,
    64.58960269547738,
    64.58860056372657,
    64.55355684598895,
    64.49651492979113,
    64.49661326215106,
    64.49652289127715,
    64.49646666902524
  ],
  "focus": [
    14.432507358084298,
    16.156006704768146,
    25.378022387857637,
    34.80546959388385,
    53.523808676010354,
    59.4290564316388,
    52.697153517945374,
    59.60872414801554,
    73.64599403016608,
    75.09282061294417,
    70.24003651157192,
    56.00050111062632,
    13.496317173821403,
    16.04954389076584,
    12.473891502732245,
    15.739809403452316,
    13.935028897421724,
    10.513194349938189,
    10.11130569671031,
    10.045123807721003,
    9.985496889510584,
    9.893638471436555,
    9.896769009217156,
    9.88679610894767,
    9.639137928232286,
    9.378688498577798,
    9.2015115314267,
    9.115490495824007,
    9.07895605050506,
    9.078602834331956,
    9.081641701503568,
    9.095403925329766,
    9.087756728420837,
    9.073912133545313,
    9.067416370066887
  ],
  "embeddings": [
    [
      0.19807660579681396,
      0.19436490535736084,
      -0.05236881971359253,
      0.2131984382867813,
      -0.21287453174591064,
      8.859694935381413e-05,
      -0.17389421164989471,
      -0.15140430629253387,
      -0.11177951097488403,
      -0.10777074098587036
    ],
    [
      0.19574159383773804,
      0.18790240585803986,
      -0.036416810005903244,
      0.21134136617183685,
      -0.21849875152111053,
      -0.0014296261360868812,
      -0.16344337165355682,
      -0.1624809056520462,
      -0.09817954152822495,
      -0.12107405066490173
    ],
    [
      0.1981104016304016,
      0.1912110298871994,
      -0.04759027436375618,
      0.21371209621429443,
      -0.21426497399806976,
      0.0008143836748786271,
      -0.16913260519504547,
      -0.1577046662569046,
      -0.10501924902200699,
      -0.11167371273040771
    ],
    [
      0.1970127820968628,
      0.18215519189834595,
      -0.03174026682972908,
      0.21269668638706207,
      -0.21997511386871338,
      -0.0023503454867750406,
      -0.1568983942270279,
      -0.17268472909927368,
      -0.08900400251150131,
      -0.12486151605844498
    ],
    [
      0.19428229331970215,
      0.18373310565948486,
      -0.022626379504799843,
      0.21073023974895477,
      -0.22450761497020721,
      -0.0013704211451113224,
      -0.15515486896038055,
      -0.1727817803621292,
      -0.08627397567033768,
      -0.129680335521698
    ],
    [
      0.1915826052427292,
      0.19318462908267975,
      -0.03430936112999916,
      0.21121300756931305,
      -0.22055251896381378,
      -0.0037459395825862885,
      -0.1674104779958725,
      -0.15443351864814758,
      -0.10687325149774551,
      -0.12231424450874329
    ],
    [
      0.1912824660539627,
      0.1927710622549057,
      -0.03637564554810524,
      0.21162384748458862,
      -0.21954001486301422,
      -0.006382375489920378,
      -0.16858689486980438,
      -0.1518814116716385,
      -0.11063910275697708,
      -0.12247126549482346
    ],
    [
      0.1900462508201599,
      0.19049453735351562,
      -0.03017924726009369,
      0.21080030500888824,
      -0.2219517081975937,
      -0.008255294524133205,
      -0.16507966816425323,
      -0.15517735481262207,
      -0.1067606583237648,
      -0.12772969901561737
    ],
    [
      0.19010932743549347,
      0.18949870765209198,
      -0.027768420055508614,
      0.21070225536823273,
      -0.22285135090351105,
      -0.007610582280904055,
      -0.1630973517894745,
      -0.15802696347236633,
      -0.10359833389520645,
      -0.12900285422801971
    ],
    [
      0.1885814666748047,
      0.1939079761505127,
      -0.03000561334192753,
      0.21032553911209106,
      -0.22246892750263214,
      -0.0074941483326256275,
      -0.16727924346923828,
      -0.15177609026432037,
      -0.10959384590387344,
      -0.12700331211090088
    ],
    [
      0.18957646191120148,
      0.19355617463588715,
      -0.032932329922914505,
      0.21087127923965454,
      -0.22115282714366913,
      -0.007783494424074888,
      -0.16828107833862305,
      -0.15108522772789001,
      -0.11098873615264893,
      -0.1251881718635559
    ],
    [
      0.19097380340099335,
      0.19167549908161163,
      -0.03317929431796074,
      0.2112615704536438,
      -0.22078002989292145,
      -0.006663198117166758,
      -0.16640377044677734,
      -0.1548779010772705,
      -0.10715532302856445,
      -0.12464603781700134
    ],
    [
      0.19100713729858398,
      0.18934334814548492,
      -0.029591301456093788,
      0.21105410158634186,
      -0.22203640639781952,
      -0.007234123069792986,
      -0.16357839107513428,
      -0.1582908183336258,
      -0.10351601988077164,
      -0.12751589715480804
    ],
    [
      0.19054800271987915,
      0.18953466415405273,
      -0.029523244127631187,
      0.21103353798389435,
      -0.222065731883049,
      -0.008443265222012997,
      -0.16412420570850372,
      -0.1569967418909073,
      -0.1052018478512764,
      -0.12802276015281677
    ],
    [
      0.19086134433746338,
      0.1888221949338913,
      -0.02940049022436142,
      0.21127450466156006,
      -0.2219618558883667,
      -0.008935295976698399,
      -0.16360196471214294,
      -0.1577509492635727,
      -0.10480686277151108,
      -0.12827976047992706
    ],
    [
      0.19140321016311646,
      0.18809066712856293,
      -0.030008533969521523,
      0.21145935356616974,
      -0.2215912789106369,
      -0.008620097301900387,
      -0.16309083998203278,
      -0.1590389460325241,
      -0.10369823127985,
      -0.12776310741901398
    ],
    [
      0.19036765396595,
      0.1879989504814148,
      -0.025773992761969566,
      0.2108825296163559,
      -0.2234634906053543,
      -0.008478540927171707,
      -0.16143172979354858,
      -0.16056489944458008,
      -0.10117662698030472,
      -0.13055020570755005
    ],
    [
      0.1916564553976059,
      0.19261081516742706,
      -0.03850356116890907,
      0.2123470902442932,
      -0.21832214295864105,
      -0.007772371638566256,
      -0.16918134689331055,
      -0.15194171667099,
