{
  "tempos": [
    0.0,
    0.5,
    1.0,
    1.5,
    2.0,
    2.5,
    3.0,
    3.5,
    4.0,
    4.5,
    5.0,
    5.5,
    6.0,
    6.5,
    7.0,
    7.5,
    8.0,
    8.5,
    9.0,
    9.5,
    10.0,
    10.5,
    11.0,
    11.5,
    12.0,
    12.5,
    13.0,
    13.5,
    14.0,
    14.5,
    15.0
  ],
  "engajamentoneural": [
    82.84299662131237,
    87.0383890131483,
    91.47138982410871,
    93.77006914851727,
    94.03713471090443,
    92.72294440410134,
    90.09525963238261,
    86.55748020720166,
    82.67177651771966,
    78.8756321816435,
    75.33308423695955,
    72.0541585287132,
    69.09232623822528,
    66.60887754433092,
    64.75392240774154,
    63.5071173171353,
    62.65344715504263,
    61.95132795146211,
    61.41081568531121,
    61.456719902159115,
    62.70561744519434,
    65.39842112914901,
    69.02885865868102,
    72.64611941094694,
    75.51812455203655,
    77.43972400136252,
    78.55825236050464,
    79.09326437415075,
    79.21650981751729,
    79.09582569756164,
    78.94597446037992
  ],
  "cognitivedemand": [
    80.59978111934639,
    78.68686280537624,
    77.01205983223461,
    76.50389208660577,
    76.80192529952043,
    76.16240965876511,
    73.9803528073818,
    68.46061496160901,
    66.98151571677168,
    66.00718787002818,
    65.31753262385132,
    63.64911851060256,
    47.411160680689136,
    48.54953291851596,
    48.44540344405234,
    50.89830847922451,
    52.418060227568304,
    52.96031955738145,
    54.189244627018525,
    34.62927351512299,
    39.4638912905537,
    48.87502321621449,
    57.05371754773443,
    64.73559518046359,
    59.50408564410211,
    59.113033206440015,
    58.89521225767886,
    58.72291055407632,
    58.721405617691566,
    58.7233399845303,
    58.72333116816996
  ],
  "focus": [
    13.985089793949264,
    10.828993847744574,
    18.456882780969515,
    13.900161921160095,
    37.2605977228168,
    45.519502273208616,
    39.53993185135346,
    42.8155441265959,
    58.027105060403734,
    71.88602132249243,
    72.0108911016038,
    56.662104316055384,
    35.43957837267963,
    80.91800128048386,
    80.70323185760628,
    82.56321278741619,
    86.11221498715851,
    86.2647656396026,
    87.07791351269246,
    86.67502604778994,
    53.50586006458866,
    10.561037309301899,
    20.21960205345136,
    12.273003427065323,
    10.711545078610822,
    10.01859228735416,
    8.838853554354273,
    7.939298610450775,
    7.881787236001559,
    7.9169409680471485,
    7.934047937055242
  ],
  "embeddings": [
    [
      0.20342731475830078,
      0.19225402176380157,
      -0.06251202523708344,
      0.21511833369731903,
      -0.20867405831813812,
      0.00504718953743577,
      -0.1755533665418625,
      -0.15372838079929352,
      -0.11038750410079956,
      -0.09917359799146652
    ],
    [
      0.20601946115493774,
      0.18304049968719482,
      -0.04959606006741524,
      0.21445776522159576,
      -0.2127549648284912,
      0.009332980960607529,
      -0.16199834644794464,
      -0.17431426048278809,
      -0.08643832802772522,
      -0.10698456317186356
    ],
    [
      0.2071349173784256,
      0.18345271050930023,
      -0.048126231878995895,
      0.2151152640581131,
      -0.21350957453250885,
      0.01426009926944971,
      -0.1599753350019455,
      -0.1790015697479248,
      -0.08079764991998672,
      -0.10506666451692581
    ],
    [
      0.20632554590702057,
      0.19005388021469116,
      -0.05638189986348152,
      0.2156495302915573,
      -0.21070879697799683,
      0.016119135543704033,
      -0.16747349500656128,
      -0.16910631954669952,
      -0.09143146127462387,
      -0.09841722995042801
    ],
    [
      0.20646792650222778,
      0.19259649515151978,
      -0.06219092011451721,
      0.21603745222091675,
      -0.2084682732820511,
      0.016294585540890694,
      -0.17150217294692993,
      -0.16400504112243652,
      -0.09713384509086609,
      -0.09474503993988037
    ],
    [
      0.2065446525812149,
      0.19070716202259064,
      -0.05801871418952942,
      0.21572746336460114,
      -0.21005600690841675,
      0.016562700271606445,
      -0.1683313399553299,
      -0.16828906536102295,
      -0.09187931567430496,
      -0.0974089726805687
    ],
    [
      0.20675915479660034,
      0.19119711220264435,
      -0.059602826833724976,
      0.21578414738178253,
      -0.2094285637140274,
      0.016541237011551857,
      -0.169452503323555,
      -0.16698302328586578,
      -0.09338253736495972,
      -0.09642132371664047
    ],
    [
      0.20650596916675568,
      0.19265246391296387,
      -0.0620557963848114,
      0.21601183712482452,
      -0.20850951969623566,
      0.016150113195180893,
      -0.17153359949588776,
      -0.16399608552455902,
      -0.09697186946868896,
      -0.09488203376531601
    ],
    [
      0.20614387094974518,
      0.1915416270494461,
      -0.05835019052028656,
      0.21566957235336304,
      -0.2099992036819458,
      0.01648719422519207,
      -0.16908299922943115,
      -0.1669929176568985,
      -0.09309450536966324,
      -0.09728867560625076
    ],
    [
      0.20547272264957428,
      0.194474458694458,
      -0.06166964769363403,
      0.2157679945230484,
      -0.20890897512435913,
      0.01662527769804001,
      -0.17260898649692535,
      -0.16188648343086243,
      -0.0986441969871521,
      -0.09484762698411942
    ],
    [
      0.2053581327199936,
      0.1947541981935501,
      -0.06283923983573914,
      0.215684711933136,
      -0.2084560990333557,
      0.016154533252120018,
      -0.17352811992168427,
      -0.16036374866962433,
      -0.1004122719168663,
      -0.09444797039031982
    ],
    [
      0.2067374438047409,
      0.19242604076862335,
      -0.06290021538734436,
      0.2159285545349121,
      -0.2081153392791748,
      0.01639397442340851,
      -0.17174838483333588,
      -0.16378317773342133,
      -0.09714290499687195,
      -0.09451845288276672
    ],
    [
      0.20683588087558746,
      0.1911579817533493,
      -0.061294715851545334,
      0.21553437411785126,
      -0.20871494710445404,
      0.016432130709290504,
      -0.17039383947849274,
      -0.1656397581100464,
      -0.09486714750528336,
      -0.09579022973775864
    ],
    [
      0.20734655857086182,
      0.18916524946689606,
      -0.05865927413105965,
      0.21543310582637787,
      -0.20962081849575043,
      0.01672450266778469,
      -0.16777758300304413,
      -0.1694539338350296,
      -0.09059363603591919,
      -0.0974874421954155
    ],
    [
      0.2080269306898117,
      0.18933987617492676,
      -0.06113472208380699,
      0.21579985320568085,
      -0.20853495597839355,
      0.016824493184685707,
      -0.16887755692005157,
      -0.16854238510131836,
      -0.09202724695205688,
      -0.09583974629640579
    ],
    [
      0.20820027589797974,
      0.18894387781620026,
      -0.06155720353126526,
      0.21571774780750275,
      -0.2083226889371872,
      0.016387781128287315,
      -0.1689729541540146,
      -0.16854025423526764,
      -0.09223479777574539,
      -0.09582415223121643
    ],
    [
      0.20825909078121185,
      0.18814003467559814,
      -0.059023063629865646,
      0.21569335460662842,
      -0.20932511985301971,
      0.017160212621092796,
      -0.16704612970352173,
      -0.17131395637989044,
      -0.08887238055467606,
      -0.09704446792602539
    ],
    [
      0.2068973034620285,
      0.1893959492444992,
      -0.05552985146641731,
      0.21448278427124023,
      -0.21124781668186188,
      0.01724100299179554,
      -0.16664381325244904,
      -0.17088335752487183,
      -0.08799038082361221,
      -0.09878949075937271
    ],
    [
      0.20543484389781952,
      0.19414812326431274,
      -0.05988331139087677,
      0.2145400047302246,
      -0.2100094109773636,
      0.017222512513399124,
      -0.1719636470079422,
      -0.1627635359764099,
      -0.09627848118543625,
      -0.09582081437110901
    ],
    [
