{
  "tempos": [
    0.0,
    0.5,
    1.0,
    1.5,
    2.0,
    2.5,
    3.0,
    3.5,
    4.0,
    4.5,
    5.0,
    5.5,
    6.0,
    6.5,
    7.0,
    7.5,
    8.0,
    8.5,
    9.0,
    9.5,
    10.0,
    10.5,
    11.0,
    11.5,
    12.0,
    12.5,
    13.0,
    13.5,
    14.0,
    14.5,
    15.0
  ],
  "engajamentoneural": [
    62.98286288799648,
    70.16048362227154,
    79.01021188967734,
    84.64279041463267,
    86.33804038754432,
    85.07762288448247,
    81.79581445207714,
    77.28647956724336,
    72.10030472793417,
    66.48906334785717,
    60.740581499394644,
    55.5429892797896,
    51.86552260112482,
    50.39015576244682,
    51.05012704165407,
    53.1122422891321,
    55.79419201937659,
    58.90785505147217,
    62.83142624616529,
    67.76629888541154,
    73.12176419969485,
    77.82426585906465,
    81.13075966696135,
    82.91382676454498,
    83.35461518517302,
    82.61764609376003,
    80.76172377087104,
    77.8542289178544,
    74.22113028735048,
    70.68436663560794,
    68.44662610630637
  ],
  "cognitivedemand": [
    66.8895717608253,
    67.01503093001826,
    63.780079756706165,
    63.42792122564631,
    62.92774710535297,
    57.790432031177815,
    59.7780715453287,
    62.43747463641866,
    61.47720329877553,
    61.0522364996887,
    54.58731793163388,
    58.31700479931979,
    59.68671529041068,
    57.430473423023564,
    58.671008386136386,
    62.76538010286023,
    63.83140089404472,
    56.717479344048854,
    30.69817750517034,
    36.78547567050277,
    41.28857890431046,
    43.42286846852447,
    45.275920689245005,
    46.55329420730309,
    47.193877851653134,
    49.48512702274823,
    65.79208372377623,
    71.60395807991841,
    62.334108431283155,
    62.7907664727218,
    64.572755857552
  ],
  "focus": [
    9.39357157159737,
    14.768899054067356,
    18.696513992900154,
    8.0963953746846,
    8.308175449580942,
    8.571387448681968,
    12.192031407523128,
    17.529386200063662,
    17.39240943509586,
    16.65610851078216,
    18.26893732898952,
    37.52651934684086,
    17.073028752083594,
    22.297482201505986,
    27.32795508066573,
    41.49377482007948,
    41.7236178212648,
    45.70717218552041,
    13.94820876742634,
    11.503688077475545,
    31.091460788164415,
    36.61121217039098,
    31.163283946603002,
    27.135390651288112,
    23.543627175952086,
    21.53301151984357,
    15.294366393719644,
    9.430369117949434,
    11.517194923921657,
    11.428732369550634,
    10.615599551360672
  ],
  "embeddings": [
    [
      0.1982409507036209,
      0.19252772629261017,
      -0.03712405636906624,
      0.21197442710399628,
      -0.21865324676036835,
      0.010241096839308739,
      -0.16712616384029388,
      -0.1608971804380417,
      -0.09758790582418442,
      -0.11414530128240585
    ],
    [
      0.19266337156295776,
      0.20652799308300018,
      -0.04769286513328552,
      0.21199630200862885,
      -0.21598215401172638,
      0.006194571033120155,
      -0.18250560760498047,
      -0.1357831060886383,
      -0.12515471875667572,
      -0.10756933689117432
    ],
    [
      0.18937979638576508,
      0.21194076538085938,
      -0.05748225376009941,
      0.21247762441635132,
      -0.21276414394378662,
      0.0002817354688886553,
      -0.19093596935272217,
      -0.12178435176610947,
      -0.14143839478492737,
      -0.10469301789999008
    ],
    [
      0.1899687796831131,
      0.20897303521633148,
      -0.05705814063549042,
      0.21254877746105194,
      -0.2124703973531723,
      -0.001115106395445764,
      -0.1883373260498047,
      -0.1255185753107071,
      -0.13787364959716797,
      -0.10633210092782974
    ],
    [
      0.1902591437101364,
      0.20444242656230927,
      -0.05020970106124878,
      0.2120211273431778,
      -0.2148970514535904,
      -0.0009417448309250176,
      -0.18195675313472748,
      -0.13469092547893524,
      -0.12784886360168457,
      -0.11100828647613525
    ],
    [
      0.19060830771923065,
      0.20320574939250946,
      -0.043908849358558655,
      0.21133793890476227,
      -0.21753305196762085,
      0.0023715575225651264,
      -0.17705601453781128,
      -0.14270377159118652,
      -0.11789023876190186,
      -0.11280306428670883
    ],
    [
      0.19156421720981598,
      0.20662397146224976,
      -0.055650074034929276,
      0.21340489387512207,
      -0.21276770532131195,
      0.001577521674335003,
      -0.18440766632556915,
      -0.1334996521472931,
      -0.12978671491146088,
      -0.10570645332336426
    ],
    [
      0.1942940503358841,
      0.19946342706680298,
      -0.051853764802217484,
      0.2135039120912552,
      -0.21343152225017548,
      0.00043671237654052675,
      -0.17750687897205353,
      -0.1445157676935196,
      -0.11894019693136215,
      -0.1087772324681282
    ],
    [
      0.19328202307224274,
      0.19731669127941132,
      -0.040853966027498245,
      0.21225249767303467,
      -0.21813590824604034,
      0.002903908723965287,
      -0.17084157466888428,
      -0.1528518795967102,
      -0.1077900230884552,
      -0.11464088410139084
    ],
    [
      0.193704292178154,
      0.20061667263507843,
      -0.04968373104929924,
      0.21311478316783905,
      -0.21461670100688934,
      0.0024376765359193087,
      -0.17726989090442657,
      -0.14432501792907715,
      -0.11813283711671829,
      -0.10920283943414688
    ],
    [
      0.19272255897521973,
      0.20046262443065643,
      -0.04532167315483093,
      0.21207749843597412,
      -0.2166392058134079,
      0.0027186404913663864,
      -0.17545467615127563,
      -0.14604853093624115,
      -0.11507726460695267,
      -0.11194034665822983
    ],
    [
      0.19233949482440948,
      0.2033180147409439,
      -0.051069509238004684,
      0.21255497634410858,
      -0.21462894976139069,
      0.0017707720398902893,
      -0.18009667098522186,
      -0.13967330753803253,
      -0.12225774675607681,
      -0.10877174139022827
    ],
    [
      0.19337677955627441,
      0.20166750252246857,
      -0.05257469415664673,
      0.21268878877162933,
      -0.2137952595949173,
      0.000692720350343734,
      -0.1801287978887558,
      -0.14004836976528168,
      -0.12267345935106277,
      -0.10838425904512405
    ],
    [
      0.19449299573898315,
      0.1955650895833969,
      -0.03693881630897522,
      0.21160519123077393,
      -0.21994777023792267,
      0.005003648344427347,
      -0.16742880642414093,
      -0.15835480391979218,
      -0.10043761134147644,
      -0.11593083292245865
    ],
    [
      0.1931101679801941,
      0.20602428913116455,
      -0.05565600469708443,
      0.21309328079223633,
      -0.2130531519651413,
      0.004309458192437887,
      -0.18328510224819183,
      -0.13643591105937958,
      -0.1257154941558838,
      -0.10465925931930542
    ],
    [
      0.1922663450241089,
      0.20788736641407013,
      -0.05940321087837219,
      0.21330322325229645,
      -0.21148012578487396,
      0.0030032694339752197,
      -0.18645519018173218,
      -0.1313571184873581,
      -0.13209068775177002,
      -0.10308211296796799
    ],
    [
      0.19357024133205414,
      0.2041272670030594,
      -0.059273675084114075,
      0.21371513605117798,
      -0.2109726071357727,
      0.0003469517978373915,
      -0.1840469390153885,
      -0.13493503630161285,
      -0.12941820919513702,
      -0.10432658344507217
    ],
    [
      0.1929170936346054,
      0.19539199769496918,
      -0.04047990217804909,
      0.21144765615463257,
      -0.21834583580493927,
      -0.0004408926179166883,
      -0.17095117270946503,
      -0.15133610367774963,
      -0.10938408970832825,
      -0.1174793541431427
    ],
    [
      0.19196255505084991,
      0.19950492680072784,
      -0.04316592589020729,
      0.21157769858837128,
      -0.21767902374267578,
      0.0007528473506681621,
      -0.1744585633277893,
      -0.14654962718486786,
      -0.1143726110458374,
