{
  "tempos": [
    0.0,
    0.5,
    1.0,
    1.5,
    2.0,
    2.5,
    3.0,
    3.5,
    4.0,
    4.5,
    5.0,
    5.5,
    6.0,
    6.5,
    7.0,
    7.5,
    8.0,
    8.5,
    9.0,
    9.5,
    10.0,
    10.5,
    11.0,
    11.5,
    12.0,
    12.5,
    13.0,
    13.5,
    14.0,
    14.5,
    15.0
  ],
  "engajamentoneural": [
    72.60312969262014,
    79.32655733062428,
    86.96312612253413,
    91.42737009397752,
    92.84215554138905,
    92.25042010485005,
    90.24242157603577,
    87.22373530631593,
    83.61461606928471,
    79.83019704080272,
    76.29146305158092,
    73.42729893767309,
    71.55289383104318,
    70.72370364607046,
    70.71452809101713,
    71.14694610573305,
    71.7036548860536,
    72.31301452438841,
    73.15314170912433,
    74.43937147329987,
    76.18125324221127,
    78.14476594237314,
    80.01405380770967,
    81.54451967632342,
    82.58717818472216,
    83.03954485170979,
    82.81373482298079,
    81.86772096889568,
    80.32071471635665,
    78.60567144576684,
    77.44433562026481
  ],
  "cognitivedemand": [
    70.62412626901526,
    68.13319861783756,
    64.56061836159614,
    63.60516117353612,
    61.39113871260827,
    55.93228356349679,
    56.302664627124415,
    57.81084950210856,
    57.57278151378787,
    58.104468484403235,
    60.85700862353191,
    62.087341147882135,
    62.95671845280683,
    63.51930581749453,
    66.03973105291608,
    68.43639865338506,
    69.22884485164263,
    61.5015638993612,
    34.940047728934054,
    44.07485239312729,
    51.49163926213739,
    55.0346605916662,
    56.03195355791428,
    56.99190298489186,
    58.03079838188004,
    58.968159378986954,
    67.54604621598806,
    73.03066748028623,
    61.023104089524175,
    60.793787587824674,
    62.47156064914732
  ],
  "focus": [
    17.21007769183319,
    24.452581853874804,
    33.42003831888017,
    11.547654632272463,
    16.947631487020292,
    13.497639299920774,
    43.410992709572135,
    36.10419577454399,
    28.206984606612433,
    38.25271416644379,
    36.73872765279282,
    36.22217103615848,
    31.752370682471916,
    51.975860808913836,
    58.93967153452858,
    61.70608068316341,
    53.11637141009397,
    61.61633367589778,
    9.754089265300543,
    12.679171684987883,
    13.226107957705826,
    22.35507139620452,
    26.099754255991744,
    15.622015036966907,
    10.216119385611997,
    9.655567144056455,
    8.253461160773773,
    13.130618369973117,
    21.826427183817664,
    17.246246534324523,
    25.887899758214143
  ],
  "embeddings": [
    [
      0.20379269123077393,
      0.19419455528259277,
      -0.053119808435440063,
      0.21449130773544312,
      -0.21276576817035675,
      0.016443153843283653,
      -0.17095226049423218,
      -0.1617739051580429,
      -0.09811197966337204,
      -0.09971818327903748
    ],
    [
      0.2023162990808487,
      0.20345032215118408,
      -0.0642695352435112,
      0.2149752974510193,
      -0.2089473009109497,
      0.019299408420920372,
      -0.18113993108272552,
      -0.14823736250400543,
      -0.1117982566356659,
      -0.09130582213401794
    ],
    [
      0.2030434012413025,
      0.20694677531719208,
      -0.07322955876588821,
      0.21588633954524994,
      -0.2053365260362625,
      0.02030365727841854,
      -0.18599741160869598,
      -0.14294029772281647,
      -0.1177930012345314,
      -0.08519458025693893
    ],
    [
      0.20346921682357788,
      0.20558421313762665,
      -0.07175249606370926,
      0.21557480096817017,
      -0.20587651431560516,
      0.0208973940461874,
      -0.18403607606887817,
      -0.1459970623254776,
      -0.11387839168310165,
      -0.08615142852067947
    ],
    [
      0.20412211120128632,
      0.2060137540102005,
      -0.07682327181100845,
      0.21638278663158417,
      -0.20368920266628265,
      0.020080355927348137,
      -0.18661455810070038,
      -0.14308451116085052,
      -0.1180211678147316,
      -0.08367646485567093
    ],
    [
      0.20555292069911957,
      0.20138458907604218,
      -0.0730755478143692,
      0.21581894159317017,
      -0.20484179258346558,
      0.019541004672646523,
      -0.18151430785655975,
      -0.1509069949388504,
      -0.1095733642578125,
      -0.08637096732854843
    ],
    [
      0.2066727876663208,
      0.19890433549880981,
      -0.07075224071741104,
      0.2160436064004898,
      -0.20548772811889648,
      0.020759591832756996,
      -0.17882530391216278,
      -0.1550668329000473,
      -0.10504867881536484,
      -0.08741018921136856
    ],
    [
      0.20789079368114471,
      0.19575488567352295,
      -0.06870239228010178,
      0.21609733998775482,
      -0.2061290740966797,
      0.020204804837703705,
      -0.17558743059635162,
      -0.16041935980319977,
      -0.09955651313066483,
      -0.08886516839265823
    ],
    [
      0.20783203840255737,
      0.19778497517108917,
      -0.07141778618097305,
      0.2165421098470688,
      -0.20511610805988312,
      0.021180378273129463,
      -0.1778855323791504,
      -0.15749138593673706,
      -0.10249241441488266,
      -0.08668505400419235
    ],
    [
      0.20908105373382568,
      0.19394558668136597,
      -0.06836077570915222,
      0.21621215343475342,
      -0.20599615573883057,
      0.02107917331159115,
      -0.17390228807926178,
      -0.16360682249069214,
      -0.09613002091646194,
      -0.08883979916572571
    ],
    [
      0.2086213231086731,
      0.19399230182170868,
      -0.06575752794742584,
      0.2154860943555832,
      -0.20724673569202423,
      0.021881146356463432,
      -0.17273254692554474,
      -0.1650225967168808,
      -0.093747079372406,
      -0.09003946930170059
    ],
    [
      0.20841585099697113,
      0.19628329575061798,
      -0.0694664940237999,
      0.21584326028823853,
      -0.20598269999027252,
      0.022228993475437164,
      -0.1759047657251358,
      -0.1607125997543335,
      -0.09855552762746811,
      -0.08743347972631454
    ],
    [
      0.20954982936382294,
      0.19576877355575562,
      -0.07151544839143753,
      0.2162204533815384,
      -0.20499910414218903,
      0.022568516433238983,
      -0.17623645067214966,
      -0.1609789878129959,
      -0.09840148687362671,
      -0.0859525203704834
    ],
    [
      0.21025697886943817,
      0.19422973692417145,
      -0.07019047439098358,
      0.2164210081100464,
      -0.2053360939025879,
      0.02331002801656723,
      -0.17415839433670044,
      -0.16448073089122772,
      -0.09481684118509293,
      -0.08651214838027954
    ],
    [
      0.20893318951129913,
      0.19329814612865448,
      -0.06348111480474472,
      0.21514226496219635,
      -0.20837731659412384,
      0.023654403164982796,
      -0.17075611650943756,
      -0.16806215047836304,
      -0.08988378196954727,
      -0.09064877033233643
    ],
    [
      0.2066357582807541,
      0.20201361179351807,
      -0.07356298714876175,
      0.21568812429904938,
      -0.20497368276119232,
      0.02360486425459385,
      -0.18165095150470734,
      -0.1521882712841034,
      -0.10742039233446121,
      -0.08391473442316055
    ],
    [
      0.2082381397485733,
      0.20012645423412323,
      -0.07837136834859848,
      0.21660076081752777,
      -0.20252281427383423,
      0.020363466814160347,
      -0.18276441097259521,
      -0.15125049650669098,
      -0.11010882258415222,
      -0.08244285732507706
    ],
    [
      0.2095639556646347,
      0.19099737703800201,
      -0.06511237472295761,
      0.2155546098947525,
      -0.20727825164794922,
      0.020041069015860558,
      -0.17091906070709229,
      -0.1673906445503235,
      -0.09171462059020996,
      -0.09174618870019913
    ],
    [
      0.20980648696422577,
      0.18933390080928802,
      -0.05950002744793892,
      0.21508212387561798,
      -0.2096247524023056,
      0.021717937663197517,
      -0.1669607162475586,
      -0.17296355962753296,
      -0.08490944653749466,
      -0.09405211359262466
