{
  "tempos": [
    0.0,
    0.5,
    1.0,
    1.5,
    2.0,
    2.5,
    3.0,
    3.5,
    4.0,
    4.5,
    5.0,
    5.5,
    6.0,
    6.5,
    7.0,
    7.5,
    8.0,
    8.5,
    9.0,
    9.5,
    10.0,
    10.5,
    11.0,
    11.5,
    12.0,
    12.5,
    13.0,
    13.5,
    14.0,
    14.5,
    15.0
  ],
  "engajamentoneural": [
    48.173292743980376,
    53.88007522493583,
    62.025774842152316,
    68.59504936556853,
    71.89019659154809,
    72.48752907949337,
    71.70436675882281,
    70.66373612933518,
    69.96182213426844,
    69.71441562777242,
    69.77057397595084,
    69.94078419344326,
    70.19732828499366,
    70.75903867211333,
    71.93618464280163,
    73.80461673816082,
    76.03809742666986,
    78.1059714365318,
    79.61288008774183,
    80.44421693186064,
    80.67215597933823,
    80.37100607059935,
    79.4721516965502,
    77.74435487565081,
    74.92882450720363,
    70.96493997001839,
    66.12735751237925,
    60.90950876457571,
    55.84379358196625,
    51.6021214057872,
    49.10375549098955
  ],
  "cognitivedemand": [
    21.550732336596585,
    29.256268535568974,
    38.22084728147568,
    39.957082402397944,
    40.42464173370431,
    40.874169657662954,
    41.33514308387615,
    41.784422643448835,
    42.27308649803839,
    42.727929955216965,
    43.00864527884837,
    43.4308816532076,
    41.11808796281139,
    27.12296674227412,
    33.64896081344564,
    37.64442505540003,
    38.61891895556064,
    38.71981917436387,
    38.751520438173706,
    38.790726818358074,
    38.887889397452355,
    39.0177055481149,
    39.03322094661781,
    39.019630923962495,
    32.62922323442742,
    23.641286256971195,
    30.985947193259413,
    33.40898618666163,
    33.42173210307336,
    33.42087171771181,
    33.432054396545404
  ],
  "focus": [
    7.8965800650803235,
    16.11372109150581,
    34.71774760427095,
    27.414737711877,
    25.24880642136101,
    19.58763860169893,
    17.212623860242214,
    16.72156087061089,
    16.38840856753056,
    15.463962143436323,
    14.544813054203814,
    13.649278974396962,
    12.337970698616095,
    13.512030543847228,
    33.23933510714902,
    28.436956181591736,
    17.56825079593682,
    17.383460609646164,
    17.31480578805114,
    16.23383422646217,
    15.999371356612592,
    15.24932311195907,
    14.853417440930595,
    14.904675991430581,
    14.439162741767198,
    19.828690513471113,
    54.17740750861797,
    68.63992667767135,
    66.74223952305506,
    54.71840492724786,
    41.25772190569389
  ],
  "embeddings": [
    [
      0.2019125372171402,
      0.19457562267780304,
      -0.05568183958530426,
      0.2130700796842575,
      -0.21195751428604126,
      0.011313172988593578,
      -0.17295117676258087,
      -0.1579374521970749,
      -0.10143142938613892,
      -0.10138968378305435
    ],
    [
      0.2025020569562912,
      0.1936710625886917,
      -0.055988144129514694,
      0.21358813345432281,
      -0.21154867112636566,
      0.01155283022671938,
      -0.17186273634433746,
      -0.15986330807209015,
      -0.0997283086180687,
      -0.10116016864776611
    ],
    [
      0.203006312251091,
      0.1926119327545166,
      -0.05556023493409157,
      0.21375936269760132,
      -0.21161973476409912,
      0.011564540676772594,
      -0.17088903486728668,
      -0.16139017045497894,
      -0.09825331717729568,
      -0.10149594396352768
    ],
    [
      0.20323757827281952,
      0.1923292726278305,
      -0.05560106039047241,
      0.2138628512620926,
      -0.21157340705394745,
      0.01164878811687231,
      -0.17066465318202972,
      -0.16182325780391693,
      -0.09786707162857056,
      -0.10143131017684937
    ],
    [
      0.20344458520412445,
      0.19225645065307617,
      -0.05574478581547737,
      0.21396146714687347,
      -0.21149180829524994,
      0.012022008188068867,
      -0.1705183982849121,
      -0.16222651302814484,
      -0.0974249541759491,
      -0.10116364806890488
    ],
    [
      0.2036106139421463,
      0.19246280193328857,
      -0.05629131197929382,
      0.2140565663576126,
      -0.2112717181444168,
      0.012344435788691044,
      -0.17076151072978973,
      -0.16209961473941803,
      -0.09756478667259216,
      -0.10063043236732483
    ],
    [
      0.20371605455875397,
      0.19250686466693878,
      -0.05660484358668327,
      0.2140825241804123,
      -0.21114404499530792,
      0.012515347450971603,
      -0.17086179554462433,
      -0.16208355128765106,
      -0.09757450968027115,
      -0.10036579519510269
    ],
    [
      0.2038087695837021,
      0.19245417416095734,
      -0.05658357962965965,
      0.21408791840076447,
      -0.2111523598432541,
      0.012727245688438416,
      -0.1707557588815689,
      -0.1623079776763916,
      -0.09726015478372574,
      -0.10029559582471848
    ],
    [
      0.20393364131450653,
      0.19249339401721954,
      -0.05683467909693718,
      0.2141122817993164,
      -0.21105511486530304,
      0.012940906919538975,
      -0.17082132399082184,
      -0.16234566271305084,
      -0.09719124436378479,
      -0.10003277659416199
    ],
    [
      0.20406945049762726,
      0.19249409437179565,
      -0.05713660642504692,
      0.2141527384519577,
      -0.2109217792749405,
      0.013067356310784817,
      -0.17089907824993134,
      -0.16237540543079376,
      -0.09717884659767151,
      -0.09977584332227707
    ],
    [
      0.20417578518390656,
      0.19244037568569183,
      -0.05729430913925171,
      0.21416497230529785,
      -0.21084749698638916,
      0.01315672043710947,
      -0.1708977073431015,
      -0.16247914731502533,
      -0.09707430005073547,
      -0.09963051229715347
    ],
    [
      0.2042158991098404,
      0.19242900609970093,
      -0.05725497379899025,
      0.21414899826049805,
      -0.2108718752861023,
      0.01327147614210844,
      -0.17085671424865723,
      -0.1625785231590271,
      -0.09691522270441055,
      -0.09960512071847916
    ],
    [
      0.20424912869930267,
      0.19263626635074615,
      -0.057590752840042114,
      0.21419179439544678,
      -0.2107481211423874,
      0.013407278805971146,
      -0.17108963429927826,
      -0.1623372584581375,
      -0.09717278927564621,
      -0.09930095076560974
    ],
    [
      0.20435543358325958,
      0.19272859394550323,
      -0.05786717310547829,
      0.21424956619739532,
      -0.21063445508480072,
      0.013649043627083302,
      -0.1711745411157608,
      -0.16235168278217316,
      -0.09714717417955399,
      -0.09900505095720291
    ],
    [
      0.2045356035232544,
      0.19269375503063202,
      -0.05822126939892769,
      0.21431781351566315,
      -0.21046854555606842,
      0.013825931586325169,
      -0.17121736705303192,
      -0.1624557226896286,
      -0.09706868976354599,
      -0.0987037718296051
    ],
    [
      0.20458686351776123,
      0.19253915548324585,
      -0.058112263679504395,
      0.2142730951309204,
      -0.2105173021554947,
      0.013853034935891628,
      -0.1710810512304306,
      -0.16265110671520233,
      -0.09681475162506104,
      -0.09879114478826523
    ],
    [
      0.20456890761852264,
      0.192595437169075,
      -0.05813294276595116,
      0.21425361931324005,
      -0.21052424609661102,
      0.013817454688251019,
      -0.1711619347333908,
      -0.1625184416770935,
      -0.09692949801683426,
      -0.09878304600715637
    ],
    [
      0.2045997828245163,
      0.19270558655261993,
      -0.058243170380592346,
      0.21429069340229034,
      -0.21048617362976074,
      0.01402196753770113,
      -0.17120586335659027,
      -0.16252553462982178,
      -0.09688597917556763,
      -0.09861454367637634
    ],
    [
      0.20474229753017426,
      0.19246971607208252,
      -0.05849234759807587,
      0.21426837146282196,
      -0.21036267280578613,
      0.013839688152074814,
      -0.17122741043567657,
      -0.16258789598941803,
      -0.09690657258033752,
