{
  "tempos": [
    0.0,
    0.5,
    1.0,
    1.5,
    2.0,
    2.5,
    3.0,
    3.5,
    4.0,
    4.5,
    5.0,
    5.5,
    6.0,
    6.5,
    7.0,
    7.5,
    8.0,
    8.5,
    9.0,
    9.5,
    10.0,
    10.5,
    11.0,
    11.5,
    12.0,
    12.5,
    13.0,
    13.5,
    14.0,
    14.5,
    15.0
  ],
  "engajamentoneural": [
    59.2904110722334,
    65.45293274220354,
    73.39159970926008,
    78.81736640008408,
    80.6978399024161,
    79.9508551178917,
    77.87785940605556,
    75.6263678788825,
    73.90569358341922,
    72.951583482631,
    72.74073000554422,
    73.21370774081446,
    74.34839315763095,
    76.0913134579788,
    78.26354778892781,
    80.56855923398231,
    82.71098540734123,
    84.51094609969337,
    85.92309249827068,
    86.97869212163583,
    87.71317554324047,
    88.11427233059473,
    88.09995739314071,
    87.53364159800705,
    86.27821487143524,
    84.27068817005446,
    81.56794766489134,
    78.32824741988418,
    74.82782006609949,
    71.62902601046018,
    69.63833387677937
  ],
  "cognitivedemand": [
    22.365141165816596,
    41.84288262404368,
    66.17310017775345,
    68.69054407729669,
    68.71532635891731,
    68.71804427847766,
    68.71748386487204,
    68.71908672828471,
    68.71898537293843,
    68.71903733052754,
    69.07290233302591,
    69.42028812309968,
    67.32274303419563,
    39.821983770904154,
    54.48382461515196,
    61.65083124022292,
    63.307115664721415,
    63.503535084641356,
    63.62825870641215,
    63.76298772463417,
    64.30311213942525,
    64.79065318841845,
    64.73963481020142,
    64.66374189791009,
    55.529697665523436,
    30.68306000864689,
    43.05609316207385,
    47.50246267584524,
    47.53854108876207,
    47.535044464898775,
    47.57059805466756
  ],
  "focus": [
    11.999351574650392,
    12.741944703417486,
    8.661760219860616,
    7.885914080764072,
    7.866038863245631,
    7.918479334292215,
    7.986990540363626,
    7.996601702027515,
    7.9958127102536,
    7.996642395872153,
    7.996830602544274,
    8.000827215285845,
    7.9952144256507,
    9.203316860829439,
    17.37848259913446,
    15.070415007754304,
    29.117597915769544,
    23.18589981422543,
    14.065142948715453,
    9.71677422206699,
    9.345848889010341,
    9.546166680006127,
    9.540159440726525,
    9.73190828582825,
    9.926708555111384,
    8.012103456364253,
    26.790402252566825,
    58.4248029746469,
    54.12862363610291,
    39.409314532117534,
    25.436316954034183
  ],
  "embeddings": [
    [
      0.19778995215892792,
      0.19230644404888153,
      -0.04589483141899109,
      0.20979483425617218,
      -0.21635322272777557,
      0.0018613223219290376,
      -0.17156696319580078,
      -0.15407226979732513,
      -0.1053110659122467,
      -0.11162278801202774
    ],
    [
      0.19879145920276642,
      0.1894344538450241,
      -0.04520660266280174,
      0.2112940400838852,
      -0.21584372222423553,
      0.0017025164561346173,
      -0.1682063788175583,
      -0.1595401018857956,
      -0.10067672282457352,
      -0.11277976632118225
    ],
    [
      0.19867686927318573,
      0.18725043535232544,
      -0.041568025946617126,
      0.21169798076152802,
      -0.21708373725414276,
      0.001676341169513762,
      -0.1648910939693451,
      -0.1638074368238449,
      -0.09639209508895874,
      -0.11561993509531021
    ],
    [
      0.19813156127929688,
      0.1873188018798828,
      -0.04041312634944916,
      0.2118711620569229,
      -0.21750791370868683,
      0.0010233009234070778,
      -0.16452538967132568,
      -0.1638113260269165,
      -0.09666744619607925,
      -0.11663717031478882
    ],
    [
      0.19757242500782013,
      0.18768887221813202,
      -0.03986486420035362,
      0.2119424194097519,
      -0.21772922575473785,
      0.0004107551649212837,
      -0.1646493375301361,
      -0.1631660908460617,
      -0.09754634648561478,
      -0.11723116040229797
    ],
    [
      0.19701959192752838,
      0.1880301684141159,
      -0.0393218994140625,
      0.21194009482860565,
      -0.21796083450317383,
      -0.00021847314201295376,
      -0.1648048758506775,
      -0.16246755421161652,
      -0.0984199121594429,
      -0.11784255504608154
    ],
    [
      0.19653020799160004,
      0.1882675290107727,
      -0.03877243772149086,
      0.2119096964597702,
      -0.21819478273391724,
      -0.0008144684252329171,
      -0.16489453613758087,
      -0.16189983487129211,
      -0.09912458807229996,
      -0.11845400184392929
    ],
    [
      0.19608347117900848,
      0.18843621015548706,
      -0.038201041519641876,
      0.211863175034523,
      -0.21843679249286652,
      -0.0013719877460971475,
      -0.16492754220962524,
      -0.16143985092639923,
      -0.09969113022089005,
      -0.11907150596380234
    ],
    [
      0.19569379091262817,
      0.18856437504291534,
      -0.0376642681658268,
      0.21181650459766388,
      -0.21866486966609955,
      -0.0018626428209245205,
      -0.16493213176727295,
      -0.1610667109489441,
      -0.10014855116605759,
      -0.11963550001382828
    ],
    [
      0.1953425407409668,
      0.18868465721607208,
      -0.03719409182667732,
      0.21177417039871216,
      -0.21886557340621948,
      -0.002305010799318552,
      -0.16494591534137726,
      -0.1607186198234558,
      -0.10057424753904343,
      -0.12013553828001022
    ],
    [
      0.19503672420978546,
      0.18877799808979034,
      -0.036771636456251144,
      0.21173667907714844,
      -0.21904490888118744,
      -0.0026950433384627104,
      -0.16494517028331757,
      -0.16043122112751007,
      -0.10092925280332565,
      -0.12058239430189133
    ],
    [
      0.19477498531341553,
      0.18885670602321625,
      -0.036408036947250366,
      0.21170727908611298,
      -0.21919846534729004,
      -0.003024972975254059,
      -0.16494004428386688,
      -0.16019274294376373,
      -0.10122624039649963,
      -0.1209651529788971
    ],
    [
      0.19453613460063934,
      0.18892832100391388,
      -0.03606945648789406,
      0.21167832612991333,
      -0.2193424105644226,
      -0.003321461146697402,
      -0.16493208706378937,
      -0.159978985786438,
      -0.10148865729570389,
      -0.1213163211941719
    ],
    [
      0.19433163106441498,
      0.18898694217205048,
      -0.0357988066971302,
      0.21164463460445404,
      -0.21945983171463013,
      -0.003587976098060608,
      -0.16493983566761017,
      -0.15977519750595093,
      -0.10173524171113968,
      -0.12161266058683395
    ],
    [
      0.1941046118736267,
      0.18897241353988647,
      -0.03535666689276695,
      0.21159541606903076,
      -0.21964938938617706,
      -0.003915898967534304,
      -0.1648513823747635,
      -0.1596507579088211,
      -0.10188581794500351,
      -0.12204238027334213
    ],
    [
      0.19381360709667206,
      0.18921667337417603,
      -0.035114046186208725,
      0.21152068674564362,
      -0.2197832614183426,
      -0.004207793623209,
      -0.1650327891111374,
      -0.15915055572986603,
      -0.10240034013986588,
      -0.12231137603521347
    ],
    [
      0.1936006098985672,
      0.1893923282623291,
      -0.0349857397377491,
      0.21147815883159637,
      -0.21986067295074463,
      -0.004435340408235788,
      -0.16517959535121918,
      -0.15876035392284393,
      -0.10281764715909958,
      -0.12248804420232773
    ],
    [
      0.193426251411438,
      0.18951018154621124,
      -0.03484834358096123,
      0.21144187450408936,
      -0.21993450820446014,
      -0.004638181533664465,
      -0.16527308523654938,
      -0.15847115218639374,
      -0.10313147306442261,
      -0.12266358733177185
    ],
    [
      0.19338341057300568,
      0.18952375650405884,
      -0.034719280898571014,
      0.21145357191562653,
      -0.21999342739582062,
      -0.004595577251166105,
      -0.1652061492204666,
      -0.1585334688425064,
      -0.1030380055308342,
