{
  "tempos": [
    0.0,
    0.5,
    1.0,
    1.5,
    2.0,
    2.5,
    3.0,
    3.5,
    4.0,
    4.5,
    5.0,
    5.5,
    6.0,
    6.5,
    7.0,
    7.5,
    8.0,
    8.5,
    9.0,
    9.5,
    10.0,
    10.5,
    11.0,
    11.5,
    12.0,
    12.5,
    13.0,
    13.5,
    14.0,
    14.5,
    15.0,
    15.5,
    16.0,
    16.5,
    17.0,
    17.5,
    18.0,
    18.5,
    19.0,
    19.5
  ],
  "engajamentoneural": [
    50.10330282239218,
    56.18423514356158,
    64.27558700785461,
    69.68065115420691,
    70.59265622759435,
    67.65069408380103,
    62.55331373424784,
    57.28251778982646,
    53.31931955231484,
    51.243045716882015,
    50.880724138320154,
    51.66393579040333,
    52.998943982054335,
    54.53446382327315,
    56.161152088591805,
    57.74602723465121,
    58.89352064717153,
    59.0200917159947,
    57.69498353195961,
    54.953950011994124,
    51.34780052282421,
    47.66270659143979,
    44.50210517673982,
    42.07397707934387,
    40.294358276047774,
    38.9910625404875,
    37.97655772192508,
    36.98970735450974,
    35.67434602391327,
    33.7016687315181,
    30.99147755844276,
    27.894688145672696,
    25.146696371948863,
    23.505098012191993,
    23.314539288430396,
    24.294466055124957,
    25.634716576026584,
    26.47748798036166,
    26.55814789913863,
    26.323404584451936
  ],
  "cognitivedemand": [
    59.697532692904076,
    59.521466363018334,
    59.14781116439147,
    56.41135609067486,
    56.80849730840945,
    57.77936275073867,
    58.96418940891451,
    57.99311422490796,
    55.428487947104465,
    55.62534368793256,
    54.07055850840851,
    53.64871114891977,
    54.08934865193814,
    53.36528297795631,
    52.64684566748276,
    54.249321483088586,
    54.81915906396035,
    54.43892596026088,
    54.73738563889744,
    57.71776954019314,
    69.36972681246147,
    72.47784109085555,
    71.26366030422803,
    68.89530229788946,
    69.3653638315907,
    69.71146333295927,
    74.03678788641703,
    71.13363501958595,
    55.43510637602386,
    53.25341428981919,
    56.124809137413955,
    42.38114712831682,
    41.4342819157096,
    49.56520780811157,
    51.47795403191888,
    56.566227254147364,
    52.955396600776844,
    51.35410868471654,
    54.93707673762259,
    51.440783551312
  ],
  "focus": [
    8.9428971208835,
    8.426317435586448,
    9.652915507583556,
    12.699071154019144,
    15.583857948394387,
    8.898500621364805,
    7.952135261543403,
    7.899963548359033,
    8.307111421416144,
    13.17824641774396,
    22.307589879543762,
    31.419622560445873,
    36.181516569156784,
    35.50403221054238,
    25.478508387674395,
    19.751918140069876,
    20.964294587540273,
    18.26564770902736,
    24.71794300328164,
    22.042228681225247,
    16.097080811386064,
    11.833407918496773,
    10.435691363845402,
    8.26449155412448,
    7.910100032293399,
    7.8828919056532865,
    8.391473456421867,
    12.652432467152263,
    11.030634046557115,
    11.745449951843637,
    10.625006699077776,
    11.13753040351581,
    12.720494730734298,
    11.026979702195275,
    12.56000276927659,
    11.575498614020097,
    10.145982427181488,
    12.220408943002322,
    12.037859681590968,
    19.189285259854238
  ],
  "embeddings": [
    [
      0.19773471355438232,
      0.1876966953277588,
      -0.035870511084795,
      0.21155886352062225,
      -0.2193853110074997,
      0.004228368867188692,
      -0.16208823025226593,
      -0.16724836826324463,
      -0.09100949764251709,
      -0.1187962219119072
    ],
    [
      0.1962183713912964,
      0.1943637728691101,
      -0.044416118413209915,
      0.21249598264694214,
      -0.21636831760406494,
      0.003565889550372958,
      -0.16963939368724823,
      -0.15646035969257355,
      -0.10411995649337769,
      -0.11223769932985306
    ],
    [
      0.19516301155090332,
      0.194142684340477,
      -0.04337035119533539,
      0.2126835137605667,
      -0.21663741767406464,
      0.0012396444799378514,
      -0.16950027644634247,
      -0.15556614100933075,
      -0.10593520849943161,
      -0.1140386164188385
    ],
    [
      0.1953801065683365,
      0.19280989468097687,
      -0.03971942141652107,
      0.2123698741197586,
      -0.21805192530155182,
      0.00256216898560524,
      -0.16670913994312286,
      -0.159702867269516,
      -0.10066203027963638,
      -0.11580127477645874
    ],
    [
      0.19515502452850342,
      0.1969577521085739,
      -0.04930159077048302,
      0.21380363404750824,
      -0.2142719030380249,
      0.000726404890883714,
      -0.17380785942077637,
      -0.14986683428287506,
      -0.11337854713201523,
      -0.10997530072927475
    ],
    [
      0.19488860666751862,
      0.19269460439682007,
      -0.041346464306116104,
      0.2129661589860916,
      -0.2172408550977707,
      -0.0002544062153901905,
      -0.16794472932815552,
      -0.15709041059017181,
      -0.10483426600694656,
      -0.11621930450201035
    ],
    [
      0.19503861665725708,
      0.1900056004524231,
      -0.036033544689416885,
      0.21258485317230225,
      -0.2192075401544571,
      -6.434127135435119e-05,
      -0.16371597349643707,
      -0.1627628207206726,
      -0.09830411523580551,
      -0.11965053528547287
    ],
    [
      0.19404681026935577,
      0.19285720586776733,
      -0.03828877583146095,
      0.21270184218883514,
      -0.2185649871826172,
      -0.00042230705730617046,
      -0.16684339940547943,
      -0.1580115407705307,
      -0.10360825061798096,
      -0.11785175651311874
    ],
    [
      0.19535084068775177,
      0.19005072116851807,
      -0.03962912783026695,
      0.21293091773986816,
      -0.21765579283237457,
      -0.0020583216100931168,
      -0.16593648493289948,
      -0.15962426364421844,
      -0.1028926894068718,
      -0.1182652935385704
    ],
    [
      0.1950148493051529,
      0.18773263692855835,
      -0.032884564250707626,
      0.2122674435377121,
      -0.22035962343215942,
      -0.0012630472192540765,
      -0.16140733659267426,
      -0.1656656116247177,
      -0.09532824158668518,
      -0.12242142111063004
    ],
    [
      0.19457697868347168,
      0.1905086189508438,
      -0.03514222055673599,
      0.21240337193012238,
      -0.21968205273151398,
      5.662278272211552e-05,
      -0.16375352442264557,
      -0.16265122592449188,
      -0.09836632758378983,
      -0.11984249204397202
    ],
    [
      0.1942337304353714,
      0.19469106197357178,
      -0.03954802080988884,
      0.21254046261310577,
      -0.2182808369398117,
      0.0023276908323168755,
      -0.16778568923473358,
      -0.15764598548412323,
      -0.10312897711992264,
      -0.11549489945173264
    ],
    [
      0.1941806823015213,
      0.19820784032344818,
      -0.04825368896126747,
      0.21398627758026123,
      -0.21480004489421844,
      0.0005263297935016453,
      -0.17405571043491364,
      -0.14896951615810394,
      -0.11414742469787598,
      -0.1105385348200798
    ],
    [
      0.19383342564105988,
      0.19393467903137207,
      -0.04193095490336418,
      0.21310973167419434,
      -0.21704310178756714,
      -0.0022982624359428883,
      -0.16950249671936035,
      -0.15420107543468475,
      -0.10869657248258591,
      -0.11625251173973083
    ],
    [
      0.1937052607536316,
      0.191609188914299,
      -0.03791274502873421,
      0.21266239881515503,
      -0.21851950883865356,
      -0.003168463474139571,
      -0.16652704775333405,
      -0.1578098088502884,
      -0.10469002276659012,
      -0.11937765032052994
    ],
    [
      0.19415360689163208,
      0.19073112308979034,
      -0.037542443722486496,
      0.21279048919677734,
      -0.21856415271759033,
      -0.0030772241298109293,
      -0.16569596529006958,
      -0.15925046801567078,
      -0.10327769070863724,
      -0.11963673681020737
    ],
    [
      0.19339512288570404,
      0.19267122447490692,
      -0.03524686023592949,
