{
  "tempos": [
    0.0,
    0.5,
    1.0,
    1.5,
    2.0,
    2.5,
    3.0,
    3.5,
    4.0,
    4.5,
    5.0,
    5.5,
    6.0,
    6.5,
    7.0,
    7.5,
    8.0,
    8.5,
    9.0,
    9.5,
    10.0,
    10.5,
    11.0,
    11.5,
    12.0,
    12.5,
    13.0,
    13.5,
    14.0,
    14.5,
    15.0,
    15.5,
    16.0,
    16.5,
    17.0,
    17.5
  ],
  "engajamentoneural": [
    47.84543145213158,
    53.06191790641024,
    60.23752692901424,
    65.34507754607792,
    66.43945038963423,
    63.82960405016954,
    59.320581076766,
    55.622638134814096,
    54.89007425296051,
    57.057946154724895,
    59.58633104134442,
    59.02123043858093,
    52.91625850322647,
    41.24115559958188,
    27.563385931543927,
    16.79638615881106,
    10.743012164416493,
    8.373514392528703,
    8.607988578641358,
    11.412060403983471,
    17.40496279617411,
    26.16424446642646,
    34.57184269765763,
    38.6883839062787,
    37.03466226127601,
    31.092625723589336,
    23.950538647699705,
    18.334202845548873,
    15.397470550343156,
    15.164635262402903,
    17.316365439988505,
    21.09344277262755,
    24.817067743096068,
    26.613314893241736,
    26.19429641164775,
    25.15904210010258
  ],
  "cognitivedemand": [
    59.45773535632918,
    68.62179288136404,
    68.65741310385405,
    52.130341604365036,
    74.88574270003396,
    82.14559530598136,
    42.67132316953774,
    44.321053296293805,
    62.66495270472957,
    66.57093164532779,
    69.93736612943817,
    69.17959835470366,
    32.577176625031356,
    25.481832993745773,
    25.23963853728602,
    25.782511228749666,
    31.09883134023354,
    33.154188157192465,
    33.23386928937503,
    31.405786228399545,
    52.53243199680043,
    79.96755484351837,
    86.24212812024587,
    43.406281272643334,
    57.298171852277484,
    50.71766359640848,
    43.11778532720699,
    40.6658663261851,
    42.85292732256632,
    61.60265293225958,
    65.12609852318455,
    70.20594302862756,
    66.27149137557372,
    71.5773451637674,
    24.029457732734112,
    20.60773898957952
  ],
  "focus": [
    9.111860072867263,
    11.482173167088247,
    17.296295740725192,
    12.47554436918919,
    9.053868183762766,
    9.502765290678656,
    13.249670756574625,
    46.96716932981398,
    23.58438855317115,
    50.40176602599877,
    62.28794888538698,
    57.145163569252425,
    40.477975394488844,
    25.88484670530409,
    9.443137708650212,
    8.011045447891725,
    7.860996272455158,
    8.348477406183903,
    10.344106849292587,
    30.6478130917244,
    16.327214742776047,
    15.14473657027809,
    9.711827380414473,
    10.356063153644945,
    14.327399393591453,
    24.558926550064193,
    43.44086482933781,
    38.565677528139695,
    33.72696561131782,
    45.22760002848973,
    61.73604490835899,
    50.21021843112083,
    26.508345709703914,
    13.585986375042639,
    13.457981878083004,
    10.823147665592934
  ],
  "embeddings": [
    [
      0.20361703634262085,
      0.1890706568956375,
      -0.051722194999456406,
      0.21212446689605713,
      -0.21262238919734955,
      0.006321739871054888,
      -0.1677037924528122,
      -0.16452354192733765,
      -0.09630083292722702,
      -0.10541348904371262
    ],
    [
      0.20446430146694183,
      0.1877874732017517,
      -0.04884132370352745,
      0.2127126306295395,
      -0.21365737915039062,
      0.010410446673631668,
      -0.1644960343837738,
      -0.17035596072673798,
      -0.0893746092915535,
      -0.10636105388402939
    ],
    [
      0.20417959988117218,
      0.19249598681926727,
      -0.055824536830186844,
      0.21338675916194916,
      -0.2116609662771225,
      0.0125516252592206,
      -0.17071007192134857,
      -0.16262726485729218,
      -0.09711741656064987,
      -0.10076112300157547
    ],
    [
      0.20396281778812408,
      0.19759880006313324,
      -0.06614108383655548,
      0.21481524407863617,
      -0.20765803754329681,
      0.013659127987921238,
      -0.17791973054409027,
      -0.1538054347038269,
      -0.10734222084283829,
      -0.09362640976905823
    ],
    [
      0.2082195281982422,
      0.1897338479757309,
      -0.055287789553403854,
      0.21524576842784882,
      -0.21129561960697174,
      0.01989614963531494,
      -0.16513128578662872,
      -0.1747223138809204,
      -0.0837421640753746,
      -0.09728892892599106
    ],
    [
      0.2092437595129013,
      0.19513912498950958,
      -0.06920791417360306,
      0.21814851462841034,
      -0.20551230013370514,
      0.021721919998526573,
      -0.17392461001873016,
      -0.16399209201335907,
      -0.09724216908216476,
      -0.08749187737703323
    ],
    [
      0.21034830808639526,
      0.1982482522726059,
      -0.08425445109605789,
      0.21975858509540558,
      -0.19949795305728912,
      0.01948361285030842,
      -0.1824790984392166,
      -0.15366053581237793,
      -0.11059167981147766,
      -0.0795622318983078
    ],
    [
      0.21253792941570282,
      0.19030441343784332,
      -0.07570820301771164,
      0.21874739229679108,
      -0.20213164389133453,
      0.02040652185678482,
      -0.1728520393371582,
      -0.16773830354213715,
      -0.09444583207368851,
      -0.08543270081281662
    ],
    [
      0.21194356679916382,
      0.18635064363479614,
      -0.05822886526584625,
      0.21696418523788452,
      -0.20939813554286957,
      0.024645715951919556,
      -0.16224664449691772,
      -0.18192671239376068,
      -0.07610311359167099,
      -0.09374881535768509
    ],
    [
      0.20988546311855316,
      0.1939946562051773,
      -0.0655825063586235,
      0.21734267473220825,
      -0.20707707107067108,
      0.025127263739705086,
      -0.17061740159988403,
      -0.16995869576931,
      -0.08921536058187485,
      -0.08800273388624191
    ],
    [
      0.20913486182689667,
      0.19858764111995697,
      -0.0727846622467041,
      0.21802185475826263,
      -0.20445795357227325,
      0.025144390761852264,
      -0.17668940126895905,
      -0.16152793169021606,
      -0.09865125268697739,
      -0.08346688747406006
    ],
    [
      0.20928019285202026,
      0.19801799952983856,
      -0.07530716061592102,
      0.21743269264698029,
      -0.20337627828121185,
      0.022303493693470955,
      -0.17857229709625244,
      -0.15891335904598236,
      -0.10205518454313278,
      -0.083511583507061
    ],
    [
      0.2143096923828125,
      0.18728536367416382,
      -0.07362541556358337,
      0.21710459887981415,
      -0.20294135808944702,
      0.018179772421717644,
      -0.171475350856781,
      -0.17044562101364136,
      -0.09077893942594528,
      -0.08706122636795044
    ],
    [
      0.21460497379302979,
      0.17592297494411469,
      -0.049290116876363754,
      0.21541978418827057,
      -0.21237431466579437,
      0.022986864671111107,
      -0.1523648351430893,
      -0.1961936205625534,
      -0.06000087037682533,
      -0.10199631005525589
    ],
    [
      0.21442244946956635,
      0.1801680475473404,
      -0.04939747974276543,
      0.21585029363632202,
      -0.21294653415679932,
      0.026386193931102753,
      -0.1536429077386856,
      -0.1956358700990677,
      -0.06034160032868385,
      -0.09773653745651245
    ],
    [
      0.211954727768898,
      0.1894913911819458,
      -0.061439741402864456,
      0.21603213250637054,
      -0.20878265798091888,
      0.025911400094628334,
      -0.16593898832798004,
      -0.17765192687511444,
      -0.07985337823629379,
      -0.0901508703827858
    ],
    [
      0.21253246068954468,
      0.1918635219335556,
      -0.07294265180826187,
      0.21674376726150513,
      -0.20407302677631378,
      0.021881574764847755,
      -0.1736924648284912,
      -0.16705459356307983,
      -0.09320759028196335,
      -0.08493217080831528
    ],
    [
      0.21350987255573273,
      0.18117909133434296,
      -0.05257214233279228,
      0.21507160365581512,
      -0.21184028685092926,
