{
  "tempos": [
    0.0,
    0.5,
    1.0,
    1.5,
    2.0,
    2.5,
    3.0,
    3.5,
    4.0,
    4.5,
    5.0,
    5.5,
    6.0,
    6.5,
    7.0,
    7.5,
    8.0,
    8.5,
    9.0,
    9.5,
    10.0,
    10.5
  ],
  "engajamentoneural": [
    26.308343387036125,
    28.291825976997064,
    31.435788620244992,
    34.40136184616682,
    36.11460697653971,
    36.37912294654499,
    35.701201873622395,
    34.69646695043313,
    33.71215607372078,
    32.819656912545035,
    31.962190256090523,
    31.07227748453999,
    30.12991284390373,
    29.181900909350244,
    28.31509889770413,
    27.585457571632187,
    26.957770296860257,
    26.30197745522782,
    25.456328163626573,
    24.36672277168664,
    23.237011547583574,
    22.493397208264472
  ],
  "cognitivedemand": [
    66.91022236581483,
    66.52621726809137,
    62.15743206807697,
    64.31862426831535,
    66.35473434480917,
    59.4061928949593,
    65.1588329821576,
    66.72908045634557,
    62.694966846811106,
    61.43587361652792,
    60.86085951992774,
    65.05774221091602,
    62.21527199752729,
    60.591367392111486,
    61.65059000742388,
    57.70557393916856,
    56.04145749024609,
    68.2135108953755,
    70.24688090684778,
    69.58272479742547,
    69.68168473329064,
    76.23403815391329,
    89.81725287859908
  ],
  "focus": [
    8.127907460311098,
    8.024823011751021,
    10.833775471091249,
    12.985042958736503,
    15.381733686053986,
    20.99055713949938,
    27.730086818313616,
    35.97977922950384,
    34.23564098280914,
    25.81870747930132,
    12.025409962379307,
    9.827138601833365,
    11.560779175130293,
    11.631212362805613,
    11.410765262297517,
    8.757378498289368,
    8.413695723372618,
    8.426100350435433,
    8.832657136546148,
    8.657623997741508,
    8.670730524404306,
    8.285998397177924,
    7.849346959948351
  ],
  "embeddings": [
    [
      0.20704913139343262,
      0.1941811591386795,
      -0.06618820875883102,
      0.2159961462020874,
      -0.20723068714141846,
      0.01743510365486145,
      -0.17464983463287354,
      -0.16059885919094086,
      -0.10005238652229309,
      -0.09196566790342331
    ],
    [
      0.20980046689510345,
      0.1906021237373352,
      -0.06432732194662094,
      0.21687890589237213,
      -0.2072690725326538,
      0.020070327445864677,
      -0.16937710344791412,
      -0.17025963962078094,
      -0.09005588293075562,
      -0.09140756726264954
    ],
    [
      0.20958967506885529,
      0.19334490597248077,
      -0.06849152594804764,
      0.21734584867954254,
      -0.20580708980560303,
      0.021274760365486145,
      -0.17264960706233978,
      -0.16623064875602722,
      -0.09441892057657242,
      -0.08822134882211685
    ],
    [
      0.21045918762683868,
      0.19478511810302734,
      -0.07188133150339127,
      0.21761725842952728,
      -0.20437370240688324,
      0.022739263251423836,
      -0.174562469124794,
      -0.16468746960163116,
      -0.0958113893866539,
      -0.08505350351333618
    ],
    [
      0.2115534394979477,
      0.19307595491409302,
      -0.07420346885919571,
      0.21770381927490234,
      -0.20330087840557098,
      0.021264677867293358,
      -0.17490625381469727,
      -0.1643899828195572,
      -0.09674795717000961,
      -0.08458255976438522
    ],
    [
      0.21298666298389435,
      0.1907299906015396,
      -0.07159385085105896,
      0.21768230199813843,
      -0.20395690202713013,
      0.023480534553527832,
      -0.17113769054412842,
      -0.1709141731262207,
      -0.08931421488523483,
      -0.08513925224542618
    ],
    [
      0.2126268744468689,
      0.18925578892230988,
      -0.06307146698236465,
      0.2171870321035385,
      -0.20760013163089752,
      0.02621605433523655,
      -0.16581280529499054,
      -0.1780289262533188,
      -0.08010289072990417,
      -0.08891833573579788
    ],
    [
      0.2103790044784546,
      0.19752635061740875,
      -0.07587011903524399,
      0.21778570115566254,
      -0.20308619737625122,
      0.023930437862873077,
      -0.17803813517093658,
      -0.16002653539180756,
      -0.10058552771806717,
      -0.08196616917848587
    ],
    [
      0.21261362731456757,
      0.19224882125854492,
      -0.07279345393180847,
      0.21710915863513947,
      -0.20391659438610077,
      0.022961756214499474,
      -0.1732139140367508,
      -0.16784560680389404,
      -0.09220782667398453,
      -0.08458349853754044
    ],
    [
      0.2117118090391159,
      0.19054146111011505,
      -0.06640686094760895,
      0.21639160811901093,
      -0.2066173106431961,
      0.0236692875623703,
      -0.16952405869960785,
      -0.17179828882217407,
      -0.08683963865041733,
      -0.08870138972997665
    ],
    [
      0.21188275516033173,
      0.1929209679365158,
      -0.06897145509719849,
      0.21645724773406982,
      -0.20579832792282104,
      0.024932032451033592,
      -0.1721055507659912,
      -0.168879434466362,
      -0.08989427238702774,
      -0.08580073714256287
    ],
    [
      0.2091766595840454,
      0.19885163009166718,
      -0.0755673423409462,
      0.21644620597362518,
      -0.20365844666957855,
      0.02199733257293701,
      -0.1801702231168747,
      -0.1557713896036148,
      -0.10443425923585892,
      -0.08297751098871231
    ],
    [
      0.21155400574207306,
      0.19601617753505707,
      -0.07793083041906357,
      0.21675069630146027,
      -0.2022615522146225,
      0.020513109862804413,
      -0.1796996146440506,
      -0.1581023782491684,
      -0.10304530709981918,
      -0.08172724395990372
    ],
    [
      0.21149297058582306,
      0.1860426515340805,
      -0.060548052191734314,
      0.21509702503681183,
      -0.2088470309972763,
      0.020453454926609993,
      -0.16589052975177765,
      -0.1759059578180313,
      -0.08231397718191147,
      -0.09454753994941711
    ],
    [
      0.21065910160541534,
      0.1919769048690796,
      -0.06767899543046951,
      0.21601243317127228,
      -0.20638947188854218,
      0.021945105865597725,
      -0.17239926755428314,
      -0.1672581434249878,
      -0.0921691432595253,
      -0.08840062469244003
    ],
    [
      0.2108985185623169,
      0.19356901943683624,
      -0.071822889149189,
      0.21632808446884155,
      -0.20476776361465454,
      0.02153085730969906,
      -0.1752128005027771,
      -0.16361181437969208,
      -0.09657201915979385,
      -0.08574285358190536
    ],
    [
      0.21224923431873322,
      0.1936608999967575,
      -0.0753147229552269,
      0.2171957641839981,
      -0.20321232080459595,
      0.022428622469305992,
      -0.1762557476758957,
      -0.1637982577085495,
      -0.09720650315284729,
      -0.0829523354768753
    ],
    [
      0.21187633275985718,
      0.19177524745464325,
      -0.07242641597986221,
      0.21718086302280426,
      -0.20403891801834106,
      0.02128688059747219,
      -0.1737213134765625,
      -0.16601724922657013,
      -0.09474862366914749,
      -0.08586742728948593
    ],
    [
      0.21259857714176178,
      0.1897115707397461,
      -0.06944078207015991,
      0.217268705368042,
      -0.20501422882080078,
      0.023023337125778198,
      -0.1702553778886795,
      -0.17171166837215424,
      -0.08843258768320084,
      -0.08706658333539963
    ],
    [
      0.2115522027015686,
      0.189907968044281,
      -0.06658010929822922,
      0.2166808843612671,
      -0.20637212693691254,
      0.022317171096801758,
      -0.16957169771194458,
      -0.1716456562280655,
      -0.08781223744153976,
      -0.08903801441192627
    ],
    [
      0.2128245234489441,
      0.1899627447128296,
      -0.07321098446846008,
      0.2176952362060547,
      -0.20343053340911865,
      0.020274974405765533,
      -0.17284999787807465,
      -0.16780716180801392,
      -0.09377826005220413,
      -0.08581274747848511
    ],
    [
      0.21294991672039032,
      0.18614411354064941,
      -0.0658969059586525,
