{
  "tempos": [
    0.0,
    0.5,
    1.0,
    1.5,
    2.0,
    2.5,
    3.0,
    3.5,
    4.0,
    4.5,
    5.0,
    5.5,
    6.0,
    6.5,
    7.0,
    7.5,
    8.0,
    8.5,
    9.0,
    9.5,
    10.0,
    10.5,
    11.0,
    11.5,
    12.0,
    12.5,
    13.0,
    13.5,
    14.0,
    14.5,
    15.0
  ],
  "engajamentoneural": [
    67.59493660292894,
    73.15344827725825,
    79.61620521490798,
    83.18510522999516,
    83.29843121056572,
    80.82628332073709,
    77.02345630730446,
    73.1674561695821,
    70.05890343414436,
    67.88745747074941,
    66.50531415017835,
    65.69810835992274,
    65.28638579319022,
    65.12894691004892,
    65.11318146162799,
    65.15604634904683,
    65.20487986333674,
    65.23451342253175,
    65.24462262966509,
    65.25280301556147,
    65.27784180928498,
    65.32235158772909,
    65.3696793742755,
    65.39558615672205,
    65.37542337630123,
    65.26917816739189,
    64.99353837356396,
    64.43063694710698,
    63.535193020755365,
    62.50136754706316,
    61.779408760022584
  ],
  "cognitivedemand": [
    87.19835253741509,
    87.21438911504369,
    87.36485777812499,
    87.44026065010692,
    87.3555725253809,
    87.50360010975012,
    87.5688237513447,
    87.91896632107509,
    88.99118984556574,
    90.2950733788367,
    90.68198295122947,
    90.86270948809191,
    89.62597562301792,
    88.2509622479878,
    89.55809372065538,
    90.12381205167667,
    89.2592783893915,
    88.0552702449965,
    88.33234611411795,
    88.84855326318278,
    88.6445054998022,
    89.42170690529693,
    89.256943894504,
    88.44572842658647,
    88.42337372458266,
    88.49703317143046,
    88.46988584911905,
    89.4478014503402,
    90.50247414341366,
    90.97705709646766,
    90.6381781284452
  ],
  "focus": [
    15.288400522013925,
    12.33104821165921,
    11.669422106286653,
    8.441812838845575,
    15.988477097256819,
    19.918794622112642,
    19.220659553570226,
    20.71570575087159,
    20.44890889857864,
    22.19006029945898,
    20.403267156937662,
    18.90268659744227,
    17.734195828496528,
    17.851821122466262,
    17.42982344207932,
    16.141957683514374,
    14.49586769199993,
    14.59280718223774,
    17.808809659185098,
    18.989323197639074,
    17.784066867223604,
    16.531020845215128,
    17.203768664933715,
    18.151225447097694,
    17.317176587632787,
    18.193006287375685,
    18.43067737849287,
    19.630950471437195,
    21.5591868781957,
    20.631949439660733,
    18.981943828450305
  ],
  "embeddings": [
    [
      0.19599319994449615,
      0.18929509818553925,
      -0.040045615285634995,
      0.21136899292469025,
      -0.21759231388568878,
      -0.003386840457096696,
      -0.16681699454784393,
      -0.1582208275794983,
      -0.1034824550151825,
      -0.11831573396921158
    ],
    [
      0.19403831660747528,
      0.1863272339105606,
      -0.0312921404838562,
      0.21060539782047272,
      -0.2209591418504715,
      -0.005819851532578468,
      -0.16209082305431366,
      -0.16279514133930206,
      -0.09844967722892761,
      -0.1257820874452591
    ],
    [
      0.19250203669071198,
      0.1878940612077713,
      -0.030537331476807594,
      0.2106286734342575,
      -0.22143852710723877,
      -0.007248515263199806,
      -0.16322089731693268,
      -0.16019101440906525,
      -0.10160423070192337,
      -0.12659837305545807
    ],
    [
      0.1915953904390335,
      0.18891412019729614,
      -0.030476046726107597,
      0.21064859628677368,
      -0.22156089544296265,
      -0.008109933696687222,
      -0.164109468460083,
      -0.15827062726020813,
      -0.10381395369768143,
      -0.12696067988872528
    ],
    [
      0.1909843534231186,
      0.18924270570278168,
      -0.02977682836353779,
      0.21063637733459473,
      -0.22187678515911102,
      -0.008615725673735142,
      -0.16416089236736298,
      -0.15771272778511047,
      -0.10445969551801682,
      -0.12767627835273743
    ],
    [
      0.1907089352607727,
      0.18965090811252594,
      -0.02979164570569992,
      0.2106614112854004,
      -0.22191549837589264,
      -0.008662818931043148,
      -0.16442270576953888,
      -0.15720795094966888,
      -0.10501392930746078,
      -0.1276533454656601
    ],
    [
      0.19047093391418457,
      0.19014926254749298,
      -0.030048569664359093,
      0.2106957882642746,
      -0.22186817228794098,
      -0.008682177402079105,
      -0.16484738886356354,
      -0.15650202333927155,
      -0.1057688295841217,
      -0.1274556666612625
    ],
    [
      0.1903264969587326,
      0.19039905071258545,
      -0.030141154304146767,
      0.21072274446487427,
      -0.22185218334197998,
      -0.008714240044355392,
      -0.16504494845867157,
      -0.1561339795589447,
      -0.10616133362054825,
      -0.12741102278232574
    ],
    [
      0.1901731640100479,
      0.19061368703842163,
      -0.030147051438689232,
      0.2107446938753128,
      -0.2218693047761917,
      -0.008771282620728016,
      -0.1651960164308548,
      -0.15582282841205597,
      -0.10649601370096207,
      -0.12743179500102997
    ],
    [
      0.19000422954559326,
      0.19094318151474,
      -0.03029552660882473,
      0.21074359118938446,
      -0.22184841334819794,
      -0.008804338984191418,
      -0.1654849797487259,
      -0.15533216297626495,
      -0.10701961070299149,
      -0.12731783092021942
    ],
    [
      0.19000542163848877,
      0.19088785350322723,
      -0.03029572032392025,
      0.21078936755657196,
      -0.22182567417621613,
      -0.008904027752578259,
      -0.16545157134532928,
      -0.15534472465515137,
      -0.10705897212028503,
      -0.1273825317621231
    ],
    [
      0.18986058235168457,
      0.19133968651294708,
      -0.030492933467030525,
      0.21086452901363373,
      -0.22178791463375092,
      -0.008719471283257008,
      -0.16576045751571655,
      -0.15492384135723114,
      -0.10749528557062149,
      -0.12712550163269043
    ],
    [
      0.18986408412456512,
      0.19150084257125854,
      -0.03087257593870163,
      0.21084050834178925,
      -0.2216561883687973,
      -0.008720734156668186,
      -0.1660330444574356,
      -0.1545291692018509,
      -0.10788628458976746,
      -0.1269039511680603
    ],
    [
      0.18933416903018951,
      0.192082479596138,
      -0.030313575640320778,
      0.21059586107730865,
      -0.2220156192779541,
      -0.008783663623034954,
      -0.16629184782505035,
      -0.15384288132190704,
      -0.1083705723285675,
      -0.1272488236427307
    ],
    [
      0.18945254385471344,
      0.19277779757976532,
      -0.03208343684673309,
      0.2108524590730667,
      -0.22132785618305206,
      -0.008853886276483536,
      -0.16746652126312256,
      -0.15231241285800934,
      -0.11023131012916565,
      -0.1260552555322647
    ],
    [
      0.18945293128490448,
      0.19259107112884521,
      -0.03152607008814812,
      0.2107463926076889,
      -0.22156846523284912,
      -0.008727767504751682,
      -0.16713260114192963,
      -0.15277385711669922,
      -0.10954903811216354,
      -0.1264258623123169
    ],
    [
      0.18966110050678253,
      0.19259969890117645,
      -0.031911931931972504,
      0.2108086496591568,
      -0.22140435874462128,
      -0.008422750048339367,
      -0.16717548668384552,
      -0.15293876826763153,
      -0.10938117653131485,
      -0.12602590024471283
    ],
    [
      0.1896609216928482,
      0.19291289150714874,
      -0.032155197113752365,
      0.21085596084594727,
      -0.22133894264698029,
      -0.008114045485854149,
      -0.16737817227840424,
      -0.1527795046567917,
      -0.1095152497291565,
      -0.12565623223781586
    ],
    [
      0.18984979391098022,
      0.19260959327220917,
      -0.03247184678912163,
      0.21097742021083832,
      -0.22112800180912018,
      -0.008220799267292023,
      -0.16726136207580566,
      -0.15298579633235931,
      -0.10946935415267944,
