{
  "tempos": [
    0.0,
    0.5,
    1.0,
    1.5,
    2.0,
    2.5,
    3.0,
    3.5,
    4.0,
    4.5
  ],
  "engajamentoneural": [
    45.846033557748555,
    50.79444027883658,
    57.513247432940126,
    62.06970077627664,
    62.68482207499086,
    59.973630714141926,
    55.70826576907864,
    51.5925833513521,
    48.57501239797181,
    47.005014090841065
  ],
  "cognitivedemand": [
    90.64040354313141,
    57.15958339406713,
    64.18590276296673,
    59.95487399173578,
    56.080197032438775,
    43.52806648237481,
    90.98969065270593,
    53.91238161205072,
    53.971044841102874,
    38.84964670728639
  ],
  "focus": [
    18.827235224683992,
    37.53499766187509,
    57.22103589473729,
    54.49491100771593,
    46.8667790883788,
    22.605377015585546,
    32.89897083824227,
    36.055112286523986,
    40.896787933042944,
    33.577822568588424
  ],
  "embeddings": [
    [
      0.20660561323165894,
      0.185130313038826,
      -0.04786005616188049,
      0.21260084211826324,
      -0.21370621025562286,
      0.014826599508523941,
      -0.16186052560806274,
      -0.17621570825576782,
      -0.08145701140165329,
      -0.10635875910520554
    ],
    [
      0.20341061055660248,
      0.19093741476535797,
      -0.05079619586467743,
      0.21396686136722565,
      -0.21335487067699432,
      0.013375680893659592,
      -0.16702724993228912,
      -0.16747765243053436,
      -0.09205972403287888,
      -0.10399144887924194
    ],
    [
      0.20271337032318115,
      0.1927443891763687,
      -0.05666590854525566,
      0.21390391886234283,
      -0.21117877960205078,
      0.008214891888201237,
      -0.17244024574756622,
      -0.15876126289367676,
      -0.10283736139535904,
      -0.1020333468914032
    ],
    [
      0.20398378372192383,
      0.1799744814634323,
      -0.03990641608834267,
      0.21324419975280762,
      -0.21673478186130524,
      0.007568733301013708,
      -0.15625670552253723,
      -0.17934615910053253,
      -0.07968507707118988,
      -0.11597895622253418
    ],
    [
      0.20561014115810394,
      0.17873162031173706,
      -0.04139217734336853,
      0.2138286978006363,
      -0.2159339338541031,
      0.0073828548192977905,
      -0.15626321732997894,
      -0.18074153363704681,
      -0.07885616272687912,
      -0.11444046348333359
    ],
    [
      0.20725001394748688,
      0.178990438580513,
      -0.04392407462000847,
      0.21485649049282074,
      -0.2148578017950058,
      0.009626076556742191,
      -0.15638601779937744,
      -0.18245691061019897,
      -0.07730908691883087,
      -0.11113286763429642
    ],
    [
      0.20646822452545166,
      0.1818663626909256,
      -0.045488789677619934,
      0.2149340957403183,
      -0.21453291177749634,
      0.010185436345636845,
      -0.15872405469417572,
      -0.1792646050453186,
      -0.08098762482404709,
      -0.10903427749872208
    ],
    [
      0.20440174639225006,
      0.1863347291946411,
      -0.04665806517004967,
      0.2139788269996643,
      -0.2148239016532898,
      0.010367315262556076,
      -0.16275912523269653,
      -0.17292338609695435,
      -0.08686897903680801,
      -0.10758543014526367
    ],
    [
      0.20435696840286255,
      0.18913500010967255,
      -0.05613008514046669,
      0.21460986137390137,
      -0.2111329585313797,
      0.008272002451121807,
      -0.16944573819637299,
      -0.16356679797172546,
      -0.09834855794906616,
      -0.10269296169281006
    ],
    [
      0.2058754414319992,
      0.18369156122207642,
      -0.046528950333595276,
      0.21390634775161743,
      -0.21464712917804718,
      0.011374511756002903,
      -0.16072212159633636,
      -0.17644698917865753,
      -0.08236970752477646,
      -0.10800260305404663
    ],
    [
      0.20518304407596588,
      0.18867552280426025,
      -0.0541590116918087,
      0.21431459486484528,
      -0.2118901014328003,
      0.011292205192148685,
      -0.16753005981445312,
      -0.16726088523864746,
      -0.09304211288690567,
      -0.10253679752349854
    ],
    [
      0.20720911026000977,
      0.1863551288843155,
      -0.0574648380279541,
      0.21517153084278107,
      -0.21002478897571564,
      0.011183097027242184,
      -0.16692888736724854,
      -0.16944773495197296,
      -0.09176025539636612,
      -0.10088297724723816
    ],
    [
      0.20310735702514648,
      0.18968836963176727,
      -0.054296404123306274,
      0.2118380218744278,
      -0.21233244240283966,
      0.00670073414221406,
      -0.1710231751203537,
      -0.1603056639432907,
      -0.09976338595151901,
      -0.10462218523025513
    ]
  ]
}