{
  "tempos": [
    0.0,
    0.5,
    1.0,
    1.5,
    2.0,
    2.5,
    3.0,
    3.5,
    4.0,
    4.5,
    5.0,
    5.5,
    6.0,
    6.5
  ],
  "engajamentoneural": [
    43.96463875012333,
    48.29482040492577,
    54.18110360867567,
    58.12735962407909,
    58.41786458421978,
    55.49107919414674,
    50.986193720163854,
    46.68551454960392,
    43.66081890773484,
    41.967083532102365,
    40.90445284881348,
    39.68263243260145,
    38.16595019236543,
    37.02888252486227
  ],
  "cognitivedemand": [
    31.060470376246172,
    31.584710819979694,
    34.054085267098024,
    38.44790661825336,
    36.702132417476136,
    32.033104736261095,
    31.50664007097571,
    31.293596158006014,
    31.551245016222918,
    34.92288923294862,
    39.916103621655445,
    35.940883492569476,
    31.488932859418817,
    31.356871395601992
  ],
  "focus": [
    7.8329168324364815,
    8.531203884788127,
    22.286026346069004,
    27.181381363155694,
    25.29894286763708,
    17.332845875948998,
    16.84594855565342,
    12.631084161223129,
    13.59627039242664,
    26.68554072922817,
    29.19202078679272,
    21.811362235822216,
    15.997662221175839,
    15.649509304460274
  ],
  "embeddings": [
    [
      0.19840531051158905,
      0.19191527366638184,
      -0.048498544842004776,
      0.2105911374092102,
      -0.2148374319076538,
      0.0007106494158506393,
      -0.17190569639205933,
      -0.1543753743171692,
      -0.10665178298950195,
      -0.11046566814184189
    ],
    [
      0.196891188621521,
      0.18948842585086823,
      -0.043329089879989624,
      0.20957595109939575,
      -0.21691946685314178,
      -0.00266391527839005,
      -0.1694820076227188,
      -0.15589921176433563,
      -0.1049327477812767,
      -0.11572954058647156
    ],
    [
      0.1965949535369873,
      0.18880654871463776,
      -0.0406758114695549,
      0.20985184609889984,
      -0.21788477897644043,
      -0.0021531747188419104,
      -0.16768620908260345,
      -0.15836243331432343,
      -0.10209301114082336,
      -0.11725863814353943
    ],
    [
      0.1965118795633316,
      0.1900041550397873,
      -0.04216652736067772,
      0.21040666103363037,
      -0.21728955209255219,
      -0.0018585631623864174,
      -0.16874079406261444,
      -0.15687023103237152,
      -0.10384627431631088,
      -0.11601609736680984
    ],
    [
      0.19687111675739288,
      0.1903713494539261,
      -0.04337972030043602,
      0.21100936830043793,
      -0.21668954193592072,
      -0.0009845580207183957,
      -0.16883845627307892,
      -0.1571771651506424,
      -0.10373417288064957,
      -0.11484793573617935
    ],
    [
      0.19700419902801514,
      0.1906646341085434,
      -0.04408494010567665,
      0.21130812168121338,
      -0.21634365618228912,
      -0.0005824657273478806,
      -0.1690264195203781,
      -0.15704888105392456,
      -0.10397817939519882,
      -0.1142038106918335
    ],
    [
      0.19724690914154053,
      0.1913098841905594,
      -0.045219894498586655,
      0.21150188148021698,
      -0.21593701839447021,
      0.0002723369689192623,
      -0.16970431804656982,
      -0.15654952824115753,
      -0.10440793633460999,
      -0.11307909339666367
    ],
    [
      0.19694600999355316,
      0.1920648068189621,
      -0.04597500339150429,
      0.21141107380390167,
      -0.21573473513126373,
      0.00013672311615664512,
      -0.17067326605319977,
      -0.15513361990451813,
      -0.10590065270662308,
      -0.1126035526394844
    ],
    [
      0.19736413657665253,
      0.1918431967496872,
      -0.04739553853869438,
      0.21154309809207916,
      -0.21510404348373413,
      0.00012780383985955268,
      -0.17102555930614471,
      -0.1549673080444336,
      -0.10638356953859329,
      -0.11187607049942017
    ],
    [
      0.1973559707403183,
      0.1917756050825119,
      -0.04654732719063759,
      0.2115575224161148,
      -0.21540994942188263,
      0.0007452219724655151,
      -0.17042843997478485,
      -0.1558842808008194,
      -0.10525432974100113,
      -0.11216207593679428
    ],
    [
      0.1978427916765213,
      0.19162583351135254,
      -0.047035008668899536,
      0.21161675453186035,
      -0.21520327031612396,
      0.0013261353597044945,
      -0.1703038066625595,
      -0.15649205446243286,
      -0.10447699576616287,
      -0.11153730005025864
    ],
    [
      0.19822053611278534,
      0.1917601376771927,
      -0.04819077253341675,
      0.21165631711483002,
      -0.21480250358581543,
      0.001984621863812208,
      -0.1707737296819687,
      -0.15634477138519287,
      -0.10457473993301392,
      -0.11054465174674988
    ],
    [
      0.19824405014514923,
      0.19180452823638916,
      -0.04753538593649864,
      0.211751326918602,
      -0.2150537222623825,
      0.0026019609067589045,
      -0.17036379873752594,
      -0.15704506635665894,
      -0.10356160998344421,
      -0.11062107235193253
    ],
    [
      0.19864116609096527,
      0.19223101437091827,
      -0.04917193576693535,
      0.21213175356388092,
      -0.21432583034038544,
      0.002834320068359375,
      -0.1710519641637802,
      -0.1563381850719452,
      -0.1045670285820961,
      -0.1093677282333374
    ],
    [
      0.1989269256591797,
      0.1916576474905014,
      -0.04918298497796059,
      0.21231059730052948,
      -0.2141929715871811,
      0.002833520993590355,
      -0.1704714447259903,
      -0.1572638601064682,
      -0.10378212481737137,
      -0.1094011440873146
    ],
    [
      0.199143648147583,
      0.1913561373949051,
      -0.04899432882666588,
      0.21232829988002777,
      -0.21422290802001953,
      0.0030666214879602194,
      -0.17005492746829987,
      -0.15793441236019135,
      -0.10302457958459854,
      -0.10940016061067581
    ],
    [
      0.1991422176361084,
      0.1921738237142563,
      -0.04999436438083649,
      0.2123551219701767,
      -0.2139264941215515,
      0.0034887392539530993,
      -0.1710405945777893,
      -0.15679630637168884,
      -0.1041685938835144,
      -0.10850901156663895
    ],
    [
      0.1988663673400879,
      0.19235432147979736,
      -0.04972958564758301,
      0.21218621730804443,
      -0.21409805119037628,
      0.0033454520162194967,
      -0.17117609083652496,
      -0.1564175933599472,
      -0.1043962612748146,
      -0.10871819406747818
    ],
    [
      0.1994357705116272,
      0.19227509200572968,
      -0.051381245255470276,
      0.2122768759727478,
      -0.21340332925319672,
      0.003656476503238082,
      -0.17167885601520538,
      -0.1562490463256836,
      -0.10476046800613403,
      -0.10760623216629028
    ],
    [
      0.19951550662517548,
      0.19223500788211823,
      -0.05112763121724129,
      0.21241362392902374,
      -0.21344584226608276,
      0.003993190824985504,
      -0.17140544950962067,
      -0.1568015068769455,
      -0.10426750034093857,
      -0.10763022303581238
    ]
  ]
}