{
  "tempos": [
    0.0,
    0.5,
    1.0,
    1.5,
    2.0,
    2.5,
    3.0,
    3.5,
    4.0,
    4.5,
    5.0,
    5.5,
    6.0,
    6.5,
    7.0,
    7.5,
    8.0,
    8.5,
    9.0,
    9.5,
    10.0,
    10.5,
    11.0,
    11.5,
    12.0,
    12.5,
    13.0,
    13.5,
    14.0,
    14.5,
    15.0,
    15.5,
    16.0,
    16.5,
    17.0,
    17.5,
    18.0
  ],
  "engajamentoneural": [
    39.209320587577274,
    41.79720704772304,
    44.66435431801137,
    45.16656468924406,
    42.47963615775961,
    37.80155611027263,
    32.93727892688453,
    28.944549315991676,
    25.89375548820482,
    23.33341636505175,
    20.754625484289914,
    17.890381098084003,
    14.855549126748874,
    12.05310474630396,
    9.902596537562186,
    8.672359391613405,
    8.560266758758871,
    9.866118408410074,
    12.971297582543201,
    17.788472893181904,
    23.03714142171809,
    26.897904778250272,
    28.71081732311692,
    29.24271255358416,
    29.523322556779767,
    29.986969290862636,
    30.51581199980758,
    30.859797733816663,
    30.867204269413474,
    30.466489344842664,
    29.654585515509268,
    28.549350565961735,
    27.307719368319706,
    25.938067552378314,
    24.355919925125463,
    22.741897210956495,
    21.668344439291676
  ],
  "cognitivedemand": [
    37.450380820003886,
    62.72913557678148,
    59.49739077463296,
    58.351637578135495,
    47.76210186917025,
    57.93184858701754,
    62.14438969528802,
    61.70490897397653,
    57.98052017692839,
    47.86258597736168,
    35.49369943367539,
    42.77142323624361,
    47.90136016769255,
    58.03715414378326,
    54.210868541003556,
    47.46387761741779,
    41.144500854916764,
    35.630332779252676,
    45.5185777562255,
    62.39157043910561,
    53.307813835899076,
    47.118263041071806,
    50.14548818596571,
    52.88799637828626,
    57.90857017968753,
    56.58045351673889,
    60.20410351811274,
    59.68868154315083,
    62.39686540515277,
    39.327504258014685,
    41.416721267706286,
    52.84449497892594,
    44.88706721850167,
    48.27306370029288,
    47.674403330042445,
    38.04207650559202,
    32.547651800085774
  ],
  "focus": [
    9.6291814198087,
    20.9072690829768,
    53.06252356161936,
    19.890087119897697,
    15.135058294942235,
    34.261110027682825,
    32.29676169271874,
    36.38475338634063,
    33.663728402176375,
    35.98679554555692,
    17.273140856709386,
    30.622345479623714,
    27.520385774378276,
    14.213223366813368,
    8.309912281127554,
    9.672434010878252,
    10.363848434188784,
    11.169291469024992,
    15.445119798756336,
    56.05218779621883,
    32.38874881370028,
    19.265468614006743,
    28.65493157106953,
    62.476139661406116,
    56.19816564699956,
    66.06488594770946,
    61.86160694012514,
    63.30426298328696,
    61.90664701471176,
    67.06686619577708,
    53.07004521320276,
    19.46648152564343,
    15.311221344131726,
    23.871622937328365,
    26.859269114197005,
    44.86622383704489,
    51.267642740741806
  ],
  "embeddings": [
    [
      0.19523079693317413,
      0.1943289190530777,
      -0.040453314781188965,
      0.210917130112648,
      -0.2183796763420105,
      0.0028049920219928026,
      -0.16898538172245026,
      -0.15648256242275238,
      -0.10308868438005447,
      -0.1150912269949913
    ],
    [
      0.19095732271671295,
      0.20019780099391937,
      -0.04080348089337349,
      0.21033920347690582,
      -0.2188897281885147,
      0.00033049177727662027,
      -0.1744161993265152,
      -0.14613381028175354,
      -0.11388350278139114,
      -0.11582901328802109
    ],
    [
      0.1901322603225708,
      0.20462684333324432,
      -0.04933628812432289,
      0.21156571805477142,
      -0.21566684544086456,
      -0.0019864318892359734,
      -0.18104837834835052,
      -0.13644081354141235,
      -0.12594282627105713,
      -0.11083615571260452
    ],
    [
      0.19026221334934235,
      0.20317673683166504,
      -0.04760126769542694,
      0.21190698444843292,
      -0.21606867015361786,
      -0.0019295626552775502,
      -0.17897655069828033,
      -0.13895748555660248,
      -0.12326212972402573,
      -0.11244121193885803
    ],
    [
      0.19110107421875,
      0.20362406969070435,
      -0.04928147420287132,
      0.21249496936798096,
      -0.21527241170406342,
      -0.0005010369350202382,
      -0.1794135570526123,
      -0.13956202566623688,
      -0.12293870002031326,
      -0.11033523082733154
    ],
    [
      0.190593421459198,
      0.20454151928424835,
      -0.05174773931503296,
      0.21299010515213013,
      -0.21424849331378937,
      -0.0026756173465400934,
      -0.18146468698978424,
      -0.13617978990077972,
      -0.1277874857187271,
      -0.10942471772432327
    ],
    [
      0.19171901047229767,
      0.19860929250717163,
      -0.04643416404724121,
      0.21293775737285614,
      -0.21554982662200928,
      -0.004461219999939203,
      -0.17532068490982056,
      -0.14444172382354736,
      -0.11955061554908752,
      -0.11431905627250671
    ],
    [
      0.19186407327651978,
      0.1953858882188797,
      -0.03952990472316742,
      0.21256576478481293,
      -0.2181367427110672,
      -0.0033509673085063696,
      -0.16991116106510162,
      -0.1518775075674057,
      -0.11076045036315918,
      -0.11860331147909164
    ],
    [
      0.19194643199443817,
      0.19930553436279297,
      -0.04646976664662361,
      0.21343110501766205,
      -0.21561141312122345,
      -0.0032715306151658297,
      -0.17522676289081573,
      -0.14507430791854858,
      -0.11913644522428513,
      -0.11309468746185303
    ],
    [
      0.19067037105560303,
      0.19571401178836823,
      -0.035863954573869705,
      0.2115526646375656,
      -0.21998275816440582,
      -0.0028612695168703794,
      -0.16908323764801025,
      -0.15226002037525177,
      -0.10898029059171677,
      -0.12097642570734024
    ],
    [
      0.19155389070510864,
      0.1995452642440796,
      -0.0476335734128952,
      0.2123706340789795,
      -0.21553683280944824,
      -0.004506117198616266,
      -0.1769697517156601,
      -0.142152801156044,
      -0.12153145670890808,
      -0.11343257874250412
    ],
    [
      0.19036084413528442,
      0.19819200038909912,
      -0.04117986559867859,
      0.21069979667663574,
      -0.21840053796768188,
      -0.004758005496114492,
      -0.1741207093000412,
      -0.14500835537910461,
      -0.11653884500265121,
      -0.11821246147155762
    ],
    [
      0.19100548326969147,
      0.19764675199985504,
      -0.041920389980077744,
      0.21192878484725952,
      -0.2176983505487442,
      -0.004106916952878237,
      -0.17322491109371185,
      -0.14674758911132812,
      -0.11585032939910889,
      -0.11733832955360413
    ],
    [
      0.1910829395055771,
      0.1996658891439438,
      -0.044733475893735886,
      0.21233010292053223,
      -0.21675892174243927,
      -0.00285998173058033,
      -0.17538337409496307,
      -0.14449633657932281,
      -0.11814125627279282,
      -0.11472418904304504
    ],
    [
      0.19082455337047577,
      0.20208537578582764,
      -0.04487260803580284,
      0.2111353874206543,
      -0.21739977598190308,
      0.00033764904947020113,
      -0.17704808712005615,
      -0.14345480501651764,
      -0.11736447364091873,
      -0.11304450780153275
    ],
    [
      0.18975615501403809,
      0.20464181900024414,
      -0.04671137407422066,
      0.211175337433815,
      -0.21683289110660553,
      -0.00022222862753551453,
      -0.179703488945961,
      -0.13899867236614227,
      -0.12234289199113846,
      -0.11185469478368759
    ],
    [
      0.18908508121967316,
      0.20642149448394775,
      -0.049588873982429504,
      0.21152667701244354,
      -0.2157377153635025,
      -0.0017009377479553223,
      -0.18246066570281982,
      -0.1346355527639389,
      -0.12772005796432495,
      -0.1105286106467247
    ],
    [
      0.1892550140619278,
