{
  "tempos": [
    0.0,
    0.5,
    1.0,
    1.5,
    2.0,
    2.5,
    3.0,
    3.5,
    4.0,
    4.5,
    5.0,
    5.5,
    6.0,
    6.5,
    7.0,
    7.5,
    8.0,
    8.5,
    9.0,
    9.5,
    10.0,
    10.5,
    11.0,
    11.5,
    12.0,
    12.5
  ],
  "engajamentoneural": [
    51.61054802168188,
    56.18857770166906,
    60.96173866954818,
    61.13137281251847,
    54.91128607523359,
    44.336769150536234,
    34.15952696280369,
    27.770761373905884,
    25.38152331108855,
    25.88135559425742,
    28.530771780171438,
    33.479597422637276,
    41.07201410661549,
    50.284830121368486,
    58.34686762446323,
    62.72874839583523,
    62.61319580602398,
    58.44279813184451,
    51.450159548450614,
    43.576423606699976,
    36.86597339108698,
    32.50395547617785,
    30.48711424771311,
    30.028073973453417,
    30.18104430916042,
    30.347297038502845
  ],
  "cognitivedemand": [
    54.86483913046985,
    52.84353793233227,
    44.81080194654521,
    32.69174312059428,
    42.3190706703483,
    45.70839305951376,
    29.900994298320676,
    39.91280612674486,
    45.49248109883572,
    45.38950936820599,
    40.30980677217951,
    42.84054014618189,
    45.947001838987006,
    44.227716791182395,
    45.12512853476868,
    47.53800741882136,
    50.695734148365446,
    45.88065072956087,
    45.71927308957856,
    42.28670341699849,
    44.225993564164405,
    43.47967657136836,
    44.267367176569394,
    44.89761341370842,
    45.69285375649296,
    45.28610156670562
  ],
  "focus": [
    8.994906122689153,
    29.624409487109755,
    56.79954237678076,
    50.83686887477519,
    52.30998120660946,
    36.25951232436818,
    21.184198298564063,
    32.13387744453215,
    25.368469162878416,
    33.46271739837049,
    25.89844629316124,
    23.334389488329318,
    34.99010583336616,
    33.04051819932693,
    18.393523279071445,
    14.945908489932625,
    15.47643352493104,
    10.095560671171462,
    24.831595624734998,
    20.503555870847883,
    8.66172037563368,
    27.770018170368203,
    14.378716716694415,
    10.557012320641325,
    9.706292155142698,
    11.745587034341005
  ],
  "embeddings": [
    [
      0.19849281013011932,
      0.19189079105854034,
      -0.04313021898269653,
      0.21339939534664154,
      -0.21699249744415283,
      0.007436462212353945,
      -0.16643662750720978,
      -0.16134141385555267,
      -0.09840443730354309,
      -0.11180472373962402
    ],
    [
      0.195942685008049,
      0.19888240098953247,
      -0.04985761642456055,
      0.2135307937860489,
      -0.21488533914089203,
      0.004993780981749296,
      -0.17495723068714142,
      -0.14826953411102295,
      -0.11266037821769714,
      -0.10800867527723312
    ],
    [
      0.19451163709163666,
      0.19969093799591064,
      -0.04994666576385498,
      0.21334148943424225,
      -0.2147590070962906,
      0.002886274131014943,
      -0.1760285645723343,
      -0.14606808125972748,
      -0.11544371396303177,
      -0.1092938557267189
    ],
    [
      0.19395621120929718,
      0.19768105447292328,
      -0.046988725662231445,
      0.21269327402114868,
      -0.21557307243347168,
      5.1458289817674085e-05,
      -0.17416000366210938,
      -0.14825484156608582,
      -0.1137462928891182,
      -0.11216625571250916
    ],
    [
      0.1925576776266098,
      0.19741547107696533,
      -0.04263408109545708,
      0.21115581691265106,
      -0.2177518755197525,
      -0.0007393632549792528,
      -0.17317581176757812,
      -0.148421972990036,
      -0.11213663965463638,
      -0.11553069949150085
    ],
    [
      0.19256062805652618,
      0.19853641092777252,
      -0.0451379120349884,
      0.21181267499923706,
      -0.2166868895292282,
      -0.000839466170873493,
      -0.17474545538425446,
      -0.14633280038833618,
      -0.11499878764152527,
      -0.11384367942810059
    ],
    [
      0.19203448295593262,
      0.19907309114933014,
      -0.04299299791455269,
      0.21233578026294708,
      -0.2174319475889206,
      0.0006315995124168694,
      -0.17325329780578613,
      -0.14854496717453003,
      -0.1127864420413971,
      -0.11434593796730042
    ],
    [
      0.19194431602954865,
      0.20315343141555786,
      -0.04776546731591225,
      0.21227483451366425,
      -0.21605728566646576,
      0.0031945582013577223,
      -0.17754554748535156,
      -0.14361102879047394,
      -0.11731836944818497,
      -0.10996928811073303
    ],
    [
      0.1901596039533615,
      0.20424915850162506,
      -0.047485142946243286,
      0.21133261919021606,
      -0.2163848876953125,
      -0.0004656504897866398,
      -0.17975884675979614,
      -0.1389344036579132,
      -0.12247389554977417,
      -0.11177384853363037
    ],
    [
      0.19058012962341309,
      0.2044161707162857,
      -0.0479285828769207,
      0.21132707595825195,
      -0.21622510254383087,
      0.0006767308805137873,
      -0.17967186868190765,
      -0.13980114459991455,
      -0.12113126367330551,
      -0.1108962669968605
    ],
    [
      0.18970887362957,
      0.20456911623477936,
      -0.046953823417425156,
      0.21184222400188446,
      -0.2164909690618515,
      -0.00020833236339967698,
      -0.17922502756118774,
      -0.13917142152786255,
      -0.12246439605951309,
      -0.11197630316019058
    ],
    [
      0.18993623554706573,
      0.20297940075397491,
      -0.044773925095796585,
      0.2120891660451889,
      -0.21715815365314484,
      -0.000490525271743536,
      -0.17704494297504425,
      -0.14199821650981903,
      -0.11967607587575912,
      -0.1135174036026001
    ],
    [
      0.18992920219898224,
      0.20254726707935333,
      -0.04411506652832031,
      0.21227367222309113,
      -0.21733494102954865,
      -0.0007119298097677529,
      -0.17635317146778107,
      -0.14278532564640045,
      -0.11910847574472427,
      -0.11396115273237228
    ],
    [
      0.18977737426757812,
      0.20285166800022125,
      -0.04432452842593193,
      0.2121790200471878,
      -0.21733129024505615,
      -0.0008638561703264713,
      -0.1767248511314392,
      -0.14217506349086761,
      -0.11968483775854111,
      -0.11386463791131973
    ],
    [
      0.189227893948555,
      0.20450562238693237,
      -0.045475780963897705,
      0.2118062824010849,
      -0.217184916138649,
      -0.0005416264757514,
      -0.17841799557209015,
      -0.13968916237354279,
      -0.12184780836105347,
      -0.11302860826253891
    ],
    [
      0.1886383295059204,
      0.20642878115177155,
      -0.04722139611840248,
      0.21153683960437775,
      -0.21682624518871307,
      -0.0009718730580061674,
      -0.18094034492969513,
      -0.13586795330047607,
      -0.1257467418909073,
      -0.11202538758516312
    ],
    [
      0.1893506497144699,
      0.20443309843540192,
      -0.04627065360546112,
      0.21154840290546417,
      -0.2169082909822464,
      -0.0014067590236663818,
      -0.1793397068977356,
      -0.1383066326379776,
      -0.12338658422231674,
      -0.11291581392288208
    ],
    [
      0.19128888845443726,
      0.20126159489154816,
      -0.04436704143881798,
      0.21185515820980072,
      -0.21729224920272827,
      0.0007451712735928595,
      -0.17567743360996246,
      -0.14487332105636597,
      -0.11601313203573227,
      -0.11331873387098312
    ],
    [
      0.1914030909538269,
      0.20073212683200836,
      -0.04530566930770874,
      0.21245630085468292,
      -0.2166873663663864,
      -0.0008246729266829789,
      -0.17585302889347076,
      -0.14439290761947632,
      -0.11753257364034653,
      -0.11327189952135086
    ],
    [
      0.19230203330516815,
      0.19769461452960968,
      -0.04253558814525604,
      0.2123836725950241,
      -0.21750055253505707,
      -0.0010779310250654817,
      -0.17261914908885956,
      -0.14922334253787994,
      -0.11246821284294128,
      -0.11529258638620377
    ],
    [
      0.19285137951374054,
      0.19634737074375153,
