{
  "tempos": [
    0.0,
    0.5,
    1.0,
    1.5,
    2.0,
    2.5,
    3.0,
    3.5,
    4.0,
    4.5,
    5.0,
    5.5,
    6.0,
    6.5,
    7.0,
    7.5,
    8.0,
    8.5,
    9.0,
    9.5,
    10.0,
    10.5,
    11.0,
    11.5,
    12.0,
    12.5,
    13.0,
    13.5,
    14.0,
    14.5,
    15.0
  ],
  "engajamentoneural": [
    19.84752349346487,
    19.796007209462594,
    20.268680485005785,
    22.308860767209627,
    27.109687509088353,
    35.12633994871294,
    44.703201592328,
    52.48125884455438,
    56.16328950755087,
    55.70730907047705,
    52.32346470130518,
    47.454868562766414,
    42.34389763571896,
    37.960198930001724,
    34.93847470484896,
    33.401106674270196,
    32.94294105514578,
    33.025750858084926,
    33.591531517493046,
    35.283766055788504,
    38.94669174990088,
    44.771342396607224,
    51.80327819207198,
    58.48026470100689,
    63.79172662029657,
    67.69822205853411,
    70.61016266671254,
    72.81157377471271,
    74.34797461853451,
    75.2344505023005,
    75.60141591776615
  ],
  "cognitivedemand": [
    41.14335748070994,
    41.869798229918864,
    42.46400222681816,
    42.42201617081623,
    31.913049914909262,
    48.15005099463378,
    49.878683636532685,
    32.92906525332082,
    33.48422958233197,
    36.36582128768661,
    39.041747398208194,
    39.34684103443459,
    41.80039516406251,
    59.404493450553886,
    58.13699152044787,
    51.82191544233736,
    46.054740999763865,
    40.62398802308066,
    41.972538764619124,
    40.79590781634673,
    31.37964814823582,
    33.200019635976545,
    33.82357859393679,
    34.21279528612126,
    33.86343242800779,
    55.43285922414105,
    70.08575931028756,
    68.58901666860794,
    69.46268649720292,
    70.47011974217304,
    74.30896639545948
  ],
  "focus": [
    8.63815025179186,
    15.262729047650023,
    25.468700338006897,
    13.17861112251267,
    9.67007158864801,
    8.735534749758642,
    27.039462623709873,
    12.45946004459907,
    8.49677658607019,
    33.55236412404316,
    62.342013587667545,
    67.28488847451528,
    61.885017367585746,
    25.033693205935517,
    33.94100648720612,
    31.309766222562985,
    32.83934120645119,
    14.867780069985672,
    35.22813956549914,
    33.578955667960685,
    10.89442966757841,
    10.71064992998922,
    22.947391615086076,
    14.082205669889593,
    10.185528342024222,
    17.279104320286223,
    23.425915213040952,
    20.373396760985866,
    18.99329642110632,
    14.530284944152509,
    11.96546428150709
  ],
  "embeddings": [
    [
      0.20282310247421265,
      0.19281677901744843,
      -0.04782794043421745,
      0.21434177458286285,
      -0.21524281799793243,
      0.017687847837805748,
      -0.16556890308856964,
      -0.16996075212955475,
      -0.08861392736434937,
      -0.10316350311040878
    ],
    [
      0.19986198842525482,
      0.2028714418411255,
      -0.05900770053267479,
      0.21435600519180298,
      -0.21165551245212555,
      0.01567731983959675,
      -0.1786366105079651,
      -0.1507873386144638,
      -0.10963756591081619,
      -0.0962909385561943
    ],
    [
      0.19821083545684814,
      0.2053072452545166,
      -0.06292735785245895,
      0.21349328756332397,
      -0.2102501541376114,
      0.011613664217293262,
      -0.18359528481960297,
      -0.14206989109516144,
      -0.11856061965227127,
      -0.09594402462244034
    ],
    [
      0.19828307628631592,
      0.20361804962158203,
      -0.06206805631518364,
      0.213235005736351,
      -0.2102527618408203,
      0.010691243223845959,
      -0.18224431574344635,
      -0.14371205866336823,
      -0.11662932485342026,
      -0.09756210446357727
    ],
    [
      0.1980564445257187,
      0.20111261308193207,
      -0.057461708784103394,
      0.21257661283016205,
      -0.21207112073898315,
      0.00954401958733797,
      -0.17911343276500702,
      -0.14721731841564178,
      -0.11248032003641129,
      -0.1012721136212349
    ],
    [
      0.1980617791414261,
      0.20084965229034424,
      -0.05729280784726143,
      0.21275438368320465,
      -0.21201211214065552,
      0.009261931292712688,
      -0.1787838488817215,
      -0.14771996438503265,
      -0.11234059929847717,
      -0.10135727375745773
    ],
    [
      0.20438270270824432,
      0.19011519849300385,
      -0.05875135585665703,
      0.2152777910232544,
      -0.20965993404388428,
      0.008403311483561993,
      -0.17042678594589233,
      -0.16311852633953094,
      -0.09937734156847,
      -0.10122182220220566
    ],
    [
      0.203835591673851,
      0.1834820657968521,
      -0.042025014758110046,
      0.21345223486423492,
      -0.21635161340236664,
      0.010983545333147049,
      -0.15857692062854767,
      -0.17803265154361725,
      -0.0803448036313057,
      -0.1117602214217186
    ],
    [
      0.20395052433013916,
      0.18889760971069336,
      -0.05117717385292053,
      0.21455176174640656,
      -0.21286892890930176,
      0.011946454644203186,
      -0.16586904227733612,
      -0.16893577575683594,
      -0.09144744277000427,
      -0.10435694456100464
    ],
    [
      0.20416367053985596,
      0.1885537952184677,
      -0.05272090807557106,
      0.21483023464679718,
      -0.21208323538303375,
      0.010832529515028,
      -0.16643287241458893,
      -0.16805948317050934,
      -0.09298732876777649,
      -0.10390818119049072
    ],
    [
      0.20180457830429077,
      0.18847210705280304,
      -0.04728056862950325,
      0.2136978656053543,
      -0.21446986496448517,
      0.008490542881190777,
      -0.16516777873039246,
      -0.167470321059227,
      -0.09265509247779846,
      -0.10889432579278946
    ],
    [
      0.2004861831665039,
      0.19126920402050018,
      -0.04781578108668327,
      0.21338927745819092,
      -0.21462178230285645,
      0.008818375878036022,
      -0.16722840070724487,
      -0.16395916044712067,
      -0.0959782525897026,
      -0.10794345289468765
    ],
    [
      0.19930841028690338,
      0.1942766308784485,
      -0.052127402275800705,
      0.21372973918914795,
      -0.21305429935455322,
      0.006125515326857567,
      -0.171866774559021,
      -0.15639354288578033,
      -0.10504621267318726,
      -0.10597488284111023
    ],
    [
      0.19866152107715607,
      0.19324369728565216,
      -0.04868118464946747,
      0.21327950060367584,
      -0.2144281417131424,
      0.005399031564593315,
      -0.1700020432472229,
      -0.1582794338464737,
      -0.10262131690979004,
      -0.1087089478969574
    ],
    [
      0.1988530308008194,
      0.19223909080028534,
      -0.04834596812725067,
      0.21382606029510498,
      -0.2142321616411209,
      0.005099238362163305,
      -0.16879332065582275,
      -0.1602577120065689,
      -0.10139137506484985,
      -0.1091822162270546
    ],
    [
      0.19741202890872955,
      0.19277411699295044,
      -0.04366828128695488,
      0.21319575607776642,
      -0.21639366447925568,
      0.005230394657701254,
      -0.16734619438648224,
      -0.16105149686336517,
      -0.09947401285171509,
      -0.11198920756578445
    ],
    [
      0.1968434602022171,
      0.1946074515581131,
      -0.046491414308547974,
      0.21350161731243134,
      -0.21531353890895844,
      0.004490817431360483,
      -0.16989223659038544,
      -0.15720660984516144,
      -0.10422436147928238,
      -0.11038538068532944
    ],
    [
      0.1956191062927246,
      0.1923295110464096,
      -0.0405280627310276,
      0.21270644664764404,
      -0.21758967638015747,
      0.0023825012613087893,
      -0.16671103239059448,
      -0.15985514223575592,
      -0.10093652456998825,
      -0.11577650904655457
    ],
    [
      0.19455499947071075,
      0.19668744504451752,
      -0.04509913548827171,
      0.21261931955814362,
      -0.2161741703748703,
      0.0016369200311601162,
      -0.17235851287841797,
      -0.15163499116897583,
      -0.11008026450872421,
