{
  "tempos": [
    0.0,
    0.5,
    1.0,
    1.5,
    2.0,
    2.5,
    3.0,
    3.5,
    4.0,
    4.5,
    5.0,
    5.5,
    6.0,
    6.5,
    7.0,
    7.5,
    8.0,
    8.5,
    9.0,
    9.5,
    10.0,
    10.5,
    11.0,
    11.5,
    12.0,
    12.5,
    13.0,
    13.5,
    14.0,
    14.5,
    15.0,
    15.5,
    16.0,
    16.5,
    17.0,
    17.5
  ],
  "engajamentoneural": [
    47.560998952220075,
    53.05653006687658,
    60.81326968419333,
    66.92593800622049,
    69.80287389046589,
    70.02820017038404,
    68.70383966933284,
    66.40154900619531,
    62.996108226249994,
    58.13382596435145,
    51.894353865441936,
    45.216727490705935,
    39.62971532193645,
    36.317686608604916,
    35.39775813928206,
    35.89888034800188,
    36.19320500677367,
    34.67144937642086,
    30.518959146854368,
    24.42192241734927,
    18.535087232180253,
    15.061742641764647,
    15.170173822538018,
    19.622455858980636,
    28.648552152952007,
    39.820857646114554,
    48.63910163445173,
    52.504270499638274,
    51.57195779593877,
    47.08841520026233,
    40.400015887864605,
    32.75668539246593,
    25.32542254853869,
    19.12180548713952,
    14.826714993103646,
    12.685733501431901
  ],
  "cognitivedemand": [
    33.761156959789204,
    32.939206030189446,
    48.51196754061457,
    53.715981944124614,
    54.3243268980577,
    44.842011650252225,
    73.89125550113253,
    74.85204990591609,
    87.00936719448352,
    82.52142689461434,
    72.8095871659541,
    80.10688189779164,
    82.11442715149519,
    92.13384237368399,
    68.80663097925225,
    61.30106543938985,
    72.32322009719636,
    71.52264667388035,
    68.37340749772,
    43.582255415522056,
    62.326847608821254,
    83.14421520448674,
    76.01441531992053,
    76.1857288683947,
    78.06373222117885,
    85.6433618363343,
    73.02806973730083,
    70.48118984060578,
    81.92129747729895,
    50.98664492731202,
    52.87290108403966,
    80.48784667073684,
    84.86037517697442,
    73.80041189466264,
    58.58157136528952,
    21.132943471091096
  ],
  "focus": [
    7.930777772158592,
    7.998589222186811,
    9.697421982211432,
    15.006312103176509,
    14.208462206986907,
    10.441641469552158,
    21.87066331687815,
    25.461019689392394,
    19.913657453823973,
    15.102175502346785,
    10.91948029054158,
    26.927834425254453,
    48.53396639650041,
    48.14319140782965,
    34.4049653863037,
    15.308580900600683,
    13.036966235055514,
    12.799136816871338,
    9.883319066085598,
    13.402258886863086,
    9.27825495889348,
    8.891862917085863,
    8.674877798487126,
    8.861568256091623,
    18.872661197056495,
    10.393576841882014,
    10.76249679766619,
    9.554620989386473,
    9.774214382614938,
    8.164189314312617,
    7.832367065555273,
    7.912125049408952,
    16.586659506185836,
    33.0813831463742,
    37.99872549119942,
    26.286299716860217
  ],
  "embeddings": [
    [
      0.1998664289712906,
      0.19153375923633575,
      -0.041732415556907654,
      0.21014189720153809,
      -0.2177259474992752,
      0.005590883549302816,
      -0.168195441365242,
      -0.16124384105205536,
      -0.09733667224645615,
      -0.11027158051729202
    ],
    [
      0.20173625648021698,
      0.19953089952468872,
      -0.05857696011662483,
      0.2122337818145752,
      -0.21121090650558472,
      0.01258340198546648,
      -0.17874211072921753,
      -0.15073423087596893,
      -0.10803500562906265,
      -0.09639657288789749
    ],
    [
      0.20635215938091278,
      0.19891691207885742,
      -0.06886644661426544,
      0.21532128751277924,
      -0.20636959373950958,
      0.017302067950367928,
      -0.17940650880336761,
      -0.1548442542552948,
      -0.1049673855304718,
      -0.08763798326253891
    ],
    [
      0.2080223113298416,
      0.18736021220684052,
      -0.0524955652654171,
      0.2159285694360733,
      -0.21198000013828278,
      0.021149149164557457,
      -0.162505105137825,
      -0.17720769345760345,
      -0.08104024082422256,
      -0.09906595945358276
    ],
    [
      0.21204841136932373,
      0.18913377821445465,
      -0.06977083534002304,
      0.21805912256240845,
      -0.20453588664531708,
      0.020696202293038368,
      -0.1701403260231018,
      -0.17119276523590088,
      -0.08979514986276627,
      -0.08807403594255447
    ],
    [
      0.21360516548156738,
      0.1826014369726181,
      -0.06373762339353561,
      0.2175893783569336,
      -0.20634447038173676,
      0.020371222868561745,
      -0.16305746138095856,
      -0.18116898834705353,
      -0.0791437029838562,
      -0.09326937794685364
    ],
    [
      0.21412573754787445,
      0.1792132407426834,
      -0.05735967680811882,
      0.2171792984008789,
      -0.2089092880487442,
      0.02066965401172638,
      -0.15825842320919037,
      -0.1875096708536148,
      -0.07192309200763702,
      -0.09712987393140793
    ],
    [
      0.2131945937871933,
      0.18054689466953278,
      -0.059023384004831314,
      0.21682220697402954,
      -0.20867232978343964,
      0.018206177279353142,
      -0.16101621091365814,
      -0.18279515206813812,
      -0.07729662209749222,
      -0.09690944105386734
    ],
    [
      0.21231834590435028,
      0.180272176861763,
      -0.05608551204204559,
      0.21633802354335785,
      -0.20996230840682983,
      0.01733865775167942,
      -0.15991109609603882,
      -0.18354152143001556,
      -0.07619985193014145,
      -0.09918991476297379
    ],
    [
      0.21057777106761932,
      0.18468426167964935,
      -0.055395398288965225,
      0.21599198877811432,
      -0.21081185340881348,
      0.019920101389288902,
      -0.1619507372379303,
      -0.18014194071292877,
      -0.07840944081544876,
      -0.0979059711098671
    ],
    [
      0.21055364608764648,
      0.18964819610118866,
      -0.06371141225099564,
      0.21707983314990997,
      -0.2076423317193985,
      0.021388620138168335,
      -0.16837668418884277,
      -0.1719684600830078,
      -0.08763346821069717,
      -0.0916188582777977
    ],
    [
      0.21259921789169312,
      0.1872129589319229,
      -0.06209224835038185,
      0.2176147848367691,
      -0.20783184468746185,
      0.024108894169330597,
      -0.16440294682979584,
      -0.17923104763031006,
      -0.07954240590333939,
      -0.0911056399345398
    ],
    [
      0.21266013383865356,
      0.18917334079742432,
      -0.06443262845277786,
      0.217875674366951,
      -0.20718561112880707,
      0.024792203679680824,
      -0.16677314043045044,
      -0.1764536052942276,
      -0.08280743658542633,
      -0.08879786729812622
    ],
    [
      0.21161054074764252,
      0.1932685226202011,
      -0.07220318913459778,
      0.21707558631896973,
      -0.2045711725950241,
      0.023459233343601227,
      -0.17372556030750275,
      -0.16666972637176514,
      -0.09354998916387558,
      -0.08504370599985123
    ],
    [
      0.2109246402978897,
      0.18996292352676392,
      -0.06248052045702934,
      0.21554426848888397,
      -0.20852868258953094,
      0.023647047579288483,
      -0.1675868034362793,
      -0.17391115427017212,
      -0.08421013504266739,
      -0.0912867859005928
    ],
    [
      0.20832674205303192,
      0.19024749100208282,
      -0.05001899600028992,
      0.2139156013727188,
      -0.21422606706619263,
      0.024679429829120636,
      -0.16205456852912903,
      -0.1793028563261032,
      -0.07558343559503555,
      -0.09757465869188309
    ],
    [
      0.20563219487667084,
      0.20009975135326385,
      -0.06159418821334839,
      0.21397511661052704,
      -0.21045057475566864,
      0.022814789786934853,
      -0.17505155503749847,
      -0.15990395843982697,
      -0.09696194529533386,
      -0.09051370620727539
    ],
    [
      0.20467925071716309,
      0.20701956748962402,
      -0.07665417343378067,
      0.21475239098072052,
      -0.20473240315914154,
