{
  "tempos": [
    0.0,
    0.5,
    1.0,
    1.5,
    2.0,
    2.5,
    3.0,
    3.5,
    4.0,
    4.5,
    5.0,
    5.5,
    6.0,
    6.5,
    7.0,
    7.5,
    8.0,
    8.5,
    9.0,
    9.5,
    10.0,
    10.5,
    11.0,
    11.5,
    12.0,
    12.5,
    13.0,
    13.5,
    14.0,
    14.5,
    15.0,
    15.5,
    16.0,
    16.5,
    17.0,
    17.5,
    18.0,
    18.5
  ],
  "engajamentoneural": [
    47.145910113015816,
    52.219930083332244,
    58.97942750636395,
    63.346770210234205,
    63.54677711766086,
    60.21104410535848,
    55.23652424073349,
    50.68975139444133,
    47.87943485928928,
    47.08454959460789,
    47.79753147172021,
    49.090229184158716,
    50.01670193233685,
    49.98397775501726,
    48.932956352622995,
    47.28357481095401,
    45.723333002347374,
    44.91089476144626,
    45.146135412285716,
    46.12489826957491,
    46.98862121088684,
    46.77275531719355,
    44.996089231399914,
    41.96433006801949,
    38.59561731203421,
    35.9057063882746,
    34.53190464433177,
    34.58243984485812,
    35.75109740531677,
    37.509419525713675,
    39.29531773953222,
    40.69291688472348,
    41.563960276919715,
    42.02259388598675,
    42.2310187667113,
    42.23360802363303,
    42.04916325908907,
    41.84679961462464
  ],
  "cognitivedemand": [
    43.93514760851358,
    45.01317832152287,
    44.915663953156674,
    45.29767434399445,
    44.28353928067856,
    44.18862746252636,
    44.20116009824632,
    44.52331163748582,
    45.0005540595253,
    44.82666927609457,
    45.38100781932707,
    46.200328845889516,
    45.68951875848448,
    43.318684067293006,
    32.376619079353674,
    32.02824188203935,
    31.95434287644685,
    31.28988955770474,
    33.96131312188443,
    35.56650226234396,
    37.32302429387726,
    39.449802444123776,
    49.74518038243923,
    55.75458177597364,
    61.713117094742145,
    63.03028092029383,
    62.988432321729114,
    43.13097936200526,
    44.750782944367074,
    44.64806200655547,
    45.55907988807666,
    44.328745125826735,
    44.992715865315525,
    44.309710570179796,
    44.536899218492884,
    44.17255504562912,
    44.650397168247764,
    44.5472951843527
  ],
  "focus": [
    11.934218041577513,
    47.265388414061654,
    72.40796169783219,
    75.35146979138798,
    74.55500452975255,
    76.41136184740036,
    76.52214187871692,
    65.96404863806411,
    40.05104291553921,
    28.10430441164022,
    31.34999505713397,
    25.172003233360233,
    23.803850753982818,
    20.52682100263906,
    28.07833617829629,
    49.235961745304785,
    49.96086140274262,
    41.09527557980769,
    26.83526316464398,
    15.213119521674212,
    13.551638851959533,
    12.737790916802172,
    14.793255288553253,
    38.96792935219225,
    45.41901218308943,
    51.69604318647611,
    56.711383680134546,
    56.01796522104571,
    63.279327601729996,
    58.400595420048944,
    37.29081857539817,
    52.19609044756921,
    44.833411526195995,
    46.21588168657091,
    45.494631478909575,
    64.8646990192138,
    65.59668908862817,
    63.59734710628739
  ],
  "embeddings": [
    [
      0.20400653779506683,
      0.1912575364112854,
      -0.04791497811675072,
      0.21102070808410645,
      -0.21601690351963043,
      0.012495250441133976,
      -0.16884927451610565,
      -0.16514556109905243,
      -0.09185907244682312,
      -0.10503828525543213
    ],
    [
      0.20157504081726074,
      0.19750522077083588,
      -0.04953506216406822,
      0.21093983948230743,
      -0.2159062623977661,
      0.014591536484658718,
      -0.17338185012340546,
      -0.15860645473003387,
      -0.09821617603302002,
      -0.10246768593788147
    ],
    [
      0.20093698799610138,
      0.2073068618774414,
      -0.0668042004108429,
      0.21202854812145233,
      -0.20958173274993896,
      0.015139327384531498,
      -0.1875699907541275,
      -0.14020611345767975,
      -0.11901646852493286,
      -0.0908292904496193
    ],
    [
      0.20127038657665253,
      0.2076549381017685,
      -0.07038665562868118,
      0.21243898570537567,
      -0.20791928470134735,
      0.015064764767885208,
      -0.1887577772140503,
      -0.13841120898723602,
      -0.12088185548782349,
      -0.08918651938438416
    ],
    [
      0.20282012224197388,
      0.20465975999832153,
      -0.0696059837937355,
      0.21343499422073364,
      -0.20743465423583984,
      0.016997674480080605,
      -0.18491385877132416,
      -0.14489324390888214,
      -0.11426284164190292,
      -0.08935737609863281
    ],
    [
      0.20319485664367676,
      0.2023051232099533,
      -0.0652519166469574,
      0.21269726753234863,
      -0.20935870707035065,
      0.01740165799856186,
      -0.18169671297073364,
      -0.14938406646251678,
      -0.10859129577875137,
      -0.09197325259447098
    ],
    [
      0.20312897861003876,
      0.20329201221466064,
      -0.06708411127328873,
      0.21329091489315033,
      -0.20838193595409393,
      0.018327763304114342,
      -0.18230487406253815,
      -0.14875702559947968,
      -0.10962805896997452,
      -0.09055531024932861
    ],
    [
      0.2015107423067093,
      0.20757615566253662,
      -0.07101762294769287,
      0.21381787955760956,
      -0.20693570375442505,
      0.018301649019122124,
      -0.18710793554782867,
      -0.14147068560123444,
      -0.11791399866342545,
      -0.08797773718833923
    ],
    [
      0.20270562171936035,
      0.20933584868907928,
      -0.07825882732868195,
      0.21467657387256622,
      -0.20393870770931244,
      0.018622050061821938,
      -0.1912151724100113,
      -0.1370459944009781,
      -0.12326287478208542,
      -0.08332259953022003
    ],
    [
      0.20305146276950836,
      0.2035924345254898,
      -0.0651291236281395,
      0.2130972146987915,
      -0.20898668467998505,
      0.019921183586120605,
      -0.18100236356258392,
      -0.15073935687541962,
      -0.10647380352020264,
      -0.09101279824972153
    ],
    [
      0.2031668871641159,
      0.20651495456695557,
      -0.07203000783920288,
      0.21455280482769012,
      -0.20632940530776978,
      0.020150985568761826,
      -0.185805544257164,
      -0.14460769295692444,
      -0.11473161727190018,
      -0.08636706322431564
    ],
    [
      0.20192976295948029,
      0.2063017338514328,
      -0.06618949770927429,
      0.21355582773685455,
      -0.2089061290025711,
      0.020725704729557037,
      -0.18342943489551544,
      -0.14695008099079132,
      -0.11092687398195267,
      -0.0901123657822609
    ],
    [
      0.20117419958114624,
      0.20912297070026398,
      -0.06947199255228043,
      0.21410435438156128,
      -0.20769019424915314,
      0.020739175379276276,
      -0.1866939812898636,
      -0.1421302706003189,
      -0.11667270213365555,
      -0.08779873698949814
    ],
    [
      0.20016808807849884,
      0.21143443882465363,
      -0.07203029841184616,
      0.2138708382844925,
      -0.20686347782611847,
      0.019348347559571266,
      -0.18989138305187225,
      -0.1370404064655304,
      -0.12236735224723816,
      -0.08635741472244263
    ],
    [
      0.20080919563770294,
      0.21123693883419037,
      -0.0753297209739685,
      0.21527333557605743,
      -0.20512789487838745,
      0.019279439002275467,
      -0.19028472900390625,
      -0.1371435523033142,
      -0.12364143878221512,
      -0.08427789062261581
    ],
    [
      0.20097990334033966,
      0.21040688455104828,
      -0.07517983764410019,
      0.21546559035778046,
      -0.2050047367811203,
      0.01885141246020794,
      -0.1895875781774521,
      -0.13823829591274261,
      -0.12267228215932846,
      -0.08471214771270752
    ],
    [
      0.2008979320526123,
      0.2068135142326355,
      -0.06812693178653717,
      0.2143031507730484,
      -0.20780205726623535,
      0.01801944337785244,
      -0.18463639914989471,
      -0.14413070678710938,
      -0.11517129093408585,
      -0.0899127796292305
    ],
