{
  "tempos": [
    0.0,
    0.5,
    1.0,
    1.5,
    2.0,
    2.5,
    3.0,
    3.5,
    4.0,
    4.5,
    5.0,
    5.5,
    6.0,
    6.5,
    7.0,
    7.5,
    8.0,
    8.5,
    9.0,
    9.5,
    10.0,
    10.5,
    11.0,
    11.5,
    12.0,
    12.5,
    13.0,
    13.5,
    14.0,
    14.5,
    15.0
  ],
  "engajamentoneural": [
    50.23010445750299,
    55.84612825369059,
    63.427793618975734,
    68.76488573110365,
    70.2332208593894,
    68.46923989742083,
    64.90829900005262,
    60.90553374401656,
    57.32459685691348,
    54.60132658518801,
    52.96564741144677,
    52.46740733940348,
    52.867281942004986,
    53.64890051897005,
    54.24566713014157,
    54.32223540983399,
    53.89071602729756,
    53.197951491454575,
    52.51067987313623,
    51.98939380068018,
    51.71551758321191,
    51.7442624468365,
    52.05545949816646,
    52.48780832377031,
    52.81927443024076,
    52.929633740979895,
    52.81353282088308,
    52.43826646892092,
    51.733285586615494,
    50.82144182369489,
    50.14294391013978
  ],
  "cognitivedemand": [
    58.774098184949864,
    60.74839852862589,
    60.54972300690255,
    59.84749676212188,
    58.43215240131263,
    55.819595511867604,
    53.66098481058813,
    58.85672778779066,
    56.21777402137514,
    56.4413951796543,
    58.052576717190775,
    54.09633721818921,
    53.25728886167333,
    56.26250629809086,
    58.66836667505562,
    57.14456649599896,
    60.95010161647275,
    56.5155355100162,
    59.459221929615566,
    59.39650155685301,
    62.36808736311534,
    58.713960440126016,
    60.537119130453355,
    50.43150839291528,
    51.70989574030803,
    53.465949192888324,
    58.31634684198039,
    55.95800307769538,
    54.44307282960008,
    52.51109203326118,
    54.12646336421433
  ],
  "focus": [
    8.056600681559676,
    8.164119229677715,
    18.334033390008383,
    20.42842493857594,
    17.745170735819467,
    12.672114075482861,
    10.939725646021463,
    9.842887802383796,
    11.056193891560518,
    11.301838336822975,
    10.441553469886443,
    7.993795600476265,
    8.148522388549052,
    8.773054320807574,
    8.961606253932437,
    8.642350448765347,
    8.397753605003617,
    9.287575951470217,
    10.141146608117756,
    9.927915786458806,
    8.690620291485299,
    8.790411923765578,
    8.996633236670492,
    8.74774900315034,
    8.688602045220428,
    8.052026958653816,
    9.507634846581867,
    13.020540087108632,
    11.474346654930173,
    14.542617899290379,
    13.863590105053044
  ],
  "embeddings": [
    [
      0.20459234714508057,
      0.19536472856998444,
      -0.05663270875811577,
      0.21567492187023163,
      -0.21120448410511017,
      0.01869281381368637,
      -0.1704920381307602,
      -0.1651322990655899,
      -0.0943501889705658,
      -0.09645064920186996
    ],
    [
      0.20406918227672577,
      0.20111368596553802,
      -0.06560949981212616,
      0.2159460037946701,
      -0.20793895423412323,
      0.018848953768610954,
      -0.17845936119556427,
      -0.1545363813638687,
      -0.10590556263923645,
      -0.09036138653755188
    ],
    [
      0.20380334556102753,
      0.20175135135650635,
      -0.0704895481467247,
      0.2158772498369217,
      -0.20609129965305328,
      0.016760652884840965,
      -0.18182997405529022,
      -0.1491626352071762,
      -0.11208755522966385,
      -0.08919546753168106
    ],
    [
      0.2052069455385208,
      0.19656957685947418,
      -0.06478429585695267,
      0.21540957689285278,
      -0.20788566768169403,
      0.016730880364775658,
      -0.17552006244659424,
      -0.1582694798707962,
      -0.10206673294305801,
      -0.09310698509216309
    ],
    [
      0.20392583310604095,
      0.19667620956897736,
      -0.06051497161388397,
      0.21474020183086395,
      -0.2099485844373703,
      0.017088009044528008,
      -0.1738874465227127,
      -0.1594555824995041,
      -0.09997039288282394,
      -0.09564106911420822
    ],
    [
      0.20370423793792725,
      0.200580433011055,
      -0.06848305463790894,
      0.2152596116065979,
      -0.20696784555912018,
      0.01667751371860504,
      -0.18028569221496582,
      -0.1507481038570404,
      -0.10975635796785355,
      -0.09094187617301941
    ],
    [
      0.20403562486171722,
      0.19915850460529327,
      -0.06827236711978912,
      0.2152295708656311,
      -0.20679925382137299,
      0.015556663274765015,
      -0.17944514751434326,
      -0.1519557684659958,
      -0.10895267128944397,
      -0.09166282415390015
    ],
    [
      0.20458370447158813,
      0.19461888074874878,
      -0.05983084440231323,
      0.21457087993621826,
      -0.2099667638540268,
      0.01722480170428753,
      -0.1719096451997757,
      -0.1628291755914688,
      -0.09645745903253555,
      -0.09638333320617676
    ],
    [
      0.2060861736536026,
      0.19499807059764862,
      -0.06271638721227646,
      0.21533674001693726,
      -0.2087659388780594,
      0.018351413309574127,
      -0.1731669306755066,
      -0.16240514814853668,
      -0.0975903868675232,
      -0.09358978271484375
    ],
    [
      0.20477671921253204,
      0.19569826126098633,
      -0.05734938383102417,
      0.21421705186367035,
      -0.21125949919223785,
      0.01963125728070736,
      -0.17106997966766357,
      -0.16421635448932648,
      -0.09380990266799927,
      -0.09609504789113998
    ],
    [
      0.2043623924255371,
      0.20051486790180206,
      -0.06446422636508942,
      0.21477387845516205,
      -0.20872712135314941,
      0.020348379388451576,
      -0.17736542224884033,
      -0.15581633150577545,
      -0.10297802835702896,
      -0.09110036492347717
    ],
    [
      0.20444101095199585,
      0.20308740437030792,
      -0.07047531753778458,
      0.21503305435180664,
      -0.20646178722381592,
      0.020165780559182167,
      -0.18173347413539886,
      -0.15004952251911163,
      -0.1092802882194519,
      -0.0876101478934288
    ],
    [
      0.20440375804901123,
      0.2015756219625473,
      -0.06670332700014114,
      0.21468378603458405,
      -0.2079039067029953,
      0.020673952996730804,
      -0.17880064249038696,
      -0.15384455025196075,
      -0.10459872335195541,
      -0.08982452005147934
    ],
    [
      0.20454077422618866,
      0.20435874164104462,
      -0.07348627597093582,
      0.21545825898647308,
      -0.20537042617797852,
      0.02045726776123047,
      -0.18389254808425903,
      -0.1472724825143814,
      -0.11237718909978867,
      -0.085779570043087
    ],
    [
      0.2046855241060257,
      0.2046010047197342,
      -0.0742000862956047,
      0.2156565636396408,
      -0.2049461454153061,
      0.0209352970123291,
      -0.18399639427661896,
      -0.14755216240882874,
      -0.11204084008932114,
      -0.08505082875490189
    ],
    [
      0.20436067879199982,
      0.20408689975738525,
      -0.07095962017774582,
      0.21523205935955048,
      -0.20631827414035797,
      0.021859750151634216,
      -0.18203206360340118,
      -0.1503296047449112,
      -0.10855293273925781,
      -0.08657708764076233
    ],
    [
      0.20545518398284912,
      0.20433251559734344,
      -0.07920349389314651,
      0.21583880484104156,
      -0.2028757929801941,
      0.01892232708632946,
      -0.18675671517848969,
      -0.1443096548318863,
      -0.11664238572120667,
      -0.08317742496728897
    ],
    [
      0.20682591199874878,
      0.1979130655527115,
      -0.07094362378120422,
      0.21564245223999023,
      -0.2055489420890808,
      0.019506454467773438,
      -0.17837631702423096,
      -0.15611417591571808,
      -0.10372748225927353,
      -0.08834048360586166
    ],
    [
      0.20657627284526825,
      0.19691331684589386,
      -0.06844627857208252,
      0.21520209312438965,
      -0.20668931305408478,
      0.019211530685424805,
      -0.1770341396331787,
      -0.15732328593730927,
      -0.10213293880224228,
      -0.0900673195719719
    ],
