{
  "tempos": [
    0.0,
    0.5,
    1.0,
    1.5,
    2.0,
    2.5,
    3.0,
    3.5,
    4.0,
    4.5,
    5.0,
    5.5,
    6.0,
    6.5,
    7.0,
    7.5
  ],
  "engajamentoneural": [
    61.591994400146596,
    68.26318631869111,
    76.59559804499217,
    81.95203694281939,
    83.40349568556059,
    81.81790498626303,
    78.31694305066235,
    74.12119422071439,
    70.35998360040003,
    67.77694858707079,
    66.56689080206881,
    66.35004961820829,
    66.38588411090112,
    66.05305361988817,
    65.29589959488887,
    64.63507880676946
  ],
  "cognitivedemand": [
    68.61638590969517,
    74.50221599505954,
    54.79389314402196,
    66.93536005982814,
    74.53247671983155,
    81.93011372590351,
    71.00125945332414,
    71.95377029568078,
    71.10471670468081,
    73.15878786728042,
    77.9829055714528,
    70.92478986865967,
    77.87507443309796,
    82.29781573335295,
    70.46469136580295,
    72.68029921737262
  ],
  "focus": [
    15.750286533621843,
    23.18092965019328,
    19.28561369285114,
    19.05595538678562,
    28.012969608270556,
    42.88388036811428,
    33.247510019437776,
    19.410646900657923,
    38.677271234590094,
    28.4061046930028,
    17.18999160164578,
    35.00343021014502,
    42.41830326494357,
    38.621829302207324,
    23.838988376174235,
    21.302947683585227
  ],
  "embeddings": [
    [
      0.20015211403369904,
      0.19129277765750885,
      -0.05030066892504692,
      0.211709126830101,
      -0.21394769847393036,
      0.00313515099696815,
      -0.17112098634243011,
      -0.1573513001203537,
      -0.10372330993413925,
      -0.1081794798374176
    ],
    [
      0.20171815156936646,
      0.1865176558494568,
      -0.04624006152153015,
      0.21117819845676422,
      -0.21525585651397705,
      0.002617591293528676,
      -0.16663016378879547,
      -0.16432486474514008,
      -0.09584388136863708,
      -0.11152565479278564
    ],
    [
      0.20097826421260834,
      0.18748711049556732,
      -0.043015092611312866,
      0.21171267330646515,
      -0.21657264232635498,
      0.00549294613301754,
      -0.16471520066261292,
      -0.16672372817993164,
      -0.09275814145803452,
      -0.11190422624349594
    ],
    [
      0.20298458635807037,
      0.1889675259590149,
      -0.04857882857322693,
      0.21283303201198578,
      -0.21439240872859955,
      0.009120270609855652,
      -0.16665299236774445,
      -0.1664678454399109,
      -0.09285252541303635,
      -0.10654866695404053
    ],
    [
      0.20151621103286743,
      0.19355005025863647,
      -0.05282136797904968,
      0.21230465173721313,
      -0.21318084001541138,
      0.00923676323145628,
      -0.17198647558689117,
      -0.15850557386875153,
      -0.10087945312261581,
      -0.10364028066396713
    ],
    [
      0.20254336297512054,
      0.19500409066677094,
      -0.05952334403991699,
      0.2135106474161148,
      -0.21026842296123505,
      0.009063024073839188,
      -0.17516650259494781,
      -0.15508972108364105,
      -0.10589676350355148,
      -0.09937223792076111
    ],
    [
      0.2033579796552658,
      0.19312965869903564,
      -0.05813141539692879,
      0.2136542797088623,
      -0.21048732101917267,
      0.010208722203969955,
      -0.17277900874614716,
      -0.15905384719371796,
      -0.10162264853715897,
      -0.09998581558465958
    ],
    [
      0.20478008687496185,
      0.1916148066520691,
      -0.05882814899086952,
      0.21407169103622437,
      -0.21008163690567017,
      0.011197333224117756,
      -0.17165829241275787,
      -0.1616087406873703,
      -0.09905216097831726,
      -0.09905224293470383
    ],
    [
      0.205050989985466,
      0.19102871417999268,
      -0.05598316714167595,
      0.21407033503055573,
      -0.21126019954681396,
      0.012942839413881302,
      -0.16940157115459442,
      -0.16503112018108368,
      -0.09474482387304306,
      -0.10003793984651566
    ],
    [
      0.20524989068508148,
      0.19225291907787323,
      -0.05852754786610603,
      0.21392644941806793,
      -0.21045953035354614,
      0.012898613698780537,
      -0.17159701883792877,
      -0.16220618784427643,
      -0.0976889356970787,
      -0.09829620271921158
    ],
    [
      0.20563523471355438,
      0.19223864376544952,
      -0.06220236048102379,
      0.21458107233047485,
      -0.2087249755859375,
      0.011378452181816101,
      -0.1731441169977188,
      -0.16027803719043732,
      -0.10113867372274399,
      -0.09674359112977982
    ],
    [
      0.20520329475402832,
      0.19079148769378662,
      -0.05731809511780739,
      0.21414518356323242,
      -0.210628941655159,
      0.012256707064807415,
      -0.16978608071804047,
      -0.16447731852531433,
      -0.09570331126451492,
      -0.09966209530830383
    ],
    [
      0.20676176249980927,
      0.18876488506793976,
      -0.05815572664141655,
      0.21434511244297028,
      -0.21007664501667023,
      0.012805626727640629,
      -0.16861362755298615,
      -0.16731293499469757,
      -0.09280119091272354,
      -0.09919524192810059
    ],
    [
      0.206284761428833,
      0.18966154754161835,
      -0.05501006171107292,
      0.21426497399806976,
      -0.21149112284183502,
      0.015189263969659805,
      -0.16720302402973175,
      -0.1691412478685379,
      -0.08996206521987915,
      -0.09962988644838333
    ],
    [
      0.20681506395339966,
      0.19093434512615204,
      -0.058718811720609665,
      0.2144940346479416,
      -0.21014344692230225,
      0.015650594606995583,
      -0.16960509121418,
      -0.16651864349842072,
      -0.09283769875764847,
      -0.09694673866033554
    ],
    [
      0.2051013857126236,
      0.19411535561084747,
      -0.06013171747326851,
      0.21372409164905548,
      -0.20998917520046234,
      0.015032597817480564,
      -0.17301936447620392,
      -0.16075129806995392,
      -0.09840274602174759,
      -0.09629260748624802
    ],
    [
      0.20597968995571136,
      0.19517435133457184,
      -0.06589872390031815,
      0.2147487998008728,
      -0.20744597911834717,
      0.014303171075880527,
      -0.17584861814975739,
      -0.15761703252792358,
      -0.10324335098266602,
      -0.09281442314386368
    ],
    [
      0.20616517961025238,
      0.19320566952228546,
      -0.06274399906396866,
      0.2144700437784195,
      -0.20847822725772858,
      0.01476007979363203,
      -0.1730780452489853,
      -0.1614987999200821,
      -0.09877780824899673,
      -0.09486759454011917
    ],
    [
      0.20724131166934967,
      0.19266198575496674,
      -0.06438634544610977,
      0.21497172117233276,
      -0.2077430635690689,
      0.015457178466022015,
      -0.17311425507068634,
      -0.16232357919216156,
      -0.09820938855409622,
      -0.0933503732085228
    ],
    [
      0.20740143954753876,
      0.19186009466648102,
      -0.06137905642390251,
      0.21490170061588287,
      -0.20897044241428375,
      0.016646787524223328,
      -0.17080634832382202,
      -0.1656244993209839,
      -0.09403539448976517,
      -0.09474136680364609
    ],
    [
      0.2067452222108841,
      0.1926494687795639,
      -0.06167590245604515,
      0.21486449241638184,
      -0.208955779671669,
      0.016315219923853874,
      -0.17162388563156128,
      -0.1640070080757141,
      -0.09570879489183426,
      -0.09481386095285416
    ],
    [
      0.2072656899690628,
      0.19301776587963104,
      -0.06551573425531387,
      0.21512944996356964,
      -0.20726901292800903,
      0.01481627393513918,
      -0.17375783622264862,
      -0.16129070520401,
      -0.09981479495763779,
      -0.09289336949586868
    ]
  ]
}