{
  "tempos": [
    0.0,
    0.5,
    1.0,
    1.5,
    2.0,
    2.5,
    3.0,
    3.5,
    4.0,
    4.5,
    5.0,
    5.5,
    6.0
  ],
  "engajamentoneural": [
    48.526315977525584,
    52.95000514588112,
    58.21379268362471,
    60.306481962425785,
    57.865361576988384,
    52.48387760599049,
    47.3534768909339,
    44.92904636737215,
    45.48951967269066,
    47.56475922741159,
    49.31706706262249,
    49.911854260105315,
    49.812772537804996
  ],
  "cognitivedemand": [
    27.566458669943945,
    27.160831869394176,
    27.78269009122702,
    29.611743480262138,
    31.46282118781463,
    31.686192128653904,
    31.980689823670065,
    31.933137060353474,
    31.430457644253057,
    32.446388899187966,
    32.392956943184906,
    32.23858529867096,
    32.22578531233763
  ],
  "focus": [
    10.057970625113665,
    45.64365433226117,
    70.6574186881862,
    68.16170204426106,
    65.77621495343489,
    46.709554523758236,
    45.71898469421107,
    55.648248982742714,
    63.78918172023038,
    65.72515309177895,
    61.16852267682941,
    58.60307273765779,
    55.96045494424995
  ],
  "embeddings": [
    [
      0.19898931682109833,
      0.19828955829143524,
      -0.05968810245394707,
      0.2122628092765808,
      -0.21073520183563232,
      0.005697434768080711,
      -0.1791142076253891,
      -0.14668874442577362,
      -0.11444470286369324,
      -0.10141121596097946
    ],
    [
      0.19773425161838531,
      0.19660477340221405,
      -0.051590997725725174,
      0.2114195078611374,
      -0.213961660861969,
      0.005896787624806166,
      -0.17457550764083862,
      -0.1521112620830536,
      -0.10751098394393921,
      -0.1066541001200676
    ],
    [
      0.19760358333587646,
      0.1974603533744812,
      -0.05347435548901558,
      0.21207250654697418,
      -0.21311359107494354,
      0.005079829599708319,
      -0.1758725494146347,
      -0.15014822781085968,
      -0.11057073622941971,
      -0.10553305596113205
    ],
    [
      0.19897587597370148,
      0.19618308544158936,
      -0.05501405522227287,
      0.21330423653125763,
      -0.21213237941265106,
      0.005786692723631859,
      -0.17481321096420288,
      -0.1528184562921524,
      -0.10873290151357651,
      -0.1042020246386528
    ],
    [
      0.200664222240448,
      0.1921229213476181,
      -0.0500032939016819,
      0.21357005834579468,
      -0.21379375457763672,
      0.007705023977905512,
      -0.16907398402690887,
      -0.16186195611953735,
      -0.09856882691383362,
      -0.10674378275871277
    ],
    [
      0.20048876106739044,
      0.19302473962306976,
      -0.050333067774772644,
      0.21348780393600464,
      -0.21383251249790192,
      0.008660213090479374,
      -0.16973109543323517,
      -0.1611645370721817,
      -0.09902334958314896,
      -0.1060447171330452
    ],
    [
      0.20039761066436768,
      0.19342316687107086,
      -0.05002467706799507,
      0.21334140002727509,
      -0.21405111253261566,
      0.00931421760469675,
      -0.16974622011184692,
      -0.16126500070095062,
      -0.09857774525880814,
      -0.10593143105506897
    ],
    [
      0.20081555843353271,
      0.19368954002857208,
      -0.05063917860388756,
      0.21344764530658722,
      -0.21384815871715546,
      0.01042233407497406,
      -0.16985027492046356,
      -0.16164182126522064,
      -0.09792346507310867,
      -0.10502471774816513
    ],
    [
      0.2005508542060852,
      0.1954265832901001,
      -0.052264127880334854,
      0.21319802105426788,
      -0.21346361935138702,
      0.01079174131155014,
      -0.1718643754720688,
      -0.15894033014774323,
      -0.1004529520869255,
      -0.10360458493232727
    ],
    [
      0.2005753517150879,
      0.196513369679451,
      -0.05399055406451225,
      0.2132580280303955,
      -0.21290414035320282,
      0.011246245354413986,
      -0.1733173131942749,
      -0.15714187920093536,
      -0.1022321954369545,
      -0.10227153450250626
    ],
    [
      0.20045535266399384,
      0.19760757684707642,
      -0.055598288774490356,
      0.2133498191833496,
      -0.21236498653888702,
      0.011456824839115143,
      -0.17474466562271118,
      -0.15526030957698822,
      -0.10418952256441116,
      -0.10111269354820251
    ],
    [
      0.1996937245130539,
      0.1998201161623001,
      -0.05781170353293419,
      0.21318304538726807,
      -0.2117556929588318,
      0.01102552842348814,
      -0.17748074233531952,
      -0.1510182023048401,
      -0.10854522138834,
      -0.0998273715376854
    ],
    [
      0.19944548606872559,
      0.2002647966146469,
      -0.058252643793821335,
      0.21310710906982422,
      -0.21164171397686005,
      0.010686716996133327,
      -0.17809610068798065,
      -0.1499493271112442,
      -0.10964762419462204,
      -0.09969232231378555
    ],
    [
      0.20015567541122437,
      0.19861744344234467,
      -0.0571448989212513,
      0.21338720619678497,
      -0.21185477077960968,
      0.01107004564255476,
      -0.17617446184158325,
      -0.15303854644298553,
      -0.10654332488775253,
      -0.10031452029943466
    ],
    [
      0.19991664588451385,
      0.19903600215911865,
      -0.05801732465624809,
      0.21307124197483063,
      -0.2116311937570572,
      0.010294348001480103,
      -0.17725610733032227,
      -0.1512458473443985,
      -0.10846375674009323,
      -0.10014381259679794
    ],
    [
      0.19967512786388397,
      0.19902701675891876,
      -0.05780906602740288,
      0.21269835531711578,
      -0.21175982058048248,
      0.009635722264647484,
      -0.17754359543323517,
      -0.15049664676189423,
      -0.10913300514221191,
      -0.10053052753210068
    ],
    [
      0.19900916516780853,
      0.19939447939395905,
      -0.0572231225669384,
      0.21213574707508087,
      -0.21214105188846588,
      0.008737797848880291,
      -0.17803996801376343,
      -0.14918465912342072,
      -0.1103452816605568,
      -0.10129120945930481
    ],
    [
      0.1985567808151245,
      0.1993502974510193,
      -0.05690789595246315,
      0.21149002015590668,
      -0.2124374657869339,
      0.007289958652108908,
      -0.1786699891090393,
      -0.14766937494277954,
      -0.11174696683883667,
      -0.1021888479590416
    ]
  ]
}