{
  "tempos": [
    0.0,
    0.5,
    1.0,
    1.5,
    2.0,
    2.5,
    3.0,
    3.5,
    4.0,
    4.5,
    5.0,
    5.5,
    6.0,
    6.5,
    7.0,
    7.5,
    8.0,
    8.5,
    9.0,
    9.5,
    10.0,
    10.5,
    11.0,
    11.5,
    12.0,
    12.5,
    13.0
  ],
  "engajamentoneural": [
    38.840972495751714,
    41.1928052548755,
    43.50629571040943,
    42.93365662379645,
    38.62991823988061,
    32.57761422963492,
    28.089507592853742,
    27.563280403645944,
    31.817479472561246,
    39.81264323955145,
    48.059866304514095,
    52.523987584739515,
    51.34582904588269,
    45.26959109969039,
    37.38822336799448,
    31.89097952174117,
    31.66076800104355,
    37.468112993811026,
    47.61516121843063,
    57.93807450968935,
    65.06320871319208,
    68.60851417590467,
    69.78223500168103,
    69.79242842717652,
    69.36423590948509,
    68.8669848920645,
    68.53966709770127
  ],
  "cognitivedemand": [
    62.869405102071156,
    66.586112361522,
    72.18691996048203,
    69.33148834881455,
    69.91333558141221,
    71.19419858016423,
    53.63281373163467,
    51.093681194519,
    51.046407256763935,
    53.798099292573596,
    53.286953335689724,
    54.20834432644236,
    57.42670989879516,
    55.70850563827421,
    43.36541980274511,
    58.77695395652897,
    66.8519427031709,
    74.14923890596424,
    73.91971453763837,
    79.23663343557259,
    83.68168918044596,
    85.20873566540487,
    81.8307962059481,
    78.48874796667644,
    81.99144954561605,
    83.02576351368256,
    81.23822227002888
  ],
  "focus": [
    9.330884967720497,
    26.164680724287,
    55.00490985168734,
    63.6616527399481,
    42.801950719317475,
    29.908105789095053,
    54.00398125464377,
    41.01825141539862,
    58.61906915124352,
    23.65465773246458,
    11.71928114464207,
    9.864762811444066,
    19.18962315833962,
    37.437464425854174,
    40.573387045977086,
    38.05955338464045,
    30.489565378922823,
    28.519480087513436,
    31.557361201910165,
    38.82263396222552,
    35.08809542203734,
    28.25971094792526,
    24.487661698719812,
    26.67292598299014,
    25.140562372827013,
    26.546319167781114,
    28.194597395972863
  ],
  "embeddings": [
    [
      0.2078869342803955,
      0.19111774861812592,
      -0.06185758113861084,
      0.21425466239452362,
      -0.2089828997850418,
      0.01607886143028736,
      -0.17113375663757324,
      -0.16582101583480835,
      -0.0939493179321289,
      -0.09529928117990494
    ],
    [
      0.2131161242723465,
      0.1845276802778244,
      -0.05788147449493408,
      0.21574139595031738,
      -0.2093076854944229,
      0.02130819670855999,
      -0.1616424024105072,
      -0.18303479254245758,
      -0.07591382414102554,
      -0.09489941596984863
    ],
    [
      0.21360944211483002,
      0.1809394359588623,
      -0.046001482754945755,
      0.21625514328479767,
      -0.21402736008167267,
      0.027712693437933922,
      -0.15190087258815765,
      -0.19752459228038788,
      -0.05880531296133995,
      -0.09952041506767273
    ],
    [
      0.21386897563934326,
      0.18503306806087494,
      -0.050818875432014465,
      0.21677716076374054,
      -0.21248392760753632,
      0.029479777440428734,
      -0.15628542006015778,
      -0.19259655475616455,
      -0.06438464671373367,
      -0.09424533694982529
    ],
    [
      0.21254241466522217,
      0.1902395635843277,
      -0.05429697409272194,
      0.2171763926744461,
      -0.21151810884475708,
      0.03140821307897568,
      -0.16053801774978638,
      -0.1862972527742386,
      -0.07054688781499863,
      -0.09057877212762833
    ],
    [
      0.21169710159301758,
      0.19791679084300995,
      -0.06545329838991165,
      0.21801505982875824,
      -0.20751498639583588,
      0.032322559505701065,
      -0.1706763505935669,
      -0.1724940687417984,
      -0.08538735657930374,
      -0.082831971347332
    ],
    [
      0.21104545891284943,
      0.20384378731250763,
      -0.08872789889574051,
      0.21950222551822662,
      -0.19836153090000153,
      0.024203404784202576,
      -0.1873919814825058,
      -0.14848224818706512,
      -0.11436555534601212,
      -0.07367958128452301
    ],
    [
      0.21411263942718506,
      0.1880330592393875,
      -0.0686696246266365,
      0.2170913815498352,
      -0.2051229625940323,
      0.023873835802078247,
      -0.16792231798171997,
      -0.175601065158844,
      -0.08388315886259079,
      -0.08803298324346542
    ],
    [
      0.21405507624149323,
      0.18312184512615204,
      -0.05626457929611206,
      0.21631592512130737,
      -0.21006546914577484,
      0.026664307340979576,
      -0.15900707244873047,
      -0.18767201900482178,
      -0.06938765197992325,
      -0.09497145563364029
    ],
    [
      0.21208691596984863,
      0.1895793229341507,
      -0.06373897939920425,
      0.21628767251968384,
      -0.20772422850131989,
      0.024757064878940582,
      -0.16748732328414917,
      -0.17492081224918365,
      -0.08362448215484619,
      -0.09009071439504623
    ],
    [
      0.21304869651794434,
      0.19107525050640106,
      -0.07128037512302399,
      0.21693052351474762,
      -0.2045227289199829,
      0.023395361378788948,
      -0.17188799381256104,
      -0.1697327047586441,
      -0.09013289958238602,
      -0.08600062131881714
    ],
    [
      0.21389377117156982,
      0.18568509817123413,
      -0.0653381273150444,
      0.21643038094043732,
      -0.20654596388339996,
      0.02255936712026596,
      -0.16591589152812958,
      -0.1778569370508194,
      -0.08137450367212296,
      -0.09091679006814957
    ],
    [
      0.214265838265419,
      0.18261712789535522,
      -0.061399880796670914,
      0.21617662906646729,
      -0.2078906148672104,
      0.022458381950855255,
      -0.16226059198379517,
      -0.18280820548534393,
      -0.07600758969783783,
      -0.09381333738565445
    ],
    [
      0.21483486890792847,
      0.1799522191286087,
      -0.0561617948114872,
      0.2162056565284729,
      -0.2098618745803833,
      0.023986823856830597,
      -0.15763266384601593,
      -0.18950146436691284,
      -0.06837935000658035,
      -0.0964624285697937
    ],
    [
      0.2152903527021408,
      0.18121428787708282,
      -0.05990474298596382,
      0.21662352979183197,
      -0.20845246315002441,
      0.023569650948047638,
      -0.16015706956386566,
      -0.18650735914707184,
      -0.07225566357374191,
      -0.09383302181959152
    ],
    [
      0.21483731269836426,
      0.18205665051937103,
      -0.0624425895512104,
      0.2162860631942749,
      -0.20741866528987885,
      0.022133827209472656,
      -0.16249287128448486,
      -0.18294014036655426,
      -0.07625062018632889,
      -0.09316151589155197
    ],
    [
      0.21404634416103363,
      0.1789662390947342,
      -0.0555812306702137,
      0.21552793681621552,
      -0.2100232094526291,
      0.022011464461684227,
      -0.15790891647338867,
      -0.1880360096693039,
      -0.0699719563126564,
      -0.09861686080694199
    ],
    [
      0.21416544914245605,
      0.1771625429391861,
      -0.051060933619737625,
      0.21543247997760773,
      -0.21186168491840363,
      0.02200126089155674,
      -0.15462255477905273,
      -0.19239605963230133,
      -0.06521839648485184,
      -0.10099098831415176
    ],
    [
      0.21361160278320312,
      0.17961765825748444,
      -0.05383621156215668,
      0.21547935903072357,
      -0.21099811792373657,
      0.021196670830249786,
      -0.15768705308437347,
      -0.18789227306842804,
      -0.07025294750928879,
      -0.09903430938720703
    ],
    [
      0.21325676143169403,
      0.18066072463989258,
      -0.053565606474876404,
      0.21533958613872528,
      -0.21129877865314484,
      0.021434301510453224,
      -0.1581660956144333,
      -0.1870337873697281,
      -0.07101597636938095,
      -0.09881915897130966
    ],
    [
