{
  "tempos": [
    0.0,
    0.5,
    1.0,
    1.5,
    2.0,
    2.5,
    3.0,
    3.5,
    4.0,
    4.5,
    5.0
  ],
  "engajamentoneural": [
    19.727373989883905,
    21.339725107911512,
    24.50333025268392,
    28.575808183287222,
    32.14164335338724,
    33.845640308201055,
    33.3688994024846,
    31.38444886684163,
    28.870133494971196,
    26.66272902332768,
    25.38111854158519
  ],
  "cognitivedemand": [
    40.043705319159095,
    47.361125370679225,
    82.0870029367769,
    90.3945614283274,
    95.49596670727429,
    95.20062959583436,
    95.29837402730844,
    95.18811504021495,
    95.07551563293413,
    94.77564930939653,
    90.6584632668898
  ],
  "focus": [
    7.904368023123107,
    7.913623039641968,
    7.985145242371833,
    8.185550566075186,
    8.508749235531424,
    7.98129662741896,
    7.915799081389345,
    7.896181016850936,
    7.905567546977238,
    7.896727139086036,
    7.9487180202279815
  ],
  "embeddings": [
    [
      0.20443449914455414,
      0.19395394623279572,
      -0.06145888566970825,
      0.21366192400455475,
      -0.209524467587471,
      0.011409617960453033,
      -0.1750633716583252,
      -0.1575332134962082,
      -0.10254790633916855,
      -0.09789340943098068
    ],
    [
      0.2051607370376587,
      0.18887782096862793,
      -0.0577717162668705,
      0.21272100508213043,
      -0.2105884552001953,
      0.007915939204394817,
      -0.17116789519786835,
      -0.16236133873462677,
      -0.0977104976773262,
      -0.10217643529176712
    ],
    [
      0.20530278980731964,
      0.1843736171722412,
      -0.04940709471702576,
      0.21269087493419647,
      -0.2134445160627365,
      0.009220404550433159,
      -0.16364936530590057,
      -0.17241178452968597,
      -0.08669376373291016,
      -0.1073705181479454
    ],
    [
      0.20411179959774017,
      0.18567927181720734,
      -0.04810572788119316,
      0.21242673695087433,
      -0.21445994079113007,
      0.007930087856948376,
      -0.1646985411643982,
      -0.16953866183757782,
      -0.08983203768730164,
      -0.10816525667905807
    ],
    [
      0.2037416696548462,
      0.1879369467496872,
      -0.0507953017950058,
      0.21305114030838013,
      -0.21350117027759552,
      0.008639208972454071,
      -0.16701655089855194,
      -0.16647925972938538,
      -0.09338057786226273,
      -0.10595982521772385
    ],
    [
      0.20377539098262787,
      0.19012705981731415,
      -0.05414925515651703,
      0.21367090940475464,
      -0.2122560739517212,
      0.009546748362481594,
      -0.16951505839824677,
      -0.16345182061195374,
      -0.09678298234939575,
      -0.10321515053510666
    ],
    [
      0.2038506418466568,
      0.1907767653465271,
      -0.05563446879386902,
      0.21397225558757782,
      -0.21165652573108673,
      0.009862403385341167,
      -0.17044037580490112,
      -0.16239966452121735,
      -0.09799865633249283,
      -0.10212383419275284
    ],
    [
      0.20354731380939484,
      0.1905955672264099,
      -0.054599057883024216,
      0.2136683613061905,
      -0.21208615601062775,
      0.009352253749966621,
      -0.1700945645570755,
      -0.16248999536037445,
      -0.09774915128946304,
      -0.10300905257463455
    ],
    [
      0.2028474062681198,
      0.19092167913913727,
      -0.053090620785951614,
      0.21327100694179535,
      -0.21277451515197754,
      0.008740672841668129,
      -0.16999180614948273,
      -0.16190332174301147,
      -0.09815902262926102,
      -0.10408132523298264
    ],
    [
      0.20282144844532013,
      0.1914597749710083,
      -0.05422809720039368,
      0.21333087980747223,
      -0.21238386631011963,
      0.008486331440508366,
      -0.17089307308197021,
      -0.16046006977558136,
      -0.09979480504989624,
      -0.10353761166334152
    ],
    [
      0.2034345120191574,
      0.19111962616443634,
      -0.0550161711871624,
      0.2135455161333084,
      -0.21199838817119598,
      0.008857105858623981,
      -0.1707119196653366,
      -0.16115504503250122,
      -0.09915278106927872,
      -0.10289681702852249
    ],
    [
      0.20306096971035004,
      0.19209790229797363,
      -0.05551403388381004,
      0.21345926821231842,
      -0.21189212799072266,
      0.00897208321839571,
      -0.17164599895477295,
      -0.15968294441699982,
      -0.10061246901750565,
      -0.10248581320047379
    ],
    [
      0.20329834520816803,
      0.19137638807296753,
      -0.05454540625214577,
      0.2133091539144516,
      -0.2123052328824997,
      0.00902488548308611,
      -0.1707867830991745,
      -0.1610170155763626,
      -0.09894884377717972,
      -0.10308581590652466
    ],
    [
      0.20363885164260864,
      0.19106777012348175,
      -0.055487703531980515,
      0.21345768868923187,
      -0.21187536418437958,
      0.008759292773902416,
      -0.17104309797286987,
      -0.1607723981142044,
      -0.09945642203092575,
      -0.1026778593659401
    ],
    [
      0.2006380409002304,
      0.19380004703998566,
      -0.056117381900548935,
      0.21086759865283966,
      -0.21253709495067596,
      0.004305799026042223,
      -0.17623142898082733,
      -0.15099866688251495,
      -0.10892054438591003,
      -0.10454052686691284
    ]
  ]
}