{
  "tempos": [
    0.0,
    0.5,
    1.0,
    1.5,
    2.0,
    2.5,
    3.0,
    3.5,
    4.0,
    4.5,
    5.0,
    5.5,
    6.0,
    6.5,
    7.0,
    7.5,
    8.0,
    8.5,
    9.0,
    9.5,
    10.0,
    10.5,
    11.0,
    11.5,
    12.0,
    12.5,
    13.0,
    13.5,
    14.0,
    14.5,
    15.0
  ],
  "engajamentoneural": [
    72.65042566973314,
    79.1425360968228,
    86.31041563379786,
    90.17492547019808,
    90.75988425214372,
    88.8994101296772,
    85.26172734303724,
    80.752146832782,
    76.33709488937474,
    72.60001489607227,
    69.75013528225159,
    67.87209817201945,
    66.99739844106541,
    67.01179748747347,
    67.6317735536139,
    68.52222721496194,
    69.427442089251,
    70.21064777254438,
    70.8342870253629,
    71.36037501687183,
    71.97032155063408,
    72.90500299127015,
    74.27253352308625,
    75.88112039562131,
    77.31658915561057,
    78.20506190968271,
    78.3890137394303,
    77.92045624549007,
    77.00227101595395,
    75.9789182972794,
    75.29525171586842
  ],
  "cognitivedemand": [
    49.55934313947127,
    70.44218910854441,
    81.76024280939077,
    82.19191287533232,
    82.38587994909561,
    82.60180864951121,
    82.81077966619193,
    82.98600761785407,
    83.11705236121213,
    83.34133146788957,
    69.95849305694645,
    35.57726531444515,
    57.319279841786326,
    59.74053203962022,
    59.70512816305097,
    59.70573441757904,
    59.70389044594155,
    59.70297511085303,
    59.70259924383443,
    59.702805646207146,
    59.725776397810336,
    43.98693201409014,
    55.8412691065004,
    73.84025164501318,
    74.59494797160474,
    74.13666295674882,
    74.19673759424866,
    74.3106089973781,
    74.40573551877132,
    74.47881791049795,
    74.11897058976602
  ],
  "focus": [
    10.707017255544244,
    17.394695694989174,
    36.48396366099499,
    32.29241878610798,
    15.204477587030386,
    9.618970832040592,
    9.49351437641708,
    9.104109565718057,
    8.638766336996293,
    8.67713794071726,
    8.781160286938627,
    8.794126389853528,
    29.227613679179857,
    30.882299747024007,
    25.90257516204519,
    25.59394375738932,
    23.906470110057125,
    24.2653169052409,
    24.317827814407394,
    24.34937569926582,
    24.53301557916465,
    24.482462837713292,
    14.751635154256082,
    15.078888001600042,
    13.179461994028907,
    9.981211303662823,
    9.80802963208769,
    8.402698182242654,
    8.440367305335755,
    8.470901281832457,
    8.465820817549762
  ],
  "embeddings": [
    [
      0.1968117505311966,
      0.1894681304693222,
      -0.042079318314790726,
      0.21111686527729034,
      -0.217071533203125,
      -0.0017497623339295387,
      -0.1675095111131668,
      -0.1581960916519165,
      -0.10296154022216797,
      -0.11651084572076797
    ],
    [
      0.19459454715251923,
      0.18714529275894165,
      -0.03305619955062866,
      0.2100811004638672,
      -0.2207786589860916,
      -0.004085220396518707,
      -0.16333292424678802,
      -0.16175290942192078,
      -0.09855940192937851,
      -0.12381923198699951
    ],
    [
      0.1931246668100357,
      0.1902424544095993,
      -0.034536611288785934,
      0.21038872003555298,
      -0.22042270004749298,
      -0.0047273715026676655,
      -0.16617287695407867,
      -0.15714006125926971,
      -0.10384547710418701,
      -0.12266036868095398
    ],
    [
      0.1922522336244583,
      0.19168098270893097,
      -0.03529736027121544,
      0.21047496795654297,
      -0.22020065784454346,
      -0.005510271061211824,
      -0.16767346858978271,
      -0.15443362295627594,
      -0.10693081468343735,
      -0.12245414406061172
    ],
    [
      0.19158940017223358,
      0.19228844344615936,
      -0.03490372374653816,
      0.2104116678237915,
      -0.2204158753156662,
      -0.006041546817868948,
      -0.1681009978055954,
      -0.15332989394664764,
      -0.10811033099889755,
      -0.12296363711357117
    ],
    [
      0.19123034179210663,
      0.19229388236999512,
      -0.03449462354183197,
      0.21041391789913177,
      -0.2205607295036316,
      -0.006689924281090498,
      -0.16810829937458038,
      -0.15290667116641998,
      -0.10871543735265732,
      -0.12355870753526688
    ],
    [
      0.1906467080116272,
      0.1928683966398239,
      -0.03393338993191719,
      0.21030570566654205,
      -0.22085680067539215,
      -0.0069123622961342335,
      -0.16835761070251465,
      -0.15215402841567993,
      -0.10940120369195938,
      -0.12403782457113266
    ],
    [
      0.19023577868938446,
      0.19357524812221527,
      -0.034066341817379,
      0.2102392464876175,
      -0.22087784111499786,
      -0.00713364640250802,
      -0.16899198293685913,
      -0.15098710358142853,
      -0.11060869693756104,
      -0.1240076944231987
    ],
    [
      0.18986006081104279,
      0.19392935931682587,
      -0.033887844532728195,
      0.21017134189605713,
      -0.22099290788173676,
      -0.007489912677556276,
      -0.1692880243062973,
      -0.15025348961353302,
      -0.11138653010129929,
      -0.12428932636976242
    ],
    [
      0.1897551417350769,
      0.1941363364458084,
      -0.03388303518295288,
      0.2101922631263733,
      -0.22101183235645294,
      -0.007456373423337936,
      -0.16938744485378265,
      -0.15006907284259796,
      -0.1115836501121521,
      -0.1242666244506836
    ],
    [
      0.18953166902065277,
      0.19438667595386505,
      -0.03372154012322426,
      0.2101779729127884,
      -0.2211032658815384,
      -0.007505469489842653,
      -0.16949529945850372,
      -0.1497504562139511,
      -0.11188910156488419,
      -0.12441098690032959
    ],
    [
      0.18937385082244873,
      0.1948050707578659,
      -0.0341007225215435,
      0.21022827923297882,
      -0.22097565233707428,
      -0.007584189996123314,
      -0.16994385421276093,
      -0.14905785024166107,
      -0.11267901211977005,
      -0.12417766451835632
    ],
    [
      0.18917272984981537,
      0.1952124834060669,
      -0.03420422598719597,
      0.21016228199005127,
      -0.22098930180072784,
      -0.007571952883154154,
      -0.17028899490833282,
      -0.14848344027996063,
      -0.11320684105157852,
      -0.12408918887376785
    ],
    [
      0.18911762535572052,
      0.1952533721923828,
      -0.03424576297402382,
      0.21017122268676758,
      -0.22096717357635498,
      -0.007699431385844946,
      -0.17036257684230804,
      -0.14831678569316864,
      -0.11342594772577286,
      -0.12412939220666885
    ],
    [
      0.18895401060581207,
      0.19553224742412567,
      -0.03431975096464157,
      0.210121288895607,
      -0.2209760993719101,
      -0.007807570043951273,
      -0.17063938081264496,
      -0.14786112308502197,
      -0.1138787493109703,
      -0.12410000711679459
    ],
    [
      0.18862693011760712,
      0.19555561244487762,
      -0.03376556932926178,
      0.20929314196109772,
      -0.22139130532741547,
      -0.008886397816240788,
      -0.17114503681659698,
      -0.14681695401668549,
      -0.11453291773796082,
      -0.124787837266922
    ],
    [
      0.18817156553268433,
      0.19637008011341095,
      -0.03231232985854149,
      0.2090175598859787,
      -0.22222454845905304,
      -0.007226148154586554,
      -0.17073331773281097,
      -0.14740930497646332,
      -0.11301394551992416,
      -0.1251036673784256
    ],
    [
      0.18753890693187714,
      0.19660307466983795,
      -0.03280404210090637,
      0.20912839472293854,
      -0.2219262719154358,
      -0.009212280623614788,
      -0.17166240513324738,
      -0.1452181190252304,
      -0.1159394159913063,
      -0.12568886578083038
    ],
    [
      0.1874721646308899,
      0.19570088386535645,
      -0.03194667771458626,
      0.20916754007339478,
      -0.22212672233581543,
      -0.010071169584989548,
      -0.17090348899364471,
      -0.145906463265419,
      -0.11545541882514954,
      -0.12676165997982025
