{
  "tempos": [
    0.0,
    0.5,
    1.0,
    1.5,
    2.0,
    2.5,
    3.0,
    3.5,
    4.0,
    4.5,
    5.0,
    5.5,
    6.0,
    6.5,
    7.0,
    7.5,
    8.0,
    8.5,
    9.0,
    9.5,
    10.0,
    10.5,
    11.0,
    11.5,
    12.0,
    12.5,
    13.0,
    13.5,
    14.0,
    14.5,
    15.0
  ],
  "engajamentoneural": [
    69.26281601346571,
    76.67994201843011,
    85.15404525127323,
    90.01883538434157,
    91.29609385655652,
    90.06812710418828,
    87.03120006507919,
    82.94656310268105,
    78.70708783709038,
    74.95547866773332,
    71.99308770834409,
    70.00645384825349,
    69.17345805832977,
    69.51152055806453,
    70.72792924002003,
    72.31588792880366,
    73.81047187028436,
    74.95978971126793,
    75.72101481830786,
    76.16023957962443,
    76.35102039335855,
    76.32114717813134,
    76.05882572436711,
    75.55306154736382,
    74.82473085675927,
    73.92298588955212,
    72.89452851800898,
    71.76306158917201,
    70.5716754197024,
    69.48282641211614,
    68.80253012832944
  ],
  "cognitivedemand": [
    73.4245383866652,
    70.895604312873,
    80.3251991766327,
    87.80672919255322,
    87.8802092489272,
    87.79636341882022,
    87.8872504627659,
    87.76802569720768,
    88.13489132959539,
    88.09079576355313,
    87.00215372721965,
    30.031327135245814,
    36.0050113360764,
    41.77279805157834,
    45.39928618977262,
    47.27730875963693,
    47.21068081024305,
    48.079233381737836,
    47.5453792338731,
    47.77743523627765,
    47.6608739647997,
    55.006138194099464,
    62.589436013634746,
    66.20339797134996,
    66.47515299703154,
    66.4807195147581,
    66.50961862916473,
    66.47047057396283,
    66.7342819678292,
    66.71772578883221,
    66.55030290724154
  ],
  "focus": [
    17.06514923205811,
    30.109469879438603,
    52.42297078516533,
    11.574693662717348,
    13.126331401756369,
    9.701995958072237,
    8.756222608267638,
    8.6789024394229,
    8.866150559622659,
    8.53444138712187,
    8.366979347491291,
    10.38025859164318,
    37.39286106889004,
    38.740311480116965,
    21.133536168882863,
    15.768952303566374,
    12.918728128839934,
    10.348867398761001,
    10.447086060171944,
    10.492903676916841,
    10.465813155813743,
    9.476497570908846,
    52.72603648207996,
    65.48598285831778,
    42.45143900293325,
    49.14159646347719,
    54.98972542482476,
    58.51984679525432,
    58.644800795634616,
    53.08863309198704,
    48.6151396754992
  ],
  "embeddings": [
    [
      0.20004326105117798,
      0.19283618032932281,
      -0.050480350852012634,
      0.21109934151172638,
      -0.21434514224529266,
      0.004946133121848106,
      -0.17223985493183136,
      -0.1559755802154541,
      -0.10347774624824524,
      -0.10741383582353592
    ],
    [
      0.2005367875099182,
      0.18950073421001434,
      -0.04827142879366875,
      0.21163862943649292,
      -0.2147318720817566,
      0.0034023087937384844,
      -0.16899816691875458,
      -0.16003651916980743,
      -0.10006020218133926,
      -0.1100289523601532
    ],
    [
      0.20153729617595673,
      0.18545536696910858,
      -0.043973397463560104,
      0.21274928748607635,
      -0.21590013802051544,
      0.004626384936273098,
      -0.1634369045495987,
      -0.1682237833738327,
      -0.09189501404762268,
      -0.11284095793962479
    ],
    [
      0.2011907696723938,
      0.18592755496501923,
      -0.0449979305267334,
      0.2132667750120163,
      -0.21538211405277252,
      0.004099007695913315,
      -0.16413889825344086,
      -0.16698163747787476,
      -0.09398681670427322,
      -0.1123570129275322
    ],
    [
      0.20079295337200165,
      0.184801384806633,
      -0.04264119639992714,
      0.21343791484832764,
      -0.21613259613513947,
      0.00331953726708889,
      -0.16246344149112701,
      -0.16883009672164917,
      -0.09239739179611206,
      -0.11438562721014023
    ],
    [
      0.20049957931041718,
      0.1843060702085495,
      -0.04148426651954651,
      0.2134861797094345,
      -0.2165137082338333,
      0.0025043468922376633,
      -0.161834254860878,
      -0.16930337250232697,
      -0.09219933301210403,
      -0.1154986321926117
    ],
    [
      0.19981376826763153,
      0.18428707122802734,
      -0.039913590997457504,
      0.21340300142765045,
      -0.21714647114276886,
      0.0016685021109879017,
      -0.1613948792219162,
      -0.1692739874124527,
      -0.09231632947921753,
      -0.11685576289892197
    ],
    [
      0.19902892410755157,
      0.18505077064037323,
      -0.039610568434000015,
      0.2132865935564041,
      -0.21734808385372162,
      0.0007720512221567333,
      -0.1620807647705078,
      -0.16766519844532013,
      -0.09413039684295654,
      -0.11736201494932175
    ],
    [
      0.19821631908416748,
      0.18510867655277252,
      -0.038154687732458115,
      0.21302984654903412,
      -0.2179839164018631,
      -0.00028026537620462477,
      -0.16188955307006836,
      -0.16708587110042572,
      -0.09472698718309402,
      -0.11882895231246948
    ],
    [
      0.19735954701900482,
      0.18579302728176117,
      -0.03743666410446167,
      0.21278215944766998,
      -0.21836493909358978,
      -0.0012086346978321671,
      -0.16241779923439026,
      -0.16569747030735016,
      -0.09618872404098511,
      -0.11964694410562515
    ],
    [
      0.19671453535556793,
      0.186038538813591,
      -0.036911070346832275,
      0.2126806527376175,
      -0.21862642467021942,
      -0.0021116395946592093,
      -0.16265515983104706,
      -0.16467033326625824,
      -0.09740668535232544,
      -0.1204269602894783
    ],
    [
      0.19624567031860352,
      0.18599706888198853,
      -0.03611384704709053,
      0.2125965803861618,
      -0.2189398556947708,
      -0.0029115676879882812,
      -0.1625329703092575,
      -0.16434729099273682,
      -0.09786126762628555,
      -0.12133652716875076
    ],
    [
      0.19570225477218628,
      0.18612731993198395,
      -0.035055890679359436,
      0.21249687671661377,
      -0.21938444674015045,
      -0.003445342881605029,
      -0.16233231127262115,
      -0.16417504847049713,
      -0.09804186969995499,
      -0.12225411087274551
    ],
    [
      0.19503061473369598,
      0.18676388263702393,
      -0.03459155559539795,
      0.2123851776123047,
      -0.21965225040912628,
      -0.004000410437583923,
      -0.16274838149547577,
      -0.1630726158618927,
      -0.09919777512550354,
      -0.12275228649377823
    ],
    [
      0.19464530050754547,
      0.18700747191905975,
      -0.03453108295798302,
      0.21233172714710236,
      -0.21970075368881226,
      -0.004628882277756929,
      -0.16309063136577606,
      -0.16219155490398407,
      -0.10026682168245316,
      -0.1230807825922966
    ],
    [
      0.19461506605148315,
      0.18722517788410187,
      -0.03443807736039162,
      0.21228055655956268,
      -0.219784215092659,
      -0.004438705276697874,
      -0.1631680577993393,
      -0.16215984523296356,
      -0.10017741471529007,
      -0.12299510091543198
    ],
    [
      0.19302207231521606,
      0.18960796296596527,
      -0.035288263112306595,
      0.21113115549087524,
      -0.21978020668029785,
      -0.0065154084004461765,
      -0.16617172956466675,
      -0.15681865811347961,
      -0.10538739711046219,
      -0.12321913987398148
    ],
    [
      0.19279366731643677,
      0.18708579242229462,
      -0.03014378249645233,
      0.21084247529506683,
      -0.22170935571193695,
      -0.006422171834856272,
      -0.1623525470495224,
      -0.1617511808872223,
      -0.09974876046180725,
      -0.12681518495082855
    ],
    [
      0.1923046112060547,
      0.18786637485027313,
      -0.029504017904400826,
      0.2108883112668991,
      -0.22203350067138672,
      -0.0063026160933077335,
      -0.16256769001483917,
      -0.161172553896904,
      -0.10024241358041763,
