{
  "tempos": [
    0.0,
    0.5,
    1.0,
    1.5,
    2.0,
    2.5,
    3.0,
    3.5,
    4.0,
    4.5,
    5.0,
    5.5,
    6.0,
    6.5,
    7.0,
    7.5,
    8.0,
    8.5,
    9.0,
    9.5,
    10.0,
    10.5,
    11.0,
    11.5,
    12.0,
    12.5,
    13.0,
    13.5,
    14.0,
    14.5,
    15.0
  ],
  "engajamentoneural": [
    63.52863057692547,
    71.45609508296862,
    81.22242949534046,
    87.50984011117052,
    89.84379231124475,
    89.50916828823229,
    87.47193652807249,
    84.44250489766284,
    80.95742535130286,
    77.24708037357145,
    73.39353842481418,
    69.76998546483057,
    67.2122273448618,
    66.5049417637553,
    67.62458788995977,
    69.64490732350596,
    71.43673638109011,
    72.35698356002216,
    72.35453497701094,
    71.72366874316475,
    70.88471036903769,
    70.26458383840371,
    70.17979829215702,
    70.7092295582768,
    71.66619584101785,
    72.7182777510906,
    73.55510304380459,
    73.99119113987511,
    74.003868850436,
    73.74687180079611,
    73.50077202903475
  ],
  "cognitivedemand": [
    37.040158357437775,
    48.95089520115034,
    55.54060478499924,
    75.03483879201349,
    84.84595407030083,
    84.90125960450176,
    84.90094827672442,
    84.90104761284833,
    84.9010877523183,
    84.90136003690495,
    82.89194364271684,
    26.374733246297804,
    29.920756715710056,
    42.77742594472484,
    71.29443559488223,
    79.1425814696054,
    78.84936475956742,
    78.82123681852278,
    78.82127512279486,
    78.82150170294237,
    76.32970598114964,
    44.31094029313692,
    53.52430320313397,
    57.313146088188084,
    64.12276092687651,
    69.44176348882318,
    77.82895926475933,
    79.78688039367472,
    79.79192161286264,
    79.79277540246005,
    79.79277688396668
  ],
  "focus": [
    11.212531497259663,
    8.45562322132605,
    43.360900289499256,
    38.41818304068838,
    20.027578296533015,
    17.743173708684193,
    10.081310265747822,
    8.554890742874461,
    8.238065617940443,
    8.245978660059633,
    8.26436146486168,
    9.259690815049495,
    13.437587849829987,
    18.413922045656523,
    12.541313593411365,
    11.645135761908252,
    13.144497659980104,
    12.191806607191182,
    12.36925902309364,
    11.475820716410023,
    11.43755800773964,
    10.160530342541682,
    15.94008762985245,
    61.18762196770254,
    24.360265620652758,
    11.488006031619959,
    10.727241321381008,
    9.236430220296644,
    8.95837166322526,
    8.245503470262708,
    8.821722217479929
  ],
  "embeddings": [
    [
      0.1979498416185379,
      0.1909247785806656,
      -0.04019959643483162,
      0.2110714167356491,
      -0.21791058778762817,
      0.00476524094119668,
      -0.1658063679933548,
      -0.1625809371471405,
      -0.09685631841421127,
      -0.11442426592111588
    ],
    [
      0.19300907850265503,
      0.19610725343227386,
      -0.041800033301115036,
      0.21054677665233612,
      -0.21807317435741425,
      -0.002138908486813307,
      -0.17229634523391724,
      -0.1494559794664383,
      -0.11164215207099915,
      -0.11620237678289413
    ],
    [
      0.19092576205730438,
      0.196367546916008,
      -0.03914548084139824,
      0.2100077122449875,
      -0.21921761333942413,
      -0.005092539358884096,
      -0.17242829501628876,
      -0.14732538163661957,
      -0.11394256353378296,
      -0.11951783299446106
    ],
    [
      0.18963102996349335,
      0.19525037705898285,
      -0.03523290529847145,
      0.20967327058315277,
      -0.22071051597595215,
      -0.007065150421112776,
      -0.170746847987175,
      -0.14813147485256195,
      -0.11316286772489548,
      -0.12319913506507874
    ],
    [
      0.1899610161781311,
      0.19392752647399902,
      -0.034574251621961594,
      0.21010197699069977,
      -0.2207208275794983,
      -0.0075163827277719975,
      -0.1694772094488144,
      -0.14997321367263794,
      -0.1117706373333931,
      -0.1239066943526268
    ],
    [
      0.18986622989177704,
      0.1930209845304489,
      -0.03245111182332039,
      0.2102394849061966,
      -0.22147369384765625,
      -0.007368573918938637,
      -0.1678391546010971,
      -0.1521085798740387,
      -0.10946705937385559,
      -0.12534433603286743
    ],
    [
      0.18966732919216156,
      0.19344346225261688,
      -0.032638195902109146,
      0.2103237509727478,
      -0.2214241623878479,
      -0.007495885249227285,
      -0.1682382971048355,
      -0.15139321982860565,
      -0.11029618978500366,
      -0.12524083256721497
    ],
    [
      0.18947649002075195,
      0.19371990859508514,
      -0.032764650881290436,
      0.21037264168262482,
      -0.22138185799121857,
      -0.007723959628492594,
      -0.16853182017803192,
      -0.15080977976322174,
      -0.11097350716590881,
      -0.1252700239419937
    ],
    [
      0.18930643796920776,
      0.1937815397977829,
      -0.032535433769226074,
      0.21036596596240997,
      -0.22147925198078156,
      -0.007944042794406414,
      -0.1685429811477661,
      -0.15061335265636444,
      -0.11119338124990463,
      -0.12553651630878448
    ],
    [
      0.18915565311908722,
      0.19386868178844452,
      -0.03237688168883324,
      0.21035552024841309,
      -0.22155272960662842,
      -0.008130527101457119,
      -0.1685951203107834,
      -0.15039408206939697,
      -0.11143752187490463,
      -0.12572912871837616
    ],
    [
      0.1890270709991455,
      0.19392554461956024,
      -0.03221950680017471,
      0.21034078299999237,
      -0.22162415087223053,
      -0.008299960754811764,
      -0.1686234474182129,
      -0.15022672712802887,
      -0.11162485927343369,
      -0.12591280043125153
    ],
    [
      0.18892210721969604,
      0.19394879043102264,
      -0.03207005187869072,
      0.21032796800136566,
      -0.22168876230716705,
      -0.008456993848085403,
      -0.16862772405147552,
      -0.15011094510555267,
      -0.11176183819770813,
      -0.12608659267425537
    ],
    [
      0.1888291835784912,
      0.19395184516906738,
      -0.03190917149186134,
      0.21031184494495392,
      -0.22175733745098114,
      -0.008599070832133293,
      -0.16861025989055634,
      -0.15003670752048492,
      -0.11185014992952347,
      -0.1262613832950592
    ],
    [
      0.1887519806623459,
      0.19394464790821075,
      -0.03176581487059593,
      0.21029765903949738,
      -0.2218177765607834,
      -0.008723799139261246,
      -0.16858763992786407,
      -0.149984672665596,
      -0.11191468685865402,
      -0.12641654908657074
    ],
    [
      0.1886817216873169,
      0.19393932819366455,
      -0.03162883594632149,
      0.21028314530849457,
      -0.22187690436840057,
      -0.0088259382173419,
      -0.16856245696544647,
      -0.14994649589061737,
      -0.11195825785398483,
      -0.12655702233314514
    ],
    [
      0.18900959193706512,
      0.19346313178539276,
      -0.031795401126146317,
      0.2105230838060379,
      -0.2217133492231369,
      -0.008560548536479473,
      -0.16810281574726105,
      -0.15091834962368011,
      -0.11109810322523117,
      -0.126381516456604
    ],
    [
      0.1870698779821396,
      0.19512318074703217,
      -0.03070242702960968,
      0.2081855982542038,
      -0.22285406291484833,
      -0.011866842396557331,
      -0.17094522714614868,
      -0.1450718641281128,
      -0.11609750986099243,
      -0.12830433249473572
    ],
    [
      0.1860927790403366,
      0.19737917184829712,
      -0.029305607080459595,
      0.20821712911128998,
      -0.22370022535324097,
      -0.009714975021779537,
      -0.1711636632680893,
      -0.1449597328901291,
      -0.11547690629959106,
      -0.12789447605609894
    ],
    [
      0.18547625839710236,
      0.20048053562641144,
      -0.03196437656879425,
      0.20828020572662354,
      -0.2229846864938736,
      -0.00896735955029726,
      -0.1742408722639084,
      -0.14059332013130188,
      -0.119806669652462,
