{
  "tempos": [
    0.0,
    0.5,
    1.0,
    1.5,
    2.0,
    2.5,
    3.0,
    3.5,
    4.0,
    4.5,
    5.0,
    5.5,
    6.0,
    6.5,
    7.0,
    7.5,
    8.0,
    8.5,
    9.0,
    9.5,
    10.0
  ],
  "engajamentoneural": [
    44.67811236499174,
    53.80173923813917,
    67.34008694703759,
    78.2691821532933,
    83.79961896612873,
    85.17535891264887,
    84.12522796758861,
    81.970647305695,
    79.6967447545486,
    77.87421031179687,
    76.6698456393696,
    76.0107427181798,
    75.74634597038526,
    75.7316307031813,
    75.852824247866,
    76.0204172417931,
    76.15117759478109,
    76.16308444706875,
    76.01047410540205,
    75.74775107681971,
    75.53827932550344
  ],
  "cognitivedemand": [
    29.096271621928125,
    32.770065794866746,
    44.935569169092034,
    48.883076722393156,
    56.64412524207672,
    61.52139857647736,
    63.80934668787582,
    63.89082133819808,
    63.89034677108762,
    63.89045640053217,
    64.14882034969882,
    64.43049968043022,
    64.43049998161385,
    64.43049998161385,
    64.43049998161385,
    64.43049998161385,
    64.43049998161385,
    64.43049998161385,
    64.43049998161385,
    64.43049998161385,
    63.99389493342678
  ],
  "focus": [
    7.837403349969105,
    7.890369704183425,
    45.02151983482707,
    55.4235810079294,
    36.345411025560885,
    12.06688533144708,
    8.691734278818764,
    10.013743542567564,
    11.27270161951342,
    11.956605832932011,
    10.582292760246538,
    10.49853930775204,
    10.511769923196017,
    10.517130021484858,
    10.508508239134354,
    10.468641215338957,
    10.467684229558575,
    10.466706372488076,
    10.455462375844082,
    10.454937567639268,
    10.446025281418942
  ],
  "embeddings": [
    [
      0.19980810582637787,
      0.19672800600528717,
      -0.054548945277929306,
      0.21128882467746735,
      -0.213164821267128,
      0.008458161726593971,
      -0.17597734928131104,
      -0.1519847959280014,
      -0.10720177739858627,
      -0.10295054316520691
    ],
    [
      0.1992618590593338,
      0.19658754765987396,
      -0.05406971648335457,
      0.21103161573410034,
      -0.21326492726802826,
      0.007238796446472406,
      -0.1761230230331421,
      -0.15151038765907288,
      -0.1077350601553917,
      -0.10379263758659363
    ],
    [
      0.2020198255777359,
      0.18996091187000275,
      -0.05161471292376518,
      0.21241211891174316,
      -0.21321476995944977,
      0.007302196696400642,
      -0.16936568915843964,
      -0.1616845577955246,
      -0.09802665561437607,
      -0.10665997117757797
    ],
    [
      0.20107461512088776,
      0.18857765197753906,
      -0.045627471059560776,
      0.21224553883075714,
      -0.21560613811016083,
      0.007385218050330877,
      -0.1657724529504776,
      -0.16565461456775665,
      -0.09335019439458847,
      -0.11061788350343704
    ],
    [
      0.20022529363632202,
      0.1902209371328354,
      -0.04725531116127968,
      0.21240319311618805,
      -0.2150583267211914,
      0.006040016654878855,
      -0.16789032518863678,
      -0.1620105504989624,
      -0.09785604476928711,
      -0.10982695966959
    ],
    [
      0.20067326724529266,
      0.18923042714595795,
      -0.04805232957005501,
      0.2127464860677719,
      -0.21453307569026947,
      0.004955099429935217,
      -0.16772876679897308,
      -0.1622491329908371,
      -0.09823831170797348,
      -0.10987458378076553
    ],
    [
      0.20073474943637848,
      0.18730145692825317,
      -0.04550766572356224,
      0.21264217793941498,
      -0.21538306772708893,
      0.004137858748435974,
      -0.1655704826116562,
      -0.16492919623851776,
      -0.09549373388290405,
      -0.1121106743812561
    ],
    [
      0.20101170241832733,
      0.1862637996673584,
      -0.044386740773916245,
      0.21283642947673798,
      -0.21567893028259277,
      0.004174046218395233,
      -0.16425716876983643,
      -0.16692201793193817,
      -0.09356915205717087,
      -0.11286940425634384
    ],
    [
      0.2008526474237442,
      0.1859680414199829,
      -0.043396975845098495,
      0.21279941499233246,
      -0.21607859432697296,
      0.004006507340818644,
      -0.16369913518428802,
      -0.16751134395599365,
      -0.09295292943716049,
      -0.11355272680521011
    ],
    [
      0.20064125955104828,
      0.18628837168216705,
      -0.043503548949956894,
      0.21281218528747559,
      -0.21606464684009552,
      0.0037807647604495287,
      -0.16402265429496765,
      -0.16690175235271454,
      -0.09368523955345154,
      -0.11350736021995544
    ],
    [
      0.20054930448532104,
      0.1863383650779724,
      -0.04349268600344658,
      0.21281014382839203,
      -0.21606886386871338,
      0.0036112728994339705,
      -0.1640956848859787,
      -0.1667105108499527,
      -0.09393724799156189,
      -0.11358167976140976
    ],
    [
      0.20050303637981415,
      0.1862538456916809,
      -0.04326580464839935,
      0.21279211342334747,
      -0.21615733206272125,
      0.0035465366672724485,
      -0.1639624387025833,
      -0.16684673726558685,
      -0.09379121661186218,
      -0.11376508325338364
    ],
    [
      0.20050442218780518,
      0.18625189363956451,
      -0.04323471710085869,
      0.21280618011951447,
      -0.21616841852664948,
      0.0035874303430318832,
      -0.16392512619495392,
      -0.16691279411315918,
      -0.09372448921203613,
      -0.1137586236000061
    ],
    [
      0.20052427053451538,
      0.18629617989063263,
      -0.04332372918725014,
      0.21281790733337402,
      -0.216136634349823,
      0.0036507006734609604,
      -0.16396622359752655,
      -0.16689591109752655,
      -0.09374299645423889,
      -0.11365775018930435
    ],
    [
      0.20058639347553253,
      0.18633508682250977,
      -0.0434897281229496,
      0.21284085512161255,
      -0.21607013046741486,
      0.0037686126306653023,
      -0.1640160232782364,
      -0.16690534353256226,
      -0.09372856467962265,
      -0.11348548531532288
    ],
    [
      0.20077215135097504,
      0.18619321286678314,
      -0.04365198686718941,
      0.2128860354423523,
      -0.21598243713378906,
      0.003994486760348082,
      -0.16390030086040497,
      -0.1672379970550537,
      -0.09338117390871048,
      -0.11329024285078049
    ],
    [
      0.2009139508008957,
      0.18611298501491547,
      -0.043713267892599106,
      0.21291424334049225,
      -0.21595114469528198,
      0.004230310674756765,
      -0.1637897938489914,
      -0.1675368696451187,
      -0.0930294319987297,
      -0.11314018815755844
    ],
    [
      0.20103420317173004,
      0.18621058762073517,
      -0.04405200108885765,
      0.21295364201068878,
      -0.2158193141222,
      0.004459012765437365,
      -0.16391928493976593,
      -0.16750513017177582,
      -0.09304844588041306,
      -0.11279416084289551
    ],
    [
      0.201168492436409,
      0.18631388247013092,
      -0.04442115128040314,
      0.21299296617507935,
      -0.21567560732364655,
      0.004715506453067064,
      -0.16405673325061798,
      -0.16747744381427765,
      -0.09305254369974136,
      -0.11242053657770157
    ],
    [
      0.20132815837860107,
      0.18637032806873322,
      -0.04481097683310509,
      0.21303687989711761,
      -0.21551740169525146,
      0.004963242914527655,
      -0.1641724854707718,
      -0.1674916297197342,
      -0.09302442520856857,
      -0.1120443120598793
    ],
    [
      0.20147526264190674,
      0.18640540540218353,
      -0.045101139694452286,
      0.2130672186613083,
      -0.21540232002735138,
      0.00521797826513648,
      -0.16423717141151428,
      -0.1675645112991333,
      -0.09291470050811768,
      -0.1117309033870697
    ],
    [
      0.2015998214483261,
      0.18651799857616425,
      -0.04548751190304756,
      0.21309709548950195,
      -0.215254545211792,
      0.005447917152196169,
      -0.1644069403409958,
