{
  "tempos": [
    0.0,
    0.5,
    1.0,
    1.5,
    2.0,
    2.5,
    3.0,
    3.5,
    4.0,
    4.5,
    5.0,
    5.5,
    6.0
  ],
  "engajamentoneural": [
    67.07060533935338,
    73.48293292502785,
    81.18455955746322,
    86.00138640674156,
    87.51273396336533,
    86.703968095368,
    84.4884765929139,
    81.58560367656152,
    78.51295024447998,
    75.58722360447658,
    73.01594749544047,
    71.02517824556365,
    69.90973777392142
  ],
  "cognitivedemand": [
    36.57703875791513,
    52.831692876037415,
    54.682194917577384,
    51.680082420653044,
    49.115992287109044,
    51.63447218749786,
    51.624072468490084,
    62.5763043572689,
    59.40536373162738,
    58.01280197416434,
    57.85991963983505,
    59.14277328235082,
    58.536294800769895
  ],
  "focus": [
    10.494977916102858,
    36.87091514700598,
    40.79891371014633,
    53.874530605237375,
    63.25305003511768,
    63.44813429914914,
    63.77529193710587,
    51.302851391453075,
    46.879729969795015,
    48.43475840079309,
    57.5828304112036,
    50.72613537778134,
    30.791143483594876
  ],
  "embeddings": [
    [
      0.20185403525829315,
      0.19143599271774292,
      -0.04601648077368736,
      0.21390025317668915,
      -0.21516208350658417,
      0.011774496175348759,
      -0.16583766043186188,
      -0.16724741458892822,
      -0.09229356050491333,
      -0.10639748722314835
    ],
    [
      0.20234273374080658,
      0.19716237485408783,
      -0.057795170694589615,
      0.21525974571704865,
      -0.2108786255121231,
      0.01370417419821024,
      -0.17403019964694977,
      -0.15739767253398895,
      -0.10307350754737854,
      -0.09806833416223526
    ],
    [
      0.20291423797607422,
      0.19835002720355988,
      -0.06133679673075676,
      0.2157442569732666,
      -0.2093385010957718,
      0.015348434448242188,
      -0.17525529861450195,
      -0.15687699615955353,
      -0.10391529649496078,
      -0.09533169865608215
    ],
    [
      0.20258963108062744,
      0.19904369115829468,
      -0.06114862486720085,
      0.21533329784870148,
      -0.20962680876255035,
      0.01593616046011448,
      -0.17561577260494232,
      -0.156156525015831,
      -0.10405731201171875,
      -0.09528423100709915
    ],
    [
      0.20261378586292267,
      0.20152753591537476,
      -0.06598693877458572,
      0.2158496379852295,
      -0.20786993205547333,
      0.016379861161112785,
      -0.17933185398578644,
      -0.15143568813800812,
      -0.10939226299524307,
      -0.09211760759353638
    ],
    [
      0.20305393636226654,
      0.20080183446407318,
      -0.0671372041106224,
      0.21571557223796844,
      -0.20730435848236084,
      0.01567024178802967,
      -0.17955946922302246,
      -0.15118379890918732,
      -0.10981329530477524,
      -0.09181318432092667
    ],
    [
      0.20287710428237915,
      0.2000814825296402,
      -0.06493718177080154,
      0.2153860479593277,
      -0.20819835364818573,
      0.015813298523426056,
      -0.1781385987997055,
      -0.15286363661289215,
      -0.10757476091384888,
      -0.09313211590051651
    ],
    [
      0.20296145975589752,
      0.19954079389572144,
      -0.06605622172355652,
      0.21542684733867645,
      -0.20767776668071747,
      0.014528363943099976,
      -0.17870312929153442,
      -0.1520761400461197,
      -0.10899194329977036,
      -0.09306073933839798
    ],
    [
      0.20322434604167938,
      0.19721895456314087,
      -0.06382046639919281,
      0.21510420739650726,
      -0.20834963023662567,
      0.013470563106238842,
      -0.17645734548568726,
      -0.15494610369205475,
      -0.10616312175989151,
      -0.09508949518203735
    ],
    [
      0.20379294455051422,
      0.19466300308704376,
      -0.061027269810438156,
      0.21507500112056732,
      -0.209219291806221,
      0.013046670705080032,
      -0.1735304594039917,
      -0.1590912789106369,
      -0.10197219252586365,
      -0.09710273891687393
    ],
    [
      0.20367658138275146,
      0.19432325661182404,
      -0.05960671231150627,
      0.2147156447172165,
      -0.20988114178180695,
      0.013046161271631718,
      -0.17291460931301117,
      -0.15971726179122925,
      -0.10082748532295227,
      -0.09794080257415771
    ],
    [
      0.2034166306257248,
      0.19596993923187256,
      -0.06119468808174133,
      0.2148195505142212,
      -0.20942026376724243,
      0.013664769940078259,
      -0.17468535900115967,
      -0.15727810561656952,
      -0.10314183682203293,
      -0.09654885530471802
    ],
    [
      0.20382921397686005,
      0.19668026268482208,
      -0.06332910060882568,
      0.21515904366970062,
      -0.20856064558029175,
      0.014321575872600079,
      -0.17581744492053986,
      -0.15629343688488007,
      -0.10434141010046005,
      -0.09484514594078064
    ],
    [
      0.20396196842193604,
      0.1968657225370407,
      -0.0621403343975544,
      0.21521668136119843,
      -0.20905093848705292,
      0.015810104086995125,
      -0.17477817833423615,
      -0.15796728432178497,
      -0.10199574381113052,
      -0.09475918859243393
    ],
    [
      0.20429553091526031,
      0.19850300252437592,
      -0.06501477211713791,
      0.21565435826778412,
      -0.20797103643417358,
      0.0170441847294569,
      -0.17668908834457397,
      -0.15593905746936798,
      -0.10419688373804092,
      -0.09224777668714523
    ],
    [
      0.20469413697719574,
      0.19919855892658234,
      -0.06819035857915878,
      0.2159811109304428,
      -0.20662443339824677,
      0.017030037939548492,
      -0.17849506437778473,
      -0.1539139449596405,
      -0.10686546564102173,
      -0.09031947702169418
    ],
    [
      0.2042514532804489,
      0.1988915205001831,
      -0.06691043823957443,
      0.21540124714374542,
      -0.20725786685943604,
      0.016301849856972694,
      -0.17818786203861237,
      -0.1538151353597641,
      -0.10656952112913132,
      -0.0915236547589302
    ],
    [
      0.20430876314640045,
      0.19745701551437378,
      -0.06509105116128922,
      0.21491725742816925,
      -0.20789898931980133,
      0.015330880880355835,
      -0.1767677217721939,
      -0.155551016330719,
      -0.10474148392677307,
      -0.09305539727210999
    ]
  ]
}