{
  "tempos": [
    0.0,
    0.5,
    1.0,
    1.5,
    2.0,
    2.5,
    3.0,
    3.5,
    4.0,
    4.5,
    5.0
  ],
  "engajamentoneural": [
    59.44298910400553,
    65.45916374187266,
    73.0981924280408,
    78.09458451053955,
    79.37329713543218,
    77.72957646266939,
    74.35023238360408,
    70.34028318145664,
    66.51907828081598,
    63.48625744640678,
    61.77875059216345
  ],
  "cognitivedemand": [
    30.387067262070932,
    63.50205052806829,
    86.20431750250576,
    86.73274334296534,
    86.92884986338359,
    86.98028493599615,
    86.98648420927859,
    82.32247799035964,
    40.28343987025987,
    52.87640636887554,
    52.88157010597405
  ],
  "focus": [
    39.1438924798432,
    19.002101987209475,
    11.316042028392332,
    9.794899918984628,
    12.604070346345075,
    9.024019918676965,
    8.7800842398057,
    8.332093915016307,
    10.302900930085753,
    38.672033142461565,
    42.172767427354046
  ],
  "embeddings": [
    [
      0.19619007408618927,
      0.19264745712280273,
      -0.0400267131626606,
      0.2091277837753296,
      -0.21859270334243774,
      0.0014792755246162415,
      -0.16934148967266083,
      -0.1561902016401291,
      -0.1026909351348877,
      -0.11484327912330627
    ],
    [
      0.19763405621051788,
      0.19359712302684784,
      -0.04628400132060051,
      0.21074795722961426,
      -0.21614985167980194,
      0.003983508329838514,
      -0.17132915556430817,
      -0.15539251267910004,
      -0.10402494668960571,
      -0.11053820699453354
    ],
    [
      0.19928233325481415,
      0.19257448613643646,
      -0.0493934340775013,
      0.21202220022678375,
      -0.21451516449451447,
      0.004405269864946604,
      -0.1712002009153366,
      -0.15698501467704773,
      -0.10306441783905029,
      -0.1085563525557518
    ],
    [
      0.20002931356430054,
      0.19112102687358856,
      -0.04873568192124367,
      0.21250928938388824,
      -0.2145291417837143,
      0.0052060470916330814,
      -0.16936738789081573,
      -0.16010510921478271,
      -0.09996476769447327,
      -0.10884673148393631
    ],
    [
      0.20000334084033966,
      0.19046533107757568,
      -0.04769488051533699,
      0.21261949837207794,
      -0.21486175060272217,
      0.00514305429533124,
      -0.16842402517795563,
      -0.16124936938285828,
      -0.09886907786130905,
      -0.10964859277009964
    ],
    [
      0.20013582706451416,
      0.19095073640346527,
      -0.04859897121787071,
      0.2127830982208252,
      -0.21450956165790558,
      0.005478789564222097,
      -0.16902196407318115,
      -0.16063128411769867,
      -0.0995410680770874,
      -0.1088428795337677
    ],
    [
      0.2003769874572754,
      0.19083468616008759,
      -0.04906091466546059,
      0.21294689178466797,
      -0.214249849319458,
      0.005594305694103241,
      -0.1689784973859787,
      -0.16089887917041779,
      -0.09942065924406052,
      -0.10847780853509903
    ],
    [
      0.2002934217453003,
      0.1908675879240036,
      -0.0489044152200222,
      0.2128000408411026,
      -0.2143530696630478,
      0.005487961694598198,
      -0.16906112432479858,
      -0.1606961339712143,
      -0.09950721263885498,
      -0.108607716858387
    ],
    [
      0.20028579235076904,
      0.19044643640518188,
      -0.04840227961540222,
      0.2126331478357315,
      -0.21456901729106903,
      0.005296485964208841,
      -0.16866075992584229,
      -0.1611606329679489,
      -0.09897158294916153,
      -0.10907679051160812
    ],
    [
      0.20025525987148285,
      0.1903526335954666,
      -0.04786542057991028,
      0.2125455141067505,
      -0.21481992304325104,
      0.00555933453142643,
      -0.1683378666639328,
      -0.16157127916812897,
      -0.09835531562566757,
      -0.10935046523809433
    ],
    [
      0.20047377049922943,
      0.19050945341587067,
      -0.04829205572605133,
      0.21252572536468506,
      -0.21468980610370636,
      0.006002326961606741,
      -0.16854114830493927,
      -0.1615792214870453,
      -0.09820491820573807,
      -0.10886040329933167
    ],
    [
      0.1998416781425476,
      0.1905430555343628,
      -0.045879021286964417,
      0.21199457347393036,
      -0.2157701700925827,
      0.005942381918430328,
      -0.16770941019058228,
      -0.16211120784282684,
      -0.09718632698059082,
      -0.11034633964300156
    ],
    [
      0.19838003814220428,
      0.19253796339035034,
      -0.045963939279317856,
      0.21134762465953827,
      -0.2160136103630066,
      0.004234204068779945,
      -0.16995464265346527,
      -0.15767298638820648,
      -0.10169770568609238,
      -0.11075357347726822
    ],
    [
      0.1972428411245346,
      0.1940959244966507,
      -0.046568382531404495,
      0.21093885600566864,
      -0.21595923602581024,
      0.002891314448788762,
      -0.17188984155654907,
      -0.1541074961423874,
      -0.10544219613075256,
      -0.11084705591201782
    ],
    [
      0.19531895220279694,
      0.19448691606521606,
      -0.043594855815172195,
      0.2093767374753952,
      -0.21746306121349335,
      -0.0005169997457414865,
      -0.1725928783416748,
      -0.1509833186864853,
      -0.10820859670639038,
      -0.11410155147314072
    ]
  ]
}