{
  "tempos": [
    0.0,
    0.5,
    1.0,
    1.5,
    2.0,
    2.5,
    3.0,
    3.5,
    4.0,
    4.5,
    5.0
  ],
  "engajamentoneural": [
    70.7438700065867,
    76.72991934101397,
    83.53840332457601,
    87.30747929280254,
    87.74002920262487,
    85.65040755785593,
    81.97446874577308,
    77.82427117780222,
    74.16084426066477,
    71.52122422578441,
    70.14579123703217
  ],
  "cognitivedemand": [
    71.12136291709027,
    68.8873709254599,
    65.0057400470726,
    75.82957306467927,
    75.14516547340563,
    74.34718526603298,
    72.02666679052496,
    79.44478671140277,
    80.2966657762877,
    79.98900104094288,
    79.98439874712655
  ],
  "focus": [
    18.17022551479731,
    26.215987459644214,
    50.462158758391745,
    45.275965636690444,
    64.01140933136202,
    72.6071058716424,
    74.60825550281079,
    63.237831612229186,
    21.873152574039747,
    10.645120693631327,
    8.894259191757094
  ],
  "embeddings": [
    [
      0.1987108588218689,
      0.18809352815151215,
      -0.038485459983348846,
      0.21196496486663818,
      -0.21831537783145905,
      0.0026224341709166765,
      -0.16530804336071014,
      -0.16357269883155823,
      -0.09716586023569107,
      -0.11576882004737854
    ],
    [
      0.19695894420146942,
      0.18839818239212036,
      -0.0326639749109745,
      0.21213950216770172,
      -0.220733180642128,
      0.004093365278095007,
      -0.16157753765583038,
      -0.16788609325885773,
      -0.09164157509803772,
      -0.11976554989814758
    ],
    [
      0.1949775218963623,
      0.19426584243774414,
      -0.03933994099497795,
      0.21269333362579346,
      -0.21847671270370483,
      0.0017643856117501855,
      -0.1688718944787979,
      -0.1564125269651413,
      -0.10505684465169907,
      -0.1157652959227562
    ],
    [
      0.19388122856616974,
      0.1965341418981552,
      -0.041277140378952026,
      0.21300195157527924,
      -0.21777524054050446,
      0.0010699736885726452,
      -0.17097942531108856,
      -0.152583509683609,
      -0.10924854129552841,
      -0.1146933063864708
    ],
    [
      0.19440121948719025,
      0.19592171907424927,
      -0.04301686957478523,
      0.21300049126148224,
      -0.216958150267601,
      0.0007954719476401806,
      -0.17125363647937775,
      -0.15268023312091827,
      -0.10931727290153503,
      -0.11404428631067276
    ],
    [
      0.19422805309295654,
      0.1960904747247696,
      -0.041947800666093826,
      0.21274732053279877,
      -0.21754728257656097,
      0.0014073374914005399,
      -0.1708807498216629,
      -0.15327848494052887,
      -0.10834895819425583,
      -0.11438488960266113
    ],
    [
      0.1942490190267563,
      0.19744788110256195,
      -0.043925777077674866,
      0.21271932125091553,
      -0.21689854562282562,
      0.0019261949928477407,
      -0.17253760993480682,
      -0.15132416784763336,
      -0.11035719513893127,
      -0.11267361044883728
    ],
    [
      0.1947239488363266,
      0.19648367166519165,
      -0.042986348271369934,
      0.21265073120594025,
      -0.21724599599838257,
      0.002199614653363824,
      -0.17122448980808258,
      -0.15337519347667694,
      -0.10796397179365158,
      -0.11312422901391983
    ],
    [
      0.19463010132312775,
      0.1982136368751526,
      -0.04574672505259514,
      0.2128509134054184,
      -0.21629564464092255,
      0.0029004861135035753,
      -0.1732928603887558,
      -0.15084035694599152,
      -0.11053892225027084,
      -0.11103155463933945
    ],
    [
      0.19562458992004395,
      0.1948845237493515,
      -0.04069839045405388,
      0.2126256674528122,
      -0.21807484328746796,
      0.004349591210484505,
      -0.16852080821990967,
      -0.15795712172985077,
      -0.10198771953582764,
      -0.1139664575457573
    ],
    [
      0.19511248171329498,
      0.20024634897708893,
      -0.049811601638793945,
      0.2135971039533615,
      -0.21474821865558624,
      0.004256073851138353,
      -0.17594033479690552,
      -0.14783629775047302,
      -0.11381638050079346,
      -0.10786642879247665
    ],
    [
      0.19543755054473877,
      0.19902724027633667,
      -0.04909181967377663,
      0.213484525680542,
      -0.21487797796726227,
      0.004205352161079645,
      -0.17472873628139496,
      -0.1497206687927246,
      -0.11175961047410965,
      -0.10850518941879272
    ],
    [
      0.19540540874004364,
      0.19839972257614136,
      -0.04806339368224144,
      0.21314029395580292,
      -0.21528005599975586,
      0.0038668110501021147,
      -0.17407037317752838,
      -0.15044213831424713,
      -0.11088380217552185,
      -0.10933204740285873
    ],
    [
      0.1948378086090088,
      0.1984579712152481,
      -0.04743150994181633,
      0.2126552015542984,
      -0.21561996638774872,
      0.002844724804162979,
      -0.17432339489459991,
      -0.1495475023984909,
      -0.11167782545089722,
      -0.11020225286483765
    ],
    [
      0.19424158334732056,
      0.19768039882183075,
      -0.045981913805007935,
      0.2120395451784134,
      -0.21622665226459503,
      0.0010605838615447283,
      -0.17400436103343964,
      -0.1491924375295639,
      -0.11209636181592941,
      -0.1120460033416748
    ]
  ]
}