{
  "tempos": [
    0.0,
    0.5,
    1.0,
    1.5,
    2.0,
    2.5,
    3.0,
    3.5,
    4.0,
    4.5,
    5.0,
    5.5,
    6.0,
    6.5,
    7.0,
    7.5,
    8.0,
    8.5,
    9.0,
    9.5,
    10.0,
    10.5,
    11.0,
    11.5,
    12.0,
    12.5,
    13.0,
    13.5,
    14.0,
    14.5,
    15.0
  ],
  "engajamentoneural": [
    54.181416354661636,
    61.154591437601034,
    70.44818347978213,
    77.08202479101773,
    79.71905475531513,
    79.48326328532582,
    77.9660603330241,
    76.41013554225025,
    75.3713498331035,
    74.8905589062991,
    74.87484634691047,
    75.22199149892337,
    75.72684510341897,
    76.06223045474326,
    75.92981253738792,
    75.23815739927184,
    74.15597212239739,
    72.99127669214083,
    71.97555075218756,
    71.1340706863424,
    70.34130370200555,
    69.4578703287821,
    68.39042190038647,
    67.04729436004817,
    65.29136456451502,
    62.990554824654645,
    60.14807119143454,
    56.991964428146744,
    53.94282145257596,
    51.50341699308755,
    50.13823253916338
  ],
  "cognitivedemand": [
    40.59126071905793,
    42.750651879551135,
    52.04763246814035,
    51.10449564991327,
    78.12881969550581,
    82.84800834053206,
    62.59215403368114,
    67.51405604846651,
    64.40642722242998,
    65.51396841084328,
    69.29173398222169,
    94.9528687013416,
    95.01726417181209,
    94.83474607882385,
    76.34255712452038,
    84.57283295591473,
    45.7660265837906,
    60.82210843893383,
    62.793703719891695,
    63.93714543339617,
    62.744633202378786,
    64.26918748946703,
    65.9210807236176,
    70.31936152495228,
    69.43039184689005,
    52.90119442822863,
    45.670228253700245,
    46.442818863098964,
    37.85013776198595,
    51.11933856593093,
    56.354757682017684
  ],
  "focus": [
    38.72099515039545,
    48.349661147995526,
    85.42932561355043,
    95.32724009535355,
    93.83894252747892,
    55.77248859959687,
    15.266255870923356,
    9.031619167713904,
    47.840442011462905,
    8.638146748698025,
    20.294692859440982,
    16.833719967195492,
    28.12268204274101,
    34.5631873774794,
    54.721322258727724,
    77.62100659334921,
    77.46695050435659,
    42.822004575811164,
    19.247909078916564,
    28.958738718332935,
    17.46816405058823,
    21.25797138022276,
    20.523543195333012,
    9.279201590578726,
    9.355948135442976,
    9.768765423101327,
    28.01989458668271,
    93.59956674428788,
    86.65004210925984,
    34.54067892653321,
    27.778896153528546
  ],
  "embeddings": [
    [
      0.2055031657218933,
      0.19179154932498932,
      -0.05057597532868385,
      0.21511681377887726,
      -0.21245943009853363,
      0.016505202278494835,
      -0.16510933637619019,
      -0.17226320505142212,
      -0.087074875831604,
      -0.10073691606521606
    ],
    [
      0.20006386935710907,
      0.20086677372455597,
      -0.05660620331764221,
      0.2154187560081482,
      -0.21144957840442657,
      0.013834506273269653,
      -0.1753089427947998,
      -0.15460407733917236,
      -0.1060393825173378,
      -0.09867993742227554
    ],
    [
      0.19800715148448944,
      0.20248393714427948,
      -0.05751245841383934,
      0.2145923376083374,
      -0.21139104664325714,
      0.009837117977440357,
      -0.17838113009929657,
      -0.14808546006679535,
      -0.11317340284585953,
      -0.09992048889398575
    ],
    [
      0.1983024626970291,
      0.19463634490966797,
      -0.04887576028704643,
      0.21343708038330078,
      -0.2143445760011673,
      0.005445638205856085,
      -0.17071153223514557,
      -0.15686196088790894,
      -0.10394984483718872,
      -0.10863590985536575
    ],
    [
      0.19765715301036835,
      0.19064421951770782,
      -0.040460679680109024,
      0.21245507895946503,
      -0.21764571964740753,
      0.004585640504956245,
      -0.1651238203048706,
      -0.16345147788524628,
      -0.09592258930206299,
      -0.11509203165769577
    ],
    [
      0.194331094622612,
      0.19987446069717407,
      -0.05003410577774048,
      0.21220754086971283,
      -0.21480785310268402,
      0.001994685037061572,
      -0.1767568141222,
      -0.14600896835327148,
      -0.11561741679906845,
      -0.1088634729385376
    ],
    [
      0.19601322710514069,
      0.19376492500305176,
      -0.04412870109081268,
      0.21297399699687958,
      -0.21624009311199188,
      0.0019118697382509708,
      -0.16930115222930908,
      -0.1566764861345291,
      -0.10489737242460251,
      -0.11324109882116318
    ],
    [
      0.19593065977096558,
      0.19316606223583221,
      -0.042208123952150345,
      0.21291124820709229,
      -0.21700657904148102,
      0.0020877625793218613,
      -0.1681383103132248,
      -0.15811386704444885,
      -0.10319918394088745,
      -0.11435413360595703
    ],
    [
      0.19600971043109894,
      0.1943783015012741,
      -0.04365101829171181,
      0.2134532928466797,
      -0.21646277606487274,
      0.003180398838594556,
      -0.16897572576999664,
      -0.15734751522541046,
      -0.10422373563051224,
      -0.11271976679563522
    ],
    [
      0.19835977256298065,
      0.19088290631771088,
      -0.045205097645521164,
      0.2144124060869217,
      -0.2151120901107788,
      0.0023318915627896786,
      -0.16717296838760376,
      -0.16101786494255066,
      -0.10167306661605835,
      -0.11230527609586716
    ],
    [
      0.20057450234889984,
      0.18502868711948395,
      -0.03906013444066048,
      0.21413040161132812,
      -0.217176154255867,
      0.004430245142430067,
      -0.159449502825737,
      -0.17334532737731934,
      -0.08766543865203857,
      -0.11591596156358719
    ],
    [
      0.2017143964767456,
      0.18517516553401947,
      -0.03999229893088341,
      0.21440283954143524,
      -0.2168629914522171,
      0.007275356445461512,
      -0.15912668406963348,
      -0.17529354989528656,
      -0.08524316549301147,
      -0.11376605182886124
    ],
    [
      0.20229393243789673,
      0.18826156854629517,
      -0.046134624630212784,
      0.2148715853691101,
      -0.21458368003368378,
      0.009069898165762424,
      -0.16348326206207275,
      -0.17030920088291168,
      -0.09060310572385788,
      -0.10870467871427536
    ],
    [
      0.20179180800914764,
      0.18788860738277435,
      -0.03857996314764023,
      0.21422767639160156,
      -0.21780242025852203,
      0.012253857217729092,
      -0.15837328135967255,
      -0.17725689709186554,
      -0.08119820058345795,
      -0.11110705882310867
    ],
    [
      0.20114688575267792,
      0.19733387231826782,
      -0.05536054074764252,
      0.21600542962551117,
      -0.2117239087820053,
      0.01304739061743021,
      -0.17242549359798431,
      -0.15849389135837555,
      -0.10250101238489151,
      -0.10008123517036438
    ],
    [
      0.20088237524032593,
      0.195203498005867,
      -0.05591365694999695,
      0.21551524102687836,
      -0.21128420531749725,
      0.008930682204663754,
      -0.17248499393463135,
      -0.15758728981018066,
      -0.10452822595834732,
      -0.10209330171346664
    ],
    [
      0.19993571937084198,
      0.19024550914764404,
      -0.04358716309070587,
      0.2138223797082901,
      -0.21619899570941925,
      0.007968505844473839,
      -0.1644209325313568,
      -0.1672648787498474,
      -0.09271135181188583,
      -0.11066582053899765
    ],
    [
      0.19820527732372284,
      0.1932343989610672,
      -0.042795080691576004,
      0.213142529129982,
      -0.21706373989582062,
      0.007997522130608559,
      -0.16654890775680542,
      -0.16326940059661865,
      -0.09633738547563553,
      -0.11077800393104553
    ],
    [
      0.19721995294094086,
      0.19589091837406158,
      -0.04682141914963722,
      0.21312391757965088,
      -0.21568840742111206,
      0.005999598652124405,
      -0.1710076928138733,
      -0.15613509714603424,
      -0.10440295189619064,
