{
  "tempos": [
    0.0,
    0.5,
    1.0,
    1.5,
    2.0,
    2.5,
    3.0,
    3.5,
    4.0,
    4.5,
    5.0
  ],
  "engajamentoneural": [
    77.75224909228243,
    82.25439909236643,
    87.2153914353128,
    89.81251414863671,
    89.8199916019909,
    87.71303491587965,
    84.03638043402516,
    79.5683158645159,
    75.21073405251131,
    71.76722363228386,
    69.86154199549173
  ],
  "cognitivedemand": [
    55.30460211398145,
    54.6517578746612,
    54.81756926033443,
    57.1516231390035,
    69.58671138384324,
    71.71716510492435,
    71.65902913746429,
    54.46108346590676,
    41.2657121559389,
    46.53367948799463,
    46.411401469894734
  ],
  "focus": [
    30.847491400972118,
    20.483595370732097,
    19.84099848921126,
    16.576352190483966,
    25.057643838958043,
    24.026794469229785,
    12.72923108472201,
    12.830286048300009,
    18.325407590880403,
    28.078791742039716,
    20.88053232787193
  ],
  "embeddings": [
    [
      0.19495177268981934,
      0.19195230305194855,
      -0.04254893958568573,
      0.21191294491291046,
      -0.21684230864048004,
      -0.00453682616353035,
      -0.17053155601024628,
      -0.15236450731754303,
      -0.1105770692229271,
      -0.11658302694559097
    ],
    [
      0.19468587636947632,
      0.18716712296009064,
      -0.034241240471601486,
      0.2116691619157791,
      -0.21970967948436737,
      -0.00475130183622241,
      -0.16339051723480225,
      -0.16178201138973236,
      -0.10007945448160172,
      -0.12338683009147644
    ],
    [
      0.19519977271556854,
      0.1863800287246704,
      -0.03169689327478409,
      0.21186621487140656,
      -0.22080157697200775,
      -0.0030455843079835176,
      -0.1612192988395691,
      -0.1655934900045395,
      -0.09562867134809494,
      -0.12389016896486282
    ],
    [
      0.1942935734987259,
      0.19026266038417816,
      -0.035369884222745895,
      0.21158795058727264,
      -0.21981032192707062,
      -0.0027930636424571276,
      -0.16565842926502228,
      -0.15939760208129883,
      -0.10197112709283829,
      -0.12083975225687027
    ],
    [
      0.19386886060237885,
      0.1917407065629959,
      -0.0374910868704319,
      0.2116308957338333,
      -0.21903292834758759,
      -0.0029922642279416323,
      -0.1675148457288742,
      -0.1567719727754593,
      -0.10499187558889389,
      -0.11956169456243515
    ],
    [
      0.19364769756793976,
      0.19139347970485687,
      -0.036256466060876846,
      0.21144835650920868,
      -0.21956145763397217,
      -0.003120745299383998,
      -0.16679739952087402,
      -0.15746134519577026,
      -0.10401178151369095,
      -0.12052217870950699
    ],
    [
      0.19308637082576752,
      0.1924007683992386,
      -0.03682662919163704,
      0.21128618717193604,
      -0.21946527063846588,
      -0.0034797564148902893,
      -0.16796451807022095,
      -0.15540897846221924,
      -0.10612276941537857,
      -0.120332270860672
    ],
    [
      0.1933795064687729,
      0.19283057749271393,
      -0.03851130232214928,
      0.2114681750535965,
      -0.2187856286764145,
      -0.0031804183963686228,
      -0.16884516179561615,
      -0.15453551709651947,
      -0.10718157887458801,
      -0.11914530396461487
    ],
    [
      0.19377990067005157,
      0.1934855729341507,
      -0.040407124906778336,
      0.2118358016014099,
      -0.21799616515636444,
      -0.0023257683496922255,
      -0.16970586776733398,
      -0.15393972396850586,
      -0.10795193910598755,
      -0.11749934405088425
    ],
    [
      0.1934349536895752,
      0.1932101994752884,
      -0.038938257843256,
      0.2116432934999466,
      -0.21859188377857208,
      -0.0025833353865891695,
      -0.16901250183582306,
      -0.15452279150485992,
      -0.10718369483947754,
      -0.11860474199056625
    ],
    [
      0.19359517097473145,
      0.19508127868175507,
      -0.04163029044866562,
      0.21192270517349243,
      -0.2176082730293274,
      -0.001230571768246591,
      -0.1708884835243225,
      -0.15259574353694916,
      -0.10913475602865219,
      -0.115980364382267
    ],
    [
      0.1920037716627121,
      0.1935366839170456,
      -0.037252407521009445,
      0.2101685255765915,
      -0.2196171134710312,
      -0.005449575837701559,
      -0.16989879310131073,
      -0.15176568925380707,
      -0.10957727581262589,
      -0.12070102244615555
    ],
    [
      0.19145888090133667,
      0.19271166622638702,
      -0.03459514304995537,
      0.2094251662492752,
      -0.22082184255123138,
      -0.006608476862311363,
      -0.16888992488384247,
      -0.15239734947681427,
      -0.10849174112081528,
      -0.12284775823354721
    ],
    [
      0.19113577902317047,
      0.19241273403167725,
      -0.03364764526486397,
      0.20930588245391846,
      -0.22123683989048004,
      -0.00715738907456398,
      -0.16846217215061188,
      -0.152556374669075,
      -0.1082855835556984,
      -0.12384873628616333
    ],
    [
      0.19026345014572144,
      0.19284266233444214,
      -0.03213038668036461,
      0.20815418660640717,
      -0.222138449549675,
      -0.008739054203033447,
      -0.16909168660640717,
      -0.1507095843553543,
      -0.10961554199457169,
      -0.12521034479141235
    ]
  ]
}