{
  "tempos": [
    0.0,
    0.5,
    1.0,
    1.5,
    2.0,
    2.5,
    3.0,
    3.5,
    4.0,
    4.5,
    5.0
  ],
  "engajamentoneural": [
    59.93797681376335,
    65.12957967843114,
    71.86333566203487,
    76.55792312501227,
    78.24627491775387,
    77.63262960255759,
    75.71898606681152,
    73.27162254361161,
    70.78724204615062,
    68.69484943500251,
    67.4693141406723
  ],
  "cognitivedemand": [
    40.30725774888111,
    51.87274590999245,
    53.05411930601861,
    58.42510449765646,
    67.31829936947817,
    75.74880229669432,
    78.97550626963712,
    82.42454131971152,
    33.74256815592989,
    53.582302643666125,
    56.750644938003624
  ],
  "focus": [
    13.14840097554687,
    19.99517904419176,
    10.841642172645969,
    8.229871245264437,
    8.209616952337154,
    8.483508783126155,
    8.580529160542607,
    8.363642957793132,
    9.036426511166095,
    10.053167084947013,
    15.043560167099049
  ],
  "embeddings": [
    [
      0.1970205157995224,
      0.19288165867328644,
      -0.04443630576133728,
      0.21096019446849823,
      -0.21625421941280365,
      0.0013681730488315225,
      -0.17030376195907593,
      -0.1554289162158966,
      -0.10483444482088089,
      -0.1123364195227623
    ],
    [
      0.19839292764663696,
      0.19067762792110443,
      -0.045905694365501404,
      0.21198521554470062,
      -0.21532833576202393,
      0.0021279852371662855,
      -0.1685396283864975,
      -0.15920980274677277,
      -0.10149847716093063,
      -0.11193176358938217
    ],
    [
      0.1979537159204483,
      0.1885410100221634,
      -0.041755374521017075,
      0.21174074709415436,
      -0.2169940024614334,
      0.0008052303455770016,
      -0.16595934331417084,
      -0.16204513609409332,
      -0.09849601238965988,
      -0.11549761891365051
    ],
    [
      0.19751626253128052,
      0.1878148317337036,
      -0.04001671448349953,
      0.21150819957256317,
      -0.21776646375656128,
      -0.0004156056384090334,
      -0.16527150571346283,
      -0.1624407321214676,
      -0.0981074646115303,
      -0.11717846244573593
    ],
    [
      0.19732876121997833,
      0.18786068260669708,
      -0.039423082023859024,
      0.21141135692596436,
      -0.2180698662996292,
      -0.0005346385296434164,
      -0.16513338685035706,
      -0.16247624158859253,
      -0.09798058122396469,
      -0.117560476064682
    ],
    [
      0.19723741710186005,
      0.1888381987810135,
      -0.04065586254000664,
      0.21182532608509064,
      -0.21756549179553986,
      -0.00011326713865855709,
      -0.16605980694293976,
      -0.1613440364599228,
      -0.09938687086105347,
      -0.11654574424028397
    ],
    [
      0.19706304371356964,
      0.18951702117919922,
      -0.04146384075284004,
      0.2119058221578598,
      -0.21728265285491943,
      -0.00014310190454125404,
      -0.1668604165315628,
      -0.1601540595293045,
      -0.10067811608314514,
      -0.11600504070520401
    ],
    [
      0.19721846282482147,
      0.18950039148330688,
      -0.04208723083138466,
      0.21208177506923676,
      -0.2170066237449646,
      -0.0001964420807780698,
      -0.16708771884441376,
      -0.15996907651424408,
      -0.10104385763406754,
      -0.11566276103258133
    ],
    [
      0.19730736315250397,
      0.18897263705730438,
      -0.041485320776700974,
      0.21195973455905914,
      -0.21722060441970825,
      -0.00045078760012984276,
      -0.16660034656524658,
      -0.16063357889652252,
      -0.10032578557729721,
      -0.11613764613866806
    ],
    [
      0.19714407622814178,
      0.18832796812057495,
      -0.04031936451792717,
      0.21180783212184906,
      -0.21765422821044922,
      -0.000996683374978602,
      -0.16585393249988556,
      -0.16135545074939728,
      -0.0995972752571106,
      -0.11717421561479568
    ],
    [
      0.19658704102039337,
      0.187718465924263,
      -0.03837605193257332,
      0.21153712272644043,
      -0.21845246851444244,
      -0.0019421791657805443,
      -0.16496212780475616,
      -0.16187049448490143,
      -0.0990447923541069,
      -0.11893275380134583
    ],
    [
      0.19644081592559814,
      0.18814921379089355,
      -0.038634687662124634,
      0.21136395633220673,
      -0.21844758093357086,
      -0.0021714833565056324,
      -0.16557852923870087,
      -0.1609286665916443,
      -0.09991701692342758,
      -0.11870595812797546
    ],
    [
      0.19509346783161163,
      0.18928535282611847,
      -0.03574158251285553,
      0.2101367861032486,
      -0.21997284889221191,
      -0.0023813641164451838,
      -0.16561654210090637,
      -0.15983964502811432,
      -0.09992290288209915,
      -0.12019383162260056
    ],
    [
      0.19392599165439606,
      0.190735325217247,
      -0.03661547601222992,
      0.2100476771593094,
      -0.21981287002563477,
      -0.00406636530533433,
      -0.16760027408599854,
      -0.15600501000881195,
      -0.10428401082754135,
      -0.1205957904458046
    ],
    [
      0.19264031946659088,
      0.19069792330265045,
      -0.03424052894115448,
      0.20920491218566895,
      -0.22088973224163055,
      -0.006120560225099325,
      -0.16747267544269562,
      -0.15472906827926636,
      -0.10538148880004883,
      -0.12307164072990417
    ]
  ]
}