{
  "tempos": [
    0.0,
    0.5,
    1.0,
    1.5,
    2.0,
    2.5,
    3.0,
    3.5,
    4.0,
    4.5,
    5.0
  ],
  "engajamentoneural": [
    64.94303049347361,
    69.93040794978204,
    76.15519737537156,
    80.21371138095293,
    81.37983634186143,
    80.45222309281326,
    78.51217898227445,
    76.40472775695335,
    74.56377877518122,
    73.17226150900412,
    72.39828834612351
  ],
  "cognitivedemand": [
    80.11972678545837,
    79.07446316672899,
    81.74115575091771,
    86.10312191584416,
    85.32670330483505,
    40.62470043365364,
    51.268191000616326,
    64.07547641646963,
    64.56348543422305,
    65.76171829593873,
    66.30914907297496
  ],
  "focus": [
    15.055620180111532,
    17.921665702224477,
    11.897170031160583,
    13.102214903968795,
    14.594373211933469,
    20.670495842341097,
    50.04207954742778,
    15.286349836436768,
    13.309795049653687,
    20.545137312222,
    33.67419485429734
  ],
  "embeddings": [
    [
      0.2025049924850464,
      0.19012458622455597,
      -0.055121030658483505,
      0.21356481313705444,
      -0.21168601512908936,
      0.004940388258546591,
      -0.1710832118988037,
      -0.15907396376132965,
      -0.10248098522424698,
      -0.10474783182144165
    ],
    [
      0.2027370184659958,
      0.18408513069152832,
      -0.04548219218850136,
      0.2129816859960556,
      -0.2147812396287918,
      0.004484741482883692,
      -0.16274933516979218,
      -0.17002733051776886,
      -0.09041446447372437,
      -0.1120351180434227
    ],
    [
      0.20278124511241913,
      0.18318206071853638,
      -0.04301203787326813,
      0.21359115839004517,
      -0.2157370001077652,
      0.005051730666309595,
      -0.160857692360878,
      -0.17279058694839478,
      -0.08775027841329575,
      -0.11325094103813171
    ],
    [
      0.20202821493148804,
      0.18542975187301636,
      -0.044871579855680466,
      0.2137959748506546,
      -0.21521486341953278,
      0.004898721817880869,
      -0.16318060457706451,
      -0.16937196254730225,
      -0.09163633733987808,
      -0.1116996631026268
    ],
    [
      0.20116619765758514,
      0.18715941905975342,
      -0.045781850814819336,
      0.2135632038116455,
      -0.2150406390428543,
      0.004286511335521936,
      -0.16505210101604462,
      -0.1662297397851944,
      -0.09488051384687424,
      -0.11117061227560043
    ],
    [
      0.20091384649276733,
      0.1875680685043335,
      -0.04598177969455719,
      0.21346443891525269,
      -0.21502679586410522,
      0.004090033937245607,
      -0.16552715003490448,
      -0.1654200702905655,
      -0.09565695375204086,
      -0.11114142090082169
    ],
    [
      0.20170681178569794,
      0.18740679323673248,
      -0.04710232838988304,
      0.21388126909732819,
      -0.21446192264556885,
      0.005221163388341665,
      -0.16533243656158447,
      -0.16657491028308868,
      -0.09456811100244522,
      -0.10993056744337082
    ],
    [
      0.20437325537204742,
      0.1852186918258667,
      -0.04842507466673851,
      0.21511787176132202,
      -0.2134457379579544,
      0.008513282053172588,
      -0.16271351277828217,
      -0.17282815277576447,
      -0.08835971355438232,
      -0.10787685960531235
    ],
    [
      0.20598162710666656,
      0.18330597877502441,
      -0.047154318541288376,
      0.2151823490858078,
      -0.21384936571121216,
      0.010699632577598095,
      -0.1602351814508438,
      -0.1775350719690323,
      -0.08280719071626663,
      -0.10776248574256897
    ],
    [
      0.20614732801914215,
      0.18441139161586761,
      -0.04892167076468468,
      0.21491551399230957,
      -0.21337349712848663,
      0.011690865270793438,
      -0.1617347151041031,
      -0.17590756714344025,
      -0.08430158346891403,
      -0.10590895265340805
    ],
    [
      0.2055220603942871,
      0.18631672859191895,
      -0.04933895170688629,
      0.21459174156188965,
      -0.21347109973430634,
      0.012397452257573605,
      -0.1631370186805725,
      -0.17373991012573242,
      -0.08607795834541321,
      -0.10489862412214279
    ],
    [
      0.20409764349460602,
      0.19013912975788116,
      -0.05309559404850006,
      0.21441441774368286,
      -0.21234601736068726,
      0.011714291758835316,
      -0.16774393618106842,
      -0.1664978712797165,
      -0.09363860636949539,
      -0.10260764509439468
    ],
    [
      0.20374123752117157,
      0.1907385140657425,
      -0.05438430979847908,
      0.21400775015354156,
      -0.21194680035114288,
      0.0106083108112216,
      -0.1692703813314438,
      -0.16402803361415863,
      -0.09624096006155014,
      -0.10230088233947754
    ],
    [
      0.20346616208553314,
      0.19022639095783234,
      -0.053283944725990295,
      0.21347804367542267,
      -0.21245020627975464,
      0.009674892760813236,
      -0.16886764764785767,
      -0.16408270597457886,
      -0.0959903821349144,
      -0.1034771129488945
    ]
  ]
}