{
  "tempos": [
    0.0,
    0.5,
    1.0,
    1.5,
    2.0,
    2.5,
    3.0,
    3.5,
    4.0,
    4.5,
    5.0
  ],
  "engajamentoneural": [
    61.27674573716316,
    66.95882094351674,
    74.16497402730508,
    78.93434262205432,
    80.32586681762126,
    79.21368744145717,
    76.92253078195515,
    74.64371101975536,
    73.01039119392642,
    72.07483372338511,
    71.6645653315617
  ],
  "cognitivedemand": [
    31.10689649875129,
    48.7425281573716,
    52.141908394450255,
    55.235368554551506,
    54.98048557644377,
    60.79867373998164,
    29.46924283868808,
    42.435366803488755,
    56.92345220541425,
    57.85282903025798,
    57.114751698197445
  ],
  "focus": [
    13.477251053517438,
    19.074822165921322,
    25.76029866918629,
    23.131468998482095,
    29.253301599531547,
    14.12704784606957,
    10.237699656674746,
    21.156052936469834,
    20.976383774124162,
    11.130002637495068,
    9.116163960634411
  ],
  "embeddings": [
    [
      0.19769997894763947,
      0.195203498005867,
      -0.05210605636239052,
      0.21045881509780884,
      -0.21405738592147827,
      0.0008682525367476046,
      -0.17653214931488037,
      -0.1478031724691391,
      -0.1125645563006401,
      -0.10817864537239075
    ],
    [
      0.19858014583587646,
      0.19138318300247192,
      -0.047400105744600296,
      0.21048398315906525,
      -0.2149951010942459,
      0.0016895259032025933,
      -0.1706446409225464,
      -0.15666000545024872,
      -0.10307774692773819,
      -0.11113206297159195
    ],
    [
      0.1984681487083435,
      0.18910233676433563,
      -0.041946981102228165,
      0.21041996777057648,
      -0.21721726655960083,
      0.0028791651129722595,
      -0.16660021245479584,
      -0.16193780303001404,
      -0.09700337797403336,
      -0.11427059024572372
    ],
    [
      0.19761206209659576,
      0.1905740350484848,
      -0.042760640382766724,
      0.21045087277889252,
      -0.217171311378479,
      0.0011922601843252778,
      -0.16870363056659698,
      -0.15827226638793945,
      -0.101209856569767,
      -0.11412803083658218
    ],
    [
      0.1970893293619156,
      0.19134438037872314,
      -0.04356604814529419,
      0.210527703166008,
      -0.21689146757125854,
      0.000392149348044768,
      -0.16972391307353973,
      -0.15649092197418213,
      -0.10325684398412704,
      -0.11395737528800964
    ],
    [
      0.19687873125076294,
      0.19113753736019135,
      -0.04304300621151924,
      0.21039122343063354,
      -0.21710963547229767,
      -5.907689342166123e-07,
      -0.16949933767318726,
      -0.15658433735370636,
      -0.10310328751802444,
      -0.11450260877609253
    ],
    [
      0.196420356631279,
      0.19092445075511932,
      -0.04161594435572624,
      0.21012796461582184,
      -0.21772636473178864,
      -0.00045405980199575424,
      -0.1689075231552124,
      -0.15689383447170258,
      -0.10264495015144348,
      -0.11559178680181503
    ],
    [
      0.19646257162094116,
      0.19157510995864868,
      -0.04241102561354637,
      0.2103414684534073,
      -0.21742504835128784,
      5.8045145124197006e-05,
      -0.16949433088302612,
      -0.15623249113559723,
      -0.10331406444311142,
      -0.11479335278272629
    ],
    [
      0.19671277701854706,
      0.19374538958072662,
      -0.046097349375486374,
      0.2107420712709427,
      -0.21599261462688446,
      0.0018048039637506008,
      -0.1719490885734558,
      -0.15387295186519623,
      -0.1059202179312706,
      -0.11183326691389084
    ],
    [
      0.19636736810207367,
      0.19321765005588531,
      -0.04421127215027809,
      0.20988208055496216,
      -0.21690474450588226,
      0.0010131149319931865,
      -0.17125345766544342,
      -0.15413831174373627,
      -0.10506877303123474,
      -0.1131826639175415
    ],
    [
      0.19574229419231415,
      0.19352757930755615,
      -0.04302246496081352,
      0.20970548689365387,
      -0.21755807101726532,
      0.000413005705922842,
      -0.17122377455234528,
      -0.15349306166172028,
      -0.10551634430885315,
      -0.11414843797683716
    ],
    [
      0.19583487510681152,
      0.19290389120578766,
      -0.04349661245942116,
      0.2101770043373108,
      -0.2172093540430069,
      -0.0004102192760910839,
      -0.1709715723991394,
      -0.1537499576807022,
      -0.10592461377382278,
      -0.11436907202005386
    ],
    [
      0.19495780766010284,
      0.1922195702791214,
      -0.04118453711271286,
      0.20995832979679108,
      -0.2181301712989807,
      -0.0020762220956385136,
      -0.17004071176052094,
      -0.15395565330982208,
      -0.10594218969345093,
      -0.11672640591859818
    ],
    [
      0.19451838731765747,
      0.19135423004627228,
      -0.03930376470088959,
      0.20950989425182343,
      -0.21894769370555878,
      -0.0034936219453811646,
      -0.16924051940441132,
      -0.1543676108121872,
      -0.10542604327201843,
      -0.11857841163873672
    ],
    [
      0.19350582361221313,
      0.1909838765859604,
      -0.03640362247824669,
      0.2086220532655716,
      -0.22014778852462769,
      -0.005337161477655172,
      -0.16861478984355927,
      -0.15398675203323364,
      -0.10550493746995926,
      -0.12106979638338089
    ]
  ]
}