{
  "tempos": [
    0.0,
    0.5,
    1.0,
    1.5,
    2.0,
    2.5,
    3.0,
    3.5,
    4.0,
    4.5,
    5.0,
    5.5,
    6.0,
    6.5,
    7.0,
    7.5,
    8.0,
    8.5,
    9.0,
    9.5,
    10.0,
    10.5,
    11.0,
    11.5,
    12.0,
    12.5,
    13.0,
    13.5,
    14.0,
    14.5,
    15.0
  ],
  "engajamentoneural": [
    48.30375370688573,
    53.86054269893016,
    62.040305866695334,
    69.14257055623996,
    73.40865443012831,
    75.09910776491677,
    75.17316184616692,
    74.52546766207155,
    73.74459259341928,
    73.09093098054191,
    72.62215017299025,
    72.35784891327093,
    72.3424001607045,
    72.57327881845896,
    72.90448178342794,
    73.06728068983996,
    72.83209003301,
    72.17974220089172,
    71.33133913284203,
    70.60353312682133,
    70.20342951324776,
    70.12449529438523,
    70.20304936530302,
    70.26766956391623,
    70.2666726532102,
    70.27971590865954,
    70.39917693127556,
    70.59578581114019,
    70.7317017060293,
    70.72394956618653,
    70.652533074433
  ],
  "cognitivedemand": [
    30.360410139077537,
    45.66306021281995,
    37.443369415749004,
    40.12931922443716,
    57.71019415388929,
    51.016608352308886,
    45.47155511933274,
    58.29622108624142,
    64.24549056266527,
    74.25310643843888,
    81.58649064765346,
    53.89002726389608,
    82.54727165220491,
    73.62611554657943,
    74.27262893434546,
    77.19061583710825,
    60.91695107669412,
    43.866539159937645,
    47.548866016068324,
    52.40275736230678,
    58.00655159765151,
    62.43201475198915,
    68.16149448397314,
    72.48106813983799,
    68.79275650032267,
    33.16345469173058,
    56.996806773352944,
    64.62779091444983,
    64.31203371879555,
    62.27947828170256,
    62.30516650111899
  ],
  "focus": [
    12.20916115097905,
    19.337869295498407,
    42.14189850874318,
    35.237841496410496,
    45.953718431236375,
    54.44736145105105,
    28.418363153574216,
    28.331695608046143,
    28.796495254594113,
    14.961596187943984,
    14.394769234304276,
    13.835525143924677,
    15.51202151840592,
    23.779328372713394,
    11.587929823371775,
    12.16732779336983,
    11.665270658280932,
    12.038872781779585,
    12.721596383948654,
    14.482046660804594,
    10.772502524378327,
    9.56460632012929,
    10.326336110772058,
    12.653981229828862,
    11.494879180765645,
    9.386639841396203,
    9.345994052024034,
    13.475780989721432,
    14.938632183905883,
    11.249247266097713,
    10.75765806257571
  ],
  "embeddings": [
    [
      0.1978905200958252,
      0.19333988428115845,
      -0.05007798969745636,
      0.2097930908203125,
      -0.214360311627388,
      -0.0014340166235342622,
      -0.17470693588256836,
      -0.14977975189685822,
      -0.110706627368927,
      -0.11024843901395798
    ],
    [
      0.20012861490249634,
      0.18738146126270294,
      -0.043291229754686356,
      0.21128146350383759,
      -0.2163047343492508,
      0.004149149172008038,
      -0.1650121659040451,
      -0.16591326892375946,
      -0.09314846992492676,
      -0.11325844377279282
    ],
    [
      0.20062047243118286,
      0.18983668088912964,
      -0.045819301158189774,
      0.21257154643535614,
      -0.2154398411512375,
      0.007938321679830551,
      -0.16623306274414062,
      -0.1654830127954483,
      -0.09379112720489502,
      -0.10941094160079956
    ],
    [
      0.19917412102222443,
      0.19337499141693115,
      -0.049135033041238785,
      0.21221823990345,
      -0.2144659012556076,
      0.00657441234216094,
      -0.17105267941951752,
      -0.15764190256595612,
      -0.10213971138000488,
      -0.10777601599693298
    ],
    [
      0.1983863264322281,
      0.19568003714084625,
      -0.05105090141296387,
      0.2129853516817093,
      -0.21374325454235077,
      0.006588196847587824,
      -0.17289666831493378,
      -0.15478603541851044,
      -0.10590118169784546,
      -0.10631150007247925
    ],
    [
      0.1983141303062439,
      0.19337622821331024,
      -0.05096541345119476,
      0.21337401866912842,
      -0.21337313950061798,
      0.003031359286978841,
      -0.17208081483840942,
      -0.1548829972743988,
      -0.10724112391471863,
      -0.10856612771749496
    ],
    [
      0.19835145771503448,
      0.18900825083255768,
      -0.045015692710876465,
      0.2130369395017624,
      -0.2154008150100708,
      0.0012703717220574617,
      -0.16710670292377472,
      -0.1610269695520401,
      -0.10087084770202637,
      -0.11377555876970291
    ],
    [
      0.19694025814533234,
      0.18688534200191498,
      -0.039510577917099,
      0.21247220039367676,
      -0.2175367921590805,
      -0.0014831939479336143,
      -0.16433756053447723,
      -0.16304774582386017,
      -0.09898897260427475,
      -0.1188252791762352
    ],
    [
      0.19613368809223175,
      0.18601246178150177,
      -0.03483812138438225,
      0.21205466985702515,
      -0.2194770723581314,
      -0.0017461077077314258,
      -0.16193173825740814,
      -0.16587717831134796,
      -0.09554063528776169,
      -0.12162379175424576
    ],
    [
      0.19444769620895386,
      0.18821823596954346,
      -0.03567494451999664,
      0.21172602474689484,
      -0.21939843893051147,
      -0.00419530039653182,
      -0.1646566390991211,
      -0.16063709557056427,
      -0.10151105374097824,
      -0.12196740508079529
    ],
    [
      0.19448989629745483,
      0.18781006336212158,
      -0.03591457009315491,
      0.21228356659412384,
      -0.21904818713665009,
      -0.004449758213013411,
      -0.16411040723323822,
      -0.16127724945545197,
      -0.10131943970918655,
      -0.12219520658254623
    ],
    [
      0.19469009339809418,
      0.18592338263988495,
      -0.03415311872959137,
      0.21235708892345428,
      -0.21952325105667114,
      -0.005086881574243307,
      -0.16209782660007477,
      -0.1638101190328598,
      -0.09899836778640747,
      -0.12393927574157715
    ],
    [
      0.19653122127056122,
      0.18494351208209991,
      -0.034518372267484665,
      0.21284258365631104,
      -0.21923263370990753,
      -0.0020205783657729626,
      -0.16041181981563568,
      -0.16814200580120087,
      -0.09409010410308838,
      -0.12204098701477051
    ],
    [
      0.19655494391918182,
      0.18558192253112793,
      -0.03662726655602455,
      0.2130153328180313,
      -0.21838800609111786,
      -0.003819231642410159,
      -0.16235706210136414,
      -0.1653665155172348,
      -0.09770279377698898,
      -0.1213427409529686
    ],
    [
      0.19661088287830353,
      0.18381629884243011,
      -0.031897205859422684,
      0.2126615196466446,
      -0.2202223688364029,
      -0.0019102218793705106,
      -0.15851812064647675,
      -0.17071521282196045,
      -0.09114643186330795,
      -0.12364185601472855
    ],
    [
      0.19872087240219116,
      0.18504101037979126,
      -0.04045168682932854,
      0.2137049436569214,
      -0.2168533354997635,
      -0.0024203790817409754,
      -0.16301430761814117,
      -0.16610626876354218,
      -0.09715723246335983,
      -0.11803849786520004
    ],
    [
      0.19764268398284912,
      0.18170160055160522,
      -0.031142473220825195,
      0.21225029230117798,
      -0.2205403596162796,
      -0.0023615483660250902,
      -0.15711958706378937,
      -0.17323489487171173,
      -0.0883101224899292,
      -0.12427458167076111
    ],
    [
      0.1965392827987671,
      0.18595236539840698,
      -0.03380179405212402,
      0.2122483253479004,
      -0.21995460987091064,
      -0.0010098551865667105,
      -0.16087882220745087,
      -0.16768181324005127,
      -0.09382490068674088,
      -0.12143152207136154
    ],
    [
      0.19606661796569824,
      0.1881963014602661,
      -0.037590477615594864,
      0.21233630180358887,
      -0.21864353120326996,
      -0.0019179166993126273,
      -0.16445522010326385,
      -0.16222481429576874,
