{
  "tempos": [
    0.0,
    0.5,
    1.0,
    1.5,
    2.0,
    2.5,
    3.0,
    3.5,
    4.0,
    4.5,
    5.0,
    5.5,
    6.0,
    6.5,
    7.0,
    7.5,
    8.0,
    8.5,
    9.0,
    9.5,
    10.0,
    10.5,
    11.0,
    11.5,
    12.0,
    12.5,
    13.0,
    13.5,
    14.0,
    14.5,
    15.0
  ],
  "engajamentoneural": [
    31.15249024819234,
    35.14251654024621,
    40.91840791082199,
    44.96563229148935,
    45.233268927390554,
    42.799026124001685,
    40.59923691731545,
    40.872862382652706,
    43.84013659753035,
    48.15553689963028,
    52.20953457807703,
    55.20437923340285,
    57.20356610000758,
    58.56238219948848,
    59.55269785943177,
    60.38462696563482,
    61.30627808141056,
    62.48064917486457,
    63.74498197580946,
    64.60602690327401,
    64.5638146871082,
    63.4663639806765,
    61.61350475597636,
    59.57907863513893,
    57.889259329469134,
    56.767278236657916,
    56.08711550973723,
    55.526241383755156,
    54.82484626453814,
    54.016682987815344,
    53.440340491478636
  ],
  "cognitivedemand": [
    49.91191170472018,
    51.14317500789432,
    48.033920769358666,
    40.21176746312063,
    45.29037939697728,
    37.21710423087427,
    39.02234771628258,
    46.06606335189489,
    47.32311071216837,
    48.91165038488536,
    49.53077159303227,
    47.43181323747651,
    46.76487936990032,
    48.293925579645155,
    48.050457215010496,
    46.99965300963928,
    47.303232657509874,
    47.76652179251738,
    51.165770678099,
    51.837994028541736,
    53.019009516011046,
    49.588353364965,
    45.8129528720825,
    46.912093043447605,
    46.960367267157096,
    47.015817293382355,
    47.122585884311356,
    46.90803549946742,
    47.185951191109694,
    47.352480660937935,
    47.90446730172331
  ],
  "focus": [
    8.1661503841764,
    10.625896022842207,
    17.463234051199386,
    13.179410665982193,
    31.63677803816646,
    51.65017619421014,
    46.9471135983974,
    31.661822808490076,
    18.56318066666919,
    14.17765774616656,
    14.52727961881687,
    17.348671599640866,
    23.04283698693733,
    24.921410748285712,
    13.132631446345425,
    17.758766818922354,
    25.494164274943035,
    25.672188152486264,
    17.207499271347537,
    21.12100077572244,
    20.864319622378833,
    28.67660011059613,
    21.102236539344812,
    29.01616674438407,
    22.305033650924308,
    18.47163786393766,
    15.379453931526976,
    15.29537581877597,
    13.564732001751466,
    15.963339811474809,
    16.526868620196705
  ],
  "embeddings": [
    [
      0.19876021146774292,
      0.19079457223415375,
      -0.041582707315683365,
      0.21197976171970367,
      -0.21750356256961823,
      0.00640895077958703,
      -0.1657179743051529,
      -0.16397075355052948,
      -0.09505561739206314,
      -0.11284315586090088
    ],
    [
      0.1954054981470108,
      0.19866688549518585,
      -0.04655126854777336,
      0.21163074672222137,
      -0.2164953202009201,
      0.005589597392827272,
      -0.17374996840953827,
      -0.15152670443058014,
      -0.1086110845208168,
      -0.10920408368110657
    ],
    [
      0.1925356388092041,
      0.2051905393600464,
      -0.05179436504840851,
      0.21148715913295746,
      -0.21499694883823395,
      0.004961219150573015,
      -0.1808594912290573,
      -0.14065097272396088,
      -0.12010418623685837,
      -0.10601421445608139
    ],
    [
      0.19322581589221954,
      0.2072216421365738,
      -0.06077900528907776,
      0.21291907131671906,
      -0.21092110872268677,
      0.0033044330775737762,
      -0.18599361181259155,
      -0.1336141675710678,
      -0.1292111873626709,
      -0.10129346698522568
    ],
    [
      0.1950126737356186,
      0.20266734063625336,
      -0.05624227598309517,
      0.21297888457775116,
      -0.21214979887008667,
      0.004952332004904747,
      -0.18029670417308807,
      -0.14255084097385406,
      -0.11907025426626205,
      -0.10376426577568054
    ],
    [
      0.196691632270813,
      0.1988201141357422,
      -0.04753740504384041,
      0.21305279433727264,
      -0.2155323624610901,
      0.009483219124376774,
      -0.17216317355632782,
      -0.15556013584136963,
      -0.10370910912752151,
      -0.10687318444252014
    ],
    [
      0.19594550132751465,
      0.2030612826347351,
      -0.05419538542628288,
      0.21342706680297852,
      -0.21320633590221405,
      0.009234112687408924,
      -0.1782560795545578,
      -0.1470165252685547,
      -0.11343877762556076,
      -0.10262440890073776
    ],
    [
      0.19474931061267853,
      0.2064003199338913,
      -0.05922546982765198,
      0.21338170766830444,
      -0.21151721477508545,
      0.007792968302965164,
      -0.18322347104549408,
      -0.13934659957885742,
      -0.12215133756399155,
      -0.10030123591423035
    ],
    [
      0.19577085971832275,
      0.20366762578487396,
      -0.05884885415434837,
      0.21415579319000244,
      -0.21114619076251984,
      0.006334314588457346,
      -0.18113835155963898,
      -0.1423397660255432,
      -0.12010066956281662,
      -0.10130196064710617
    ],
    [
      0.19746331870555878,
      0.19694773852825165,
      -0.05338586866855621,
      0.21416707336902618,
      -0.21266575157642365,
      0.00437126075848937,
      -0.1745632439851761,
      -0.15169034898281097,
      -0.11087456345558167,
      -0.1059008538722992
    ],
    [
      0.20014263689517975,
      0.19047091901302338,
      -0.04622356966137886,
      0.21448737382888794,
      -0.21489004790782928,
      0.006716711912304163,
      -0.16589978337287903,
      -0.16565324366092682,
      -0.0956135094165802,
      -0.10950078815221786
    ],
    [
      0.2007799744606018,
      0.191105917096138,
      -0.04500167444348335,
      0.21488827466964722,
      -0.21543924510478973,
      0.010175500065088272,
      -0.16440150141716003,
      -0.1688419133424759,
      -0.09150934219360352,
      -0.10824671387672424
    ],
    [
      0.20061855018138885,
      0.1970420479774475,
      -0.05507420375943184,
      0.21583104133605957,
      -0.21167504787445068,
      0.011886375956237316,
      -0.17237262427806854,
      -0.1583898812532425,
      -0.10313818603754044,
      -0.10092394798994064
    ],
    [
      0.20045800507068634,
      0.19932883977890015,
      -0.05925586819648743,
      0.21632765233516693,
      -0.2100500613451004,
      0.011989585123956203,
      -0.1755477637052536,
      -0.1539412885904312,
      -0.10817798972129822,
      -0.09829328209161758
    ],
    [
      0.2008933573961258,
      0.1992369443178177,
      -0.05995500087738037,
      0.2165125608444214,
      -0.2096882313489914,
      0.012510559521615505,
      -0.17548339068889618,
      -0.15441566705703735,
      -0.10766889899969101,
      -0.09761124849319458
    ],
    [
      0.2008037567138672,
      0.19772635400295258,
      -0.057713285088539124,
      0.2160399705171585,
      -0.21055607497692108,
      0.011445489712059498,
      -0.17391352355480194,
      -0.1561957448720932,
      -0.10570970922708511,
      -0.09952548146247864
    ],
    [
      0.20049862563610077,
      0.1983611136674881,
      -0.057395052164793015,
      0.21568726003170013,
      -0.2108277529478073,
      0.011869310401380062,
      -0.1743425875902176,
      -0.1554536372423172,
      -0.10591506212949753,
      -0.09955736994743347
    ],
    [
      0.20028848946094513,
      0.19961225986480713,
      -0.05793185159564018,
      0.21579444408416748,
      -0.21077418327331543,
      0.012969758361577988,
      -0.17516934871673584,
      -0.1546182632446289,
      -0.10652055591344833,
      -0.09863511472940445
    ],
    [
      0.20109517872333527,
      0.1998276263475418,
      -0.06138569116592407,
      0.21641288697719574,
      -0.20917075872421265,
      0.012860041111707687,
      -0.17657114565372467,
      -0.15308476984500885,
      -0.10876686125993729,
