{
  "tempos": [
    0.0,
    0.5,
    1.0,
    1.5,
    2.0,
    2.5,
    3.0,
    3.5,
    4.0,
    4.5,
    5.0,
    5.5,
    6.0,
    6.5,
    7.0,
    7.5,
    8.0,
    8.5,
    9.0,
    9.5,
    10.0,
    10.5,
    11.0,
    11.5,
    12.0,
    12.5,
    13.0,
    13.5,
    14.0,
    14.5,
    15.0
  ],
  "engajamentoneural": [
    52.530046132719434,
    59.89778786859639,
    69.8155517746334,
    76.89062452794109,
    79.50755160187963,
    78.65136092422965,
    75.87593458267693,
    72.71747147012562,
    70.27304807743633,
    68.91952117957997,
    68.4565038064261,
    68.47856178252523,
    68.70291271831121,
    69.10219696241316,
    69.83149341483316,
    71.03782772097362,
    72.68269506076635,
    74.49119443590155,
    76.07087617084909,
    77.11302478108286,
    77.51469852781409,
    77.3515784834905,
    76.75725057912976,
    75.8039042755222,
    74.46046009389624,
    72.65652248839538,
    70.40619427319861,
    67.89394868072351,
    65.45924283508586,
    63.509169369301496,
    62.41773401802438
  ],
  "cognitivedemand": [
    38.41117360956284,
    41.59593798411275,
    45.444222882872616,
    45.47837921713176,
    50.694304701510056,
    52.437888090205206,
    43.700185102600905,
    46.64618773125729,
    48.68106591964409,
    51.025364060654994,
    51.336063823415714,
    43.50371936977908,
    42.325097129514624,
    57.32334676701521,
    42.10125611304643,
    52.89773718007757,
    39.281408568992696,
    61.69743797346012,
    64.60607234425984,
    66.5686731923623,
    64.97026598655538,
    65.76841727793989,
    70.65563330923689,
    71.79659633391115,
    71.51344035447406,
    53.40225438270792,
    45.2819044317119,
    46.252347576584796,
    36.02996475353733,
    53.415615181333635,
    60.897356135542566
  ],
  "focus": [
    22.378096790075922,
    34.89505793820077,
    68.38858725010125,
    82.09417546347028,
    82.1566973327253,
    37.985143051534656,
    18.135920045732394,
    11.55499345818548,
    33.00369975813629,
    14.961932593209921,
    16.012268806278573,
    13.084480919918455,
    16.760347923518783,
    28.622963541711982,
    25.8906924883034,
    17.811574235254778,
    15.382586980054311,
    10.928728737491857,
    11.670221868412103,
    13.85816300024885,
    12.87683018958481,
    22.48015890455207,
    20.945354215316463,
    8.162029352548378,
    8.051663801941539,
    11.175820778829538,
    38.0784220452982,
    86.5395584267941,
    86.16497904169701,
    18.196963494047285,
    9.501882633054736
  ],
  "embeddings": [
    [
      0.20508116483688354,
      0.19184701144695282,
      -0.05427979305386543,
      0.21476422250270844,
      -0.2117418795824051,
      0.016861191019415855,
      -0.16759692132472992,
      -0.1685965210199356,
      -0.0904870256781578,
      -0.09981200844049454
    ],
    [
      0.20401404798030853,
      0.19499830901622772,
      -0.05610951781272888,
      0.21578633785247803,
      -0.21116995811462402,
      0.01787795126438141,
      -0.16950125992298126,
      -0.16528363525867462,
      -0.09425877779722214,
      -0.0980367437005043
    ],
    [
      0.20053724944591522,
      0.20507599413394928,
      -0.06410514563322067,
      0.21613828837871552,
      -0.20900394022464752,
      0.01631728745996952,
      -0.18048828840255737,
      -0.14866076409816742,
      -0.11214674264192581,
      -0.09240152686834335
    ],
    [
      0.19946496188640594,
      0.1998794674873352,
      -0.059013575315475464,
      0.21444110572338104,
      -0.21081018447875977,
      0.010026715695858002,
      -0.1772977113723755,
      -0.15038549900054932,
      -0.11055278778076172,
      -0.09956028312444687
    ],
    [
      0.19924485683441162,
      0.19432325661182404,
      -0.05119219794869423,
      0.2133527547121048,
      -0.213620126247406,
      0.007018667180091143,
      -0.17141903936862946,
      -0.15705735981464386,
      -0.10334151983261108,
      -0.10660799592733383
    ],
    [
      0.19906587898731232,
      0.193199023604393,
      -0.049927499145269394,
      0.2126961201429367,
      -0.21411530673503876,
      0.005222172010689974,
      -0.17096412181854248,
      -0.15736179053783417,
      -0.10319284349679947,
      -0.1080700233578682
    ],
    [
      0.19943805038928986,
      0.1886090487241745,
      -0.041548777371644974,
      0.21282218396663666,
      -0.2170449048280716,
      0.0049487813375890255,
      -0.1640939712524414,
      -0.16641736030578613,
      -0.09323590248823166,
      -0.11391051858663559
    ],
    [
      0.19805996119976044,
      0.19174055755138397,
      -0.04542730376124382,
      0.21313989162445068,
      -0.21562741696834564,
      0.0035387042444199324,
      -0.1683238297700882,
      -0.1596830040216446,
      -0.10157874971628189,
      -0.11173313111066818
    ],
    [
      0.1956278532743454,
      0.19398991763591766,
      -0.04398956522345543,
      0.21266283094882965,
      -0.21650131046772003,
      0.001154002733528614,
      -0.1700993776321411,
      -0.1551731377840042,
      -0.10635551065206528,
      -0.11351150274276733
    ],
    [
      0.195639967918396,
      0.19445301592350006,
      -0.044587407261133194,
      0.21276406943798065,
      -0.21622531116008759,
      0.0017725109355524182,
      -0.17055024206638336,
      -0.15489724278450012,
      -0.1065545305609703,
      -0.11298653483390808
    ],
    [
      0.19496111571788788,
      0.19532044231891632,
      -0.04444876313209534,
      0.21260564029216766,
      -0.2164088636636734,
      0.001269582542590797,
      -0.1712556928396225,
      -0.15339295566082,
      -0.10808068513870239,
      -0.11322089284658432
    ],
    [
      0.19396309554576874,
      0.19577670097351074,
      -0.04308384284377098,
      0.2123003453016281,
      -0.2170533537864685,
      0.00038693207898177207,
      -0.1713280826807022,
      -0.15239502489566803,
      -0.10902509093284607,
      -0.11453700810670853
    ],
    [
      0.19231443107128143,
      0.19553039968013763,
      -0.04052754119038582,
      0.2121344357728958,
      -0.2180008441209793,
      -0.002327671740204096,
      -0.17077337205410004,
      -0.15135057270526886,
      -0.11076392978429794,
      -0.11753057688474655
    ],
    [
      0.1923048496246338,
      0.19638897478580475,
      -0.04186166450381279,
      0.21239228546619415,
      -0.21747176349163055,
      -0.0019729011692106724,
      -0.1717536896467209,
      -0.1501898467540741,
      -0.11204890161752701,
      -0.11645778268575668
    ],
    [
      0.19162392616271973,
      0.1954343467950821,
      -0.03869399055838585,
      0.21204917132854462,
      -0.21870912611484528,
      -0.0030520048458129168,
      -0.17009054124355316,
      -0.15165622532367706,
      -0.1103430762887001,
      -0.11899224668741226
    ],
    [
      0.19101832807064056,
      0.19579751789569855,
      -0.038714706897735596,
      0.21191175282001495,
      -0.21874867379665375,
      -0.004186470992863178,
      -0.1708415299654007,
      -0.15004779398441315,
      -0.11232280731201172,
      -0.11952001601457596
    ],
    [
      0.19181199371814728,
      0.19538407027721405,
      -0.038888707756996155,
      0.21188372373580933,
      -0.2187265157699585,
      -0.0030205112416297197,
      -0.17037415504455566,
      -0.1513812392950058,
      -0.11040399223566055,
      -0.11885150521993637
    ],
    [
      0.19171582162380219,
      0.19445562362670898,
      -0.03730608895421028,
      0.2115521878004074,
      -0.2193150520324707,
      -0.003372752107679844,
      -0.16919101774692535,
      -0.15282462537288666,
      -0.10875443369150162,
      -0.12007352709770203
    ],
    [
      0.19026578962802887,
      0.19450156390666962,
      -0.03426731377840042,
      0.210849329829216,
      -0.2206452488899231,
      -0.005413757171481848,
      -0.16874729096889496,
      -0.1519068032503128,
      -0.10958713293075562,
