{
  "tempos": [
    0.0,
    0.5,
    1.0,
    1.5,
    2.0,
    2.5,
    3.0,
    3.5,
    4.0,
    4.5,
    5.0,
    5.5,
    6.0,
    6.5,
    7.0,
    7.5,
    8.0,
    8.5,
    9.0,
    9.5,
    10.0,
    10.5,
    11.0,
    11.5,
    12.0,
    12.5,
    13.0,
    13.5,
    14.0,
    14.5,
    15.0
  ],
  "engajamentoneural": [
    72.8767222177245,
    79.69382825646312,
    87.49154405566493,
    92.16707815591225,
    93.9290614146008,
    93.97398993583263,
    93.02445233932337,
    91.52566480416434,
    89.8314406574735,
    88.18394981655307,
    86.68350770008327,
    85.33090469576203,
    84.11572953698527,
    83.10049268675601,
    82.43874351146772,
    82.28412769158446,
    82.64409885924535,
    83.32776514013686,
    84.0564890461599,
    84.6222278365895,
    84.95272885988751,
    85.0696026915859,
    85.00531810076303,
    84.73906402184453,
    84.1827448883014,
    83.22201361394484,
    81.78447768882666,
    79.89829241131845,
    77.7485935082274,
    75.74763181220341,
    74.5006291541296
  ],
  "cognitivedemand": [
    74.42034350446531,
    74.33904475376823,
    74.33641492385728,
    74.68120154670488,
    74.67773812048576,
    75.00960921447012,
    74.23944490420936,
    72.22336541282182,
    72.0267979133458,
    71.9500704740499,
    72.17634002741461,
    71.05166715972204,
    70.79752808512015,
    71.1207466017093,
    68.6634134375827,
    55.67273086809539,
    77.56071530269858,
    84.47156276168342,
    87.35842018963723,
    88.49362355019498,
    88.56625887924808,
    88.72238177947705,
    88.74954794823324,
    88.68456277012353,
    88.66852981037273,
    88.65898089197862,
    35.739774440268164,
    45.76372712176871,
    48.3681273474368,
    48.371967521967264,
    48.357490927047344
  ],
  "focus": [
    55.347377096210906,
    78.2908809739115,
    89.64645217577603,
    87.93490862660441,
    94.09703738201716,
    94.3937821577959,
    94.42706542210958,
    92.67839527139263,
    91.2505402966452,
    91.44344502795421,
    89.79681869819612,
    88.80811761617802,
    89.29510015227332,
    89.91328599618522,
    89.22356371184769,
    78.10478173198874,
    24.596408624327115,
    14.509401228277778,
    8.814720647232281,
    8.485031270939439,
    8.627987772045383,
    7.906495762345783,
    7.854031226354903,
    7.883990543243583,
    7.926073157502061,
    7.872562101932718,
    7.921521391952202,
    9.786986134639303,
    40.25498115299627,
    45.854760144272916,
    35.4153898903407
  ],
  "embeddings": [
    [
      0.20137427747249603,
      0.18580126762390137,
      -0.04164636880159378,
      0.21360249817371368,
      -0.21634739637374878,
      0.006714576855301857,
      -0.1611928939819336,
      -0.1720982789993286,
      -0.08832979202270508,
      -0.11325933784246445
    ],
    [
      0.20283053815364838,
      0.18561144173145294,
      -0.04144541174173355,
      0.2145387977361679,
      -0.2164120078086853,
      0.011495801620185375,
      -0.15910829603672028,
      -0.1770579069852829,
      -0.08250153064727783,
      -0.11111370474100113
    ],
    [
      0.20241959393024445,
      0.19129835069179535,
      -0.04923640191555023,
      0.21517014503479004,
      -0.213961660861969,
      0.012775447219610214,
      -0.16603125631809235,
      -0.16792237758636475,
      -0.09220334887504578,
      -0.10494041442871094
    ],
    [
      0.20230834186077118,
      0.19440919160842896,
      -0.054592180997133255,
      0.21518506109714508,
      -0.21211354434490204,
      0.013155189342796803,
      -0.1703975945711136,
      -0.1621410995721817,
      -0.09817471355199814,
      -0.10128306597471237
    ],
    [
      0.20281527936458588,
      0.1946105808019638,
      -0.057403575628995895,
      0.2152528166770935,
      -0.21089661121368408,
      0.01291352417320013,
      -0.1717781275510788,
      -0.16069212555885315,
      -0.10002875328063965,
      -0.0996905267238617
    ],
    [
      0.2040553092956543,
      0.1920643001794815,
      -0.05529196932911873,
      0.2152050882577896,
      -0.21145141124725342,
      0.013945702463388443,
      -0.16852910816669464,
      -0.1659524142742157,
      -0.09415192157030106,
      -0.100621797144413
    ],
    [
      0.2044757455587387,
      0.19247251749038696,
      -0.05495932325720787,
      0.21520932018756866,
      -0.21173416078090668,
      0.015850374475121498,
      -0.1681949645280838,
      -0.167225643992424,
      -0.09221192449331284,
      -0.0997067466378212
    ],
    [
      0.20471078157424927,
      0.19504255056381226,
      -0.060629308223724365,
      0.21548795700073242,
      -0.2096477895975113,
      0.016419610008597374,
      -0.1723596304655075,
      -0.16206760704517365,
      -0.09793827682733536,
      -0.09581812471151352
    ],
    [
      0.205691397190094,
      0.19342005252838135,
      -0.06002604588866234,
      0.2157023400068283,
      -0.20965421199798584,
      0.017046721652150154,
      -0.1705837994813919,
      -0.1651640683412552,
      -0.09466240555047989,
      -0.09599440544843674
    ],
    [
      0.2067549228668213,
      0.19322432577610016,
      -0.062297139316797256,
      0.21597595512866974,
      -0.2086120992898941,
      0.017990995198488235,
      -0.17105914652347565,
      -0.16541121900081635,
      -0.09446964412927628,
      -0.09417921304702759
    ],
    [
      0.20717011392116547,
      0.19260412454605103,
      -0.06239916756749153,
      0.21597373485565186,
      -0.20846538245677948,
      0.017943160608410835,
      -0.1706538200378418,
      -0.1661323457956314,
      -0.0938042402267456,
      -0.094035804271698
    ],
    [
      0.20860718190670013,
      0.1904986947774887,
      -0.06223369762301445,
      0.2163810282945633,
      -0.2081877440214157,
      0.019026095047593117,
      -0.16854630410671234,
      -0.17008648812770844,
      -0.08979812264442444,
      -0.09383296966552734
    ],
    [
      0.20851348340511322,
      0.1902187317609787,
      -0.06035288795828819,
      0.21619713306427002,
      -0.20906706154346466,
      0.01969258300960064,
      -0.16751746833324432,
      -0.17149269580841064,
      -0.08782977610826492,
      -0.09466014057397842
    ],
    [
      0.20821137726306915,
      0.19160901010036469,
      -0.06119436398148537,
      0.2162279486656189,
      -0.20892541110515594,
      0.02033466286957264,
      -0.16861610114574432,
      -0.16991396248340607,
      -0.08926277607679367,
      -0.09367683529853821
    ],
    [
      0.20741409063339233,
      0.1935940533876419,
      -0.0633981004357338,
      0.21596850454807281,
      -0.20827920734882355,
      0.019524559378623962,
      -0.17144833505153656,
      -0.16541384160518646,
      -0.09401925653219223,
      -0.09258750826120377
    ],
    [
      0.20868313312530518,
      0.1921820193529129,
      -0.06462716311216354,
      0.21648448705673218,
      -0.20745348930358887,
      0.019720977172255516,
      -0.17057949304580688,
      -0.16747774183750153,
      -0.09239830821752548,
      -0.0917862132191658
    ],
    [
      0.20909841358661652,
      0.18996377289295197,
      -0.06017681956291199,
      0.2163398712873459,
      -0.20905280113220215,
      0.020938321948051453,
      -0.166570246219635,
      -0.17339074611663818,
      -0.08558101207017899,
      -0.09407196193933487
    ],
    [
      0.20864605903625488,
      0.1917024850845337,
      -0.06159377098083496,
      0.21628151834011078,
      -0.20874464511871338,
      0.02140279859304428,
      -0.1685074120759964,
      -0.17055128514766693,
      -0.08837533742189407,
      -0.09280934929847717
    ],
    [
      0.2076258808374405,
      0.19501249492168427,
      -0.06482065469026566,
      0.21599751710891724,
      -0.20782212913036346,
      0.021179134026169777,
      -0.17250071465969086,
      -0.16471298038959503,
      -0.09441424161195755,
      -0.09065458923578262
    ],
    [
      0.20705938339233398,
