{
  "tempos": [
    0.0,
    0.5,
    1.0,
    1.5,
    2.0,
    2.5,
    3.0,
    3.5,
    4.0,
    4.5,
    5.0
  ],
  "engajamentoneural": [
    37.067200825250744,
    42.1806294290982,
    50.37652708210134,
    58.254478243206044,
    63.27219809425966,
    64.8421002682697,
    63.422790748638526,
    59.66064685896525,
    54.42903745072047,
    49.223899663711926,
    45.95030458442759
  ],
  "cognitivedemand": [
    44.25836926816483,
    53.344944674463825,
    51.57544864879771,
    63.64884903867937,
    64.06035132649208,
    64.0792350192933,
    63.55158277114706,
    61.54418099083043,
    53.69141564408019,
    68.35521283502698,
    66.12886575834892
  ],
  "focus": [
    8.17022299657923,
    12.437888583145567,
    42.228786068729235,
    38.030036041054395,
    28.881319723824085,
    19.6956596015437,
    18.234582919239553,
    15.214206906494,
    15.704552078737493,
    16.05800590084608,
    16.143826155480458
  ],
  "embeddings": [
    [
      0.20137469470500946,
      0.19654230773448944,
      -0.06009741127490997,
      0.21326583623886108,
      -0.21062248945236206,
      0.009901869110763073,
      -0.17741526663303375,
      -0.1514781266450882,
      -0.10892602056264877,
      -0.09950975328683853
    ],
    [
      0.2017117291688919,
      0.19257764518260956,
      -0.05519364774227142,
      0.21241028606891632,
      -0.21187925338745117,
      0.007818923331797123,
      -0.17266719043254852,
      -0.15757615864276886,
      -0.10215156525373459,
      -0.10348530858755112
    ],
    [
      0.2017555981874466,
      0.1898728758096695,
      -0.05004255846142769,
      0.21230264008045197,
      -0.21375934779644012,
      0.008251192979514599,
      -0.16833148896694183,
      -0.16336174309253693,
      -0.09572693705558777,
      -0.10698641091585159
    ],
    [
      0.20182077586650848,
      0.1902531534433365,
      -0.048939745873212814,
      0.21234507858753204,
      -0.21434396505355835,
      0.008583561517298222,
      -0.16816677153110504,
      -0.16351500153541565,
      -0.09539339691400528,
      -0.10701008886098862
    ],
    [
      0.20256473124027252,
      0.1906164139509201,
      -0.05249105021357536,
      0.21305452287197113,
      -0.21283675730228424,
      0.008531330153346062,
      -0.16972164809703827,
      -0.16212256252765656,
      -0.09764862060546875,
      -0.10480908304452896
    ],
    [
      0.20309670269489288,
      0.18932367861270905,
      -0.05187711492180824,
      0.21324102580547333,
      -0.21289442479610443,
      0.008553183637559414,
      -0.16839079558849335,
      -0.16424991190433502,
      -0.09558767080307007,
      -0.10535436868667603
    ],
    [
      0.2027338594198227,
      0.18894584476947784,
      -0.05021144449710846,
      0.21315127611160278,
      -0.21354462206363678,
      0.008300931192934513,
      -0.16744464635849,
      -0.16510508954524994,
      -0.09464246034622192,
      -0.10655461996793747
    ],
    [
      0.20223569869995117,
      0.18924421072006226,
      -0.049795087426900864,
      0.2129794955253601,
      -0.2137659341096878,
      0.00755316624417901,
      -0.16771376132965088,
      -0.16422335803508759,
      -0.09563881903886795,
      -0.10712450742721558
    ],
    [
      0.20203952491283417,
      0.18986041843891144,
      -0.050232719630002975,
      0.21303170919418335,
      -0.2136581391096115,
      0.007548048626631498,
      -0.16834257543087006,
      -0.16327424347400665,
      -0.09666823595762253,
      -0.10682737082242966
    ],
    [
      0.20163053274154663,
      0.1903163641691208,
      -0.05017576739192009,
      0.21298326551914215,
      -0.21372711658477783,
      0.0071947346441447735,
      -0.16874897480010986,
      -0.16235435009002686,
      -0.0976632833480835,
      -0.10701644420623779
    ],
    [
      0.20206516981124878,
      0.19005537033081055,
      -0.050927504897117615,
      0.21330960094928741,
      -0.21330296993255615,
      0.007547512650489807,
      -0.16863203048706055,
      -0.16292035579681396,
      -0.09730871766805649,
      -0.1064501702785492
    ],
    [
      0.20234286785125732,
      0.19222407042980194,
      -0.05510253831744194,
      0.21389572322368622,
      -0.21167735755443573,
      0.00910709798336029,
      -0.1714264154434204,
      -0.1601109504699707,
      -0.1006377562880516,
      -0.10309916734695435
    ],
    [
      0.20194904506206512,
      0.191527858376503,
      -0.05233101174235344,
      0.21343360841274261,
      -0.21276623010635376,
      0.0088902423158288,
      -0.16968224942684174,
      -0.161915123462677,
      -0.09821880608797073,
      -0.1048380509018898
    ],
    [
      0.2014065533876419,
      0.19195394217967987,
      -0.0516333244740963,
      0.21311302483081818,
      -0.21320240199565887,
      0.008376278914511204,
      -0.16996973752975464,
      -0.16095440089702606,
      -0.09899621456861496,
      -0.10540210455656052
    ],
    [
      0.2013583928346634,
      0.19211141765117645,
      -0.05216747522354126,
      0.21263718605041504,
      -0.2130957841873169,
      0.0074424538761377335,
      -0.17087404429912567,
      -0.1594957709312439,
      -0.10043594986200333,
      -0.10532370209693909
    ]
  ]
}