{
  "tempos": [
    0.0,
    0.5,
    1.0,
    1.5,
    2.0,
    2.5,
    3.0,
    3.5,
    4.0,
    4.5,
    5.0
  ],
  "engajamentoneural": [
    57.710669935955174,
    63.23043243096136,
    70.38971147567194,
    75.28596804811359,
    76.84756319708728,
    75.9361982237883,
    73.89466518386367,
    71.80822189351332,
    70.18649219151396,
    69.10865875204446,
    68.55896995994331
  ],
  "cognitivedemand": [
    27.828587224348453,
    44.05827808508515,
    47.61894407407493,
    51.876441653712334,
    57.354950102333525,
    52.91222050398713,
    40.86029863751737,
    57.217037110941,
    58.2159103305056,
    60.46179231506826,
    61.21279947914221
  ],
  "focus": [
    15.486228643988243,
    33.10320058686633,
    28.35415161455884,
    12.094855400373298,
    13.08947906503541,
    14.349168739899543,
    11.493951391210143,
    10.527792373056146,
    14.083359471941865,
    11.21907733670341,
    11.050884204306954
  ],
  "embeddings": [
    [
      0.19704562425613403,
      0.19370345771312714,
      -0.045327287167310715,
      0.21066302061080933,
      -0.21595169603824615,
      0.0038903553504496813,
      -0.17023999989032745,
      -0.15607523918151855,
      -0.10318276286125183,
      -0.1108391210436821
    ],
    [
      0.19633854925632477,
      0.19186247885227203,
      -0.042462825775146484,
      0.21061944961547852,
      -0.217138409614563,
      0.0011820578947663307,
      -0.16862870752811432,
      -0.15697894990444183,
      -0.10254836827516556,
      -0.11454949527978897
    ],
    [
      0.1963135004043579,
      0.19037508964538574,
      -0.04100141301751137,
      0.21058930456638336,
      -0.21776454150676727,
      4.9097852752311155e-05,
      -0.16762204468250275,
      -0.15824821591377258,
      -0.10151366144418716,
      -0.1162741407752037
    ],
    [
      0.1962389498949051,
      0.19032303988933563,
      -0.040850527584552765,
      0.2106718271970749,
      -0.2178860902786255,
      -0.0006975547294132411,
      -0.16788606345653534,
      -0.15786893665790558,
      -0.10214223712682724,
      -0.1165342628955841
    ],
    [
      0.19599658250808716,
      0.18998265266418457,
      -0.0398360900580883,
      0.2104519009590149,
      -0.2183377891778946,
      -0.0015574004501104355,
      -0.16756029427051544,
      -0.1579708456993103,
      -0.10211602598428726,
      -0.11748960614204407
    ],
    [
      0.19602109491825104,
      0.19035542011260986,
      -0.04005387797951698,
      0.21068064868450165,
      -0.21824729442596436,
      -0.001312574022449553,
      -0.16779880225658417,
      -0.15776777267456055,
      -0.10239877551794052,
      -0.1171668991446495
    ],
    [
      0.19610798358917236,
      0.19092042744159698,
      -0.04154498875141144,
      0.2110549956560135,
      -0.21761469542980194,
      -0.0009967152727767825,
      -0.16858072578907013,
      -0.15695630013942719,
      -0.10349097102880478,
      -0.1161443218588829
    ],
    [
      0.19621224701404572,
      0.19101612269878387,
      -0.04168399050831795,
      0.2109881043434143,
      -0.21756033599376678,
      -0.0008416813798248768,
      -0.1686956286430359,
      -0.15689857304096222,
      -0.10343451052904129,
      -0.11587649583816528
    ],
    [
      0.1963724046945572,
      0.19206015765666962,
      -0.04305784031748772,
      0.21117939054965973,
      -0.21704214811325073,
      0.00014374677266459912,
      -0.16984917223453522,
      -0.15591250360012054,
      -0.10442223399877548,
      -0.11454486101865768
    ],
    [
      0.1950572282075882,
      0.19090797007083893,
      -0.03894605115056038,
      0.2103012055158615,
      -0.21880805492401123,
      -0.0020291220862418413,
      -0.16804157197475433,
      -0.1566227376461029,
      -0.10338021069765091,
      -0.11832978576421738
    ],
    [
      0.19504885375499725,
      0.19143156707286835,
      -0.03952488303184509,
      0.21049511432647705,
      -0.21865738928318024,
      -0.0016459102043882012,
      -0.16844677925109863,
      -0.1561807245016098,
      -0.10385835915803909,
      -0.11778416484594345
    ],
    [
      0.19477765262126923,
      0.1920800656080246,
      -0.03999396041035652,
      0.21031521260738373,
      -0.2185860127210617,
      -0.001833377406001091,
      -0.1692315936088562,
      -0.15496167540550232,
      -0.10505878180265427,
      -0.11746472865343094
    ],
    [
      0.19427865743637085,
      0.19213344156742096,
      -0.03962531313300133,
      0.21016864478588104,
      -0.2187516838312149,
      -0.002816293388605118,
      -0.1694512963294983,
      -0.15411882102489471,
      -0.1060517206788063,
      -0.11821368336677551
    ],
    [
      0.19418014585971832,
      0.19151689112186432,
      -0.03847557306289673,
      0.20995523035526276,
      -0.2192005068063736,
      -0.0032846827525645494,
      -0.1687285453081131,
      -0.15490226447582245,
      -0.10516496747732162,
      -0.11913897842168808
    ],
    [
      0.19327493011951447,
      0.19106005132198334,
      -0.03559867665171623,
      0.20894409716129303,
      -0.22045862674713135,
      -0.005056955851614475,
      -0.168130025267601,
      -0.15453596413135529,
      -0.10510043054819107,
      -0.12156176567077637
    ]
  ]
}