{
  "tempos": [
    0.0,
    0.5,
    1.0,
    1.5,
    2.0,
    2.5,
    3.0,
    3.5,
    4.0,
    4.5,
    5.0
  ],
  "engajamentoneural": [
    71.77292430614204,
    77.83164224755038,
    84.73670221112923,
    88.63306141100422,
    89.26471005859007,
    87.33306998790019,
    83.43784856228686,
    78.38724943215993,
    73.23715005184032,
    69.04173304479757,
    66.67879154701888
  ],
  "cognitivedemand": [
    61.0654934801235,
    76.59775502038937,
    78.89089182560132,
    78.54027951772805,
    78.11407940981543,
    77.77519811914394,
    77.75764002992086,
    41.247572682369466,
    48.547556099157816,
    59.76683592174899,
    60.59398133099593
  ],
  "focus": [
    14.500781666254568,
    10.734814508987338,
    14.083079612372034,
    25.77597242271403,
    34.25274375543279,
    51.65396561086021,
    46.01581083372625,
    22.722592271776133,
    17.853926499386922,
    29.406653423681508,
    25.783647836493714
  ],
  "embeddings": [
    [
      0.19403763115406036,
      0.19057635962963104,
      -0.03605358675122261,
      0.21074801683425903,
      -0.2196398228406906,
      -0.0022298728581517935,
      -0.16587857902050018,
      -0.1581082046031952,
      -0.10243887454271317,
      -0.12066295742988586
    ],
    [
      0.19301573932170868,
      0.19392311573028564,
      -0.03863095864653587,
      0.211436927318573,
      -0.21894653141498566,
      -0.0017558401450514793,
      -0.16903716325759888,
      -0.1539636105298996,
      -0.10716678947210312,
      -0.11848505586385727
    ],
    [
      0.19280558824539185,
      0.19555968046188354,
      -0.04064562916755676,
      0.2113579511642456,
      -0.21831856667995453,
      -0.0017233405960723758,
      -0.17113660275936127,
      -0.15114004909992218,
      -0.11000442504882812,
      -0.1170123741030693
    ],
    [
      0.1923707127571106,
      0.1960648149251938,
      -0.040873318910598755,
      0.21098195016384125,
      -0.21835476160049438,
      -0.0025540629867464304,
      -0.17204497754573822,
      -0.14950667321681976,
      -0.11161264777183533,
      -0.11721069365739822
    ],
    [
      0.19256269931793213,
      0.19592560827732086,
      -0.04102739319205284,
      0.21103428304195404,
      -0.21826393902301788,
      -0.002404833910986781,
      -0.17198188602924347,
      -0.14974886178970337,
      -0.11136844009160995,
      -0.11700954288244247
    ],
    [
      0.19211967289447784,
      0.19690127670764923,
      -0.041094034910202026,
      0.21079176664352417,
      -0.21839739382266998,
      -0.0022052028216421604,
      -0.17275820672512054,
      -0.1485050469636917,
      -0.11234873533248901,
      -0.11683211475610733
    ],
    [
      0.19164566695690155,
      0.19881248474121094,
      -0.042592793703079224,
      0.21074490249156952,
      -0.2179926633834839,
      -0.0015952392714098096,
      -0.17458325624465942,
      -0.145956352353096,
      -0.11482429504394531,
      -0.11551167815923691
    ],
    [
      0.1912056803703308,
      0.20042197406291962,
      -0.04395117238163948,
      0.210801899433136,
      -0.21759285032749176,
      -0.0011777599574998021,
      -0.1761482208967209,
      -0.14369045197963715,
      -0.11712678521871567,
      -0.11443666368722916
    ],
    [
      0.19121141731739044,
      0.20113174617290497,
      -0.04566964507102966,
      0.21091191470623016,
      -0.2169090062379837,
      -0.0012411660281941295,
      -0.17742608487606049,
      -0.14204563200473785,
      -0.11903258413076401,
      -0.1134152039885521
    ],
    [
      0.19132190942764282,
      0.2007211297750473,
      -0.04521888121962547,
      0.21096237003803253,
      -0.21706610918045044,
      -0.001176189398393035,
      -0.17685729265213013,
      -0.14294956624507904,
      -0.11804813146591187,
      -0.11362955719232559
    ],
    [
      0.19283126294612885,
      0.19933843612670898,
      -0.046925727277994156,
      0.21147902309894562,
      -0.21609725058078766,
      -0.0007721893489360809,
      -0.17639602720737457,
      -0.14498193562030792,
      -0.11651003360748291,
      -0.11224517226219177
    ],
    [
      0.1934821456670761,
      0.1960931420326233,
      -0.043495502322912216,
      0.2116534262895584,
      -0.21705307066440582,
      -0.0015166389057412744,
      -0.17266148328781128,
      -0.15023306012153625,
      -0.11139862984418869,
      -0.1149040162563324
    ],
    [
      0.192634716629982,
      0.19419819116592407,
      -0.03868631646037102,
      0.21089236438274384,
      -0.21898001432418823,
      -0.0034211270976811647,
      -0.17003899812698364,
      -0.15245823562145233,
      -0.10883890837430954,
      -0.11887528747320175
    ],
    [
      0.19163314998149872,
      0.1944354772567749,
      -0.03698671981692314,
      0.21038232743740082,
      -0.2198265641927719,
      -0.004683110397309065,
      -0.17006021738052368,
      -0.1514139473438263,
      -0.10976123064756393,
      -0.12053108215332031
    ],
    [
      0.19063115119934082,
      0.19541539251804352,
      -0.036708489060401917,
      0.20942074060440063,
      -0.22023825347423553,
      -0.0062670051120221615,
      -0.17149914801120758,
      -0.14845898747444153,
      -0.11247638612985611,
      -0.12127077579498291
    ]
  ]
}