{
  "tempos": [
    0.0,
    0.5,
    1.0,
    1.5,
    2.0,
    2.5,
    3.0,
    3.5,
    4.0,
    4.5,
    5.0,
    5.5,
    6.0,
    6.5,
    7.0,
    7.5,
    8.0,
    8.5,
    9.0,
    9.5,
    10.0,
    10.5,
    11.0,
    11.5,
    12.0,
    12.5,
    13.0,
    13.5,
    14.0,
    14.5,
    15.0,
    15.5,
    16.0,
    16.5,
    17.0,
    17.5,
    18.0,
    18.5
  ],
  "engajamentoneural": [
    28.654993273573492,
    33.45962366234092,
    41.84349614336257,
    50.87863894626563,
    57.62917896074076,
    61.33138392702222,
    63.07246668307999,
    64.22776720762953,
    65.39376684823021,
    66.30798163848351,
    66.46571377219402,
    65.70123203812344,
    64.28603689060128,
    62.653767683669045,
    61.113873116260805,
    59.78888618314111,
    58.72358565553144,
    57.98704991070983,
    57.6972814418798,
    58.00494107239673,
    59.044682607424825,
    60.816236333372984,
    63.04630834067182,
    65.20918555001944,
    66.7791539485262,
    67.5078270656098,
    67.48166927694604,
    66.95484384690063,
    66.13116625215734,
    65.06748441767405,
    63.750934445586836,
    62.24804429031716,
    60.75382958988354,
    59.45821410397656,
    58.36591366407102,
    57.3294878318186,
    56.33041954147123,
    55.65693296701355
  ],
  "cognitivedemand": [
    22.528416692063875,
    28.23902958323638,
    32.03264570937029,
    36.50185364657798,
    59.79600100218584,
    59.7997970392967,
    59.78636705829494,
    60.78202901115877,
    52.056236749594454,
    51.851762038923574,
    50.93874663515787,
    47.06952561249847,
    58.78973126294462,
    61.54255385825164,
    60.04864780775812,
    59.42508161871672,
    59.104894975541946,
    61.738367940481474,
    66.52767061674894,
    67.20650344253248,
    68.63059467871582,
    67.54252551528775,
    61.4523494186234,
    54.18985650080184,
    52.46638297911806,
    54.33511119671898,
    52.902724961424326,
    52.51532665018741,
    54.14651020126004,
    54.5554617046283,
    52.72261685036019,
    50.451982323003804,
    32.686451313111924,
    45.643885893657526,
    45.87482042311643,
    45.87649710732161,
    45.90016671341115,
    45.900033877685495
  ],
  "focus": [
    7.849267908704421,
    11.634136754549882,
    45.23608549505205,
    49.90480203034877,
    32.3630518785745,
    18.85200551669678,
    15.120058515080908,
    16.9951771752224,
    11.315971464505106,
    12.62309419881469,
    24.951407123454732,
    21.49695854121459,
    21.73098981061429,
    26.65460326849365,
    22.607305583366138,
    14.536015516381191,
    11.090739959231012,
    10.501926837883875,
    11.0837695402466,
    10.451768415196923,
    8.502908628801809,
    8.37922265876685,
    8.180977045632645,
    11.930064830332576,
    46.494231624195095,
    53.97494591668996,
    53.51600117024656,
    29.48515255449204,
    19.314747774191908,
    20.047805694616383,
    29.53480889924613,
    49.50540843223769,
    33.55973997375519,
    23.290231912258058,
    17.914531776101768,
    12.026727954806496,
    10.28812179469963,
    10.19559211249066
  ],
  "embeddings": [
    [
      0.19733507931232452,
      0.19595563411712646,
      -0.050925303250551224,
      0.2085539847612381,
      -0.21512840688228607,
      0.001725581125356257,
      -0.1772688776254654,
      -0.14644967019557953,
      -0.11259453743696213,
      -0.10856912285089493
    ],
    [
      0.19655203819274902,
      0.1928134709596634,
      -0.040251825004816055,
      0.20816820859909058,
      -0.21892531216144562,
      0.003816714510321617,
      -0.1692998856306076,
      -0.156919464468956,
      -0.10110438615083694,
      -0.1142568588256836
    ],
    [
      0.1980525404214859,
      0.1944887638092041,
      -0.04591697081923485,
      0.20979295670986176,
      -0.2167617231607437,
      0.006665915250778198,
      -0.17154918611049652,
      -0.15608270466327667,
      -0.1020326316356659,
      -0.1093296930193901
    ],
    [
      0.1980324536561966,
      0.19554318487644196,
      -0.047627583146095276,
      0.21051187813282013,
      -0.21604357659816742,
      0.007505962159484625,
      -0.1724158078432083,
      -0.15534356236457825,
      -0.103108249604702,
      -0.10799908638000488
    ],
    [
      0.19437962770462036,
      0.1965373307466507,
      -0.04294247925281525,
      0.2089264839887619,
      -0.21810369193553925,
      0.001917413785122335,
      -0.17331485450267792,
      -0.15030957758426666,
      -0.10862154513597488,
      -0.11324325203895569
    ],
    [
      0.1986415833234787,
      0.19690899550914764,
      -0.05363884195685387,
      0.2120153158903122,
      -0.21323645114898682,
      0.007378655020147562,
      -0.17518377304077148,
      -0.15260548889636993,
      -0.10712405294179916,
      -0.10439177602529526
    ],
    [
      0.20070748031139374,
      0.1941654533147812,
      -0.05370675027370453,
      0.21286450326442719,
      -0.21277602016925812,
      0.009268966503441334,
      -0.17223145067691803,
      -0.15814413130283356,
      -0.10146666318178177,
      -0.10387241095304489
    ],
    [
      0.20150244235992432,
      0.1928807497024536,
      -0.05330886319279671,
      0.2128642350435257,
      -0.21283678710460663,
      0.00971484836190939,
      -0.17111621797084808,
      -0.16007062792778015,
      -0.09929747134447098,
      -0.10402228683233261
    ],
    [
      0.2026088684797287,
      0.19229602813720703,
      -0.054464951157569885,
      0.21346622705459595,
      -0.212180495262146,
      0.011172052472829819,
      -0.1705031394958496,
      -0.16201698780059814,
      -0.09743059426546097,
      -0.10266638547182083
    ],
    [
      0.20286400616168976,
      0.1917824149131775,
      -0.05428207293152809,
      0.2132933884859085,
      -0.21224874258041382,
      0.011102128773927689,
      -0.17020006477832794,
      -0.16242168843746185,
      -0.09688209742307663,
      -0.10284828394651413
    ],
    [
      0.20376314222812653,
      0.19116777181625366,
      -0.05541148781776428,
      0.21400809288024902,
      -0.21153201162815094,
      0.01208000723272562,
      -0.16953016817569733,
      -0.164250448346138,
      -0.0954325869679451,
      -0.10179146379232407
    ],
    [
      0.20523719489574432,
      0.18920151889324188,
      -0.05752803012728691,
      0.21542061865329742,
      -0.2100427746772766,
      0.012100420892238617,
      -0.16823351383209229,
      -0.16694533824920654,
      -0.09434772282838821,
      -0.10066938400268555
    ],
    [
      0.20592926442623138,
      0.18495504558086395,
      -0.05040615424513817,
      0.21504968404769897,
      -0.21264249086380005,
      0.013362045399844646,
      -0.16186393797397614,
      -0.1758546233177185,
      -0.08408602327108383,
      -0.10508972406387329
    ],
    [
      0.20649868249893188,
      0.18699122965335846,
      -0.053078796714544296,
      0.21517030894756317,
      -0.21182316541671753,
      0.014703321270644665,
      -0.16414691507816315,
      -0.1735391616821289,
      -0.08632705360651016,
      -0.10183947533369064
    ],
    [
      0.20595526695251465,
      0.1885274201631546,
      -0.05511237680912018,
      0.21479791402816772,
      -0.2112126499414444,
      0.01402959506958723,
      -0.16665396094322205,
      -0.16971798241138458,
      -0.09029564261436462,
      -0.10091323405504227
    ],
    [
      0.20179758965969086,
      0.18953579664230347,
      -0.0473005436360836,
      0.21191202104091644,
      -0.21510441601276398,
      0.008647968992590904,
      -0.16694314777851105,
      -0.16516651213169098,
      -0.09356298297643661,
      -0.1081073060631752
    ],
    [
      0.1986895650625229,
      0.1923351287841797,
      -0.04548345133662224,
      0.21108512580394745,
      -0.21628646552562714,
      0.005568366963416338,
      -0.16938291490077972,
      -0.15917687118053436,
      -0.09979534149169922,
      -0.11048015207052231
    ],
    [
