{
  "tempos": [
    0.0,
    0.5,
    1.0,
    1.5,
    2.0,
    2.5,
    3.0,
    3.5,
    4.0,
    4.5,
    5.0
  ],
  "engajamentoneural": [
    65.40267067799451,
    71.58420510141504,
    79.15737197811717,
    83.93542130879553,
    85.18293860009146,
    83.67132715212682,
    80.32720675882472,
    76.17349865677654,
    72.20879110335416,
    69.17884884100108,
    67.54689587962727
  ],
  "cognitivedemand": [
    58.76962917763563,
    65.57426014146611,
    70.50141751726511,
    72.55219269098511,
    71.5539445807864,
    71.16195205999783,
    47.34555977656502,
    47.069482509198075,
    58.50000200748144,
    71.39937105574757,
    70.52800234856527
  ],
  "focus": [
    25.352833641479947,
    26.640246781172106,
    22.238016008955288,
    19.778472628267018,
    11.530461437394521,
    13.591783431994154,
    12.902720910672011,
    21.280406749349993,
    36.1616249331402,
    16.828586536001335,
    8.834635728363383
  ],
  "embeddings": [
    [
      0.19966642558574677,
      0.19159327447414398,
      -0.049175187945365906,
      0.21112702786922455,
      -0.21459175646305084,
      0.003366100834682584,
      -0.1709599494934082,
      -0.15688584744930267,
      -0.10306292027235031,
      -0.10864168405532837
    ],
    [
      0.19958150386810303,
      0.1887618452310562,
      -0.044816553592681885,
      0.21088357269763947,
      -0.21600086987018585,
      0.002351432805880904,
      -0.16741026937961578,
      -0.16137206554412842,
      -0.09823379665613174,
      -0.11239498853683472
    ],
    [
      0.19881975650787354,
      0.18664775788784027,
      -0.04060418903827667,
      0.21089400351047516,
      -0.21757416427135468,
      0.0011372194858267903,
      -0.16451223194599152,
      -0.16440226137638092,
      -0.09517974406480789,
      -0.11623594909906387
    ],
    [
      0.1987413913011551,
      0.18725548684597015,
      -0.04139232262969017,
      0.21147330105304718,
      -0.21731702983379364,
      0.0009796777740120888,
      -0.16528895497322083,
      -0.16344910860061646,
      -0.09658950567245483,
      -0.1157103106379509
    ],
    [
      0.19836105406284332,
      0.1877100020647049,
      -0.04170534014701843,
      0.2116449922323227,
      -0.21720542013645172,
      0.00044367104419507086,
      -0.16584210097789764,
      -0.16241681575775146,
      -0.09792065620422363,
      -0.1157374382019043
    ],
    [
      0.1977786421775818,
      0.187599778175354,
      -0.04057867452502251,
      0.21168774366378784,
      -0.21760834753513336,
      -0.0001352837571175769,
      -0.1653907746076584,
      -0.1624581664800644,
      -0.09803267568349838,
      -0.11689431220293045
    ],
    [
      0.1970728039741516,
      0.18759280443191528,
      -0.03934444114565849,
      0.21159029006958008,
      -0.2180805206298828,
      -0.0011072984198108315,
      -0.16515834629535675,
      -0.1619986593723297,
      -0.09870720654726028,
      -0.11816802620887756
    ],
    [
      0.19683243334293365,
      0.18775011599063873,
      -0.039229802787303925,
      0.21162240207195282,
      -0.21812553703784943,
      -0.001590478583239019,
      -0.1653301864862442,
      -0.16151408851146698,
      -0.09933783859014511,
      -0.1183728575706482
    ],
    [
      0.1970234513282776,
      0.18782873451709747,
      -0.0390622541308403,
      0.21148569881916046,
      -0.21826522052288055,
      -0.0009907433995977044,
      -0.16526539623737335,
      -0.16192840039730072,
      -0.09851863980293274,
      -0.11810052394866943
    ],
    [
      0.19678623974323273,
      0.18753504753112793,
      -0.03711312636733055,
      0.21083985269069672,
      -0.21919016540050507,
      -0.0015593268908560276,
      -0.16465137898921967,
      -0.16245774924755096,
      -0.09751038998365402,
      -0.1192639172077179
    ],
    [
      0.19552397727966309,
      0.18946467339992523,
      -0.03703634440898895,
      0.20985078811645508,
      -0.2196030616760254,
      -0.002474436303600669,
      -0.1667647361755371,
      -0.15861967206001282,
      -0.10094650834798813,
      -0.1194772943854332
    ],
    [
      0.1949952393770218,
      0.1904088258743286,
      -0.03755975142121315,
      0.20957863330841064,
      -0.21954666078090668,
      -0.0027980555314570665,
      -0.16782063245773315,
      -0.1567632108926773,
      -0.10270228981971741,
      -0.11920837312936783
    ],
    [
      0.1945175975561142,
      0.1900586038827896,
      -0.03679170086979866,
      0.209572896361351,
      -0.21989087760448456,
      -0.003622304415330291,
      -0.1674884706735611,
      -0.15663479268550873,
      -0.10298272967338562,
      -0.1204569935798645
    ],
    [
      0.19454021751880646,
      0.18936960399150848,
      -0.03591788187623024,
      0.20985446870326996,
      -0.22015516459941864,
      -0.0035317076835781336,
      -0.1664375513792038,
      -0.15803773701190948,
      -0.10168559104204178,
      -0.12118986994028091
    ],
    [
      0.19380317628383636,
      0.1898706704378128,
      -0.03510907292366028,
      0.20930583775043488,
      -0.22061823308467865,
      -0.004590755794197321,
      -0.16700617969036102,
      -0.1564897894859314,
      -0.10307139903306961,
      -0.12204986065626144
    ]
  ]
}