{
  "tempos": [
    0.0,
    0.5,
    1.0,
    1.5,
    2.0,
    2.5,
    3.0,
    3.5,
    4.0,
    4.5,
    5.0
  ],
  "engajamentoneural": [
    70.45390098326139,
    77.52321603154277,
    85.73534079222252,
    90.69794660507455,
    92.43568846569619,
    92.09989628267343,
    90.4079279825138,
    87.87719883587769,
    85.07378075388175,
    82.63200493418398,
    81.18977631891383
  ],
  "cognitivedemand": [
    75.59163924879108,
    71.31906268939895,
    62.583847456616134,
    72.47926237662402,
    74.7369272852498,
    75.58966201907431,
    75.25433565005571,
    75.629391308722,
    84.17475766653247,
    80.8069229621529,
    79.87506000049858
  ],
  "focus": [
    31.328211895372064,
    32.66691942127768,
    42.15825005429466,
    38.06748109670475,
    45.83678234773603,
    30.661580337964992,
    22.563309183186952,
    22.754135930059377,
    37.18073697690169,
    43.83334078883619,
    35.8600177290674
  ],
  "embeddings": [
    [
      0.19818715751171112,
      0.1931983232498169,
      -0.05430250242352486,
      0.21536140143871307,
      -0.21177946031093597,
      0.0002933666983153671,
      -0.17403392493724823,
      -0.15103144943714142,
      -0.11503646522760391,
      -0.10661280155181885
    ],
    [
      0.1996365189552307,
      0.18775975704193115,
      -0.044072043150663376,
      0.21406827867031097,
      -0.21557466685771942,
      0.004443532321602106,
      -0.16487343609333038,
      -0.1644287109375,
      -0.09754941612482071,
      -0.11261192709207535
    ],
    [
      0.2000841349363327,
      0.19205857813358307,
      -0.04980991408228874,
      0.21492117643356323,
      -0.2134781926870346,
      0.006381602957844734,
      -0.16995926201343536,
      -0.15916603803634644,
      -0.10336215049028397,
      -0.10751739889383316
    ],
    [
      0.20058093965053558,
      0.19474075734615326,
      -0.060490529984235764,
      0.2158261388540268,
      -0.20925389230251312,
      0.004447121638804674,
      -0.17668193578720093,
      -0.15038718283176422,
      -0.11434591561555862,
      -0.10198884457349777
    ],
    [
      0.20159877836704254,
      0.19002892076969147,
      -0.05521619692444801,
      0.21535317599773407,
      -0.2108147144317627,
      0.004078338388353586,
      -0.1706533581018448,
      -0.1593461036682129,
      -0.10486253350973129,
      -0.10543183237314224
    ],
    [
      0.20122486352920532,
      0.18605493009090424,
      -0.04466487839818001,
      0.21417765319347382,
      -0.21521002054214478,
      0.005231271963566542,
      -0.16339795291423798,
      -0.16874660551548004,
      -0.09304831176996231,
      -0.11180155724287033
    ],
    [
      0.20253054797649384,
      0.1871449500322342,
      -0.05229732021689415,
      0.21486158668994904,
      -0.21201790869235992,
      0.004791471641510725,
      -0.16752594709396362,
      -0.16425827145576477,
      -0.09926494210958481,
      -0.10730987787246704
    ],
    [
      0.2038472443819046,
      0.18265537917613983,
      -0.04778367653489113,
      0.2149701863527298,
      -0.21342401206493378,
      0.005066313780844212,
      -0.16191233694553375,
      -0.17261315882205963,
      -0.09011578559875488,
      -0.11056403070688248
    ],
    [
      0.20443503558635712,
      0.18126331269741058,
      -0.04115808382630348,
      0.2148737758398056,
      -0.21624062955379486,
      0.008334956131875515,
      -0.15672330558300018,
      -0.180528923869133,
      -0.0800759568810463,
      -0.112511545419693
    ],
    [
      0.20437443256378174,
      0.1859481781721115,
      -0.05093982443213463,
      0.21548187732696533,
      -0.21232783794403076,
      0.008800779469311237,
      -0.1641983538866043,
      -0.1708594113588333,
      -0.09160226583480835,
      -0.10600420087575912
    ],
    [
      0.2052159309387207,
      0.1854812502861023,
      -0.04921954870223999,
      0.21589668095111847,
      -0.2130608707666397,
      0.011168315075337887,
      -0.16232796013355255,
      -0.17401205003261566,
      -0.08728525787591934,
      -0.10588996857404709
    ],
    [
      0.20470108091831207,
      0.18919025361537933,
      -0.056052062660455704,
      0.2158077210187912,
      -0.2105422019958496,
      0.009970929473638535,
      -0.16833078861236572,
      -0.16582949459552765,
      -0.09662193059921265,
      -0.10172765702009201
    ],
    [
      0.20570962131023407,
      0.18604284524917603,
      -0.052322980016469955,
      0.2156936377286911,
      -0.21181738376617432,
      0.010604417882859707,
      -0.1641150861978531,
      -0.17228883504867554,
      -0.08917484432458878,
      -0.10398057848215103
    ],
    [
      0.20610690116882324,
      0.18482375144958496,
      -0.052515868097543716,
      0.2156853824853897,
      -0.21173827350139618,
      0.009965208359062672,
      -0.16357381641864777,
      -0.1730399876832962,
      -0.08862441778182983,
      -0.10437476634979248
    ],
    [
      0.20552201569080353,
      0.18312062323093414,
      -0.048079077154397964,
      0.2145656794309616,
      -0.21354897320270538,
      0.008987030945718288,
      -0.16122131049633026,
      -0.1752401441335678,
      -0.08524855226278305,
      -0.10806021839380264
    ]
  ]
}