{
  "tempos": [
    0.0,
    0.5,
    1.0,
    1.5,
    2.0,
    2.5,
    3.0,
    3.5,
    4.0,
    4.5,
    5.0,
    5.5,
    6.0,
    6.5,
    7.0,
    7.5,
    8.0,
    8.5,
    9.0,
    9.5,
    10.0,
    10.5,
    11.0,
    11.5,
    12.0,
    12.5,
    13.0,
    13.5,
    14.0,
    14.5,
    15.0
  ],
  "engajamentoneural": [
    48.79213136016867,
    54.97218359688906,
    64.06733148049352,
    71.90387463525624,
    76.52852197361348,
    78.21024517556755,
    77.88180025358002,
    76.43022610325407,
    74.59769524353396,
    72.92994404259005,
    71.7143199769397,
    71.01488219242933,
    70.7874242528742,
    70.97370123962622,
    71.53470507652578,
    72.44047864925454,
    73.62888297249694,
    74.943999592311,
    76.11436930796816,
    76.83755266849339,
    76.93607020769612,
    76.45642616334902,
    75.62395739190698,
    74.69864068983037,
    73.87604920646898,
    73.30618626853901,
    73.11553840552095,
    73.31998937023853,
    73.74841064568817,
    74.14740618154224,
    74.36191120869815
  ],
  "cognitivedemand": [
    29.640560554251728,
    37.92231629671392,
    38.25906539569481,
    44.13062311924522,
    68.87814984449882,
    59.87816287955331,
    65.75714253471035,
    76.43422962955808,
    74.06273557515489,
    80.88560495549643,
    91.20842085089178,
    57.54462711362289,
    57.550302576646985,
    60.368066945995004,
    66.60396992400729,
    71.24638161867449,
    70.66671536062405,
    71.50360314794824,
    71.50875555473814,
    64.56652465521313,
    33.299911254245714,
    47.848206606963466,
    51.18592187330565,
    55.248034240224904,
    58.72726033492576,
    50.129302570444516,
    31.988845129162332,
    48.88791918439607,
    55.129662731608725,
    56.96017338692213,
    56.14212791758577
  ],
  "focus": [
    11.77934241301085,
    22.851675474426873,
    50.0278275336242,
    35.6084454181952,
    47.33121338168885,
    49.832543095743766,
    32.9099705107295,
    16.31551724551473,
    16.02863138281325,
    10.621387088986857,
    13.94318323928216,
    15.075842670550859,
    10.550082969960432,
    16.3436925949741,
    12.318703128909947,
    10.202655844851485,
    15.908794220899184,
    15.253504925980614,
    12.622375032169687,
    21.70995640692793,
    40.17473214115461,
    52.90591060326409,
    33.05728498437069,
    20.96509370159704,
    25.770768825170297,
    13.601447496196382,
    9.74432182598045,
    22.299497480932985,
    18.314182154664657,
    10.212158967373265,
    9.069081566240877
  ],
  "embeddings": [
    [
      0.19628147780895233,
      0.1924811452627182,
      -0.04172337055206299,
      0.210317000746727,
      -0.2172224372625351,
      0.0003872577508445829,
      -0.16896308958530426,
      -0.1562003493309021,
      -0.10422515124082565,
      -0.11435461044311523
    ],
    [
      0.19427888095378876,
      0.19266767799854279,
      -0.0385061539709568,
      0.209584578871727,
      -0.21888528764247894,
      -0.0011594784446060658,
      -0.16855116188526154,
      -0.15536750853061676,
      -0.10436401516199112,
      -0.11771600693464279
    ],
    [
      0.19613444805145264,
      0.19393908977508545,
      -0.0443279929459095,
      0.21157677471637726,
      -0.21652697026729584,
      0.002821322763338685,
      -0.1701769083738327,
      -0.15586386620998383,
      -0.10429059714078903,
      -0.11252211779356003
    ],
    [
      0.19405341148376465,
      0.1977216750383377,
      -0.04375855252146721,
      0.2107994109392166,
      -0.21729318797588348,
      0.0027512561064213514,
      -0.173195481300354,
      -0.1507251113653183,
      -0.1091340109705925,
      -0.11239618808031082
    ],
    [
      0.19368602335453033,
      0.20328731834888458,
      -0.05209563300013542,
      0.212283656001091,
      -0.21430397033691406,
      0.004497296176850796,
      -0.1797022819519043,
      -0.14281783998012543,
      -0.11857738345861435,
      -0.10620447993278503
    ],
    [
      0.19771040976047516,
      0.19686202704906464,
      -0.05523477494716644,
      0.21406202018260956,
      -0.21181856095790863,
      0.0032083282712846994,
      -0.17593765258789062,
      -0.1500520557165146,
      -0.11285702139139175,
      -0.10549595206975937
    ],
    [
      0.19893066585063934,
      0.18863260746002197,
      -0.04382409527897835,
      0.21335934102535248,
      -0.21577174961566925,
      0.0034049469977617264,
      -0.16534492373466492,
      -0.16446828842163086,
      -0.0967830941081047,
      -0.1135891005396843
    ],
    [
      0.20016241073608398,
      0.18918217718601227,
      -0.042380254715681076,
      0.21431565284729004,
      -0.21628743410110474,
      0.008529515005648136,
      -0.16278988122940063,
      -0.16989247500896454,
      -0.09052101522684097,
      -0.11144968867301941
    ],
    [
      0.201277956366539,
      0.19153563678264618,
      -0.05000666156411171,
      0.2154204100370407,
      -0.21329312026500702,
      0.009312781505286694,
      -0.16734851896762848,
      -0.16460534930229187,
      -0.09694624692201614,
      -0.10609941929578781
    ],
    [
      0.2008531242609024,
      0.19201155006885529,
      -0.05129354074597359,
      0.21520020067691803,
      -0.2128250002861023,
      0.00797374825924635,
      -0.168721005320549,
      -0.16254349052906036,
      -0.09949379414319992,
      -0.10580182075500488
    ],
    [
      0.20085978507995605,
      0.19087465107440948,
      -0.0502416230738163,
      0.21476952731609344,
      -0.21324686706066132,
      0.0072839823551476,
      -0.16774077713489532,
      -0.16353851556777954,
      -0.09819966554641724,
      -0.10700390487909317
    ],
    [
      0.20074619352817535,
      0.18947477638721466,
      -0.04793313145637512,
      0.2144695520401001,
      -0.2141275256872177,
      0.006539481226354837,
      -0.16619618237018585,
      -0.16516251862049103,
      -0.09633541107177734,
      -0.10903561115264893
    ],
    [
      0.1989625096321106,
      0.19273406267166138,
      -0.04804833233356476,
      0.21384219825267792,
      -0.21453849971294403,
      0.00594117259606719,
      -0.16919296979904175,
      -0.1600973755121231,
      -0.10117640346288681,
      -0.10867158323526382
    ],
    [
      0.19710302352905273,
      0.1940758228302002,
      -0.04672896862030029,
      0.21350528299808502,
      -0.21520836651325226,
      0.0038676715921610594,
      -0.17034977674484253,
      -0.1567808836698532,
      -0.10481712967157364,
      -0.11052148789167404
    ],
    [
      0.2009933441877365,
      0.1879989057779312,
      -0.04674482345581055,
      0.21460901200771332,
      -0.21439850330352783,
      0.0047212024219334126,
      -0.16528387367725372,
      -0.16635249555110931,
      -0.09567528963088989,
      -0.11062788218259811
    ],
    [
      0.20325714349746704,
      0.18341483175754547,
      -0.04464032128453255,
      0.2149767130613327,
      -0.21480971574783325,
      0.005958795081824064,
      -0.1607784926891327,
      -0.17387403547763824,
      -0.08782592415809631,
      -0.11197666078805923
    ],
    [
      0.20286346971988678,
      0.1832525134086609,
      -0.04034148156642914,
      0.21453778445720673,
      -0.21668529510498047,
      0.007279612123966217,
      -0.15810789167881012,
      -0.17767934501171112,
      -0.08301283419132233,
      -0.11348879337310791
    ],
    [
      0.2009691447019577,
      0.18843908607959747,
      -0.04427681490778923,
      0.2142735719680786,
      -0.2156919687986374,
      0.007588598877191544,
      -0.16365055739879608,
      -0.16895775496959686,
      -0.09170418977737427,
      -0.11066610366106033
    ],
    [
      0.20033316314220428,
      0.19240395724773407,
      -0.048536863178014755,
      0.21450293064117432,
      -0.21432089805603027,
      0.009319959208369255,
      -0.16764472424983978,
      -0.1638244092464447,
      -0.09696989506483078,
      -0.10695027559995651
