{
  "tempos": [
    0.0,
    0.5,
    1.0,
    1.5,
    2.0,
    2.5,
    3.0,
    3.5,
    4.0,
    4.5,
    5.0,
    5.5,
    6.0,
    6.5,
    7.0,
    7.5,
    8.0,
    8.5,
    9.0,
    9.5,
    10.0,
    10.5,
    11.0,
    11.5,
    12.0,
    12.5,
    13.0,
    13.5,
    14.0,
    14.5,
    15.0,
    15.5,
    16.0,
    16.5,
    17.0
  ],
  "engajamentoneural": [
    41.1357505873027,
    47.269437455345695,
    57.02609981717568,
    66.3310900620144,
    72.50979665898325,
    75.4164602456175,
    76.04758638698871,
    75.38637403435334,
    74.10144229639685,
    72.6524249609305,
    71.45097347310175,
    70.84461098913494,
    70.95427249429373,
    71.60711568671195,
    72.47429280784054,
    73.26945580110704,
    73.84840430101137,
    74.19152894081486,
    74.32866419668072,
    74.26674348822935,
    73.96906083572009,
    73.39928959185501,
    72.57170372064422,
    71.53147723126017,
    70.29151656196493,
    68.84951376663864,
    67.3128968360143,
    65.9674418486037,
    65.13377083590277,
    64.91108668498316,
    65.06813965579987,
    65.18973184945435,
    64.96606819675053,
    64.43443959505545,
    63.97508530541586
  ],
  "cognitivedemand": [
    69.52251276060898,
    73.86892785454653,
    51.108566303906855,
    67.1402056083094,
    74.46466098859202,
    74.73036824054245,
    74.72136282476107,
    81.24281016055401,
    81.59180645855382,
    81.15456654170714,
    59.12226010393218,
    76.67913965244308,
    78.03801134610151,
    76.94321027432514,
    78.29439087636753,
    81.80075811146902,
    86.43139584544595,
    86.80409783090089,
    86.3497786894308,
    86.41027748266171,
    87.45970829883957,
    87.87344241661951,
    53.03572971016769,
    76.1136537500964,
    79.89149458875616,
    79.41583701560458,
    47.123668745226276,
    83.2237347296072,
    92.64792782257692,
    94.61501423044416,
    95.31588988161343,
    94.64359965718614,
    94.5644624738142,
    94.53915458353812,
    94.53197389857571
  ],
  "focus": [
    47.22022434625088,
    46.59177808417659,
    46.92241127125876,
    40.83649589596271,
    35.5876721873557,
    46.85650249147718,
    48.11578175292902,
    49.668358465288584,
    29.18480757046485,
    35.59321480661685,
    33.994541943283274,
    11.107374631878619,
    44.09376451262117,
    45.65232750415776,
    18.753818662332723,
    13.583620879247317,
    11.432604009007008,
    24.412138306135486,
    16.920188885573765,
    12.22039611510311,
    17.060811730678488,
    51.66206200349592,
    54.37773620980961,
    8.183320301455229,
    11.258712588953172,
    14.148361679209852,
    18.394100517921242,
    14.957442925017395,
    14.44913856219902,
    14.297847708701811,
    10.28556538052655,
    8.57429145137141,
    8.675095761621055,
    9.093407569564683,
    9.108505512425168
  ],
  "embeddings": [
    [
      0.19961655139923096,
      0.19695912301540375,
      -0.05352359637618065,
      0.2106199860572815,
      -0.2138177901506424,
      0.008952808566391468,
      -0.17582307755947113,
      -0.15192890167236328,
      -0.10688874870538712,
      -0.1036074236035347
    ],
    [
      0.19846005737781525,
      0.19577209651470184,
      -0.05075199529528618,
      0.20849759876728058,
      -0.21507878601551056,
      0.00472003361210227,
      -0.17587102949619293,
      -0.14990805089473724,
      -0.10828712582588196,
      -0.10681647807359695
    ],
    [
      0.19924773275852203,
      0.1937246471643448,
      -0.04843497276306152,
      0.20975184440612793,
      -0.2153712958097458,
      0.00658554770052433,
      -0.1719994992017746,
      -0.1562468707561493,
      -0.10190337896347046,
      -0.10785848647356033
    ],
    [
      0.20047728717327118,
      0.19394904375076294,
      -0.04771857336163521,
      0.2115694135427475,
      -0.21543754637241364,
      0.01139109581708908,
      -0.1694769263267517,
      -0.16153623163700104,
      -0.09676765650510788,
      -0.10581722110509872
    ],
    [
      0.2014399766921997,
      0.19175982475280762,
      -0.04984298720955849,
      0.21385590732097626,
      -0.21358972787857056,
      0.010112940333783627,
      -0.16807885468006134,
      -0.16338086128234863,
      -0.09667590260505676,
      -0.10592780262231827
    ],
    [
      0.20082926750183105,
      0.19319480657577515,
      -0.048839718103408813,
      0.21374595165252686,
      -0.21422629058361053,
      0.011168722063302994,
      -0.16832797229290009,
      -0.1630694419145584,
      -0.0965924859046936,
      -0.10556893795728683
    ],
    [
      0.20099234580993652,
      0.19619984924793243,
      -0.0550045482814312,
      0.21420283615589142,
      -0.21189762651920319,
      0.011358317919075489,
      -0.17319656908512115,
      -0.15691499412059784,
      -0.10362747311592102,
      -0.1014658510684967
    ],
    [
      0.20095841586589813,
      0.19771628081798553,
      -0.0568854846060276,
      0.214429572224617,
      -0.2112445831298828,
      0.012268148362636566,
      -0.17459768056869507,
      -0.15519796311855316,
      -0.10526743531227112,
      -0.0997910276055336
    ],
    [
      0.19984804093837738,
      0.20043760538101196,
      -0.057875145226716995,
      0.2140204906463623,
      -0.21131251752376556,
      0.012641382403671741,
      -0.1771981120109558,
      -0.15094158053398132,
      -0.10912994295358658,
      -0.0989416241645813
    ],
    [
      0.1999439150094986,
      0.19693946838378906,
      -0.055468786507844925,
      0.21415074169635773,
      -0.2118329256772995,
      0.009380609728395939,
      -0.17435584962368011,
      -0.1540566235780716,
      -0.10694532841444016,
      -0.10225141793489456
    ],
    [
      0.200827956199646,
      0.1925467848777771,
      -0.051958683878183365,
      0.21435505151748657,
      -0.21276144683361053,
      0.0075422185473144054,
      -0.17004109919071198,
      -0.16008929908275604,
      -0.1013963595032692,
      -0.10552430897951126
    ],
    [
      0.20097298920154572,
      0.18874524533748627,
      -0.04627387598156929,
      0.21413220465183258,
      -0.21469587087631226,
      0.006707849446684122,
      -0.165048748254776,
      -0.16665609180927277,
      -0.09451806545257568,
      -0.10984636098146439
    ],
    [
      0.20076978206634521,
      0.188507542014122,
      -0.04435494914650917,
      0.21400333940982819,
      -0.21549904346466064,
      0.0070318132638931274,
      -0.16405583918094635,
      -0.16788679361343384,
      -0.09298887103796005,
      -0.11084926128387451
    ],
    [
      0.20093166828155518,
      0.19052274525165558,
      -0.04710713401436806,
      0.2143254429101944,
      -0.21443873643875122,
      0.007834336720407009,
      -0.16630877554416656,
      -0.16534040868282318,
      -0.09580480307340622,
      -0.1082325205206871
    ],
    [
      0.1966239959001541,
      0.19985955953598022,
      -0.05123860761523247,
      0.21282021701335907,
      -0.2141118049621582,
      0.007328506093472242,
      -0.17552655935287476,
      -0.15027795732021332,
      -0.11038580536842346,
      -0.10529226064682007
    ],
    [
      0.1971496343612671,
      0.19762153923511505,
      -0.05120758339762688,
      0.21372030675411224,
      -0.21358861029148102,
      0.006350275594741106,
      -0.17364531755447388,
      -0.15275254845619202,
      -0.10871975868940353,
      -0.10633432120084763
    ],
    [
      0.19705934822559357,
      0.1951763778924942,
      -0.04672214388847351,
      0.21314656734466553,
      -0.2153141051530838,
      0.005666986107826233,
      -0.17053477466106415,
      -0.15639318525791168,
      -0.10445591062307358,
      -0.10976503044366837
    ],
    [
      0.19675879180431366,
      0.19639545679092407,
      -0.04894311726093292,
      0.21329498291015625,
      -0.21450549364089966,
      0.004859351087361574,
      -0.17271392047405243,
      -0.15312166512012482,
      -0.10830124467611313,
