{
  "tempos": [
    0.0,
    0.5,
    1.0,
    1.5,
    2.0,
    2.5,
    3.0,
    3.5,
    4.0,
    4.5,
    5.0,
    5.5,
    6.0
  ],
  "engajamentoneural": [
    57.69831283847816,
    64.13953223005196,
    72.45401154064602,
    78.11848098183528,
    80.0403227219903,
    79.1793329711665,
    76.84938881378909,
    74.12207756048099,
    71.54586972724087,
    69.187982861009,
    66.97713708719807,
    65.06175254728487,
    63.889852054898974
  ],
  "cognitivedemand": [
    68.90177683215785,
    70.88196621944493,
    69.19355018879791,
    73.20589115154209,
    73.50462988547385,
    75.23880720847961,
    75.90582514001218,
    74.85186341091612,
    76.07241040047052,
    83.83059093909186,
    82.0839600574422,
    81.28016520137268,
    80.65824117686073
  ],
  "focus": [
    8.852140198940564,
    23.916760051858365,
    34.85627401027884,
    24.39212337900754,
    48.35735503755075,
    44.20874861744436,
    25.182320385960896,
    28.940042406410278,
    53.19726380226686,
    43.462330445497,
    33.62949065859037,
    21.705207632352657,
    18.398706599100155
  ],
  "embeddings": [
    [
      0.19877368211746216,
      0.197063148021698,
      -0.04913204908370972,
      0.21251584589481354,
      -0.21465639770030975,
      0.010451494716107845,
      -0.1724281907081604,
      -0.15647684037685394,
      -0.10340667515993118,
      -0.10516456514596939
    ],
    [
      0.19398091733455658,
      0.20166955888271332,
      -0.04889315739274025,
      0.2118753045797348,
      -0.21528203785419464,
      0.003620564006268978,
      -0.1775379180908203,
      -0.14507998526096344,
      -0.11590868979692459,
      -0.10804302245378494
    ],
    [
      0.19327253103256226,
      0.20547352731227875,
      -0.05284819006919861,
      0.2126767784357071,
      -0.2139982432126999,
      0.004798719193786383,
      -0.1816142201423645,
      -0.13953529298305511,
      -0.12179181724786758,
      -0.1051986813545227
    ],
    [
      0.19505052268505096,
      0.20244355499744415,
      -0.05796831473708153,
      0.21353016793727875,
      -0.2116788625717163,
      0.002364152343943715,
      -0.1824682205915451,
      -0.13925324380397797,
      -0.12362870573997498,
      -0.10420406609773636
    ],
    [
      0.1960892677307129,
      0.19816537201404572,
      -0.05237092077732086,
      0.2129390388727188,
      -0.21357367932796478,
      0.003244910156354308,
      -0.17695705592632294,
      -0.14688609540462494,
      -0.11475066095590591,
      -0.10745880752801895
    ],
    [
      0.19723379611968994,
      0.19803613424301147,
      -0.05479196831583977,
      0.21354073286056519,
      -0.21251161396503448,
      0.004698971752077341,
      -0.17725248634815216,
      -0.14756694436073303,
      -0.11432505398988724,
      -0.10513485223054886
    ],
    [
      0.197489932179451,
      0.19791221618652344,
      -0.055697303265333176,
      0.21349279582500458,
      -0.21241390705108643,
      0.005251189228147268,
      -0.17781706154346466,
      -0.14694006741046906,
      -0.11482422798871994,
      -0.10464122891426086
    ],
    [
      0.20027132332324982,
      0.19333410263061523,
      -0.05403487756848335,
      0.21453656256198883,
      -0.21231895685195923,
      0.007415806874632835,
      -0.17245884239673615,
      -0.15655310451984406,
      -0.1051047220826149,
      -0.10494357347488403
    ],
    [
      0.20104248821735382,
      0.19173882901668549,
      -0.05181148648262024,
      0.21476168930530548,
      -0.21297496557235718,
      0.008850245736539364,
      -0.16962391138076782,
      -0.1609584540128708,
      -0.10012588649988174,
      -0.10563024878501892
    ],
    [
      0.20160526037216187,
      0.19281719624996185,
      -0.055791158229112625,
      0.21535982191562653,
      -0.2113591879606247,
      0.009180695749819279,
      -0.1718568056821823,
      -0.15873073041439056,
      -0.10328773409128189,
      -0.10302133113145828
    ],
    [
      0.20178616046905518,
      0.18897061049938202,
      -0.047942470759153366,
      0.21466851234436035,
      -0.21425551176071167,
      0.009924117475748062,
      -0.16546635329723358,
      -0.16737104952335358,
      -0.09330853074789047,
      -0.10791613906621933
    ],
    [
      0.20126836001873016,
      0.19444791972637177,
      -0.05498513579368591,
      0.21493536233901978,
      -0.21190504729747772,
      0.010607331059873104,
      -0.17217190563678741,
      -0.1583123356103897,
      -0.10283180326223373,
      -0.1023980975151062
    ],
    [
      0.20086757838726044,
      0.19688177108764648,
      -0.0599471777677536,
      0.21501944959163666,
      -0.2101171761751175,
      0.009633013047277927,
      -0.1763637810945511,
      -0.15231050550937653,
      -0.10962238907814026,
      -0.09970986843109131
    ],
    [
      0.20295554399490356,
      0.19349193572998047,
      -0.059529613703489304,
      0.21586234867572784,
      -0.20984266698360443,
      0.009970180690288544,
      -0.17306624352931976,
      -0.15830399096012115,
      -0.10369375348091125,
      -0.09981945902109146
    ],
    [
      0.2020157128572464,
      0.1923292875289917,
      -0.057097602635622025,
      0.214125856757164,
      -0.2111596316099167,
      0.007425637450069189,
      -0.17293798923492432,
      -0.157175675034523,
      -0.10442288964986801,
      -0.10284516215324402
    ],
    [
      0.2026357650756836,
      0.1895080953836441,
      -0.05412837862968445,
      0.2140733003616333,
      -0.21206225454807281,
      0.00712956115603447,
      -0.16960687935352325,
      -0.1616801619529724,
      -0.0997389480471611,
      -0.10517071932554245
    ],
    [
      0.20141048729419708,
      0.1881466507911682,
      -0.04874120652675629,
      0.2130749225616455,
      -0.2143058329820633,
      0.0055416957475245,
      -0.16703809797763824,
      -0.16394101083278656,
      -0.09704861789941788,
      -0.10918497294187546
    ],
    [
      0.19929860532283783,
      0.19030535221099854,
      -0.04730900004506111,
      0.21179638803005219,
      -0.21532230079174042,
      0.0033600262831896544,
      -0.16908659040927887,
      -0.1594356894493103,
      -0.10132064670324326,
      -0.11073184013366699
    ]
  ]
}