{
  "tempos": [
    0.0,
    0.5,
    1.0,
    1.5,
    2.0,
    2.5,
    3.0,
    3.5,
    4.0,
    4.5,
    5.0
  ],
  "engajamentoneural": [
    60.040028418708346,
    65.71596041625529,
    73.00316911654865,
    77.91696504865658,
    79.41073043597078,
    78.28896671988663,
    75.83241754250727,
    73.21949813881444,
    71.13874686303106,
    69.76785596821752,
    69.08638381960904
  ],
  "cognitivedemand": [
    29.777312477111067,
    39.22037753786339,
    41.192229526006045,
    42.977348223833665,
    42.42526110460523,
    42.369092790360995,
    26.328592857176716,
    36.88498777595195,
    50.60426332821676,
    51.059667805191815,
    51.25140251669524
  ],
  "focus": [
    13.63257708009607,
    37.50266885489757,
    42.81557653719173,
    21.424711347525246,
    20.242906147730974,
    18.116859018353235,
    13.561192444681165,
    19.742704995682004,
    20.437777404588186,
    11.301569629988633,
    9.002813864653337
  ],
  "embeddings": [
    [
      0.19750910997390747,
      0.19451509416103363,
      -0.04786013066768646,
      0.21000587940216064,
      -0.2154260277748108,
      0.0019001247128471732,
      -0.17346112430095673,
      -0.15192489326000214,
      -0.10740476101636887,
      -0.10986817628145218
    ],
    [
      0.19664184749126434,
      0.19142138957977295,
      -0.04274265468120575,
      0.2097734957933426,
      -0.21717481315135956,
      0.0001495432370575145,
      -0.16921871900558472,
      -0.15641053020954132,
      -0.10257936269044876,
      -0.11485547572374344
    ],
    [
      0.19694288074970245,
      0.18981151282787323,
      -0.040473759174346924,
      0.21036678552627563,
      -0.21800576150417328,
      0.00048285117372870445,
      -0.16705085337162018,
      -0.15956918895244598,
      -0.09977564960718155,
      -0.11627653241157532
    ],
    [
      0.196629598736763,
      0.1906805783510208,
      -0.04124854505062103,
      0.2107965499162674,
      -0.21774733066558838,
      0.0002977709809783846,
      -0.1679500937461853,
      -0.1582186371088028,
      -0.10162484645843506,
      -0.1157207265496254
    ],
    [
      0.1965460181236267,
      0.191542387008667,
      -0.04248613119125366,
      0.2106764316558838,
      -0.2173972725868225,
      0.0005272168782539666,
      -0.16910481452941895,
      -0.1567143350839615,
      -0.10299771279096603,
      -0.11477941274642944
    ],
    [
      0.1971123367547989,
      0.19202105700969696,
      -0.04418689385056496,
      0.2110014408826828,
      -0.2167462706565857,
      0.001866946811787784,
      -0.169644296169281,
      -0.15677179396152496,
      -0.1028720960021019,
      -0.1131453737616539
    ],
    [
      0.1966373324394226,
      0.1922890990972519,
      -0.04386124014854431,
      0.21082578599452972,
      -0.21691389381885529,
      0.001072965213097632,
      -0.17002443969249725,
      -0.1557122766971588,
      -0.10398250818252563,
      -0.11366235464811325
    ],
    [
      0.1961182802915573,
      0.19236592948436737,
      -0.04333718121051788,
      0.21074450016021729,
      -0.21714062988758087,
      0.00011009272566298023,
      -0.1701393723487854,
      -0.1549767106771469,
      -0.10489124059677124,
      -0.11446219682693481
    ],
    [
      0.19704635441303253,
      0.1948322206735611,
      -0.04934677481651306,
      0.2115834355354309,
      -0.2147156447172165,
      0.00246862112544477,
      -0.17370174825191498,
      -0.15182143449783325,
      -0.10866373777389526,
      -0.1096620187163353
    ],
    [
      0.1966535449028015,
      0.1933426409959793,
      -0.04515516757965088,
      0.21073289215564728,
      -0.21647204458713531,
      0.001969264354556799,
      -0.17108683288097382,
      -0.1546895056962967,
      -0.10482090711593628,
      -0.11240074038505554
    ],
    [
      0.19641458988189697,
      0.19364304840564728,
      -0.044502902776002884,
      0.210635244846344,
      -0.2168712019920349,
      0.0020431627053767443,
      -0.17104844748973846,
      -0.15461531281471252,
      -0.10474282503128052,
      -0.11270839720964432
    ],
    [
      0.19625240564346313,
      0.1936938762664795,
      -0.044795695692300797,
      0.2107021063566208,
      -0.21675096452236176,
      0.0015243267407640815,
      -0.17128826677799225,
      -0.15407809615135193,
      -0.10549431294202805,
      -0.11279726773500443
    ],
    [
      0.1963859349489212,
      0.1932327002286911,
      -0.044774845242500305,
      0.2108309268951416,
      -0.2166687697172165,
      0.0010769317159429193,
      -0.1710367649793625,
      -0.15442994236946106,
      -0.10540271550416946,
      -0.11298466473817825
    ],
    [
      0.19620509445667267,
      0.19270598888397217,
      -0.04379910230636597,
      0.21055500209331512,
      -0.21709269285202026,
      0.0003967154771089554,
      -0.17053985595703125,
      -0.1547664850950241,
      -0.10497959703207016,
      -0.1139385998249054
    ],
    [
      0.19516515731811523,
      0.19206900894641876,
      -0.040887024253606796,
      0.2096068412065506,
      -0.2183281034231186,
      -0.00176731136161834,
      -0.16987138986587524,
      -0.15431642532348633,
      -0.10516493767499924,
      -0.11674848198890686
    ]
  ]
}