{
  "tempos": [
    0.0,
    0.5,
    1.0,
    1.5,
    2.0,
    2.5,
    3.0,
    3.5,
    4.0,
    4.5,
    5.0
  ],
  "engajamentoneural": [
    64.76847633697788,
    71.8680798017707,
    80.33841152553451,
    85.38855467013067,
    86.45274300450711,
    84.47652576474773,
    80.47788895783837,
    75.6805343407967,
    71.26309095465322,
    67.98773362036052,
    66.2531274155889
  ],
  "cognitivedemand": [
    80.97361516200188,
    82.23627737292459,
    83.07401739706228,
    83.35434862918088,
    72.41641540593481,
    72.0492267671783,
    70.9982479791669,
    67.22054005608383,
    67.35093957444482,
    72.52498371520454,
    73.46376946950679
  ],
  "focus": [
    14.984106088489636,
    16.780051672251354,
    32.074366063545504,
    48.861989860993226,
    53.30219056073032,
    70.63340949832623,
    77.66587039946386,
    74.84978896706978,
    73.13450355565479,
    60.092141402114436,
    59.05537176604975
  ],
  "embeddings": [
    [
      0.20602960884571075,
      0.19375436007976532,
      -0.06522449105978012,
      0.21571408212184906,
      -0.20749181509017944,
      0.014054305851459503,
      -0.17462879419326782,
      -0.15949265658855438,
      -0.10207035392522812,
      -0.09397673606872559
    ],
    [
      0.2076483517885208,
      0.18658888339996338,
      -0.05261443927884102,
      0.21469388902187347,
      -0.21190720796585083,
      0.016554754227399826,
      -0.16329149901866913,
      -0.17573750019073486,
      -0.08232820779085159,
      -0.10149070620536804
    ],
    [
      0.20760343968868256,
      0.18930214643478394,
      -0.05606294050812721,
      0.21531729400157928,
      -0.21086205542087555,
      0.018169976770877838,
      -0.1660781055688858,
      -0.17241577804088593,
      -0.08620090037584305,
      -0.09796682745218277
    ],
    [
      0.20639468729496002,
      0.19527997076511383,
      -0.06491222977638245,
      0.21568767726421356,
      -0.20776629447937012,
      0.017619328573346138,
      -0.17442362010478973,
      -0.16056354343891144,
      -0.09979870170354843,
      -0.09204401820898056
    ],
    [
      0.20601598918437958,
      0.1962541937828064,
      -0.06657290458679199,
      0.215496227145195,
      -0.20719188451766968,
      0.017026934772729874,
      -0.17608092725276947,
      -0.15800301730632782,
      -0.1025107130408287,
      -0.09135881811380386
    ],
    [
      0.20670586824417114,
      0.19324159622192383,
      -0.06232495978474617,
      0.21529555320739746,
      -0.20866882801055908,
      0.017176056280732155,
      -0.17183434963226318,
      -0.16409613192081451,
      -0.09550299495458603,
      -0.09412634372711182
    ],
    [
      0.20639021694660187,
      0.192540243268013,
      -0.06068077310919762,
      0.21487562358379364,
      -0.20936788618564606,
      0.016459204256534576,
      -0.17102491855621338,
      -0.16475099325180054,
      -0.0946316346526146,
      -0.09561330825090408
    ],
    [
      0.20619462430477142,
      0.1916259378194809,
      -0.05861241742968559,
      0.2146298736333847,
      -0.2102109044790268,
      0.016035916283726692,
      -0.1697181612253189,
      -0.1662258356809616,
      -0.09290262311697006,
      -0.09723439067602158
    ],
    [
      0.20590460300445557,
      0.19244380295276642,
      -0.05971705913543701,
      0.2146470695734024,
      -0.20984888076782227,
      0.015601684339344501,
      -0.17090070247650146,
      -0.1643897444009781,
      -0.09513524919748306,
      -0.09657148271799088
    ],
    [
      0.20526428520679474,
      0.19342130422592163,
      -0.05898675322532654,
      0.21446621417999268,
      -0.21032766997814178,
      0.015955165028572083,
      -0.1713452935218811,
      -0.16341061890125275,
      -0.09575271606445312,
      -0.09682182222604752
    ],
    [
      0.20474697649478912,
      0.19494618475437164,
      -0.060610923916101456,
      0.21448248624801636,
      -0.20975522696971893,
      0.015558010898530483,
      -0.17320728302001953,
      -0.16062401235103607,
      -0.09889218956232071,
      -0.0957932397723198
    ],
    [
      0.20460106432437897,
      0.19596342742443085,
      -0.06251854449510574,
      0.21436119079589844,
      -0.20915639400482178,
      0.015268017537891865,
      -0.17509102821350098,
      -0.15801744163036346,
      -0.10161962360143661,
      -0.09480004757642746
    ],
    [
      0.2054201364517212,
      0.1937810331583023,
      -0.061948735266923904,
      0.21456007659435272,
      -0.20904140174388885,
      0.014532438479363918,
      -0.17326730489730835,
      -0.16093920171260834,
      -0.09911327809095383,
      -0.09562427550554276
    ],
    [
      0.2063000351190567,
      0.18940557539463043,
      -0.05704294145107269,
      0.21411670744419098,
      -0.21072392165660858,
      0.013627581298351288,
      -0.16836510598659515,
      -0.167765274643898,
      -0.09171324223279953,
      -0.09941407293081284
    ],
    [
      0.2057858258485794,
      0.1899518221616745,
      -0.05634026601910591,
      0.21348319947719574,
      -0.21120835840702057,
      0.013215663842856884,
      -0.16895784437656403,
      -0.16656100749969482,
      -0.09260910749435425,
      -0.09982191771268845
    ]
  ]
}