{
  "tempos": [
    0.0,
    0.5,
    1.0,
    1.5,
    2.0,
    2.5,
    3.0,
    3.5,
    4.0,
    4.5,
    5.0,
    5.5,
    6.0,
    6.5,
    7.0,
    7.5,
    8.0,
    8.5,
    9.0,
    9.5,
    10.0,
    10.5,
    11.0,
    11.5,
    12.0,
    12.5,
    13.0,
    13.5,
    14.0,
    14.5,
    15.0,
    15.5,
    16.0
  ],
  "engajamentoneural": [
    43.784144705520696,
    50.19276784418763,
    59.80872806406619,
    68.08591552281882,
    72.69228459559135,
    74.02308331595874,
    73.4731477280344,
    72.33072753478838,
    71.3489932017817,
    70.70780287537642,
    70.26053192449248,
    69.83438752180746,
    69.390532830207,
    69.00966202065732,
    68.78932160003764,
    68.75774610197432,
    68.86923379068075,
    69.06996843110988,
    69.36037618013398,
    69.77779789498256,
    70.30075915091287,
    70.7700549139286,
    70.91963803285913,
    70.51209256051135,
    69.50107195686792,
    68.12790730633883,
    66.84850801359026,
    66.06719509406656,
    65.86148623355069,
    65.95191220454436,
    65.96159301300818,
    65.74840065049858,
    65.5061968925898
  ],
  "cognitivedemand": [
    35.108362470720046,
    42.75876236857743,
    49.44571676673741,
    52.312666334484916,
    57.76583588348378,
    55.540775484644506,
    49.23553038189854,
    42.418568510784965,
    57.43768059851159,
    60.24278919759204,
    60.288259062352694,
    66.2956067725846,
    70.11667761920872,
    69.30278907592682,
    70.69919767548231,
    73.0448670596546,
    72.91655270625203,
    71.32651290538558,
    69.9170648536125,
    43.76792780035922,
    62.14009879962118,
    68.03743032725622,
    68.28025317077314,
    66.25787678855482,
    65.8815657570192,
    34.07236410051743,
    44.35796993074061,
    56.86052721033481,
    64.18521373346537,
    64.28671427667358,
    64.58158526323959,
    59.67744485718456,
    59.131391414905956
  ],
  "focus": [
    9.369103176018001,
    18.552804686428267,
    54.228979341688515,
    48.72936542856907,
    40.52637430092172,
    34.69774568113281,
    40.278330796917686,
    32.220399608161905,
    40.136534374270454,
    43.828295776059704,
    47.836996427483655,
    32.502283646304775,
    26.862893878834278,
    31.460645823768008,
    37.00742507709092,
    39.614441075937904,
    34.10258015568819,
    33.73442617379725,
    31.905295415777218,
    41.80296294838272,
    36.91273418667234,
    22.08356541264714,
    25.069566919237015,
    35.64262000903312,
    32.225179732107,
    33.338504007530176,
    11.284637974014375,
    30.347748482655746,
    31.09573238731473,
    23.857589558492457,
    18.29194782981121,
    15.473190433568467,
    16.268869016455074
  ],
  "embeddings": [
    [
      0.20129847526550293,
      0.1962374448776245,
      -0.05707288905978203,
      0.2116379588842392,
      -0.2121325582265854,
      0.010560549795627594,
      -0.1759471893310547,
      -0.15318994224071503,
      -0.10589782148599625,
      -0.1009361669421196
    ],
    [
      0.20088674128055573,
      0.19381509721279144,
      -0.05256214737892151,
      0.20936278998851776,
      -0.21397097408771515,
      0.007159167435020208,
      -0.17418889701366425,
      -0.15432830154895782,
      -0.10371040552854538,
      -0.10476162284612656
    ],
    [
      0.20136219263076782,
      0.19356083869934082,
      -0.05181872844696045,
      0.21014881134033203,
      -0.21408814191818237,
      0.009685682132840157,
      -0.17255206406116486,
      -0.15772144496440887,
      -0.10012760013341904,
      -0.10422909259796143
    ],
    [
      0.20371825993061066,
      0.192091166973114,
      -0.05386294424533844,
      0.21237725019454956,
      -0.21275894343852997,
      0.012764864601194859,
      -0.17051970958709717,
      -0.16287128627300262,
      -0.09550926089286804,
      -0.10170826315879822
    ],
    [
      0.20076797902584076,
      0.18860387802124023,
      -0.04811377823352814,
      0.21335649490356445,
      -0.21403412520885468,
      0.0055574881844222546,
      -0.1666274517774582,
      -0.16391724348068237,
      -0.09700725227594376,
      -0.11014974117279053
    ],
    [
      0.2014930248260498,
      0.18450723588466644,
      -0.03603437915444374,
      0.21296876668930054,
      -0.21890489757061005,
      0.008795688860118389,
      -0.15743057429790497,
      -0.1777198761701584,
      -0.08038852363824844,
      -0.11561283469200134
    ],
    [
      0.20020973682403564,
      0.19415529072284698,
      -0.04955907538533211,
      0.2139945775270462,
      -0.21406596899032593,
      0.009877244010567665,
      -0.1696317195892334,
      -0.16114357113838196,
      -0.09929826110601425,
      -0.10545852780342102
    ],
    [
      0.19983524084091187,
      0.19656777381896973,
      -0.055722132325172424,
      0.21443676948547363,
      -0.21163523197174072,
      0.008408435620367527,
      -0.17426824569702148,
      -0.15444611012935638,
      -0.10733911395072937,
      -0.10245765000581741
    ],
    [
      0.19943566620349884,
      0.19357900321483612,
      -0.05068791285157204,
      0.2139304131269455,
      -0.21344304084777832,
      0.00662497291341424,
      -0.17059743404388428,
      -0.1585293412208557,
      -0.10292010754346848,
      -0.10675916075706482
    ],
    [
      0.1987302303314209,
      0.19611507654190063,
      -0.05089309811592102,
      0.21334759891033173,
      -0.21383816003799438,
      0.008207718841731548,
      -0.1722605973482132,
      -0.15616436302661896,
      -0.1041850820183754,
      -0.1056908369064331
    ],
    [
      0.19933153688907623,
      0.197484090924263,
      -0.0577203594148159,
      0.21456259489059448,
      -0.2108486145734787,
      0.006895009428262711,
      -0.17602761089801788,
      -0.15140391886234283,
      -0.11103075742721558,
      -0.10184893757104874
    ],
    [
      0.19911698997020721,
      0.19279249012470245,
      -0.04830095171928406,
      0.21369798481464386,
      -0.2143346071243286,
      0.006104292813688517,
      -0.16901761293411255,
      -0.16019226610660553,
      -0.10090281814336777,
      -0.108510822057724
    ],
    [
      0.19886738061904907,
      0.19452911615371704,
      -0.04932621493935585,
      0.21389256417751312,
      -0.2140944004058838,
      0.0071876938454806805,
      -0.17034219205379486,
      -0.15865354239940643,
      -0.10244089365005493,
      -0.10706618428230286
    ],
    [
      0.1993604153394699,
      0.1950831562280655,
      -0.050813447684049606,
      0.21418534219264984,
      -0.21352677047252655,
      0.00831404235213995,
      -0.17100737988948822,
      -0.15840251743793488,
      -0.10274925082921982,
      -0.10556862503290176
    ],
    [
      0.19896991550922394,
      0.19569988548755646,
      -0.05014278367161751,
      0.21399855613708496,
      -0.21390293538570404,
      0.008579030632972717,
      -0.17115290462970734,
      -0.15780197083950043,
      -0.103040911257267,
      -0.10588285326957703
    ],
    [
      0.1983230859041214,
      0.19780707359313965,
      -0.05321434140205383,
      0.21409684419631958,
      -0.2128686159849167,
      0.008017893880605698,
      -0.1741030216217041,
      -0.1533793956041336,
      -0.10800827294588089,
      -0.10416420549154282
    ],
    [
      0.19940339028835297,
      0.19549739360809326,
      -0.052887920290231705,
      0.21439261734485626,
      -0.2126561999320984,
      0.007901097647845745,
      -0.17214851081371307,
      -0.1567174345254898,
      -0.10498061776161194,
      -0.10457047820091248
    ],
    [
      0.19958357512950897,
      0.1926509588956833,
      -0.047910939902067184,
      0.21399348974227905,
      -0.21445702016353607,
      0.007792126387357712,
      -0.1680452972650528,
      -0.16204623878002167,
      -0.09892462939023972,
      -0.10794910043478012
    ],
    [
      0.1988297700881958,
      0.19417054951190948,
      -0.04907222092151642,
      0.21396885812282562,
