{
  "tempos": [
    0.0,
    0.5,
    1.0,
    1.5,
    2.0,
    2.5,
    3.0,
    3.5,
    4.0,
    4.5,
    5.0
  ],
  "engajamentoneural": [
    74.33052528574908,
    80.86086353635714,
    88.07719102545813,
    92.07572011431647,
    93.02023394977927,
    91.67895140675586,
    88.19855855911831,
    82.72291169062242,
    76.11439148541754,
    70.0545799521166,
    66.4215700512092
  ],
  "cognitivedemand": [
    58.425175002775774,
    71.91876473188533,
    73.85683524332974,
    73.51188938642659,
    73.74113305483871,
    73.67682009131117,
    73.2635157446626,
    44.72776493910034,
    50.66902134207588,
    61.244775282010146,
    61.81687362742742
  ],
  "focus": [
    30.34322100954456,
    26.3703799489431,
    25.08089994273813,
    24.179070447759056,
    22.58772725170693,
    20.587946959210825,
    16.5953824096124,
    26.29236968782254,
    48.22888660597443,
    45.58179528802409,
    44.82904181525143
  ],
  "embeddings": [
    [
      0.19484102725982666,
      0.1867537647485733,
      -0.03122708946466446,
      0.2107914686203003,
      -0.22098171710968018,
      -0.004272944759577513,
      -0.16173429787158966,
      -0.16298465430736542,
      -0.09865059703588486,
      -0.12403035163879395
    ],
    [
      0.1927729696035385,
      0.1896209865808487,
      -0.031234458088874817,
      0.21154145896434784,
      -0.22147464752197266,
      -0.003955729305744171,
      -0.1634547859430313,
      -0.16041059792041779,
      -0.10106846690177917,
      -0.12431374192237854
    ],
    [
      0.1927078813314438,
      0.1941678375005722,
      -0.038475774228572845,
      0.21209599077701569,
      -0.2189457267522812,
      -0.0029759875033050776,
      -0.16943596303462982,
      -0.15274786949157715,
      -0.10936503857374191,
      -0.11871054023504257
    ],
    [
      0.19279803335666656,
      0.1950468271970749,
      -0.04096277430653572,
      0.21202097833156586,
      -0.21795839071273804,
      -0.0027934194076806307,
      -0.17102967202663422,
      -0.150996595621109,
      -0.11113548278808594,
      -0.1172148585319519
    ],
    [
      0.1934364289045334,
      0.1944115310907364,
      -0.0409531407058239,
      0.21203739941120148,
      -0.21791048347949982,
      -0.0019012485863640904,
      -0.17030654847621918,
      -0.15265388786792755,
      -0.10921769589185715,
      -0.11683764308691025
    ],
    [
      0.19363032281398773,
      0.19553066790103912,
      -0.04181371629238129,
      0.21220754086971283,
      -0.21765656769275665,
      -0.0004106538835912943,
      -0.17096184194087982,
      -0.15219055116176605,
      -0.10939309746026993,
      -0.11539799720048904
    ],
    [
      0.19358722865581512,
      0.19764864444732666,
      -0.04438840225338936,
      0.2125111222267151,
      -0.21670012176036835,
      0.0009328994783572853,
      -0.17306655645370483,
      -0.14974747598171234,
      -0.11186166852712631,
      -0.113028384745121
    ],
    [
      0.19348861277103424,
      0.19882166385650635,
      -0.04589562118053436,
      0.21252693235874176,
      -0.21619753539562225,
      0.001495600095950067,
      -0.17433585226535797,
      -0.1481705754995346,
      -0.11335185915231705,
      -0.11180543154478073
    ],
    [
      0.19372566044330597,
      0.19956868886947632,
      -0.047642484307289124,
      0.21281282603740692,
      -0.21552599966526031,
      0.0021570685785263777,
      -0.1753532439470291,
      -0.1471836119890213,
      -0.11441557854413986,
      -0.11043072491884232
    ],
    [
      0.194438636302948,
      0.19933898746967316,
      -0.04867425933480263,
      0.2130104899406433,
      -0.21504747867584229,
      0.003057681955397129,
      -0.1752590388059616,
      -0.14809004962444305,
      -0.1133928969502449,
      -0.10936558991670609
    ],
    [
      0.1963181048631668,
      0.19826705753803253,
      -0.05156416818499565,
      0.21381430327892303,
      -0.21358264982700348,
      0.004421908408403397,
      -0.17499661445617676,
      -0.15015201270580292,
      -0.11171694844961166,
      -0.10691756755113602
    ],
    [
      0.1960011124610901,
      0.19542090594768524,
      -0.046856533735990524,
      0.2130216509103775,
      -0.21540117263793945,
      0.002672867849469185,
      -0.17182183265686035,
      -0.1538718342781067,
      -0.10764781385660172,
      -0.1109442189335823
    ],
    [
      0.195512592792511,
      0.1938946396112442,
      -0.043194711208343506,
      0.21236495673656464,
      -0.21688450872898102,
      0.0015820370754227042,
      -0.16968166828155518,
      -0.15609021484851837,
      -0.10505405813455582,
      -0.11383018642663956
    ],
    [
      0.19467060267925262,
      0.19455260038375854,
      -0.041985172778367996,
      0.21188794076442719,
      -0.2175876498222351,
      0.0009252086747437716,
      -0.1700121909379959,
      -0.1548999696969986,
      -0.10597213357686996,
      -0.11480409651994705
    ],
    [
      0.19323481619358063,
      0.19630950689315796,
      -0.04206076264381409,
      0.21070235967636108,
      -0.21799995005130768,
      -0.0008568554767407477,
      -0.1723686009645462,
      -0.15041504800319672,
      -0.11014726758003235,
      -0.11544042825698853
    ]
  ]
}