{
  "tempos": [
    0.0,
    0.5,
    1.0,
    1.5,
    2.0,
    2.5,
    3.0,
    3.5,
    4.0,
    4.5,
    5.0
  ],
  "engajamentoneural": [
    71.78068680641975,
    78.79795987415277,
    86.68095119235069,
    91.11688420599933,
    92.19289401089843,
    90.77604885441536,
    87.14740831279278,
    81.63690112022022,
    75.23678925523289,
    69.54381243324846,
    66.19034241491697
  ],
  "cognitivedemand": [
    56.321213726662926,
    76.32249940682446,
    77.92022423644612,
    78.03628200104485,
    77.68993803521741,
    77.62787197046086,
    77.23560789573806,
    47.56124128733152,
    53.785037497878065,
    64.2641613962354,
    64.65514131765892
  ],
  "focus": [
    29.976783535238056,
    21.003718630422988,
    27.082900700595797,
    24.336031627445585,
    29.15791243785612,
    31.941640941686334,
    15.520386274550154,
    21.835694995681447,
    45.589963242292036,
    46.29277424657952,
    45.18392656416887
  ],
  "embeddings": [
    [
      0.19528402388095856,
      0.18739931285381317,
      -0.03237377479672432,
      0.21238911151885986,
      -0.2204347848892212,
      -0.0017545748269185424,
      -0.16094283759593964,
      -0.16580797731876373,
      -0.09654534608125687,
      -0.12156349420547485
    ],
    [
      0.19314724206924438,
      0.18641753494739532,
      -0.027556663379073143,
      0.21177129447460175,
      -0.22257013618946075,
      -0.004089480731636286,
      -0.15934549272060394,
      -0.16549183428287506,
      -0.09580481797456741,
      -0.12732617557048798
    ],
    [
      0.1920040398836136,
      0.19154493510723114,
      -0.034345176070928574,
      0.21163159608840942,
      -0.22035221755504608,
      -0.0054827420972287655,
      -0.16652490198612213,
      -0.15562129020690918,
      -0.10661038756370544,
      -0.12294057756662369
    ],
    [
      0.19177769124507904,
      0.19243936240673065,
      -0.03574680909514427,
      0.2113962173461914,
      -0.21990226209163666,
      -0.005684036761522293,
      -0.16797594726085663,
      -0.1536724865436554,
      -0.10849664360284805,
      -0.1221911832690239
    ],
    [
      0.19235122203826904,
      0.19198547303676605,
      -0.036373820155858994,
      0.21158623695373535,
      -0.21956731379032135,
      -0.004990563262254,
      -0.16764546930789948,
      -0.15473300218582153,
      -0.1074637770652771,
      -0.12153268605470657
    ],
    [
      0.1930977702140808,
      0.19143342971801758,
      -0.036017563194036484,
      0.21191342175006866,
      -0.21959763765335083,
      -0.003513128263875842,
      -0.16646824777126312,
      -0.15716998279094696,
      -0.1047087237238884,
      -0.12102275341749191
    ],
    [
      0.1935815066099167,
      0.19263911247253418,
      -0.03893381729722023,
      0.2123889923095703,
      -0.21841569244861603,
      -0.002428402891382575,
      -0.16803711652755737,
      -0.15570257604122162,
      -0.10649263858795166,
      -0.11853769421577454
    ],
    [
      0.1933179348707199,
      0.19246570765972137,
      -0.03780845180153847,
      0.21213765442371368,
      -0.21888624131679535,
      -0.0026051830500364304,
      -0.1675444096326828,
      -0.15613259375095367,
      -0.10579774528741837,
      -0.11935558915138245
    ],
    [
      0.1937416046857834,
      0.1923680156469345,
      -0.038814183324575424,
      0.2122633010149002,
      -0.2184475213289261,
      -0.002341869054362178,
      -0.1678016632795334,
      -0.15610165894031525,
      -0.10590536147356033,
      -0.11862274259328842
    ],
    [
      0.19373656809329987,
      0.19335292279720306,
      -0.03983503580093384,
      0.21247784793376923,
      -0.2181161791086197,
      -0.0015079561853781343,
      -0.16858641803264618,
      -0.15526603162288666,
      -0.1066826656460762,
      -0.11749280244112015
    ],
    [
      0.19492407143115997,
      0.19346489012241364,
      -0.04237806797027588,
      0.21279478073120117,
      -0.2170397788286209,
      -0.0004118173383176327,
      -0.16937726736068726,
      -0.15552644431591034,
      -0.10655567049980164,
      -0.11511766165494919
    ],
    [
      0.19364170730113983,
      0.19348865747451782,
      -0.03938540443778038,
      0.21214711666107178,
      -0.21839319169521332,
      -0.0017379071796312928,
      -0.16878868639469147,
      -0.1552007496356964,
      -0.10653147846460342,
      -0.11768656224012375
    ],
    [
      0.19281359016895294,
      0.19290192425251007,
      -0.03718767687678337,
      0.21149040758609772,
      -0.21937443315982819,
      -0.0033759213984012604,
      -0.16819626092910767,
      -0.1550043374300003,
      -0.10656401515007019,
      -0.11994608491659164
    ],
    [
      0.19191938638687134,
      0.19348829984664917,
      -0.03625066950917244,
      0.21087609231472015,
      -0.21996669471263885,
      -0.004420544486492872,
      -0.16878463327884674,
      -0.15337291359901428,
      -0.10799726098775864,
      -0.12098943442106247
    ],
    [
      0.1908740997314453,
      0.1949993371963501,
      -0.03667246922850609,
      0.20988939702510834,
      -0.2201429158449173,
      -0.005737908650189638,
      -0.17084860801696777,
      -0.14967209100723267,
      -0.11143862456083298,
      -0.12117037922143936
    ]
  ]
}