{
  "tempos": [
    0.0,
    0.5,
    1.0,
    1.5,
    2.0,
    2.5,
    3.0,
    3.5,
    4.0,
    4.5,
    5.0,
    5.5,
    6.0,
    6.5,
    7.0,
    7.5,
    8.0,
    8.5,
    9.0,
    9.5,
    10.0,
    10.5,
    11.0,
    11.5,
    12.0,
    12.5,
    13.0,
    13.5,
    14.0,
    14.5,
    15.0,
    15.5,
    16.0,
    16.5,
    17.0
  ],
  "engajamentoneural": [
    43.00812512531424,
    49.47502027909032,
    59.36297463968398,
    68.12295434536802,
    73.20869804713675,
    74.82051780313056,
    74.21935555057556,
    72.63893429312735,
    70.94365423807905,
    69.60237807868889,
    68.8133106792692,
    68.60713778335763,
    68.88010651161295,
    69.43598767463759,
    70.07273750221373,
    70.65617054059258,
    71.13456132503171,
    71.50664772708271,
    71.77796380448885,
    71.93273770586286,
    71.93500756498621,
    71.74874198786586,
    71.33966261086832,
    70.6416419950423,
    69.54377070342727,
    67.9820381199294,
    66.10902898628161,
    64.35768162841192,
    63.23102085178205,
    62.929538503830926,
    63.15867351690597,
    63.315646906018145,
    62.93495864254914,
    62.081422314192416,
    61.35200988223111
  ],
  "cognitivedemand": [
    70.00668472035076,
    75.61215506366933,
    53.703296274214466,
    80.33759617420934,
    85.59167909774693,
    86.09884243733131,
    85.99201507836594,
    90.05819060390928,
    90.46721011974337,
    90.00087798378759,
    69.75982685968754,
    84.36559300112565,
    84.40093394578325,
    83.00966370686486,
    83.41953578220632,
    84.60625643900723,
    86.12347666508205,
    90.22305188319409,
    91.0166478297891,
    91.13046496615739,
    91.25349637012526,
    91.2727055643246,
    67.25362129665838,
    83.637175229237,
    84.5700827066961,
    84.17725654669432,
    40.82495252275447,
    77.68834909566304,
    88.75051031183617,
    91.16452204449278,
    91.57694824977649,
    92.06167131856668,
    88.72937752725437,
    88.72209833495174,
    88.72150543107057
  ],
  "focus": [
    85.25931960273013,
    75.09394529799769,
    37.195224144905595,
    37.341161733118845,
    72.90615340256434,
    89.80755132358348,
    91.37509966502114,
    88.9131687663438,
    72.58759663704757,
    77.13570406621236,
    82.12115571824924,
    41.44899134738657,
    37.280472555048725,
    42.75013839645969,
    32.78985234902874,
    23.7696062518518,
    11.60879592702101,
    9.180800621807778,
    8.366731849817974,
    8.378374113202966,
    9.180641521701183,
    25.075406903242314,
    34.945977721839384,
    13.81586557159411,
    27.769361173928527,
    29.599991377892927,
    32.60079671091738,
    19.882340783033907,
    36.39686946920853,
    35.846578588597175,
    21.253177539120923,
    18.47838303777409,
    20.16583828097874,
    22.972290577870222,
    23.14265334170012
  ],
  "embeddings": [
    [
      0.200978621840477,
      0.19449587166309357,
      -0.05219575762748718,
      0.21087487041950226,
      -0.21408557891845703,
      0.009951853193342686,
      -0.17313845455646515,
      -0.1567995697259903,
      -0.10179948061704636,
      -0.10439079254865646
    ],
    [
      0.20079593360424042,
      0.19279168546199799,
      -0.051079291850328445,
      0.20983396470546722,
      -0.2145615965127945,
      0.006793441250920296,
      -0.17289231717586517,
      -0.15608066320419312,
      -0.10219857096672058,
      -0.10629555583000183
    ],
    [
      0.20165657997131348,
      0.19213207066059113,
      -0.05099216476082802,
      0.2110971063375473,
      -0.2141818404197693,
      0.009241348132491112,
      -0.17086099088191986,
      -0.16017168760299683,
      -0.09817659854888916,
      -0.10554865002632141
    ],
    [
      0.20299823582172394,
      0.19133639335632324,
      -0.04931208863854408,
      0.21250717341899872,
      -0.21460402011871338,
      0.013405836187303066,
      -0.1675422042608261,
      -0.1668550968170166,
      -0.09164014458656311,
      -0.10426059365272522
    ],
    [
      0.2037632018327713,
      0.18713046610355377,
      -0.0514955073595047,
      0.2143857628107071,
      -0.2124996930360794,
      0.008443896658718586,
      -0.1657920479774475,
      -0.16810066998004913,
      -0.09322785586118698,
      -0.10624673217535019
    ],
    [
      0.20379917323589325,
      0.18349778652191162,
      -0.04057837650179863,
      0.2136286348104477,
      -0.2168246954679489,
      0.011012664996087551,
      -0.1577426642179489,
      -0.17926888167858124,
      -0.07969697564840317,
      -0.11162722110748291
    ],
    [
      0.20328019559383392,
      0.18950039148330688,
      -0.04989292100071907,
      0.21453090012073517,
      -0.21343691647052765,
      0.011109285056591034,
      -0.16618572175502777,
      -0.16775983572006226,
      -0.09295731037855148,
      -0.10501586645841599
    ],
    [
      0.20345640182495117,
      0.19112567603588104,
      -0.054350242018699646,
      0.21499569714069366,
      -0.21157647669315338,
      0.011110597290098667,
      -0.16898669302463531,
      -0.16429102420806885,
      -0.09720588475465775,
      -0.10227951407432556
    ],
    [
      0.2031739354133606,
      0.18892090022563934,
      -0.04848097264766693,
      0.21443897485733032,
      -0.21388715505599976,
      0.011219650506973267,
      -0.16504158079624176,
      -0.16935230791568756,
      -0.09097252041101456,
      -0.106008380651474
    ],
    [
      0.2021971493959427,
      0.18944157660007477,
      -0.04727847874164581,
      0.21424376964569092,
      -0.21448743343353271,
      0.010170458815991879,
      -0.16512127220630646,
      -0.16832399368286133,
      -0.09223822504281998,
      -0.10712835192680359
    ],
    [
      0.20215052366256714,
      0.19062495231628418,
      -0.05053432285785675,
      0.21512246131896973,
      -0.21313683688640594,
      0.009790055453777313,
      -0.16713444888591766,
      -0.16561387479305267,
      -0.0961996391415596,
      -0.10525017976760864
    ],
    [
      0.2025623321533203,
      0.18848557770252228,
      -0.048780009150505066,
      0.21552245318889618,
      -0.2135402411222458,
      0.009638779796659946,
      -0.16448862850666046,
      -0.16937576234340668,
      -0.09258005023002625,
      -0.1067904531955719
    ],
    [
      0.2021830677986145,
      0.18745552003383636,
      -0.04613450542092323,
      0.21504366397857666,
      -0.21462373435497284,
      0.00871575903147459,
      -0.16306982934474945,
      -0.17071892321109772,
      -0.09092967957258224,
      -0.10896757990121841
    ],
    [
      0.20211701095104218,
      0.18798714876174927,
      -0.045401979237794876,
      0.21497511863708496,
      -0.21502666175365448,
      0.00936212483793497,
      -0.1629733294248581,
      -0.17101870477199554,
      -0.09027279168367386,
      -0.108878493309021
    ],
    [
      0.2020757645368576,
      0.18932928144931793,
      -0.04617592319846153,
      0.2148570418357849,
      -0.21484802663326263,
      0.01084016915410757,
      -0.16373296082019806,
      -0.17035029828548431,
      -0.09038075804710388,
      -0.10762261599302292
    ],
    [
      0.20110078155994415,
      0.19112689793109894,
      -0.04963977262377739,
      0.21448153257369995,
      -0.2135842889547348,
      0.008210060186684132,
      -0.16765199601650238,
      -0.16411665081977844,
      -0.09752266854047775,
      -0.1066446304321289
    ],
    [
      0.19931839406490326,
      0.188359797000885,
      -0.042540043592453,
      0.21317799389362335,
      -0.216417133808136,
      0.004656253848224878,
      -0.16445237398147583,
      -0.1661018580198288,
      -0.09490076452493668,
      -0.11349639296531677
    ],
    [
      0.19786016643047333,
      0.1886172741651535,
      -0.04053954780101776,
      0.2128302901983261,
      -0.21728338301181793,
      0.0021853982470929623,
      -0.1646682769060135,
      -0.16421765089035034,
      -0.09710408002138138,
