{
  "tempos": [
    0.0,
    0.5,
    1.0,
    1.5,
    2.0,
    2.5,
    3.0,
    3.5,
    4.0,
    4.5,
    5.0,
    5.5,
    6.0,
    6.5,
    7.0,
    7.5,
    8.0,
    8.5,
    9.0,
    9.5,
    10.0,
    10.5,
    11.0,
    11.5,
    12.0,
    12.5,
    13.0,
    13.5,
    14.0,
    14.5,
    15.0,
    15.5,
    16.0,
    16.5,
    17.0,
    17.5,
    18.0,
    18.5,
    19.0
  ],
  "engajamentoneural": [
    36.34416701233141,
    41.65679937023254,
    50.453683989130624,
    59.52297914282778,
    66.32700391325503,
    70.21134393913738,
    71.62676850456864,
    71.22581678574622,
    69.63844847479575,
    67.54086890020086,
    65.62867831048729,
    64.42641889311209,
    64.09435265088315,
    64.4164776213574,
    64.99955360482794,
    65.51285247952907,
    65.79026586452396,
    65.78567630757281,
    65.4996407472513,
    64.96263276947028,
    64.27288151681023,
    63.631592709698694,
    63.301296787559245,
    63.46719318091232,
    64.09887851478001,
    64.94268919373243,
    65.65219293775819,
    65.95235469755833,
    65.7597797462343,
    65.23469070910728,
    64.72176043863557,
    64.55975969540206,
    64.87486042079443,
    65.52869901231601,
    66.2375206162686,
    66.7327574525699,
    66.87949343100415,
    66.74482071568508,
    66.56605651873433
  ],
  "cognitivedemand": [
    23.157637301314182,
    32.30214222654603,
    40.54413729274866,
    37.45286451166956,
    80.285945164384,
    85.786333667636,
    86.8211975453435,
    85.77711251812046,
    71.15019358631582,
    72.48230551827368,
    73.43267589317641,
    68.43124350739008,
    85.27217033512873,
    86.91869227205962,
    83.78717126389047,
    82.86627121821815,
    91.12021260251254,
    92.36680853838226,
    92.41941053992899,
    92.43310745334315,
    92.47483177689311,
    81.79356197642743,
    79.73092675969137,
    84.47804161785712,
    87.19224948147327,
    87.29059634233698,
    89.53337859364228,
    90.51628901160927,
    90.70417220175857,
    67.56537739140902,
    41.322918750475814,
    64.84569963155991,
    70.80856635058059,
    71.11162762142033,
    68.12246236280453,
    67.75993309925754,
    67.76097679680666,
    67.7630847516142,
    67.763460162144
  ],
  "focus": [
    11.327766906936487,
    38.34819197317858,
    60.7149790275553,
    37.73228783687279,
    17.534738080117204,
    19.496100449888065,
    14.389135430125648,
    10.624609344574202,
    11.652924374091498,
    14.562490438859635,
    13.113241696696614,
    36.821686300705665,
    14.992230328267466,
    13.113072452345095,
    15.156515625116919,
    12.31475340461245,
    8.876811708805786,
    8.843629822681963,
    8.314919677570023,
    8.21853603880957,
    8.01041241288461,
    8.040067965933675,
    8.581635900390225,
    13.391106304768838,
    12.474838227718422,
    14.247592936370106,
    18.49384750951044,
    15.495558235947165,
    10.60834355702172,
    9.124514220323418,
    13.103172373316522,
    13.293099835868398,
    13.098461288259127,
    10.764302338727747,
    9.756380248493658,
    9.205678824164787,
    9.133597886038705,
    9.301052769671655,
    9.444995201710249
  ],
  "embeddings": [
    [
      0.19749581813812256,
      0.19756121933460236,
      -0.05091708526015282,
      0.20954370498657227,
      -0.21488364040851593,
      0.0055311680771410465,
      -0.17668937146663666,
      -0.14856761693954468,
      -0.11046048253774643,
      -0.10663270205259323
    ],
    [
      0.19931535422801971,
      0.1948423832654953,
      -0.050594817847013474,
      0.20940496027469635,
      -0.21491391956806183,
      0.006207361817359924,
      -0.1744728684425354,
      -0.15303373336791992,
      -0.10515610128641129,
      -0.10667839646339417
    ],
    [
      0.19955790042877197,
      0.19398753345012665,
      -0.05033328756690025,
      0.21049153804779053,
      -0.2146533727645874,
      0.007018417585641146,
      -0.1728145331144333,
      -0.15561838448047638,
      -0.10279125720262527,
      -0.10686696320772171
    ],
    [
      0.20022206008434296,
      0.1921049952507019,
      -0.048736605793237686,
      0.211186945438385,
      -0.2149571031332016,
      0.007165087386965752,
      -0.17028142511844635,
      -0.15944020450115204,
      -0.09923505783081055,
      -0.10791083425283432
    ],
    [
      0.19798219203948975,
      0.19594256579875946,
      -0.05072462558746338,
      0.20941515266895294,
      -0.21477676928043365,
      0.004855087958276272,
      -0.17563216388225555,
      -0.1501629799604416,
      -0.10835661739110947,
      -0.1074473038315773
    ],
    [
      0.20568645000457764,
      0.19040705263614655,
      -0.0618586502969265,
      0.2151346057653427,
      -0.2084299474954605,
      0.009573162533342838,
      -0.1718626171350479,
      -0.1623549908399582,
      -0.09976381063461304,
      -0.09841958433389664
    ],
    [
      0.20731793344020844,
      0.18285705149173737,
      -0.050232548266649246,
      0.21468062698841095,
      -0.21265776455402374,
      0.012918074615299702,
      -0.16053049266338348,
      -0.17840830981731415,
      -0.08101349323987961,
      -0.10536262392997742
    ],
    [
      0.20802319049835205,
      0.18287193775177002,
      -0.05099787190556526,
      0.21508610248565674,
      -0.21235482394695282,
      0.01401520986109972,
      -0.16042833030223846,
      -0.17914919555187225,
      -0.08036944270133972,
      -0.10412641614675522
    ],
    [
      0.20811153948307037,
      0.18421316146850586,
      -0.05325065925717354,
      0.21533823013305664,
      -0.2115047425031662,
      0.014489233493804932,
      -0.1621043086051941,
      -0.17722226679325104,
      -0.0826558768749237,
      -0.10224619507789612
    ],
    [
      0.20803393423557281,
      0.1846320480108261,
      -0.05359749495983124,
      0.21522359549999237,
      -0.2115047723054886,
      0.014453758485615253,
      -0.1628149300813675,
      -0.17612291872501373,
      -0.08364184945821762,
      -0.10202711820602417
    ],
    [
      0.20841236412525177,
      0.18540716171264648,
      -0.05549868941307068,
      0.21547137200832367,
      -0.21079021692276,
      0.01490083709359169,
      -0.1639787256717682,
      -0.1750529408454895,
      -0.08498565107584,
      -0.10029115527868271
    ],
    [
      0.2078329175710678,
      0.18661396205425262,
      -0.05658344551920891,
      0.21558724343776703,
      -0.21039986610412598,
      0.015300177037715912,
      -0.16509848833084106,
      -0.17321331799030304,
      -0.08703261613845825,
      -0.09944170713424683
    ],
    [
      0.20900623500347137,
      0.18659164011478424,
      -0.05667719617486,
      0.21583986282348633,
      -0.21020488440990448,
      0.017680024728178978,
      -0.16388700902462006,
      -0.17674295604228973,
      -0.08315426111221313,
      -0.09786712378263474
    ],
    [
      0.2107180505990982,
      0.18609122931957245,
      -0.05793701112270355,
      0.2162337750196457,
      -0.2097259908914566,
      0.020335236564278603,
      -0.1633308082818985,
      -0.17913950979709625,
      -0.08038965612649918,
      -0.09575578570365906
    ],
    [
      0.2106134444475174,
      0.18967223167419434,
      -0.0633763000369072,
      0.21676300466060638,
      -0.20781438052654266,
      0.021295415237545967,
      -0.16787321865558624,
      -0.17347168922424316,
      -0.0869324579834938,
      -0.0912233293056488
    ],
    [
      0.2109355926513672,
      0.1915917992591858,
      -0.06928012520074844,
      0.21711744368076324,
      -0.2055702805519104,
      0.02100013755261898,
      -0.17184685170650482,
      -0.1686684489250183,
      -0.09272691607475281,
      -0.08756061643362045
    ],
    [
      0.21036843955516815,
      0.19014553725719452,
      -0.06459718942642212,
      0.21648140251636505,
      -0.20731866359710693,
      0.020821206271648407,
      -0.16901874542236328,
      -0.17151153087615967,
