{
  "tempos": [
    0.0,
    0.5,
    1.0,
    1.5,
    2.0,
    2.5,
    3.0,
    3.5,
    4.0,
    4.5,
    5.0,
    5.5,
    6.0,
    6.5,
    7.0,
    7.5,
    8.0,
    8.5,
    9.0,
    9.5,
    10.0,
    10.5,
    11.0,
    11.5,
    12.0,
    12.5,
    13.0,
    13.5,
    14.0,
    14.5,
    15.0,
    15.5,
    16.0
  ],
  "engajamentoneural": [
    68.59110862177519,
    74.42817301112946,
    81.27116882268427,
    85.26675919129183,
    85.9602056949813,
    84.19976096011227,
    80.96742369799883,
    77.20683780236958,
    73.57511066593123,
    70.37825425416757,
    67.77879019720214,
    65.89901904096756,
    64.67391697686806,
    63.72298088466969,
    62.50646295468244,
    60.66787531589749,
    58.26139859333273,
    55.74312239103744,
    53.83141864772415,
    53.304748970567076,
    54.65258389035763,
    57.617605335951936,
    61.0552764969284,
    63.52097687805555,
    64.15127632886131,
    63.019913323820774,
    60.89086271246295,
    58.740257511491365,
    57.33492451870953,
    56.99634957713873,
    57.53877731811805,
    58.409323262427,
    59.016411377442545
  ],
  "cognitivedemand": [
    57.77774538868876,
    62.63024899963615,
    62.85878262868076,
    65.74775147112791,
    65.81545097265891,
    66.10460582991038,
    65.29538316726128,
    66.48255526280046,
    67.597219219599,
    61.4742016778024,
    54.20004328008297,
    55.88727166964729,
    63.279482603678744,
    72.86850875607084,
    66.00684460575768,
    57.81440039294108,
    57.39611938603014,
    56.988580322605166,
    59.89982460905611,
    49.48088319340159,
    49.107073249504616,
    57.066306284554734,
    70.32487941586199,
    70.75723869376046,
    55.596010181626795,
    56.53107688550268,
    59.505493663436326,
    65.98779702500447,
    68.94268858324318,
    61.7597954247754,
    59.062073411554074,
    72.38368187067485,
    76.01628696152292
  ],
  "focus": [
    27.797170409455934,
    41.64254640880856,
    82.31661525073277,
    87.17180178367708,
    86.5181042180643,
    89.80497354475342,
    91.0426759150716,
    91.48530839837612,
    91.96875180347956,
    93.92510766143799,
    93.55278403972447,
    90.84762103109331,
    88.41131789871291,
    81.99810667434751,
    74.90089924891217,
    48.91075791100058,
    20.522576680290264,
    19.373781338197833,
    27.951339677395502,
    31.53300031525599,
    32.32278654660331,
    18.525611907780444,
    35.19451907321815,
    72.55903330257385,
    75.10208694800808,
    87.61338865212075,
    94.96531042475142,
    49.5490596876132,
    46.44453983946969,
    80.53680692213342,
    96.88218135669077,
    91.34348018012437,
    73.49878538705221
  ],
  "embeddings": [
    [
      0.20307183265686035,
      0.18666036427021027,
      -0.049342576414346695,
      0.2143029123544693,
      -0.21294920146465302,
      0.004762767348438501,
      -0.1652173399925232,
      -0.167180135846138,
      -0.094918392598629,
      -0.10861300677061081
    ],
    [
      0.2025488168001175,
      0.17752456665039062,
      -0.03180016949772835,
      0.213780477643013,
      -0.21942442655563354,
      0.005254900548607111,
      -0.15107391774654388,
      -0.18542365729808807,
      -0.07415486127138138,
      -0.12157618999481201
    ],
    [
      0.19955134391784668,
      0.18302302062511444,
      -0.03433864191174507,
      0.21350020170211792,
      -0.21919262409210205,
      0.002770907012745738,
      -0.15701346099376678,
      -0.1754317283630371,
      -0.08528444170951843,
      -0.11994946002960205
    ],
    [
      0.1988801211118698,
      0.18384702503681183,
      -0.035265032202005386,
      0.2136487364768982,
      -0.21883715689182281,
      0.0020368280820548534,
      -0.15802963078022003,
      -0.17338640987873077,
      -0.0881931409239769,
      -0.11960067600011826
    ],
    [
      0.19687135517597198,
      0.18555361032485962,
      -0.0344204343855381,
      0.21331816911697388,
      -0.21935880184173584,
      -0.00010351891251048073,
      -0.1596512645483017,
      -0.16936545073986053,
      -0.09265580773353577,
      -0.1210194006562233
    ],
    [
      0.19637469947338104,
      0.1842728853225708,
      -0.030924377962946892,
      0.21289493143558502,
      -0.22079062461853027,
      -0.0010288456687703729,
      -0.15766704082489014,
      -0.17172451317310333,
      -0.08984378725290298,
      -0.12374497205018997
    ],
    [
      0.19526691734790802,
      0.1859067678451538,
      -0.03205190598964691,
      0.21273423731327057,
      -0.2203933447599411,
      -0.002850552788004279,
      -0.15991078317165375,
      -0.1676441878080368,
      -0.09444645047187805,
      -0.1237037405371666
    ],
    [
      0.19511842727661133,
      0.18370883166790009,
      -0.026857400313019753,
      0.21227093040943146,
      -0.22246527671813965,
      -0.0025540359783917665,
      -0.15606112778186798,
      -0.17243780195713043,
      -0.08864796161651611,
      -0.1271783709526062
    ],
    [
      0.19494567811489105,
      0.18715882301330566,
      -0.03326387703418732,
      0.21301110088825226,
      -0.22006355226039886,
      -0.002341223182156682,
      -0.16111113131046295,
      -0.16564930975437164,
      -0.09682461619377136,
      -0.12252753973007202
    ],
    [
      0.19512726366519928,
      0.1845068335533142,
      -0.02863580547273159,
      0.21252305805683136,
      -0.22174596786499023,
      -0.0024206473026424646,
      -0.15734140574932098,
      -0.1707070916891098,
      -0.09079622477293015,
      -0.1260140985250473
    ],
    [
      0.19544072449207306,
      0.18539024889469147,
      -0.029823219403624535,
      0.21304427087306976,
      -0.22123752534389496,
      -0.001431689946912229,
      -0.1579209417104721,
      -0.17024178802967072,
      -0.09167138487100601,
      -0.12433361262083054
    ],
    [
      0.19441670179367065,
      0.1863863617181778,
      -0.031149109825491905,
      0.21274276077747345,
      -0.22086822986602783,
      -0.0037534593138843775,
      -0.16018681228160858,
      -0.16601945459842682,
      -0.09656884521245956,
      -0.1246243342757225
    ],
    [
      0.19444389641284943,
      0.1848505288362503,
      -0.030503390356898308,
      0.21262289583683014,
      -0.2209443897008896,
      -0.005048813298344612,
      -0.15918993949890137,
      -0.16708284616470337,
      -0.09584793448448181,
      -0.12601636350154877
    ],
    [
      0.19386690855026245,
      0.18328599631786346,
      -0.024829767644405365,
      0.21175499260425568,
      -0.22330379486083984,
      -0.004600511398166418,
      -0.15597690641880035,
      -0.17093755304813385,
      -0.09053882956504822,
      -0.12979896366596222
    ],
    [
      0.19198481738567352,
      0.19048307836055756,
      -0.02844315767288208,
      0.21078354120254517,
      -0.22280149161815643,
      -0.0026627860497683287,
      -0.16282020509243011,
      -0.16063521802425385,
      -0.09999532252550125,
      -0.12577885389328003
    ],
    [
      0.19281215965747833,
      0.190408393740654,
      -0.03249911218881607,
      0.21222884953022003,
      -0.22077512741088867,
      -0.0027388762682676315,
      -0.1636793464422226,
      -0.16006247699260712,
      -0.10167810320854187,
      -0.12351614236831665
    ],
    [
      0.19339020550251007,
      0.18996299803256989,
      -0.029327228665351868,
      0.21185673773288727,
      -0.2222137600183487,
      -0.0002010062598856166,
      -0.1611699014902115,
      -0.1644589900970459,
      -0.09562376886606216,
      -0.12407118827104568
    ],
    [
      0.19359152019023895,
      0.19106023013591766,
      -0.03398735076189041,
      0.21226532757282257,
      -0.22041504085063934,
      -0.0015274061588570476,
      -0.1644962877035141,
      -0.15989403426647186,
      -0.10148611664772034,
      -0.12161701172590256
    ],
    [
      0.19456791877746582,
      0.19035029411315918,
      -0.03832729533314705,
