{
  "tempos": [
    0.0,
    0.5,
    1.0,
    1.5,
    2.0,
    2.5,
    3.0,
    3.5,
    4.0,
    4.5,
    5.0,
    5.5,
    6.0,
    6.5,
    7.0,
    7.5,
    8.0,
    8.5,
    9.0,
    9.5,
    10.0,
    10.5,
    11.0,
    11.5,
    12.0,
    12.5,
    13.0,
    13.5,
    14.0,
    14.5,
    15.0
  ],
  "engajamentoneural": [
    43.30372636137119,
    49.79506710344991,
    59.825890309854714,
    68.93952186345479,
    74.56906557262695,
    76.79286834865691,
    76.60193362674107,
    74.75598846621676,
    71.56001211914634,
    67.12264550831672,
    61.91522509873284,
    57.30211118430655,
    55.37179107280458,
    57.76428730564028,
    64.19660680578447,
    72.02882549964183,
    78.17239784256668,
    81.35091377405065,
    81.90833527677482,
    80.71073934523703,
    78.71197466144115,
    76.78325401880687,
    75.46761509585814,
    74.85013816708069,
    74.67981210089346,
    74.61696068245163,
    74.4229820970927,
    74.0169724379945,
    73.44983947216073,
    72.8737908082623,
    72.50202708623762
  ],
  "cognitivedemand": [
    34.70113762659052,
    35.34950932911426,
    38.104758142697776,
    51.318327546535784,
    50.26317521004435,
    51.33891516490507,
    54.02023977129095,
    52.27774396370222,
    50.183888888226676,
    42.64495417982132,
    61.623823593394484,
    62.69461644193115,
    65.46824245061497,
    73.38382027495459,
    71.84392121959775,
    70.4289949861954,
    77.55456207618701,
    77.76770286325078,
    75.70774212255188,
    68.35664881820553,
    60.196349769591244,
    51.59872377500117,
    57.45726355770479,
    58.11511881173197,
    59.55508391369132,
    58.831049695559315,
    60.11257732345672,
    66.30672366936794,
    77.93323942550359,
    75.1756253586242,
    76.55024880934509
  ],
  "focus": [
    48.19184915445846,
    38.6157525097139,
    38.309633846850474,
    45.207679918046345,
    75.93001018127681,
    75.64703132750296,
    74.89535426605823,
    75.90784943323469,
    45.010550292893555,
    12.396617210514284,
    9.417765415325151,
    14.74919569449981,
    20.163293142147975,
    9.22819485429783,
    8.258842311428875,
    29.740422064608385,
    60.57414997099997,
    68.75013006480613,
    59.902614790806865,
    11.844471494563559,
    11.692607135950201,
    15.447067750244589,
    11.20648858611485,
    61.99512233006761,
    71.38847743222846,
    77.08712479090066,
    71.97379986537081,
    59.74550535494898,
    16.528767395968288,
    8.995568510637947,
    12.099308603872238
  ],
  "embeddings": [
    [
      0.19691742956638336,
      0.19125165045261383,
      -0.0371440090239048,
      0.21130098402500153,
      -0.21908003091812134,
      0.004942434374243021,
      -0.16500726342201233,
      -0.16393835842609406,
      -0.0949350893497467,
      -0.11640921980142593
    ],
    [
      0.19464528560638428,
      0.2006874680519104,
      -0.04848553240299225,
      0.21219472587108612,
      -0.21538932621479034,
      0.00600741570815444,
      -0.1755468100309372,
      -0.149190291762352,
      -0.11127323657274246,
      -0.10769354552030563
    ],
    [
      0.19401466846466064,
      0.2038012146949768,
      -0.05465782806277275,
      0.21337927877902985,
      -0.21302348375320435,
      0.004636279307305813,
      -0.18034256994724274,
      -0.14206121861934662,
      -0.12011750787496567,
      -0.10463768988847733
    ],
    [
      0.19571149349212646,
      0.19932861626148224,
      -0.05354594066739082,
      0.21404214203357697,
      -0.212790846824646,
      0.003070276230573654,
      -0.17665831744670868,
      -0.1470474749803543,
      -0.11585744470357895,
      -0.10626235604286194
    ],
    [
      0.19712460041046143,
      0.19069117307662964,
      -0.042697723954916,
      0.21316282451152802,
      -0.21653102338314056,
      0.0016133975004777312,
      -0.16672541201114655,
      -0.16080106794834137,
      -0.10088786482810974,
      -0.1145796999335289
    ],
    [
      0.1957131028175354,
      0.19147644937038422,
      -0.04073610529303551,
      0.21292977035045624,
      -0.21741151809692383,
      0.0004700979625340551,
      -0.16690661013126373,
      -0.15934230387210846,
      -0.102511465549469,
      -0.11622980982065201
    ],
    [
      0.19588017463684082,
      0.19411243498325348,
      -0.04534680023789406,
      0.21350687742233276,
      -0.2157328724861145,
      0.0017272797413170338,
      -0.1700480431318283,
      -0.15570802986621857,
      -0.10664448887109756,
      -0.11234927177429199
    ],
    [
      0.19612784683704376,
      0.1918555647134781,
      -0.04363887012004852,
      0.21376155316829681,
      -0.21605940163135529,
      0.00019810286175925285,
      -0.16797499358654022,
      -0.15837448835372925,
      -0.10466093569993973,
      -0.11423680186271667
    ],
    [
      0.19510041177272797,
      0.18989647924900055,
      -0.03483724221587181,
      0.2123735100030899,
      -0.21976663172245026,
      0.0008764656377024949,
      -0.16309110820293427,
      -0.1641199141740799,
      -0.09651567786931992,
      -0.11971625685691833
    ],
    [
      0.19574373960494995,
      0.19518370926380157,
      -0.046815425157547,
      0.21374785900115967,
      -0.2150595635175705,
      0.0014775623567402363,
      -0.17150181531906128,
      -0.1536228507757187,
      -0.10927214473485947,
      -0.11121374368667603
    ],
    [
      0.1958613395690918,
      0.19185574352741241,
      -0.041294340044260025,
      0.2133096307516098,
      -0.21704240143299103,
      0.0011249169474467635,
      -0.1668863147497177,
      -0.15974220633506775,
      -0.10238037258386612,
      -0.11520088464021683
    ],
    [
      0.19596250355243683,
      0.19140398502349854,
      -0.03943467140197754,
      0.2130264788866043,
      -0.21788018941879272,
      0.00203933147713542,
      -0.165708988904953,
      -0.1616186648607254,
      -0.09985729306936264,
      -0.11600782722234726
    ],
    [
      0.19560836255550385,
      0.19450290501117706,
      -0.04529109597206116,
      0.21383245289325714,
      -0.21559371054172516,
      0.0011760027846321464,
      -0.17028850317001343,
      -0.15515339374542236,
      -0.1079251766204834,
      -0.11215760558843613
    ],
    [
      0.19462156295776367,
      0.19270122051239014,
      -0.035977479070425034,
      0.21257583796977997,
      -0.21951858699321747,
      0.0026931921020150185,
      -0.164651557803154,
      -0.1623307764530182,
      -0.09820868819952011,
      -0.11751400679349899
    ],
    [
      0.19232743978500366,
      0.20010267198085785,
      -0.04185093566775322,
      0.21256409585475922,
      -0.21804626286029816,
      0.003436823608353734,
      -0.17244966328144073,
      -0.150818333029747,
      -0.1102852150797844,
      -0.11315421015024185
    ],
    [
      0.1903180330991745,
      0.20606380701065063,
      -0.04896767437458038,
      0.212136372923851,
      -0.21583817899227142,
      0.002135141519829631,
      -0.18036776781082153,
      -0.13824370503425598,
      -0.12343031913042068,
      -0.10967209190130234
    ],
    [
      0.18864794075489044,
      0.20901115238666534,
      -0.051826223731040955,
      0.21198336780071259,
      -0.2150326818227768,
      -0.0001122055109590292,
      -0.18456898629665375,
      -0.1310560554265976,
      -0.1314835101366043,
      -0.1090751588344574
    ],
    [
      0.1888614147901535,
      0.2086065411567688,
      -0.052079930901527405,
      0.21235793828964233,
      -0.21478791534900665,
      -0.00015213084407150745,
      -0.18412096798419952,
      -0.13205362856388092,
      -0.13069583475589752,
      -0.10865066200494766
    ],
    [
      0.18965108692646027,
      0.20570267736911774,
      -0.05009285733103752,
      0.21268445253372192,
      -0.21516461670398712,
      -0.0011874842457473278,
      -0.18139822781085968,
      -0.13590945303440094,
      -0.1270899623632431,
