{
  "tempos": [
    0.0,
    0.5,
    1.0,
    1.5,
    2.0,
    2.5,
    3.0,
    3.5,
    4.0,
    4.5,
    5.0,
    5.5,
    6.0,
    6.5,
    7.0,
    7.5,
    8.0,
    8.5,
    9.0,
    9.5,
    10.0,
    10.5,
    11.0,
    11.5,
    12.0,
    12.5,
    13.0,
    13.5,
    14.0,
    14.5,
    15.0
  ],
  "engajamentoneural": [
    70.29166098753194,
    76.88803670108113,
    84.25967162363409,
    88.17814615730872,
    88.40565555104413,
    85.65741315486785,
    80.71143478578846,
    74.90060272522719,
    69.70897706086772,
    65.97369882532539,
    63.7856434813006,
    62.87641569050513,
    62.9266132787267,
    63.65838221751681,
    64.81640755212754,
    66.13471969142518,
    67.34290174895703,
    68.2330250102072,
    68.74375490237574,
    68.97959688341788,
    69.13082486074609,
    69.34117266552187,
    69.60961786627476,
    69.78287538468606,
    69.62913206773355,
    68.94335528514134,
    67.63988581695124,
    65.81043613243911,
    63.74411578888163,
    61.90144494340068,
    60.80082304143667
  ],
  "cognitivedemand": [
    50.29915389736812,
    53.179712481690956,
    61.147734777928484,
    58.14017922344454,
    58.207217963339815,
    58.64548310867178,
    62.81393078037511,
    68.86050833591516,
    65.20107177092585,
    65.35103143796752,
    66.4873229044347,
    53.364262509143636,
    63.574559768679364,
    63.3220969616534,
    64.48917468837605,
    59.46890755492352,
    61.69998862292314,
    65.53556954459685,
    66.18627916873132,
    65.9987644018924,
    61.12031928555538,
    59.154939015551854,
    58.74148987358639,
    60.58275685242288,
    67.26036530572246,
    66.39516542145054,
    66.54662261389562,
    70.65505368566909,
    76.09712632262908,
    73.69583080439072,
    73.63105130610819
  ],
  "focus": [
    18.472845949253305,
    34.24868881878322,
    66.45134673282875,
    52.729467568700294,
    63.749938469811305,
    60.73924279987277,
    57.22673184238124,
    31.109827847676733,
    8.923497459320506,
    8.518805105596078,
    8.137851452541115,
    8.859387622566432,
    14.068705245181835,
    15.526438526788448,
    12.551183702147025,
    14.437745157214984,
    41.061135538285,
    60.48470914453593,
    74.77254535863963,
    77.99710866931873,
    77.88455345691267,
    69.3111588184536,
    67.23839465799797,
    39.937569232469755,
    29.89468339424736,
    56.18929499480869,
    61.7208536679338,
    19.308228680195892,
    11.637649157001643,
    16.665620511153914,
    14.219686294494242
  ],
  "embeddings": [
    [
      0.20064540207386017,
      0.19218270480632782,
      -0.05177278444170952,
      0.2137979418039322,
      -0.21291019022464752,
      0.006968481000512838,
      -0.16998285055160522,
      -0.15988260507583618,
      -0.10136548429727554,
      -0.10619986057281494
    ],
    [
      0.19980990886688232,
      0.1869315356016159,
      -0.040446728467941284,
      0.21228818595409393,
      -0.21722988784313202,
      0.005654522683471441,
      -0.16249816119670868,
      -0.1685461401939392,
      -0.09069237858057022,
      -0.11507081240415573
    ],
    [
      0.19769124686717987,
      0.19246484339237213,
      -0.04460032284259796,
      0.2123192697763443,
      -0.21624724566936493,
      0.004548096563667059,
      -0.1686020940542221,
      -0.15912389755249023,
      -0.10106400400400162,
      -0.11185580492019653
    ],
    [
      0.19746451079845428,
      0.19349171221256256,
      -0.04643065854907036,
      0.21261580288410187,
      -0.2154444307088852,
      0.004370953422039747,
      -0.169953390955925,
      -0.15730182826519012,
      -0.10344898700714111,
      -0.11081120371818542
    ],
    [
      0.1966078281402588,
      0.19455190002918243,
      -0.04626905545592308,
      0.21234364807605743,
      -0.2156837433576584,
      0.0039696828462183475,
      -0.17088766396045685,
      -0.15543723106384277,
      -0.10521751642227173,
      -0.11114341020584106
    ],
    [
      0.19677221775054932,
      0.19267062842845917,
      -0.04356895014643669,
      0.2124796360731125,
      -0.21658487617969513,
      0.0034185817930847406,
      -0.16841435432434082,
      -0.15851132571697235,
      -0.1020287573337555,
      -0.11321554332971573
    ],
    [
      0.19705186784267426,
      0.19280840456485748,
      -0.04489010572433472,
      0.21285338699817657,
      -0.21596002578735352,
      0.0032172349747270346,
      -0.16894222795963287,
      -0.15803687274456024,
      -0.10306557267904282,
      -0.11233192682266235
    ],
    [
      0.19703680276870728,
      0.19189733266830444,
      -0.0436677522957325,
      0.2127898782491684,
      -0.2163708209991455,
      0.002913106931373477,
      -0.1678437441587448,
      -0.15939916670322418,
      -0.10160227864980698,
      -0.11335381120443344
    ],
    [
      0.19712746143341064,
      0.1911299228668213,
      -0.042820002883672714,
      0.2130313366651535,
      -0.21655811369419098,
      0.0025269887410104275,
      -0.16696827113628387,
      -0.16064788401126862,
      -0.10074646025896072,
      -0.11399891972541809
    ],
    [
      0.19591377675533295,
      0.19202081859111786,
      -0.04266711696982384,
      0.2129586786031723,
      -0.2166956514120102,
      0.0010475286981090903,
      -0.16792280972003937,
      -0.15844613313674927,
      -0.10344803333282471,
      -0.11481942981481552
    ],
    [
      0.1955147236585617,
      0.1912182718515396,
      -0.04011284559965134,
      0.212765172123909,
      -0.21768517792224884,
      0.000833580270409584,
      -0.16631902754306793,
      -0.16032595932483673,
      -0.101373590528965,
      -0.11663094907999039
    ],
    [
      0.1946338266134262,
      0.19244392216205597,
      -0.04005284979939461,
      0.21243023872375488,
      -0.21792523562908173,
      -1.1319217264826875e-05,
      -0.16766224801540375,
      -0.1577112078666687,
      -0.10394704341888428,
      -0.11692885309457779
    ],
    [
      0.19423191249370575,
      0.19317400455474854,
      -0.04011537507176399,
      0.21230089664459229,
      -0.21803300082683563,
      -0.0005000224919058383,
      -0.16838999092578888,
      -0.15636086463928223,
      -0.10534912347793579,
      -0.11699796468019485
    ],
    [
      0.19416536390781403,
      0.19272129237651825,
      -0.04018387198448181,
      0.21235276758670807,
      -0.21791470050811768,
      -0.0014522039564326406,
      -0.16843175888061523,
      -0.15597212314605713,
      -0.10603556036949158,
      -0.11747235059738159
    ],
    [
      0.1941814422607422,
      0.19231031835079193,
      -0.03937597945332527,
      0.21239469945430756,
      -0.21820436418056488,
      -0.0013262698194012046,
      -0.16764187812805176,
      -0.15718717873096466,
      -0.10483705997467041,
      -0.11791025847196579
    ],
    [
      0.19316841661930084,
      0.1935744434595108,
      -0.03887927159667015,
      0.21213293075561523,
      -0.2186119109392166,
      -0.0017522769048810005,
      -0.16848015785217285,
      -0.15527641773223877,
      -0.10665491968393326,
      -0.1183914840221405
    ],
    [
      0.19062350690364838,
      0.19775229692459106,
      -0.03833166882395744,
      0.21067623794078827,
      -0.21956314146518707,
      -0.002364963525906205,
      -0.17198209464550018,
      -0.1488398164510727,
      -0.11228915303945541,
      -0.11867932230234146
    ],
    [
      0.1905529499053955,
      0.19989724457263947,
      -0.04476916417479515,
      0.21113817393779755,
      -0.2171032428741455,
      -0.0044602095149457455,
      -0.17705117166042328,
      -0.14165693521499634,
      -0.12068486213684082,
      -0.11556040495634079
    ],
    [
      0.1907035857439041,
      0.1976241022348404,
      -0.04253619909286499,
      0.21084533631801605,
      -0.21770747005939484,
      -0.005527233239263296,
      -0.1748565435409546,
      -0.14442479610443115,
      -0.11781247705221176,
