{
  "tempos": [
    0.0,
    0.5,
    1.0,
    1.5,
    2.0,
    2.5,
    3.0,
    3.5,
    4.0,
    4.5,
    5.0
  ],
  "engajamentoneural": [
    70.51149215378027,
    77.76191750867656,
    86.00218498718365,
    90.70851974089071,
    91.91258447689634,
    90.52556647276919,
    86.84793731086835,
    81.20196671486548,
    74.59395890787293,
    68.6864969706236,
    65.19853497924592
  ],
  "cognitivedemand": [
    50.88369314004909,
    72.53973968922212,
    74.25567600669984,
    74.48316671568429,
    73.91611938218223,
    73.96389264226036,
    73.52553204609373,
    48.26200233358018,
    54.70002175198043,
    65.27039637485238,
    65.76795336412086
  ],
  "focus": [
    28.546010431346097,
    27.780489416827976,
    27.211830768422306,
    22.96976599331379,
    35.51930728419058,
    35.40021141202313,
    18.888693681917403,
    26.322721713787825,
    51.7752092244517,
    51.42571081443209,
    46.57526094734778
  ],
  "embeddings": [
    [
      0.1959242969751358,
      0.1846233755350113,
      -0.032556310296058655,
      0.21213573217391968,
      -0.2202237993478775,
      -0.003138400614261627,
      -0.15961678326129913,
      -0.16741038858890533,
      -0.09469716995954514,
      -0.1230347752571106
    ],
    [
      0.19467957317829132,
      0.18256475031375885,
      -0.024546103551983833,
      0.21173518896102905,
      -0.22352160513401031,
      -0.0028931901324540377,
      -0.15510745346546173,
      -0.1721687912940979,
      -0.08814350515604019,
      -0.1293453723192215
    ],
    [
      0.1951403021812439,
      0.18841439485549927,
      -0.03543830290436745,
      0.2125476598739624,
      -0.21957050263881683,
      -0.0028898902237415314,
      -0.16377998888492584,
      -0.16183584928512573,
      -0.10024434328079224,
      -0.12094947695732117
    ],
    [
      0.1952458620071411,
      0.18920408189296722,
      -0.03764902427792549,
      0.21249361336231232,
      -0.21869128942489624,
      -0.002690383931621909,
      -0.16524407267570496,
      -0.16020359098911285,
      -0.10189951211214066,
      -0.1196192279458046
    ],
    [
      0.19700004160404205,
      0.1877862811088562,
      -0.0392984002828598,
      0.21310560405254364,
      -0.21774470806121826,
      -0.0012682080268859863,
      -0.16426041722297668,
      -0.1631181836128235,
      -0.09908051043748856,
      -0.11800762265920639
    ],
    [
      0.19786269962787628,
      0.18546561896800995,
      -0.0362609438598156,
      0.21311384439468384,
      -0.21879112720489502,
      0.0002673827111721039,
      -0.1608254462480545,
      -0.1685047298669815,
      -0.09279116988182068,
      -0.11952824145555496
    ],
    [
      0.1987796574831009,
      0.1872846931219101,
      -0.040334612131118774,
      0.21375228464603424,
      -0.21720440685749054,
      0.002573414472863078,
      -0.1629249006509781,
      -0.16688625514507294,
      -0.09460898488759995,
      -0.11554629355669022
    ],
    [
      0.19813716411590576,
      0.1891487091779709,
      -0.041915327310562134,
      0.21344666182994843,
      -0.21678148210048676,
      0.0023567548487335443,
      -0.16515684127807617,
      -0.16341908276081085,
      -0.09806462377309799,
      -0.11446794122457504
    ],
    [
      0.1985466629266739,
      0.18945527076721191,
      -0.0434345006942749,
      0.21350938081741333,
      -0.21617752313613892,
      0.002871794393286109,
      -0.16584987938404083,
      -0.16284844279289246,
      -0.09859362244606018,
      -0.11330673843622208
    ],
    [
      0.19869665801525116,
      0.19050659239292145,
      -0.04497876763343811,
      0.21376031637191772,
      -0.21560712158679962,
      0.0038031612057238817,
      -0.16686314344406128,
      -0.16185782849788666,
      -0.09959862381219864,
      -0.11179319024085999
    ],
    [
      0.1998717039823532,
      0.19033358991146088,
      -0.04767807200551033,
      0.21425174176692963,
      -0.21438314020633698,
      0.004574252292513847,
      -0.16746516525745392,
      -0.16238723695278168,
      -0.0995326042175293,
      -0.10958310216665268
    ],
    [
      0.1990121454000473,
      0.1899508684873581,
      -0.044302359223365784,
      0.2135278582572937,
      -0.21587039530277252,
      0.0041358680464327335,
      -0.16620784997940063,
      -0.16343370079994202,
      -0.09771867841482162,
      -0.11200034618377686
    ],
    [
      0.1979159265756607,
      0.1904236078262329,
      -0.04315468296408653,
      0.21272580325603485,
      -0.21657830476760864,
      0.002567994873970747,
      -0.16691875457763672,
      -0.16134321689605713,
      -0.09962499141693115,
      -0.11345858126878738
    ],
    [
      0.19679850339889526,
      0.19160372018814087,
      -0.04282000660896301,
      0.2121032327413559,
      -0.2169657200574875,
      0.0013779480941593647,
      -0.1682223528623581,
      -0.15864095091819763,
      -0.10223925858736038,
      -0.1141386404633522
    ],
    [
      0.19562597572803497,
      0.19299651682376862,
      -0.043146323412656784,
      0.2110602855682373,
      -0.21715648472309113,
      -0.00048449900350533426,
      -0.17032833397388458,
      -0.15469464659690857,
      -0.10605979710817337,
      -0.11463242769241333
    ]
  ]
}