{
  "tempos": [
    0.0,
    0.5,
    1.0,
    1.5,
    2.0,
    2.5,
    3.0,
    3.5,
    4.0,
    4.5,
    5.0,
    5.5,
    6.0,
    6.5,
    7.0,
    7.5,
    8.0,
    8.5,
    9.0,
    9.5,
    10.0,
    10.5,
    11.0,
    11.5,
    12.0,
    12.5,
    13.0,
    13.5,
    14.0,
    14.5,
    15.0,
    15.5,
    16.0,
    16.5,
    17.0
  ],
  "engajamentoneural": [
    74.35256299506831,
    80.76537283613783,
    87.85134785782803,
    91.80161225996176,
    92.81817474357938,
    91.85010819722702,
    89.48597922619075,
    86.29231707520746,
    82.87731686252732,
    79.72990147111322,
    77.25185448481118,
    75.83180002593495,
    75.68028238956703,
    76.57726208585709,
    77.91175596335538,
    79.05080003753262,
    79.66627926897563,
    79.77246403591694,
    79.5694600842949,
    79.26816040729524,
    78.98774568404787,
    78.74355178386423,
    78.49404533700583,
    78.18722134002701,
    77.75387072616253,
    77.05648887937807,
    75.88074694815161,
    74.05889684125313,
    71.68130819890717,
    69.17702399200722,
    67.05509058960021,
    65.4872837123892,
    64.2522293516695,
    63.16733550964536,
    62.44403286955868
  ],
  "cognitivedemand": [
    47.2654363113424,
    64.70865811855353,
    65.59152598131087,
    65.1216970671046,
    65.68554270874283,
    66.53990540718702,
    69.33445913813779,
    76.65686947325753,
    70.72756269766417,
    64.70689013530513,
    69.36937441607805,
    45.508828424720804,
    44.31560247805593,
    46.87347802033417,
    54.239880027900554,
    58.36968343921813,
    58.841312698099756,
    65.79741427434907,
    67.46164651084855,
    68.59200121543172,
    69.29135760038292,
    70.3622443676712,
    68.56048704065647,
    69.86563818419637,
    69.91265813676253,
    68.80241572103436,
    67.78396110527129,
    68.40113311091129,
    41.69820218997174,
    47.75266139601805,
    64.06339166778001,
    71.71041694270988,
    71.7718678529115,
    69.43219804130938,
    69.43067846617363
  ],
  "focus": [
    29.577144922465806,
    41.57571076267068,
    72.43025850212484,
    43.55961808792152,
    80.53681760266745,
    93.50631387856694,
    96.22150747638189,
    79.19786603032396,
    26.8708720192497,
    13.677067878815723,
    10.575835610498487,
    10.05734584321365,
    13.507043225398075,
    15.129607770509809,
    30.478826663747693,
    39.27128487460954,
    44.22556458481297,
    24.020617438897617,
    13.634307324667752,
    11.205957196067505,
    10.328331685855355,
    13.332501190119123,
    10.423476411816448,
    11.186853604557749,
    12.310255281431598,
    33.33683273227064,
    46.61011189949452,
    31.279138433205702,
    17.758394104852265,
    17.554724669715696,
    36.99195833771454,
    39.06523715678342,
    44.00723994833006,
    32.7060348869354,
    27.911035367299448
  ],
  "embeddings": [
    [
      0.202167809009552,
      0.1842712014913559,
      -0.03982971981167793,
      0.2129954844713211,
      -0.21689288318157196,
      0.008467051200568676,
      -0.1589692234992981,
      -0.17532475292682648,
      -0.08360853046178818,
      -0.11438891291618347
    ],
    [
      0.20266763865947723,
      0.18345005810260773,
      -0.0385759063065052,
      0.21360446512699127,
      -0.21745871007442474,
      0.009511996060609818,
      -0.15749262273311615,
      -0.17803789675235748,
      -0.08083947747945786,
      -0.11474895477294922
    ],
    [
      0.201460063457489,
      0.1883339136838913,
      -0.04446415603160858,
      0.2144532948732376,
      -0.2154485583305359,
      0.008650021627545357,
      -0.16317929327487946,
      -0.16994260251522064,
      -0.09080955386161804,
      -0.11008527874946594
    ],
    [
      0.20021982491016388,
      0.18865209817886353,
      -0.04325920715928078,
      0.21410344541072845,
      -0.21598108112812042,
      0.006625629495829344,
      -0.16359823942184448,
      -0.16812296211719513,
      -0.09290865063667297,
      -0.1118386760354042
    ],
    [
      0.1994817703962326,
      0.18917350471019745,
      -0.042815905064344406,
      0.21400117874145508,
      -0.21626107394695282,
      0.00565728172659874,
      -0.16406826674938202,
      -0.16675496101379395,
      -0.09446650743484497,
      -0.11253521591424942
    ],
    [
      0.19878600537776947,
      0.18907898664474487,
      -0.04185779020190239,
      0.21384763717651367,
      -0.21663616597652435,
      0.0045243543572723866,
      -0.16398099064826965,
      -0.16615460813045502,
      -0.09528578072786331,
      -0.11379721015691757
    ],
    [
      0.19863618910312653,
      0.18922410905361176,
      -0.041776616126298904,
      0.21382369101047516,
      -0.21665984392166138,
      0.0043729208409786224,
      -0.16412191092967987,
      -0.1658649742603302,
      -0.09553077071905136,
      -0.11395955085754395
    ],
    [
      0.19838875532150269,
      0.1899479627609253,
      -0.042588770389556885,
      0.213846817612648,
      -0.21641920506954193,
      0.004081654362380505,
      -0.1650724560022354,
      -0.16436786949634552,
      -0.09718834608793259,
      -0.11342328786849976
    ],
    [
      0.1978783756494522,
      0.1904333084821701,
      -0.04288746789097786,
      0.21370220184326172,
      -0.21634148061275482,
      0.003195813624188304,
      -0.1659117490053177,
      -0.16275759041309357,
      -0.09902063757181168,
      -0.11365392804145813
    ],
    [
      0.1971958726644516,
      0.18992877006530762,
      -0.043292295187711716,
      0.21365392208099365,
      -0.21603547036647797,
      -0.0003758708480745554,
      -0.16682939231395721,
      -0.16047842800617218,
      -0.10264059156179428,
      -0.11482574790716171
    ],
    [
      0.19721238315105438,
      0.1873033493757248,
      -0.03890613839030266,
      0.21322675049304962,
      -0.2176503688097,
      -0.0008236938156187534,
      -0.16341982781887054,
      -0.16498374938964844,
      -0.09747087955474854,
      -0.11821476370096207
    ],
    [
      0.19717566668987274,
      0.18785865604877472,
      -0.03747699782252312,
      0.2134765237569809,
      -0.2182137817144394,
      0.0022121884394437075,
      -0.16194087266921997,
      -0.16745062172412872,
      -0.09422572702169418,
      -0.11784128099679947
    ],
    [
      0.19728267192840576,
      0.1907140016555786,
      -0.0391463004052639,
      0.21382613480091095,
      -0.21785546839237213,
      0.005101632792502642,
      -0.1636189967393875,
      -0.1660175323486328,
      -0.09511437267065048,
      -0.11477521806955338
    ],
    [
      0.1966165453195572,
      0.19463185966014862,
      -0.043597448617219925,
      0.21397791802883148,
      -0.21633203327655792,
      0.005526293534785509,
      -0.16815602779388428,
      -0.15934902429580688,
      -0.10204727202653885,
      -0.11146260052919388
    ],
    [
      0.19438576698303223,
      0.1999567598104477,
      -0.04957977309823036,
      0.21379251778125763,
      -0.21457745134830475,
      0.003254859009757638,
      -0.1754346638917923,
      -0.1477264016866684,
      -0.11451161652803421,
      -0.10868936032056808
    ],
    [
      0.1941378116607666,
      0.199093297123909,
      -0.04908275604248047,
      0.21357981860637665,
      -0.21471142768859863,
      0.0015524314949288964,
      -0.17515331506729126,
      -0.14759205281734467,
      -0.11484912037849426,
      -0.10985951870679855
    ],
    [
      0.1934518963098526,
      0.19955962896347046,
      -0.04654604196548462,
      0.21300096809864044,
      -0.215822234749794,
      0.002472914755344391,
      -0.1742144674062729,
      -0.14877788722515106,
      -0.11287622898817062,
      -0.11094546318054199
    ],
    [
      0.1945466846227646,
      0.20094917714595795,
      -0.049197662621736526,
      0.21414273977279663,
      -0.21475152671337128,
      0.005770285148173571,
      -0.17490063607692719,
      -0.149602010846138,
