{
  "tempos": [
    0.0,
    0.5,
    1.0,
    1.5,
    2.0,
    2.5,
    3.0,
    3.5,
    4.0,
    4.5,
    5.0
  ],
  "engajamentoneural": [
    53.45596252428499,
    58.66711443232706,
    65.4308484314368,
    69.89364870014327,
    70.8601111203417,
    69.17506904371844,
    66.21687967930447,
    62.99363820569754,
    59.96037880218591,
    57.43688832458557,
    55.93729386094037
  ],
  "cognitivedemand": [
    30.105351598498643,
    60.79081176987169,
    79.08804432649119,
    80.75221602515755,
    81.77484814006117,
    81.08729719961347,
    81.08659130796514,
    81.0851996424738,
    76.24438392087383,
    36.3561857876786,
    52.79630525435327
  ],
  "focus": [
    38.144849996021975,
    34.36603253144703,
    23.5952710920554,
    22.572092439662224,
    14.381690979476842,
    9.603522118862967,
    10.17341249003179,
    9.513368162914622,
    8.914211402162774,
    12.90056588160861,
    41.65970462690199
  ],
  "embeddings": [
    [
      0.1935555338859558,
      0.1938595026731491,
      -0.03885563462972641,
      0.20949117839336395,
      -0.2187643051147461,
      -0.00303724966943264,
      -0.17042087018489838,
      -0.15182814002037048,
      -0.10857220739126205,
      -0.11756283789873123
    ],
    [
      0.1952849179506302,
      0.19313792884349823,
      -0.04318118095397949,
      0.2112336903810501,
      -0.21692603826522827,
      -0.0010156594216823578,
      -0.17056576907634735,
      -0.15378372371196747,
      -0.10718733072280884,
      -0.1149369478225708
    ],
    [
      0.19647671282291412,
      0.19113384187221527,
      -0.0423768050968647,
      0.21151892840862274,
      -0.2171574980020523,
      -0.0001944859977811575,
      -0.16856198012828827,
      -0.15747547149658203,
      -0.10310713201761246,
      -0.11526936292648315
    ],
    [
      0.19708691537380219,
      0.19013828039169312,
      -0.042160000652074814,
      0.211923286318779,
      -0.2170829325914383,
      0.0002699147444218397,
      -0.16746170818805695,
      -0.1594679206609726,
      -0.10120607167482376,
      -0.11533183604478836
    ],
    [
      0.1972750574350357,
      0.18928168714046478,
      -0.04126277193427086,
      0.21170127391815186,
      -0.21744678914546967,
      0.0002928217872977257,
      -0.16658806800842285,
      -0.16074945032596588,
      -0.09958868473768234,
      -0.11603324860334396
    ],
    [
      0.19743843376636505,
      0.18908540904521942,
      -0.040995288640260696,
      0.21177178621292114,
      -0.21756112575531006,
      0.0008695565047673881,
      -0.16612394154071808,
      -0.16156838834285736,
      -0.09863687306642532,
      -0.11603933572769165
    ],
    [
      0.19734668731689453,
      0.18960261344909668,
      -0.0415249727666378,
      0.21177370846271515,
      -0.2174239605665207,
      0.0009242497035302222,
      -0.16671590507030487,
      -0.16067957878112793,
      -0.09955023974180222,
      -0.11564016342163086
    ],
    [
      0.19752050936222076,
      0.19034616649150848,
      -0.04300415515899658,
      0.2120037078857422,
      -0.21685366332530975,
      0.0013017542660236359,
      -0.1676982194185257,
      -0.1595762073993683,
      -0.10080596059560776,
      -0.11441290378570557
    ],
    [
      0.19779138267040253,
      0.190578892827034,
      -0.044134389609098434,
      0.21217982470989227,
      -0.21638666093349457,
      0.0015568340895697474,
      -0.16820652782917023,
      -0.1591501235961914,
      -0.10135579854249954,
      -0.11356770992279053
    ],
    [
      0.19826842844486237,
      0.19058489799499512,
      -0.045079950243234634,
      0.21222583949565887,
      -0.21600113809108734,
      0.0021859516855329275,
      -0.16841256618499756,
      -0.15942047536373138,
      -0.10095861554145813,
      -0.11267212778329849
    ],
    [
      0.19874334335327148,
      0.18993301689624786,
      -0.04492312669754028,
      0.21229501068592072,
      -0.21599654853343964,
      0.0028533998411148787,
      -0.1676073670387268,
      -0.16099223494529724,
      -0.09926378726959229,
      -0.11258524656295776
    ],
    [
      0.19880370795726776,
      0.18985992670059204,
      -0.044641923159360886,
      0.2124021202325821,
      -0.21606683731079102,
      0.003193320706486702,
      -0.16728974878787994,
      -0.16143690049648285,
      -0.09881260246038437,
      -0.11261898279190063
    ],
    [
      0.19876329600811005,
      0.19063037633895874,
      -0.04504965618252754,
      0.21235620975494385,
      -0.21598340570926666,
      0.0036032020580023527,
      -0.16793489456176758,
      -0.16060365736484528,
      -0.09954746812582016,
      -0.11191339045763016
    ],
    [
      0.19677217304706573,
      0.1926787942647934,
      -0.04358417168259621,
      0.21062152087688446,
      -0.21704603731632233,
      0.0012904041213914752,
      -0.1702619194984436,
      -0.15557648241519928,
      -0.10399314016103745,
      -0.11338486522436142
    ],
    [
      0.19468076527118683,
      0.19353319704532623,
      -0.041105736047029495,
      0.20915181934833527,
      -0.21839457750320435,
      -0.002113390015438199,
      -0.17142228782176971,
      -0.15172502398490906,
      -0.10758033394813538,
      -0.11641150712966919
    ]
  ]
}