{
  "tempos": [
    0.0,
    0.5,
    1.0,
    1.5,
    2.0,
    2.5,
    3.0,
    3.5,
    4.0,
    4.5,
    5.0
  ],
  "engajamentoneural": [
    70.55024177811327,
    77.31020981597578,
    85.01483074027003,
    89.42274813257704,
    90.43396919646798,
    88.91594851910645,
    85.38984916073149,
    80.40502818287676,
    74.84673686694121,
    69.94532666208603,
    67.03809066289281
  ],
  "cognitivedemand": [
    50.38772762828614,
    62.79033933068961,
    64.68958523901595,
    64.94052661816367,
    64.3285985540015,
    64.38249443975613,
    65.04797646361757,
    64.96104137452872,
    49.5651085233679,
    45.163398110696114,
    55.638893534636274
  ],
  "focus": [
    20.485903363320862,
    20.67864675840329,
    38.31273118361434,
    26.057668359580653,
    17.86917411063017,
    28.89398637734603,
    27.618985073686517,
    13.80017007197704,
    15.302099582360803,
    17.14059721065838,
    21.52026152016996
  ],
  "embeddings": [
    [
      0.20024709403514862,
      0.18435616791248322,
      -0.04069898650050163,
      0.2119673490524292,
      -0.2170158475637436,
      0.00040285312570631504,
      -0.16229292750358582,
      -0.16745297610759735,
      -0.09330113977193832,
      -0.11680424213409424
    ],
    [
      0.1975088268518448,
      0.18272151052951813,
      -0.03156197443604469,
      0.21175158023834229,
      -0.22059805691242218,
      -0.0014309535035863519,
      -0.1578458696603775,
      -0.1711437851190567,
      -0.08927205950021744,
      -0.12433085590600967
    ],
    [
      0.19622838497161865,
      0.18504007160663605,
      -0.031494710594415665,
      0.21188382804393768,
      -0.2209041714668274,
      -0.0022965585812926292,
      -0.15975774824619293,
      -0.16822326183319092,
      -0.09286782145500183,
      -0.12367451190948486
    ],
    [
      0.195181742310524,
      0.1883074790239334,
      -0.03443654254078865,
      0.2119036763906479,
      -0.22005195915699005,
      -0.0023944126442074776,
      -0.16340695321559906,
      -0.16282393038272858,
      -0.09860993176698685,
      -0.12143492698669434
    ],
    [
      0.1946839541196823,
      0.18923763930797577,
      -0.03481632098555565,
      0.2119273692369461,
      -0.21995900571346283,
      -0.0025667555164545774,
      -0.16419024765491486,
      -0.16144925355911255,
      -0.10000696778297424,
      -0.12126825004816055
    ],
    [
      0.19444513320922852,
      0.1906309723854065,
      -0.03603160381317139,
      0.2119397521018982,
      -0.21961073577404022,
      -0.0018820581026375294,
      -0.1654994785785675,
      -0.15974238514900208,
      -0.10154653340578079,
      -0.12013166397809982
    ],
    [
      0.19449682533740997,
      0.19222740828990936,
      -0.038954511284828186,
      0.21211910247802734,
      -0.21852059662342072,
      -0.00153121177572757,
      -0.16772758960723877,
      -0.15697872638702393,
      -0.10464423894882202,
      -0.11789435148239136
    ],
    [
      0.19374895095825195,
      0.19330473244190216,
      -0.03928312286734581,
      0.21183288097381592,
      -0.21853668987751007,
      -0.0019606673158705235,
      -0.16890209913253784,
      -0.15480850636959076,
      -0.10671355575323105,
      -0.1179780438542366
    ],
    [
      0.19366300106048584,
      0.19385845959186554,
      -0.04050816595554352,
      0.21182365715503693,
      -0.21804356575012207,
      -0.0021972095128148794,
      -0.1698697954416275,
      -0.1535356044769287,
      -0.10823167115449905,
      -0.11729180812835693
    ],
    [
      0.19365091621875763,
      0.19383417069911957,
      -0.04005531966686249,
      0.21191607415676117,
      -0.2181907445192337,
      -0.001820652629248798,
      -0.16950459778308868,
      -0.15399311482906342,
      -0.10760879516601562,
      -0.117475725710392
    ],
    [
      0.19327294826507568,
      0.19374383985996246,
      -0.03959525376558304,
      0.21167105436325073,
      -0.21840454638004303,
      -0.0026260986924171448,
      -0.16959089040756226,
      -0.15349134802818298,
      -0.10822319239377975,
      -0.11814528703689575
    ],
    [
      0.19328592717647552,
      0.1937590092420578,
      -0.039718154817819595,
      0.21168392896652222,
      -0.21838213503360748,
      -0.0029625731986016035,
      -0.16979432106018066,
      -0.1532042771577835,
      -0.10859891772270203,
      -0.11801218241453171
    ],
    [
      0.1925130933523178,
      0.19553138315677643,
      -0.04120013117790222,
      0.21117912232875824,
      -0.2180490344762802,
      -0.003875782946124673,
      -0.17215730249881744,
      -0.14957423508167267,
      -0.11229192465543747,
      -0.1172390803694725
    ],
    [
      0.191923126578331,
      0.19551469385623932,
      -0.03954283893108368,
      0.21073055267333984,
      -0.21878819167613983,
      -0.004166979342699051,
      -0.17157571017742157,
      -0.14991261065006256,
      -0.1116090938448906,
      -0.11848071962594986
    ],
    [
      0.19075578451156616,
      0.19610071182250977,
      -0.03767776116728783,
      0.20930521190166473,
      -0.21992437541484833,
      -0.005995173007249832,
      -0.17235521972179413,
      -0.14759868383407593,
      -0.11330008506774902,
      -0.12027657777070999
    ]
  ]
}