{
  "tempos": [
    0.0,
    0.5,
    1.0,
    1.5,
    2.0,
    2.5,
    3.0,
    3.5,
    4.0,
    4.5,
    5.0,
    5.5,
    6.0,
    6.5,
    7.0,
    7.5,
    8.0,
    8.5,
    9.0,
    9.5,
    10.0,
    10.5,
    11.0,
    11.5,
    12.0,
    12.5,
    13.0,
    13.5,
    14.0,
    14.5,
    15.0
  ],
  "engajamentoneural": [
    57.211237918477444,
    64.89081198841028,
    75.16636965551639,
    82.68454720737135,
    86.18648255444361,
    86.790619518209,
    85.69189488272646,
    83.77629225753402,
    81.6809785527965,
    79.76461555423866,
    78.11812558381821,
    76.66818730297496,
    75.31025561239613,
    74.00092833860879,
    72.77928501787807,
    71.72839598831297,
    70.91799957638003,
    70.36765435960926,
    70.04379486140391,
    69.88156066604978,
    69.81766313736082,
    69.81788133543306,
    69.87556462190416,
    69.96944632985563,
    70.00664241888721,
    69.80887228264831,
    69.1812126841084,
    68.04083282395428,
    66.53466894102979,
    65.06197317990795,
    64.13993975531224
  ],
  "cognitivedemand": [
    27.046169878058514,
    43.13185154188776,
    56.54725330140644,
    62.48498153173541,
    64.39474430069797,
    64.07262650485237,
    68.53470799829697,
    59.90742204185524,
    64.55593879677672,
    64.69022799329059,
    64.92583613077808,
    63.411473015000375,
    60.7523269966023,
    72.66059431151768,
    72.49251305330385,
    70.24999012360355,
    73.94225241939674,
    78.9913850384658,
    81.43190384231063,
    80.84753319985413,
    78.35514123783304,
    78.13515768696305,
    76.17938656201675,
    70.31011601986961,
    70.04110604319578,
    69.88239641771919,
    68.72498602720998,
    54.31426503132471,
    36.786928934225074,
    53.98001768901717,
    58.50938607800437
  ],
  "focus": [
    19.98318974170497,
    18.649651986391447,
    21.667597852284793,
    27.72937478463607,
    33.71212192142233,
    16.364723876390137,
    11.316501141014172,
    13.158304821829352,
    49.003874279948576,
    67.65044314326505,
    68.54422256369135,
    67.6664972520455,
    43.168063420602,
    14.43839239034473,
    13.611961989751498,
    14.995263251742962,
    24.9738044206237,
    11.516172139161013,
    10.156262383035324,
    8.040853905532936,
    8.981675449684493,
    16.520080158379987,
    11.947270425353256,
    8.565590907937018,
    13.831330942010982,
    40.878468337417466,
    30.20131704443733,
    29.162743471373823,
    9.04245660298847,
    15.72529786223347,
    13.371786642892982
  ],
  "embeddings": [
    [
      0.2049901932477951,
      0.19336913526058197,
      -0.05397148057818413,
      0.21517597138881683,
      -0.21165800094604492,
      0.01720576547086239,
      -0.16882915794849396,
      -0.1673312932252884,
      -0.09268499165773392,
      -0.0981619656085968
    ],
    [
      0.20438848435878754,
      0.20008675754070282,
      -0.0667741671204567,
      0.21521103382110596,
      -0.20744143426418304,
      0.01744607836008072,
      -0.17910270392894745,
      -0.15355424582958221,
      -0.10696344822645187,
      -0.0905352309346199
    ],
    [
      0.2063283771276474,
      0.19691546261310577,
      -0.06650758534669876,
      0.2160578817129135,
      -0.20706577599048615,
      0.01943468675017357,
      -0.17519398033618927,
      -0.16057801246643066,
      -0.09958409518003464,
      -0.0904211699962616
    ],
    [
      0.2074729949235916,
      0.19374136626720428,
      -0.06308992952108383,
      0.21608830988407135,
      -0.20823873579502106,
      0.020397664979100227,
      -0.17097891867160797,
      -0.16684077680110931,
      -0.09276188164949417,
      -0.09231435507535934
    ],
    [
      0.20833976566791534,
      0.19285623729228973,
      -0.06241457164287567,
      0.21631908416748047,
      -0.20841723680496216,
      0.02181071974337101,
      -0.16943591833114624,
      -0.16987650096416473,
      -0.08955737948417664,
      -0.09197652339935303
    ],
    [
      0.20822101831436157,
      0.19367365539073944,
      -0.06354031711816788,
      0.21623122692108154,
      -0.2081095427274704,
      0.021746868267655373,
      -0.1707417368888855,
      -0.16796939074993134,
      -0.09151601791381836,
      -0.09126307815313339
    ],
    [
      0.20826931297779083,
      0.19345884025096893,
      -0.06373165547847748,
      0.2161005288362503,
      -0.20804224908351898,
      0.02108832448720932,
      -0.1709388643503189,
      -0.16731728613376617,
      -0.09205519407987595,
      -0.09148908406496048
    ],
    [
      0.20863522589206696,
      0.19258540868759155,
      -0.06347474455833435,
      0.21589429676532745,
      -0.20805470645427704,
      0.02086697518825531,
      -0.17049171030521393,
      -0.16801349818706512,
      -0.09122633188962936,
      -0.09176218509674072
    ],
    [
      0.2089676856994629,
      0.19245953857898712,
      -0.0649711936712265,
      0.21603639423847198,
      -0.2074730545282364,
      0.020627044141292572,
      -0.1712396740913391,
      -0.166961669921875,
      -0.09240451455116272,
      -0.09109067171812057
    ],
    [
      0.20899401605129242,
      0.19315874576568604,
      -0.06584715843200684,
      0.21604488790035248,
      -0.20715554058551788,
      0.021073894575238228,
      -0.17191994190216064,
      -0.16620098054409027,
      -0.09316214919090271,
      -0.0902581438422203
    ],
    [
      0.20922724902629852,
      0.19355516135692596,
      -0.06698965281248093,
      0.21606016159057617,
      -0.2067243456840515,
      0.021400347352027893,
      -0.17258115112781525,
      -0.1656903624534607,
      -0.09379484504461288,
      -0.08932515233755112
    ],
    [
      0.20923900604248047,
      0.19276869297027588,
      -0.06347765773534775,
      0.21572571992874146,
      -0.20823347568511963,
      0.022739768028259277,
      -0.17012250423431396,
      -0.1690395027399063,
      -0.0892949104309082,
      -0.09085539728403091
    ],
    [
      0.209120973944664,
      0.19532369077205658,
      -0.06735263019800186,
      0.21599210798740387,
      -0.2068466693162918,
      0.023503879085183144,
      -0.17344288527965546,
      -0.16469819843769073,
      -0.09402858465909958,
      -0.08793855458498001
    ],
    [
      0.2096782922744751,
      0.1961306482553482,
      -0.0705428197979927,
      0.2163054198026657,
      -0.20547540485858917,
      0.023892229422926903,
      -0.17515967786312103,
      -0.16308371722698212,
      -0.09616616368293762,
      -0.08575290441513062
    ],
    [
      0.21050041913986206,
      0.1949670910835266,
      -0.07084527611732483,
      0.21654199063777924,
      -0.20523393154144287,
      0.024118274450302124,
      -0.1742950677871704,
      -0.16488802433013916,
      -0.0944531038403511,
      -0.08557569980621338
    ],
    [
      0.21114881336688995,
      0.193975567817688,
      -0.06956633180379868,
      0.21673643589019775,
      -0.2056158035993576,
      0.025519616901874542,
      -0.17241643369197845,
      -0.16796112060546875,
      -0.09101023524999619,
      -0.08565521240234375
    ],
    [
      0.21117432415485382,
      0.19607949256896973,
      -0.07215339690446854,
      0.21712005138397217,
      -0.20469672977924347,
      0.026737257838249207,
      -0.17454271018505096,
      -0.16533376276493073,
      -0.0937056615948677,
      -0.08321540802717209
    ],
    [
      0.21065376698970795,
      0.19707900285720825,
      -0.07619734108448029,
      0.21720904111862183,
      -0.20307470858097076,
      0.023980146273970604,
      -0.17800401151180267,
      -0.16011138260364532,
      -0.10015752166509628,
      -0.08203955739736557
    ],
    [
      0.2117108702659607,
      0.1934070587158203,
      -0.0723685696721077,
      0.21650849282741547,
      -0.20440614223480225,
      0.02434411831200123,
      -0.17383654415607452,
      -0.16627998650074005,
      -0.09298916906118393,
      -0.08486724644899368
    ],
    [
