{
  "tempos": [
    0.0,
    0.5,
    1.0,
    1.5,
    2.0,
    2.5,
    3.0,
    3.5,
    4.0,
    4.5,
    5.0,
    5.5,
    6.0,
    6.5,
    7.0,
    7.5,
    8.0,
    8.5,
    9.0,
    9.5,
    10.0,
    10.5,
    11.0,
    11.5,
    12.0,
    12.5,
    13.0,
    13.5,
    14.0,
    14.5,
    15.0
  ],
  "engajamentoneural": [
    69.6682353214461,
    76.44700809771345,
    84.22960856229811,
    88.70979264902219,
    89.72316847319877,
    88.19783266787104,
    84.87102512670161,
    80.58499598900788,
    76.30159434671798,
    72.7924049944798,
    70.4358391002471,
    69.20146464192864,
    68.78251869250074,
    68.81380718254863,
    69.04739972448893,
    69.40032913687268,
    69.88674448545595,
    70.50188899292498,
    71.14294432846572,
    71.6289513001031,
    71.79736444672211,
    71.58831309034306,
    71.05730565426973,
    70.323521665615,
    69.4799277268405,
    68.49896478766723,
    67.20690825128844,
    65.4049019981912,
    63.12121554415806,
    60.82752070432487,
    59.34553016436741
  ],
  "cognitivedemand": [
    54.75316404136004,
    54.472869163647935,
    66.01725678568444,
    68.0523797713048,
    68.50730912765742,
    68.31789114681317,
    68.23833089289816,
    68.34666610189309,
    57.16099394696876,
    55.39072617704833,
    71.65691813043131,
    75.24356364797629,
    75.5369756811862,
    78.49071693798224,
    78.50639256748731,
    78.4287131931675,
    54.664630634533566,
    68.70245335584241,
    73.6431746210811,
    73.93783833072607,
    73.31170073408994,
    71.78325866870827,
    66.39513122553223,
    71.52118671567581,
    58.793467924501826,
    70.98840694126272,
    71.91179022701868,
    59.6242246471121,
    36.79805224284619,
    54.580155892382486,
    54.682470533727745
  ],
  "focus": [
    14.38376844000531,
    21.80631822475805,
    28.295164744875063,
    8.908321887119046,
    14.255474987187048,
    32.727117057710146,
    49.771411706175996,
    45.96529112373403,
    49.62628844092079,
    33.1127726197273,
    8.934516506029617,
    10.735137645790688,
    9.930425979685513,
    9.638815754663005,
    9.14413691305011,
    8.494116136281304,
    8.170107854865448,
    8.194697856287616,
    11.990377346018352,
    20.30789531055354,
    17.57064265148597,
    12.466185662263177,
    13.016685263842714,
    20.417949942143913,
    15.09411895986322,
    22.0555640309235,
    22.77774815391865,
    32.013750148582425,
    19.614955563877082,
    26.949160800152217,
    25.702571135326014
  ],
  "embeddings": [
    [
      0.20127831399440765,
      0.18917997181415558,
      -0.049001146107912064,
      0.2134750336408615,
      -0.2139957696199417,
      0.005800942424684763,
      -0.16736894845962524,
      -0.1631273776292801,
      -0.09763413667678833,
      -0.10864460468292236
    ],
    [
      0.20113742351531982,
      0.18642239272594452,
      -0.04217943176627159,
      0.2132696956396103,
      -0.21640455722808838,
      0.006452803034335375,
      -0.16228707134723663,
      -0.1701725721359253,
      -0.08985152840614319,
      -0.11294140666723251
    ],
    [
      0.20077353715896606,
      0.19058211147785187,
      -0.04719719663262367,
      0.21408407390117645,
      -0.21467997133731842,
      0.008069890551269054,
      -0.1663859486579895,
      -0.16514278948307037,
      -0.0956634059548378,
      -0.10827114433050156
    ],
    [
      0.20051546394824982,
      0.1915009617805481,
      -0.04912503436207771,
      0.21391288936138153,
      -0.21399147808551788,
      0.007130549754947424,
      -0.16833047568798065,
      -0.16214369237422943,
      -0.09884922951459885,
      -0.10753492265939713
    ],
    [
      0.2012719064950943,
      0.19030900299549103,
      -0.049062300473451614,
      0.21402502059936523,
      -0.21388773620128632,
      0.0076000988483428955,
      -0.16727221012115479,
      -0.16414956748485565,
      -0.09675266593694687,
      -0.10751952975988388
    ],
    [
      0.20149236917495728,
      0.189081072807312,
      -0.04737880825996399,
      0.21395094692707062,
      -0.21452905237674713,
      0.007790960371494293,
      -0.16572923958301544,
      -0.16630417108535767,
      -0.09430728107690811,
      -0.108698271214962
    ],
    [
      0.2017614096403122,
      0.18950651586055756,
      -0.04825514554977417,
      0.21415436267852783,
      -0.21416465938091278,
      0.008372478187084198,
      -0.16612035036087036,
      -0.16606536507606506,
      -0.09460004419088364,
      -0.107791967689991
    ],
    [
      0.20186318457126617,
      0.19050681591033936,
      -0.05056421831250191,
      0.2141263633966446,
      -0.21335308253765106,
      0.008636974729597569,
      -0.16775262355804443,
      -0.16407746076583862,
      -0.09666577726602554,
      -0.10616188496351242
    ],
    [
      0.2020193189382553,
      0.19041503965854645,
      -0.050636518746614456,
      0.214041069149971,
      -0.21333305537700653,
      0.008956301026046276,
      -0.16766738891601562,
      -0.16440661251544952,
      -0.09614849090576172,
      -0.10600695013999939
    ],
    [
      0.20245470106601715,
      0.19070172309875488,
      -0.05121656134724617,
      0.2141752988100052,
      -0.21311648190021515,
      0.009937179274857044,
      -0.16778428852558136,
      -0.16484858095645905,
      -0.0954953208565712,
      -0.10504975914955139
    ],
    [
      0.20213039219379425,
      0.19181691110134125,
      -0.05249840021133423,
      0.21411092579364777,
      -0.21271912753582,
      0.009949041530489922,
      -0.1691638082265854,
      -0.16282492876052856,
      -0.09762934595346451,
      -0.10419829934835434
    ],
    [
      0.20237596333026886,
      0.19202876091003418,
      -0.053229983896017075,
      0.21410365402698517,
      -0.2124360054731369,
      0.010341455228626728,
      -0.1695009022951126,
      -0.16265836358070374,
      -0.09774594753980637,
      -0.10351371765136719
    ],
    [
      0.20139843225479126,
      0.1945294290781021,
      -0.05373923107981682,
      0.21395181119441986,
      -0.21251355111598969,
      0.010997027158737183,
      -0.1713053435087204,
      -0.1598898321390152,
      -0.10025039315223694,
      -0.10254780203104019
    ],
    [
      0.2014523297548294,
      0.19547511637210846,
      -0.056473612785339355,
      0.21406932175159454,
      -0.21144820749759674,
      0.010815910063683987,
      -0.17334502935409546,
      -0.1571590155363083,
      -0.10326281934976578,
      -0.10104840993881226
    ],
    [
      0.20134496688842773,
      0.19365940988063812,
      -0.053830575197935104,
      0.21375210583209991,
      -0.21235793828964233,
      0.009636789560317993,
      -0.1713712364435196,
      -0.15937955677509308,
      -0.10088446736335754,
      -0.10345390439033508
    ],
    [
      0.20085911452770233,
      0.19203759729862213,
      -0.051423173397779465,
      0.21350733935832977,
      -0.213168203830719,
      0.007970395497977734,
      -0.16975975036621094,
      -0.16072124242782593,
      -0.09976410865783691,
      -0.10599446296691895
    ],
    [
      0.2005467414855957,
      0.1908087134361267,
      -0.04914148151874542,
      0.2131851315498352,
      -0.21405555307865143,
      0.006770285312086344,
      -0.16842269897460938,
      -0.1619788259267807,
      -0.09847735613584518,
      -0.10804908722639084
    ],
    [
      0.20057672262191772,
      0.19066816568374634,
      -0.04963712766766548,
      0.2133331149816513,
      -0.21377213299274445,
      0.0061534252017736435,
      -0.16863881051540375,
      -0.16157959401607513,
      -0.099227674305439,
      -0.107965849339962
    ],
    [
      0.20029981434345245,
      0.18966202437877655,
      -0.04770265147089958,
      0.2131463885307312,
      -0.2144375443458557,
      0.00547547684982419,
      -0.1672893613576889,
      -0.16306893527507782,
      -0.09778037667274475,
      -0.10962977260351181
    ],
    [
