{
  "tempos": [
    0.0,
    0.5,
    1.0,
    1.5,
    2.0,
    2.5,
    3.0,
    3.5,
    4.0,
    4.5,
    5.0
  ],
  "engajamentoneural": [
    74.46129333580357,
    79.84917748522153,
    85.85381363218545,
    89.07988715858191,
    89.30250539313522,
    87.12353926704091,
    83.15729522816588,
    78.25704137107704,
    73.4202857826636,
    69.55765698328025,
    67.40435241697249
  ],
  "cognitivedemand": [
    69.4128915021546,
    69.14129381065659,
    70.7513896878667,
    75.4672510486423,
    78.60610948942154,
    78.34209028087534,
    77.9691985915418,
    77.26660863054158,
    43.883536286131964,
    51.33052435528288,
    55.381730667911704
  ],
  "focus": [
    22.830898651891342,
    33.334219903356576,
    22.45515885051226,
    11.113428934214266,
    17.204406406657284,
    17.803815786478005,
    19.640233482480053,
    16.51554879863435,
    13.478836313373805,
    19.757913986630417,
    42.32734304981908
  ],
  "embeddings": [
    [
      0.20300571620464325,
      0.1915646642446518,
      -0.05408577248454094,
      0.21429161727428436,
      -0.21190671622753143,
      0.011746001429855824,
      -0.16936899721622467,
      -0.16319060325622559,
      -0.09707937389612198,
      -0.10269257426261902
    ],
    [
      0.2025740146636963,
      0.1937578320503235,
      -0.05532653257250786,
      0.21412049233913422,
      -0.21168659627437592,
      0.012694884091615677,
      -0.1712484210729599,
      -0.16076140105724335,
      -0.09909798949956894,
      -0.1011388897895813
    ],
    [
      0.20189742743968964,
      0.19514484703540802,
      -0.056047916412353516,
      0.21381992101669312,
      -0.21172161400318146,
      0.01182103157043457,
      -0.17294152081012726,
      -0.15791623294353485,
      -0.10191638022661209,
      -0.10086816549301147
    ],
    [
      0.2018083781003952,
      0.19628508388996124,
      -0.05803002417087555,
      0.21382373571395874,
      -0.21105654537677765,
      0.011688769795000553,
      -0.17465855181217194,
      -0.15561944246292114,
      -0.10435853153467178,
      -0.09961125254631042
    ],
    [
      0.20285667479038239,
      0.19569261372089386,
      -0.05937735736370087,
      0.21427543461322784,
      -0.21033631265163422,
      0.012666347436606884,
      -0.17430007457733154,
      -0.15708817541599274,
      -0.10301949828863144,
      -0.098296158015728
    ],
    [
      0.20375148952007294,
      0.19470971822738647,
      -0.05936545133590698,
      0.2145826667547226,
      -0.21016253530979156,
      0.013529335148632526,
      -0.173165962100029,
      -0.15932819247245789,
      -0.10071227699518204,
      -0.09787881374359131
    ],
    [
      0.204375222325325,
      0.19397187232971191,
      -0.0591512955725193,
      0.2147417515516281,
      -0.21014481782913208,
      0.01432577520608902,
      -0.17217124998569489,
      -0.1612439602613449,
      -0.0987158939242363,
      -0.09765815734863281
    ],
    [
      0.20436568558216095,
      0.19446273148059845,
      -0.05970824882388115,
      0.21474872529506683,
      -0.21001367270946503,
      0.014565613120794296,
      -0.17278341948986053,
      -0.16043511033058167,
      -0.09941472858190536,
      -0.09718263149261475
    ],
    [
      0.20418208837509155,
      0.19489534199237823,
      -0.06013414263725281,
      0.2147092968225479,
      -0.20990343391895294,
      0.01441271137446165,
      -0.1733330488204956,
      -0.15952669084072113,
      -0.10032965987920761,
      -0.09696484357118607
    ],
    [
      0.20395274460315704,
      0.1950410157442093,
      -0.059982240200042725,
      0.21455155313014984,
      -0.21001094579696655,
      0.01412447914481163,
      -0.17352037131786346,
      -0.1590692102909088,
      -0.1007508635520935,
      -0.09720610827207565
    ],
    [
      0.20349900424480438,
      0.1953551024198532,
      -0.05953236296772957,
      0.21428735554218292,
      -0.21027670800685883,
      0.01371681410819292,
      -0.17378433048725128,
      -0.15830768644809723,
      -0.10138219594955444,
      -0.09770042449235916
    ],
    [
      0.20443673431873322,
      0.19450916349887848,
      -0.05991140007972717,
      0.21472014486789703,
      -0.2099580615758896,
      0.014815662987530231,
      -0.17279160022735596,
      -0.16053201258182526,
      -0.0992065891623497,
      -0.0970153883099556
    ],
    [
      0.2041301280260086,
      0.19525907933712006,
      -0.06053033471107483,
      0.2144954949617386,
      -0.20979012548923492,
      0.014309149235486984,
      -0.17382998764514923,
      -0.15909594297409058,
      -0.10075191408395767,
      -0.09664978832006454
    ],
    [
      0.203047975897789,
      0.1951082944869995,
      -0.0593678317964077,
      0.2133888155221939,
      -0.21049581468105316,
      0.011713150888681412,
      -0.1745777130126953,
      -0.15674136579036713,
      -0.10297736525535583,
      -0.09864837676286697
    ],
    [
      0.20156215131282806,
      0.19370241463184357,
      -0.05444866418838501,
      0.2119961529970169,
      -0.21260832250118256,
      0.008717913180589676,
      -0.1728963851928711,
      -0.1571057140827179,
      -0.10214006155729294,
      -0.10321744531393051
    ]
  ]
}