{
  "tempos": [
    0.0,
    0.5,
    1.0,
    1.5,
    2.0,
    2.5,
    3.0,
    3.5,
    4.0,
    4.5,
    5.0,
    5.5,
    6.0,
    6.5,
    7.0,
    7.5,
    8.0,
    8.5,
    9.0,
    9.5,
    10.0,
    10.5,
    11.0,
    11.5,
    12.0,
    12.5,
    13.0,
    13.5,
    14.0,
    14.5,
    15.0,
    15.5,
    16.0
  ],
  "engajamentoneural": [
    69.11803175760087,
    74.91032560637957,
    81.7268814518673,
    85.77517605992058,
    86.62974239042447,
    85.16425077382037,
    82.41699512309377,
    79.4640084987266,
    77.11057546691012,
    75.63322865356142,
    74.88484032631753,
    74.56497533147133,
    74.40749426421995,
    74.24187960582039,
    73.98570492034816,
    73.61792338575978,
    73.15680076005106,
    72.6533254117072,
    72.19046604314052,
    71.86294951751864,
    71.73179453202305,
    71.77763953325886,
    71.88165648504494,
    71.86710043702405,
    71.63426155835964,
    71.34117215838268,
    71.43982754917047,
    72.39102538156644,
    74.22035649451404,
    76.40073664499394,
    78.25020772104565,
    79.40444425572437,
    79.89979544479628
  ],
  "cognitivedemand": [
    81.39752143542978,
    88.20548273102351,
    69.30747859359491,
    50.87262511928479,
    78.51307868652474,
    82.93833428876336,
    82.68084760114515,
    49.229191602288104,
    76.49330167433723,
    76.29017183736222,
    78.01528938057957,
    81.29133798449064,
    80.37587850466977,
    78.97434865450941,
    78.90898269358223,
    80.437391738373,
    80.52622570956065,
    73.80022268358334,
    69.47262517541455,
    72.01591789721577,
    72.41010470443167,
    67.39076554618049,
    81.41289995604384,
    82.73149587674115,
    83.75834877621875,
    79.1923301652096,
    48.515422912820085,
    74.0510308956128,
    86.42112943486407,
    88.44328698655379,
    87.96290944235993,
    87.02408254986045,
    86.98667551569064
  ],
  "focus": [
    34.19663117185961,
    44.062773524095064,
    41.16064482447748,
    19.615062376358875,
    23.486771496221262,
    36.67465357448738,
    39.31308963702833,
    22.631204774669786,
    26.158313954836768,
    41.697020250796484,
    20.50490011818691,
    8.441503216588492,
    8.138030952836631,
    7.980668095013928,
    9.388535212741806,
    27.15387593529944,
    29.967926843080072,
    18.36071278842724,
    51.25908488368491,
    80.9075703266436,
    86.82773599410785,
    80.53547076080253,
    64.43374685042508,
    34.96871402303699,
    40.802686942825325,
    33.01299926082849,
    36.98274033326628,
    22.74919700254998,
    21.10711656172081,
    35.42016129955658,
    41.648386142700346,
    40.45365479057984,
    31.94329907232775
  ],
  "embeddings": [
    [
      0.2074047476053238,
      0.1935054510831833,
      -0.06566854566335678,
      0.21561299264431,
      -0.2078632265329361,
      0.01682327501475811,
      -0.17474405467510223,
      -0.16104523837566376,
      -0.09900671988725662,
      -0.09277734905481339
    ],
    [
      0.20904642343521118,
      0.1903756707906723,
      -0.06514859944581985,
      0.21594493091106415,
      -0.20720911026000977,
      0.01658104546368122,
      -0.17130403220653534,
      -0.16660325229167938,
      -0.09373947232961655,
      -0.09304273873567581
    ],
    [
      0.2108350247144699,
      0.18631277978420258,
      -0.06177516654133797,
      0.21679674088954926,
      -0.20795045793056488,
      0.01882879249751568,
      -0.16580097377300262,
      -0.1750963181257248,
      -0.08516010642051697,
      -0.09448952227830887
    ],
    [
      0.20865917205810547,
      0.18821819126605988,
      -0.058672595769166946,
      0.21595324575901031,
      -0.20955662429332733,
      0.0179988332092762,
      -0.16631659865379333,
      -0.17275838553905487,
      -0.08685826510190964,
      -0.09658032655715942
    ],
    [
      0.20842552185058594,
      0.1878053992986679,
      -0.05591367557644844,
      0.21549290418624878,
      -0.2107253074645996,
      0.018290316686034203,
      -0.1646990180015564,
      -0.175200954079628,
      -0.08387335389852524,
      -0.09793177247047424
    ],
    [
      0.20842398703098297,
      0.19214771687984467,
      -0.06578492373228073,
      0.21601001918315887,
      -0.20707423985004425,
      0.01739891804754734,
      -0.17276614904403687,
      -0.16441453993320465,
      -0.0961969792842865,
      -0.09204111248254776
    ],
    [
      0.20943982899188995,
      0.18864941596984863,
      -0.061528563499450684,
      0.2158418744802475,
      -0.20831000804901123,
      0.01830548234283924,
      -0.16784138977527618,
      -0.1717395782470703,
      -0.08799415826797485,
      -0.09472787380218506
    ],
    [
      0.20885306596755981,
      0.1883029341697693,
      -0.05907931551337242,
      0.21546369791030884,
      -0.2094174176454544,
      0.01822613924741745,
      -0.16680842638015747,
      -0.17240162193775177,
      -0.08670937269926071,
      -0.09646161645650864
    ],
    [
      0.2086847573518753,
      0.18907392024993896,
      -0.05969170853495598,
      0.21530981361865997,
      -0.2093164175748825,
      0.018206670880317688,
      -0.16779476404190063,
      -0.17103976011276245,
      -0.0881161317229271,
      -0.0958159938454628
    ],
    [
      0.2087559849023819,
      0.19020847976207733,
      -0.062224503606557846,
      0.21555985510349274,
      -0.2083384394645691,
      0.018130740150809288,
      -0.16956980526447296,
      -0.16885755956172943,
      -0.09080599993467331,
      -0.09412062913179398
    ],
    [
      0.20884142816066742,
      0.1898803561925888,
      -0.06167076900601387,
      0.21599192917346954,
      -0.20847046375274658,
      0.01862647384405136,
      -0.16860787570476532,
      -0.1701228767633438,
      -0.0895267054438591,
      -0.0943683609366417
    ],
    [
      0.2084135264158249,
      0.19179852306842804,
      -0.06331092864274979,
      0.2161446213722229,
      -0.20798587799072266,
      0.019267788156867027,
      -0.1704784631729126,
      -0.1674472540616989,
      -0.09231466054916382,
      -0.09284468740224838
    ],
    [
      0.20839683711528778,
      0.19211150705814362,
      -0.06402460485696793,
      0.21609240770339966,
      -0.20773285627365112,
      0.019186632707715034,
      -0.1711014062166214,
      -0.16658352315425873,
      -0.09323275834321976,
      -0.09245159476995468
    ],
    [
      0.20833659172058105,
      0.19173984229564667,
      -0.06331497430801392,
      0.21596890687942505,
      -0.2080250233411789,
      0.019036712124943733,
      -0.1706169694662094,
      -0.1671195775270462,
      -0.09257999807596207,
      -0.09303194284439087
    ],
    [
      0.20866632461547852,
      0.19128258526325226,
      -0.06351600587368011,
      0.2160911113023758,
      -0.20786522328853607,
      0.019013382494449615,
      -0.1703067272901535,
      -0.1677609086036682,
      -0.09211266040802002,
      -0.092890165746212
    ],
    [
      0.20947277545928955,
      0.18981359899044037,
      -0.06296960264444351,
      0.21614621579647064,
      -0.2079535573720932,
      0.019197044894099236,
      -0.16889788210391998,
      -0.17026309669017792,
      -0.08958622068166733,
      -0.09318730980157852
    ],
    [
      0.2101336121559143,
      0.18792308866977692,
      -0.06069635972380638,
      0.21629194915294647,
      -0.20869462192058563,
      0.020071452483534813,
      -0.16625270247459412,
      -0.17423222959041595,
      -0.08526605367660522,
      -0.09444776177406311
    ],
    [
      0.21121065318584442,
      0.18703486025333405,
      -0.060752466320991516,
      0.21682442724704742,
      -0.20852504670619965,
      0.021427856758236885,
      -0.1649530977010727,
      -0.17693133652210236,
      -0.08259587734937668,
      -0.09359437972307205
    ],
    [
      0.21127010881900787,
      0.1881495714187622,
      -0.062366437166929245,
      0.21692585945129395,
      -0.2079952359199524,
