{
  "tempos": [
    0.0,
    0.5,
    1.0,
    1.5,
    2.0,
    2.5,
    3.0,
    3.5,
    4.0,
    4.5,
    5.0
  ],
  "engajamentoneural": [
    55.69960240655105,
    59.97241117620862,
    65.59361441500913,
    69.65245298164142,
    71.45993853440906,
    71.94765086254948,
    72.17909414582395,
    72.51477163995531,
    72.74308838573445,
    72.68609856538795,
    72.51514941814243
  ],
  "cognitivedemand": [
    69.23792436505272,
    72.95460180146186,
    73.98174515327003,
    83.58695970024627,
    83.30577989502996,
    40.41794817764986,
    47.79631871811308,
    56.78770057253086,
    54.96703452670335,
    55.1329501421777,
    49.2842005701419
  ],
  "focus": [
    7.951454672076524,
    16.31878955939036,
    18.181079881407463,
    16.28830503230362,
    18.990713362723806,
    13.600108496797304,
    27.607673999645154,
    17.872769407108642,
    25.372409446803545,
    31.39280190766654,
    35.5330363898954
  ],
  "embeddings": [
    [
      0.20416224002838135,
      0.18934202194213867,
      -0.05611241236329079,
      0.21389448642730713,
      -0.2111261636018753,
      0.007094929460436106,
      -0.1701306849718094,
      -0.1619194597005844,
      -0.0993589386343956,
      -0.10304386168718338
    ],
    [
      0.20719118416309357,
      0.18399150669574738,
      -0.053047433495521545,
      0.2145807296037674,
      -0.21139828860759735,
      0.009537591598927975,
      -0.16361643373966217,
      -0.17284488677978516,
      -0.08763584494590759,
      -0.10439179092645645
    ],
    [
      0.207972452044487,
      0.18096262216567993,
      -0.049296606332063675,
      0.21506279706954956,
      -0.21274353563785553,
      0.010995523072779179,
      -0.1597249060869217,
      -0.1788180023431778,
      -0.08121461421251297,
      -0.10665275901556015
    ],
    [
      0.20719341933727264,
      0.1820605844259262,
      -0.050047799944877625,
      0.21511739492416382,
      -0.21261759102344513,
      0.00981876254081726,
      -0.16115650534629822,
      -0.17625188827514648,
      -0.0843549445271492,
      -0.10639640688896179
    ],
    [
      0.20638997852802277,
      0.1835334748029709,
      -0.05067211017012596,
      0.21486175060272217,
      -0.21252651512622833,
      0.009196394123136997,
      -0.16278015077114105,
      -0.17355680465698242,
      -0.08715563267469406,
      -0.10605465620756149
    ],
    [
      0.2059701532125473,
      0.18365615606307983,
      -0.05009126663208008,
      0.21477866172790527,
      -0.21278606355190277,
      0.008958453312516212,
      -0.1626695841550827,
      -0.1734643131494522,
      -0.08725307136774063,
      -0.10665854066610336
    ],
    [
      0.20653574168682098,
      0.18452171981334686,
      -0.052056118845939636,
      0.21509869396686554,
      -0.21196605265140533,
      0.01002714317291975,
      -0.1635727733373642,
      -0.17309679090976715,
      -0.08776813000440598,
      -0.1046992614865303
    ],
    [
      0.20849867165088654,
      0.18350990116596222,
      -0.05419277027249336,
      0.2161717563867569,
      -0.21072082221508026,
      0.013121305964887142,
      -0.1622113436460495,
      -0.17737142741680145,
      -0.08370145410299301,
      -0.10222078114748001
    ],
    [
      0.21015959978103638,
      0.18141376972198486,
      -0.051393043249845505,
      0.21598802506923676,
      -0.21182657778263092,
      0.016394520178437233,
      -0.15879088640213013,
      -0.18362827599048615,
      -0.07603702694177628,
      -0.10249833017587662
    ],
    [
      0.21016566455364227,
      0.18324458599090576,
      -0.053439218550920486,
      0.2158365249633789,
      -0.2113075852394104,
      0.017445513978600502,
      -0.1607844978570938,
      -0.18119312822818756,
      -0.07831991463899612,
      -0.10014557838439941
    ],
    [
      0.20848064124584198,
      0.18614263832569122,
      -0.05492052808403969,
      0.21527065336704254,
      -0.21113479137420654,
      0.016225306317210197,
      -0.16412042081356049,
      -0.17520593106746674,
      -0.08423411101102829,
      -0.09954753518104553
    ],
    [
      0.20720243453979492,
      0.1891661435365677,
      -0.05767475441098213,
      0.21510303020477295,
      -0.2102927416563034,
      0.015494334511458874,
      -0.16770197451114655,
      -0.1694965362548828,
      -0.09026410430669785,
      -0.09796347469091415
    ],
    [
      0.20626576244831085,
      0.19017310440540314,
      -0.05791311338543892,
      0.2145795375108719,
      -0.2103397250175476,
      0.014178663492202759,
      -0.1690378189086914,
      -0.16676855087280273,
      -0.09308233112096786,
      -0.09833093732595444
    ],
    [
      0.20555682480335236,
      0.18945397436618805,
      -0.056390997022390366,
      0.21388034522533417,
      -0.210984468460083,
      0.012327923439443111,
      -0.16869407892227173,
      -0.16629856824874878,
      -0.09356436878442764,
      -0.10038884729146957
    ]
  ]
}