{
  "tempos": [
    0.0,
    0.5,
    1.0,
    1.5,
    2.0,
    2.5,
    3.0,
    3.5,
    4.0,
    4.5,
    5.0,
    5.5,
    6.0,
    6.5,
    7.0,
    7.5,
    8.0,
    8.5,
    9.0,
    9.5,
    10.0,
    10.5,
    11.0,
    11.5,
    12.0,
    12.5,
    13.0,
    13.5,
    14.0,
    14.5,
    15.0,
    15.5,
    16.0,
    16.5,
    17.0,
    17.5,
    18.0,
    18.5
  ],
  "engajamentoneural": [
    28.4138085605532,
    33.278041622801666,
    41.96496194028833,
    51.6226049692544,
    58.97662286149152,
    62.7013158418494,
    63.42361243223562,
    62.423594035057306,
    60.76822180108399,
    59.02715387425697,
    57.35159779195198,
    55.696971100393945,
    54.0136987920167,
    52.327807937860136,
    50.72541511662191,
    49.29973862789197,
    48.11638819365489,
    47.20786182193431,
    46.57638223021869,
    46.192533956639686,
    45.99835325942395,
    45.92385519670596,
    45.9091328626087,
    45.91753474303245,
    45.93636364732628,
    45.97211117615201,
    46.04714248324165,
    46.19817909774467,
    46.47348870202298,
    46.92242952307468,
    47.57595651744649,
    48.43079528996902,
    49.454501456529776,
    50.58305698643728,
    51.67167021726829,
    52.491416404720724,
    52.89672301019819,
    52.99370458267829
  ],
  "cognitivedemand": [
    22.547366507106787,
    28.5986332072176,
    30.81927906923599,
    46.24927476190193,
    63.974677521010065,
    63.993967537848874,
    66.68213328971554,
    64.44286068000761,
    65.02185747039925,
    65.33473676030195,
    65.63561031042977,
    69.63532349659988,
    56.17026432800806,
    67.0686730162209,
    67.25762335732635,
    67.33393556742716,
    68.88426133501372,
    67.68611996708485,
    67.68678161522088,
    72.25292254840979,
    73.3572873297515,
    74.8218828812103,
    74.83820115063705,
    74.83475350819904,
    75.77725351601482,
    73.91899327907544,
    73.01640019252946,
    72.14519895226555,
    41.71056716741631,
    41.47985934320573,
    41.66606454168597,
    42.00514455554034,
    41.239462422395135,
    34.39271615316738,
    32.866812120549504,
    52.84185889831413,
    52.88016737073601,
    52.882358921318726
  ],
  "focus": [
    37.77895019498891,
    49.522026460672535,
    80.14838677559734,
    80.9524605218004,
    37.169535360153596,
    22.468194019902533,
    26.09513479294667,
    28.435927806480247,
    66.27492273043232,
    97.66151977530492,
    91.28599866922367,
    75.9336850560944,
    61.79574295205645,
    45.536823454952064,
    49.51290219176139,
    31.851075127700813,
    32.52428459278865,
    30.100573044271055,
    29.21020922061052,
    25.252087879475496,
    26.69196604955291,
    36.70270829396844,
    24.54687339771553,
    12.86282168182291,
    11.975095735549898,
    15.81689015316829,
    18.51295342238349,
    15.171266898161788,
    19.871701332731394,
    83.93647034042388,
    95.4181706054705,
    95.02561485044943,
    87.86487840328446,
    88.1547238360266,
    81.93068182475525,
    48.63565408480654,
    31.73460687896968,
    30.245107181636588
  ],
  "embeddings": [
    [
      0.1978076696395874,
      0.19531291723251343,
      -0.04982145503163338,
      0.2095266580581665,
      -0.2151954025030136,
      0.002924897475168109,
      -0.17525869607925415,
      -0.14996236562728882,
      -0.10944011062383652,
      -0.1085088849067688
    ],
    [
      0.19737450778484344,
      0.19268448650836945,
      -0.04258387163281441,
      0.20844988524913788,
      -0.21779371798038483,
      0.0036362409591674805,
      -0.1702132225036621,
      -0.15638257563114166,
      -0.10171084851026535,
      -0.11264223605394363
    ],
    [
      0.19708538055419922,
      0.19319657981395721,
      -0.0425950326025486,
      0.20870940387248993,
      -0.21802234649658203,
      0.0037807931657880545,
      -0.17060835659503937,
      -0.15583255887031555,
      -0.10197380185127258,
      -0.11285994201898575
    ],
    [
      0.19762428104877472,
      0.19484341144561768,
      -0.04745759069919586,
      0.21003074944019318,
      -0.21597421169281006,
      0.005697617307305336,
      -0.1726565808057785,
      -0.15422981977462769,
      -0.1042756512761116,
      -0.10923406481742859
    ],
    [
      0.19435764849185944,
      0.1936316043138504,
      -0.04061112552881241,
      0.20838576555252075,
      -0.2185555100440979,
      -0.0017560436390340328,
      -0.17133919894695282,
      -0.1517554521560669,
      -0.10751461982727051,
      -0.11635991930961609
    ],
    [
      0.19664257764816284,
      0.1906297206878662,
      -0.04172177240252495,
      0.2108352929353714,
      -0.2174859195947647,
      0.001142653520219028,
      -0.16778354346752167,
      -0.15889324247837067,
      -0.10095227509737015,
      -0.11557576805353165
    ],
    [
      0.1993425041437149,
      0.1895654946565628,
      -0.04440469667315483,
      0.2125919610261917,
      -0.21602469682693481,
      0.005086455028504133,
      -0.16622690856456757,
      -0.16398169100284576,
      -0.09603036195039749,
      -0.11204204708337784
    ],
    [
      0.19950808584690094,
      0.1887558102607727,
      -0.0437624417245388,
      0.21246163547039032,
      -0.21629071235656738,
      0.004999431315809488,
      -0.1655186116695404,
      -0.16475635766983032,
      -0.0951523408293724,
      -0.11271953582763672
    ],
    [
      0.2005072683095932,
      0.18882489204406738,
      -0.045168448239564896,
      0.21282656490802765,
      -0.21568088233470917,
      0.006782414857298136,
      -0.16544923186302185,
      -0.166112020611763,
      -0.0936097577214241,
      -0.11087822169065475
    ],
    [
      0.20219652354717255,
      0.18858228623867035,
      -0.049830179661512375,
      0.2139674425125122,
      -0.21346770226955414,
      0.0071493834257125854,
      -0.16672520339488983,
      -0.16583237051963806,
      -0.0951230451464653,
      -0.10773598402738571
    ],
    [
      0.203427255153656,
      0.18702451884746552,
      -0.05012037232518196,
      0.21449653804302216,
      -0.21302688121795654,
      0.008804875425994396,
      -0.16473785042762756,
      -0.16956563293933868,
      -0.09140342473983765,
      -0.10699009895324707
    ],
    [
      0.20459461212158203,
      0.1855478286743164,
      -0.04888873174786568,
      0.21482785046100616,
      -0.21342377364635468,
      0.010883606970310211,
      -0.16236209869384766,
      -0.17399471998214722,
      -0.08648216724395752,
      -0.10676751285791397
    ],
    [
      0.20564228296279907,
      0.1857510358095169,
      -0.05221885070204735,
      0.21553094685077667,
      -0.2119668573141098,
      0.011710370890796185,
      -0.16339600086212158,
      -0.17351622879505157,
      -0.08758259564638138,
      -0.10422205179929733
    ],
    [
      0.20638000965118408,
      0.18435318768024445,
      -0.05068357661366463,
      0.21534840762615204,
      -0.21249781548976898,
      0.012595872394740582,
      -0.16163060069084167,
      -0.17635267972946167,
      -0.08413823693990707,
      -0.1049472987651825
    ],
    [
      0.20576071739196777,
      0.18613307178020477,
      -0.05169693008065224,
      0.21513409912586212,
      -0.21235418319702148,
      0.012831655330955982,
      -0.1635172814130783,
      -0.17334701120853424,
      -0.08699974417686462,
      -0.10399024933576584
    ],
    [
      0.20567655563354492,
      0.18763180077075958,
      -0.053846776485443115,
      0.21504651010036469,
      -0.21161150932312012,
      0.012831027619540691,
      -0.16556806862354279,
      -0.1706167608499527,
      -0.08974748104810715,
      -0.10241808742284775
    ],
    [
      0.2052188515663147,
      0.1880435198545456,
      -0.05441462993621826,
      0.21492373943328857,
      -0.2113996297121048,
      0.012024637311697006,
      -0.16630956530570984,
      -0.169167622923851,
      -0.09149372577667236,
      -0.10251462459564209
    ],
    [
