{
  "tempos": [
    0.0,
    0.5,
    1.0,
    1.5,
    2.0,
    2.5,
    3.0,
    3.5,
    4.0,
    4.5,
    5.0,
    5.5,
    6.0,
    6.5,
    7.0,
    7.5,
    8.0,
    8.5,
    9.0,
    9.5,
    10.0,
    10.5,
    11.0,
    11.5,
    12.0,
    12.5,
    13.0,
    13.5,
    14.0,
    14.5,
    15.0,
    15.5,
    16.0
  ],
  "engajamentoneural": [
    48.91130250426106,
    55.48952762219507,
    64.99716919406968,
    72.83724556722582,
    77.07452449167388,
    78.27269904112832,
    77.65447520711041,
    76.26714191907362,
    74.79972466141425,
    73.59386531488117,
    72.74646043600596,
    72.23008195356083,
    71.97853349385771,
    71.923673454037,
    71.99615984085949,
    72.11362071641027,
    72.18545236789544,
    72.14636380009505,
    72.00109979236767,
    71.84324672091427,
    71.81653927176505,
    72.02172784826627,
    72.42540308700805,
    72.84685554233796,
    73.03719801684665,
    72.79075503004184,
    72.03408149031443,
    70.87447071970414,
    69.5680510716475,
    68.37561922312294,
    67.42042091893168,
    66.72057875031497,
    66.32739121357952
  ],
  "cognitivedemand": [
    23.38564833251976,
    35.98754858645046,
    42.77327711373517,
    41.66846506655374,
    48.57020286288097,
    46.8711306439112,
    46.225124422250154,
    56.506371483383326,
    60.146397349747055,
    59.75590562239781,
    58.37309590932446,
    57.49465718184533,
    57.939172275510295,
    60.52017834982481,
    65.20251867901295,
    64.83121919606084,
    64.85805441176636,
    64.51796555452793,
    64.60234298270676,
    64.49475126270697,
    64.96616656613472,
    42.966683640956035,
    57.245041385868575,
    66.08316641730349,
    66.36760842559762,
    66.38941395868551,
    66.31878029356204,
    59.48892273894195,
    29.497282940438748,
    44.75556564380323,
    52.6829772510009,
    53.53513722597206,
    48.99407638054398
  ],
  "focus": [
    83.27894902995243,
    78.61406546945013,
    41.11937098383478,
    37.932837288899975,
    43.469547214276595,
    95.37562096683048,
    97.93445320246953,
    92.06333050573575,
    21.10268698027998,
    17.43108241369715,
    27.163802841502314,
    23.293649458865268,
    18.163342789580177,
    16.393142445399814,
    15.465744882508519,
    21.076687434096375,
    16.8087339155151,
    34.742757065205744,
    46.29144294503155,
    25.63739084328515,
    15.110615447506861,
    13.556816652587116,
    50.00147290321433,
    49.77685074905042,
    44.44753842957732,
    60.75458872291553,
    57.23582875555767,
    59.378673958638494,
    17.840104216858176,
    39.49350311461858,
    48.342839655562344,
    26.335529648305133,
    20.7323875621997
  ],
  "embeddings": [
    [
      0.20003992319107056,
      0.19757016003131866,
      -0.05459293723106384,
      0.2114647626876831,
      -0.21328727900981903,
      0.010663744993507862,
      -0.17573314905166626,
      -0.15293991565704346,
      -0.10591331869363785,
      -0.1021072044968605
    ],
    [
      0.20119641721248627,
      0.196733295917511,
      -0.05788826942443848,
      0.21094824373722076,
      -0.21194130182266235,
      0.009400548413395882,
      -0.17731612920761108,
      -0.1512981504201889,
      -0.10758920758962631,
      -0.10051920264959335
    ],
    [
      0.20179705321788788,
      0.19502504169940948,
      -0.05617727339267731,
      0.2115234136581421,
      -0.21219642460346222,
      0.010834529995918274,
      -0.1744389683008194,
      -0.15585298836231232,
      -0.10266392678022385,
      -0.10137338191270828
    ],
    [
      0.20322392880916595,
      0.19310398399829865,
      -0.055223893374204636,
      0.2125135064125061,
      -0.21219892799854279,
      0.012521602213382721,
      -0.1717129498720169,
      -0.1610058695077896,
      -0.0976058840751648,
      -0.1011914536356926
    ],
    [
      0.20503632724285126,
      0.18854989111423492,
      -0.05368606373667717,
      0.21436016261577606,
      -0.21163956820964813,
      0.012800940312445164,
      -0.16638363897800446,
      -0.16921915113925934,
      -0.09053760021924973,
      -0.10270903259515762
    ],
    [
      0.20598715543746948,
      0.18639934062957764,
      -0.04569435492157936,
      0.2140905261039734,
      -0.21496130526065826,
      0.01654026098549366,
      -0.16021767258644104,
      -0.17879362404346466,
      -0.0788193792104721,
      -0.10497728735208511
    ],
    [
      0.20519186556339264,
      0.19285230338573456,
      -0.05625148117542267,
      0.21480637788772583,
      -0.211189866065979,
      0.016231663525104523,
      -0.16963143646717072,
      -0.16574589908123016,
      -0.09363281726837158,
      -0.09809061884880066
    ],
    [
      0.20463649928569794,
      0.194948211312294,
      -0.0603349469602108,
      0.21496997773647308,
      -0.20960110425949097,
      0.015453050844371319,
      -0.17299914360046387,
      -0.16075332462787628,
      -0.09930799156427383,
      -0.09618224948644638
    ],
    [
      0.2048705369234085,
      0.1952693611383438,
      -0.06186788156628609,
      0.21509815752506256,
      -0.20896589756011963,
      0.015578527934849262,
      -0.17378456890583038,
      -0.15990310907363892,
      -0.10034718364477158,
      -0.09523048996925354
    ],
    [
      0.2041526883840561,
      0.194196417927742,
      -0.05948089063167572,
      0.21471869945526123,
      -0.20987100899219513,
      0.013790559023618698,
      -0.17259497940540314,
      -0.16049261391162872,
      -0.09976083040237427,
      -0.097721628844738
    ],
    [
      0.2047630101442337,
      0.19137372076511383,
      -0.058129485696554184,
      0.21513479948043823,
      -0.21002209186553955,
      0.012362168170511723,
      -0.17024660110473633,
      -0.16397175192832947,
      -0.09716687351465225,
      -0.0994177982211113
    ],
    [
      0.20463156700134277,
      0.18997977674007416,
      -0.05452566221356392,
      0.2149011641740799,
      -0.21139775216579437,
      0.01258931029587984,
      -0.16770224273204803,
      -0.1671627163887024,
      -0.09326827526092529,
      -0.10164052993059158
    ],
    [
      0.20400995016098022,
      0.18981266021728516,
      -0.05352809652686119,
      0.2147931307554245,
      -0.2117595672607422,
      0.011375880800187588,
      -0.1675231009721756,
      -0.1667391061782837,
      -0.094034343957901,
      -0.10284245014190674
    ],
    [
      0.20301471650600433,
      0.19104139506816864,
      -0.05339859798550606,
      0.21452109515666962,
      -0.21197444200515747,
      0.010356463491916656,
      -0.16871440410614014,
      -0.16418184340000153,
      -0.09661838412284851,
      -0.10319244116544724
    ],
    [
      0.20245523750782013,
      0.19134126603603363,
      -0.053634729236364365,
      0.21456925570964813,
      -0.21186035871505737,
      0.009152966551482677,
      -0.16935312747955322,
      -0.16271208226680756,
      -0.09861155599355698,
      -0.10363694280385971
    ],
    [
      0.2021450251340866,
      0.19052636623382568,
      -0.051712241023778915,
      0.21435971558094025,
      -0.21260981261730194,
      0.008567933924496174,
      -0.16823963820934296,
      -0.16381287574768066,
      -0.09732998162508011,
      -0.10527706891298294
    ],
    [
      0.2014724165201187,
      0.19072383642196655,
      -0.05062409117817879,
      0.21399201452732086,
      -0.21311162412166595,
      0.007678203284740448,
      -0.16842013597488403,
      -0.16298025846481323,
      -0.09822193533182144,
      -0.10630670189857483
    ],
    [
      0.20130355656147003,
      0.19106175005435944,
      -0.04877421259880066,
      0.21402215957641602,
      -0.2139364331960678,
      0.009031984023749828,
      -0.16725142300128937,
      -0.16474740207195282,
      -0.09574977308511734,
      -0.10661810636520386
    ],
    [
      0.2008589506149292,
      0.19274504482746124,
      -0.05076005682349205,
      0.21400363743305206,
