{
  "tempos": [
    0.0,
    0.5,
    1.0,
    1.5,
    2.0,
    2.5,
    3.0,
    3.5,
    4.0,
    4.5,
    5.0
  ],
  "engajamentoneural": [
    66.91241425723395,
    73.43693438542995,
    81.31421917875481,
    86.20756048544729,
    87.52615971847644,
    86.0150243487807,
    82.29813130947818,
    77.06947112986448,
    71.34138519632577,
    66.38637986529356,
    63.48608155274814
  ],
  "cognitivedemand": [
    58.51688913231614,
    66.04902270666113,
    71.54415417032733,
    72.15851026537435,
    71.78968481035575,
    70.3068036064027,
    46.67082996029939,
    39.07506311784263,
    45.32589758518801,
    56.235661944345054,
    58.17614325037018
  ],
  "focus": [
    43.22828186264362,
    34.928665013903974,
    18.64210179567471,
    10.841719670140762,
    16.1647644369682,
    24.27552697385461,
    23.74391970079038,
    17.505603150935556,
    60.3541299666817,
    61.76051091828409,
    27.46233556934211
  ],
  "embeddings": [
    [
      0.1992872953414917,
      0.19257575273513794,
      -0.05036381259560585,
      0.21102510392665863,
      -0.21423961222171783,
      0.00257965293712914,
      -0.17266042530536652,
      -0.15422336757183075,
      -0.10612610727548599,
      -0.10820146650075912
    ],
    [
      0.19890327751636505,
      0.1888061761856079,
      -0.043840497732162476,
      0.21065939962863922,
      -0.21627889573574066,
      0.0010119726648554206,
      -0.16738246381282806,
      -0.160653218626976,
      -0.09924691170454025,
      -0.11360273510217667
    ],
    [
      0.1985669881105423,
      0.18624693155288696,
      -0.03928693011403084,
      0.21075892448425293,
      -0.21805791556835175,
      0.0005099537665955722,
      -0.16391615569591522,
      -0.16487140953540802,
      -0.0946887955069542,
      -0.117306649684906
    ],
    [
      0.1985826939344406,
      0.18754857778549194,
      -0.0410948246717453,
      0.21147330105304718,
      -0.21744264662265778,
      0.0009562136256136,
      -0.16539199650287628,
      -0.16325600445270538,
      -0.09674596786499023,
      -0.11575732380151749
    ],
    [
      0.19837306439876556,
      0.18824557960033417,
      -0.04213869571685791,
      0.21172702312469482,
      -0.21704089641571045,
      0.0008458016091026366,
      -0.1662224680185318,
      -0.1620536595582962,
      -0.09823039174079895,
      -0.11513576656579971
    ],
    [
      0.1982242614030838,
      0.1881529837846756,
      -0.04185524582862854,
      0.2119503766298294,
      -0.2170913815498352,
      0.0008254455751739442,
      -0.16589827835559845,
      -0.16236577928066254,
      -0.09807896614074707,
      -0.11549586802721024
    ],
    [
      0.19750815629959106,
      0.1880333423614502,
      -0.040530022233724594,
      0.21176844835281372,
      -0.2176012545824051,
      -0.00022363693278748542,
      -0.16559502482414246,
      -0.16195906698703766,
      -0.09869655966758728,
      -0.11689293384552002
    ],
    [
      0.196928009390831,
      0.18795756995677948,
      -0.03960578516125679,
      0.21164090931415558,
      -0.21799184381961823,
      -0.0012738627847284079,
      -0.16550731658935547,
      -0.16142158210277557,
      -0.09938342124223709,
      -0.11798322200775146
    ],
    [
      0.19687628746032715,
      0.18758250772953033,
      -0.03916420415043831,
      0.21177047491073608,
      -0.2181055098772049,
      -0.0018746861023828387,
      -0.16515879333019257,
      -0.16170497238636017,
      -0.099371038377285,
      -0.1185193881392479
    ],
    [
      0.1974514275789261,
      0.18720869719982147,
      -0.038264043629169464,
      0.21145696938037872,
      -0.2185877561569214,
      -0.0003003132587764412,
      -0.16420204937458038,
      -0.163845032453537,
      -0.0963662788271904,
      -0.11830755323171616
    ],
    [
      0.19730110466480255,
      0.18915915489196777,
      -0.03992747887969017,
      0.21076615154743195,
      -0.2182549685239792,
      -0.00011700003960868344,
      -0.16677480936050415,
      -0.16045255959033966,
      -0.09929347783327103,
      -0.11661463975906372
    ],
    [
      0.19619596004486084,
      0.19035136699676514,
      -0.03964277729392052,
      0.21010148525238037,
      -0.2185554951429367,
      -0.0010557934874668717,
      -0.1679915189743042,
      -0.15777041018009186,
      -0.1017853245139122,
      -0.11708945035934448
    ],
    [
      0.1957792043685913,
      0.18945854902267456,
      -0.03817136213183403,
      0.20999310910701752,
      -0.2191305160522461,
      -0.0021738701034337282,
      -0.16709448397159576,
      -0.15829695761203766,
      -0.10132317990064621,
      -0.11891386657953262
    ],
    [
      0.19492550194263458,
      0.18963056802749634,
      -0.03677120804786682,
      0.20985709130764008,
      -0.21978183090686798,
      -0.003014512127265334,
      -0.16687744855880737,
      -0.15773797035217285,
      -0.10189948230981827,
      -0.12030365318059921
    ],
    [
      0.19429326057434082,
      0.19015993177890778,
      -0.036459509283304214,
      0.20921552181243896,
      -0.22006385028362274,
      -0.004321042448282242,
      -0.16781212389469147,
      -0.1557742804288864,
      -0.10376041382551193,
      -0.1208556666970253
    ]
  ]
}