{
  "tempos": [
    0.0,
    0.5,
    1.0,
    1.5,
    2.0,
    2.5,
    3.0,
    3.5,
    4.0,
    4.5,
    5.0,
    5.5,
    6.0,
    6.5,
    7.0,
    7.5,
    8.0,
    8.5,
    9.0,
    9.5,
    10.0,
    10.5,
    11.0,
    11.5,
    12.0,
    12.5,
    13.0,
    13.5,
    14.0,
    14.5,
    15.0,
    15.5,
    16.0,
    16.5,
    17.0,
    17.5,
    18.0,
    18.5,
    19.0,
    19.5
  ],
  "engajamentoneural": [
    66.16712687873614,
    72.58905513885374,
    80.39231303978494,
    85.30476018577224,
    86.73676350463529,
    85.57466923661272,
    82.74725860261019,
    79.17221018148679,
    75.65027331195292,
    72.65622500147497,
    70.33126272985771,
    68.6050372019716,
    67.2901403305815,
    66.14882735773011,
    64.98968661754957,
    63.78332520537884,
    62.709362745797634,
    62.05635279408385,
    62.00616905174299,
    62.47018803481613,
    63.134908875423754,
    63.667531653528364,
    63.877039226255896,
    63.74525133056851,
    63.4305869663809,
    63.302490831423306,
    63.87488369627964,
    65.5228119069185,
    68.17522339377555,
    71.33582161630834,
    74.42597249878706,
    77.045814833863,
    78.96033698503705,
    80.01638225115195,
    80.14894829095721,
    79.41009541704815,
    77.95761416918052,
    76.0649447975718,
    74.1983965442279,
    73.00490723281288
  ],
  "cognitivedemand": [
    56.82798463248832,
    49.81236848551244,
    49.47132706395214,
    54.532293730430666,
    54.6596137093811,
    54.58492744566083,
    60.363191780341594,
    61.690746852100695,
    63.17988674887186,
    64.5647167892954,
    65.2571181424739,
    63.480538816531286,
    65.74399651914676,
    64.1702896752397,
    65.85309678790884,
    73.31973256039288,
    76.80938946740214,
    61.30026464391344,
    50.44964615582637,
    59.300217111912055,
    60.1879352816985,
    56.23131034405251,
    68.59914050897376,
    64.39226494429082,
    62.20251695415703,
    60.549988376549884,
    47.626756068767065,
    60.05284766576716,
    62.15891064653718,
    61.91237239176569,
    61.773879050371775,
    60.58088620644421,
    62.39615041083234,
    62.377116134372095,
    57.76981562557393,
    60.22407876343569,
    60.523124708299605,
    68.61478767660832,
    67.15325264617968,
    70.23814733626782
  ],
  "focus": [
    10.551742418721414,
    11.516163429718674,
    11.759437097668734,
    22.144956068576054,
    20.078043599123664,
    39.09006956113755,
    36.78392796854733,
    13.807841163630517,
    20.08395606594621,
    16.546676562327328,
    18.2311578553467,
    19.306111743851623,
    8.953020128424209,
    9.182026344847356,
    8.650805216428314,
    10.264539822223663,
    13.702118417884744,
    12.422752688160022,
    8.60569290885661,
    10.306819954709264,
    33.29359927465795,
    20.280293983463732,
    22.269683331672645,
    10.602765242016993,
    22.99123221902045,
    22.62888154382311,
    16.83726612087402,
    23.016643939378973,
    25.729281563608275,
    18.03221186728631,
    12.830427387837615,
    8.912792256521865,
    13.306958544913503,
    32.75394543437268,
    31.59045482709255,
    38.63549491547791,
    31.61631243842685,
    45.12847704463341,
    25.91727438205047,
    11.953514271004227
  ],
  "embeddings": [
    [
      0.20012353360652924,
      0.1920025795698166,
      -0.05001160129904747,
      0.21336787939071655,
      -0.21355615556240082,
      0.006146259605884552,
      -0.16951043903827667,
      -0.1599547266960144,
      -0.10093182325363159,
      -0.10772240906953812
    ],
    [
      0.19996106624603271,
      0.19048136472702026,
      -0.04533393308520317,
      0.21339774131774902,
      -0.21538256108760834,
      0.007714848965406418,
      -0.16594982147216797,
      -0.1650022268295288,
      -0.09486695379018784,
      -0.11035259813070297
    ],
    [
      0.19767464697360992,
      0.1941012293100357,
      -0.046900298446416855,
      0.2131219059228897,
      -0.21523010730743408,
      0.005273759830743074,
      -0.1698634773492813,
      -0.1580403745174408,
      -0.10280119627714157,
      -0.10980110615491867
    ],
    [
      0.19535262882709503,
      0.19575519859790802,
      -0.044589776545763016,
      0.2122395783662796,
      -0.2165130376815796,
      0.0035016245674341917,
      -0.1709309071302414,
      -0.15462440252304077,
      -0.10594265908002853,
      -0.11213039606809616
    ],
    [
      0.1942957639694214,
      0.199921652674675,
      -0.04992400482296944,
      0.21262270212173462,
      -0.2146865576505661,
      0.00275046075694263,
      -0.17629146575927734,
      -0.14677321910858154,
      -0.11489663273096085,
      -0.10855302214622498
    ],
    [
      0.19444376230239868,
      0.19760967791080475,
      -0.047980185598134995,
      0.21289481222629547,
      -0.215070441365242,
      0.0013512131990864873,
      -0.17404864728450775,
      -0.14933152496814728,
      -0.11279400438070297,
      -0.11074582487344742
    ],
    [
      0.19492124021053314,
      0.193239226937294,
      -0.04197430610656738,
      0.21249283850193024,
      -0.2171303629875183,
      0.0006622443324886262,
      -0.16871172189712524,
      -0.15640254318714142,
      -0.10505922883749008,
      -0.11537579447031021
    ],
    [
      0.19433657824993134,
      0.19411075115203857,
      -0.04120148718357086,
      0.21244214475154877,
      -0.21756690740585327,
      0.000652081798762083,
      -0.1689494252204895,
      -0.15582895278930664,
      -0.10549255460500717,
      -0.1156969666481018
    ],
    [
      0.19280903041362762,
      0.19702202081680298,
      -0.041542571038007736,
      0.21212969720363617,
      -0.2177567034959793,
      0.0010268321493640542,
      -0.17110063135623932,
      -0.152169331908226,
      -0.10905127972364426,
      -0.11505686491727829
    ],
    [
      0.19196949899196625,
      0.1959877461194992,
      -0.04060469567775726,
      0.21214614808559418,
      -0.218000590801239,
      -0.0023916871286928654,
      -0.1708846539258957,
      -0.15103119611740112,
      -0.11128122359514236,
      -0.11742982268333435
    ],
    [
      0.19389128684997559,
      0.19362632930278778,
      -0.04084444418549538,
      0.21262960135936737,
      -0.21756696701049805,
      -0.0007640750263817608,
      -0.16853861510753632,
      -0.15578007698059082,
      -0.10633077472448349,
      -0.11676939576864243
    ],
    [
      0.19533860683441162,
      0.19156432151794434,
      -0.0388619638979435,
      0.21276454627513885,
      -0.21825063228607178,
      0.0012631128774955869,
      -0.16563861072063446,
      -0.16098828613758087,
      -0.10025546699762344,
      -0.11707753688097
    ],
    [
      0.19494198262691498,
      0.19402951002120972,
      -0.04179959371685982,
      0.2129763513803482,
      -0.21727091073989868,
      0.0016010174294933677,
      -0.16838236153125763,
      -0.15722455084323883,
      -0.10441511124372482,
      -0.1147259995341301
    ],
    [
      0.1947382688522339,
      0.19528526067733765,
      -0.043159205466508865,
      0.21291661262512207,
      -0.21687747538089752,
      0.0021163367200642824,
      -0.1697920709848404,
      -0.15536029636859894,
      -0.1061219796538353,
      -0.11363673210144043
    ],
    [
      0.19489480555057526,
      0.19599507749080658,
      -0.04432695731520653,
      0.21312569081783295,
      -0.21644751727581024,
      0.002738201292231679,
      -0.17043881118297577,
      -0.154719278216362,
      -0.10687962919473648,
      -0.11250462383031845
    ],
    [
      0.19513769447803497,
      0.19389791786670685,
      -0.04292091354727745,
      0.21315450966358185,
      -0.21670140326023102,
      0.0012602637289091945,
      -0.16880834102630615,
      -0.1566007137298584,
      -0.1054263710975647,
      -0.1143491193652153
    ],
    [
      0.19507700204849243,
      0.19431395828723907,
      -0.041484102606773376,
      0.21298432350158691,
