{
  "tempos": [
    0.0,
    0.5,
    1.0,
    1.5,
    2.0,
    2.5,
    3.0,
    3.5,
    4.0,
    4.5,
    5.0
  ],
  "engajamentoneural": [
    75.17299011918239,
    81.09189374875197,
    87.73212081338956,
    91.53295830511429,
    92.54422801111731,
    91.58520298687822,
    89.16550323604517,
    85.80405625478113,
    82.21806364926172,
    79.2068158110085,
    77.48151339752003
  ],
  "cognitivedemand": [
    40.38579370394203,
    62.9529057088479,
    70.87542847487299,
    71.84705804909714,
    71.39825738499816,
    71.54544354334045,
    71.34262441178481,
    71.44671640856856,
    71.12874154894757,
    71.59059911039029,
    71.11176508905228
  ],
  "focus": [
    17.28846440596463,
    24.03948461024079,
    28.52831754881138,
    16.732145593658192,
    11.872762230215066,
    11.095945009749297,
    12.088166344358358,
    12.475789915432276,
    12.96273339761334,
    14.773033798110347,
    14.582075030680688
  ],
  "embeddings": [
    [
      0.19553528726100922,
      0.18837304413318634,
      -0.03144437447190285,
      0.21112795174121857,
      -0.22021101415157318,
      -0.00043371637002564967,
      -0.16082057356834412,
      -0.16667835414409637,
      -0.09387383610010147,
      -0.12177375704050064
    ],
    [
      0.19561029970645905,
      0.18955965340137482,
      -0.036066170781850815,
      0.21305572986602783,
      -0.21893708407878876,
      6.889543874422088e-05,
      -0.16326157748699188,
      -0.1639552265405655,
      -0.09788376837968826,
      -0.11904548853635788
    ],
    [
      0.1942179799079895,
      0.18867827951908112,
      -0.033833350986242294,
      0.21245360374450684,
      -0.22004853188991547,
      -0.0036614537239074707,
      -0.16322900354862213,
      -0.16220809519290924,
      -0.09997937828302383,
      -0.12246979027986526
    ],
    [
      0.19359777867794037,
      0.18811964988708496,
      -0.032207805663347244,
      0.21191918849945068,
      -0.2208128422498703,
      -0.005099105648696423,
      -0.16292695701122284,
      -0.1618042141199112,
      -0.10022243112325668,
      -0.12432494014501572
    ],
    [
      0.19318723678588867,
      0.18864132463932037,
      -0.0322435237467289,
      0.21175998449325562,
      -0.22089552879333496,
      -0.005525828804820776,
      -0.16352741420269012,
      -0.16070754826068878,
      -0.10136125236749649,
      -0.12443870306015015
    ],
    [
      0.19310343265533447,
      0.18959836661815643,
      -0.03357498720288277,
      0.21185524761676788,
      -0.22043776512145996,
      -0.00529441749677062,
      -0.16467641294002533,
      -0.15925712883472443,
      -0.10294898599386215,
      -0.12335681915283203
    ],
    [
      0.19289898872375488,
      0.19047103822231293,
      -0.03407518193125725,
      0.21188177168369293,
      -0.2203434258699417,
      -0.004885403905063868,
      -0.1654275804758072,
      -0.15821573138237,
      -0.10388610512018204,
      -0.12279194593429565
    ],
    [
      0.19257743656635284,
      0.1911337822675705,
      -0.03440685197710991,
      0.21179968118667603,
      -0.2202838659286499,
      -0.004987084772437811,
      -0.16611704230308533,
      -0.15706473588943481,
      -0.10504865646362305,
      -0.12260661274194717
    ],
    [
      0.19271846115589142,
      0.19177834689617157,
      -0.03538046404719353,
      0.21192620694637299,
      -0.21993482112884521,
      -0.004378064535558224,
      -0.166739359498024,
      -0.15648619830608368,
      -0.10559216886758804,
      -0.12162216752767563
    ],
    [
      0.19267308712005615,
      0.19236016273498535,
      -0.0364721305668354,
      0.21199838817119598,
      -0.21951933205127716,
      -0.004483700264245272,
      -0.16759414970874786,
      -0.15535449981689453,
      -0.10690747946500778,
      -0.12090027332305908
    ],
    [
      0.192890465259552,
      0.19215376675128937,
      -0.036447737365961075,
      0.21195049583911896,
      -0.2195059210062027,
      -0.00418623723089695,
      -0.16737018525600433,
      -0.15587829053401947,
      -0.10622905939817429,
      -0.12081838399171829
    ],
    [
      0.192893847823143,
      0.1921466737985611,
      -0.036396343261003494,
      0.21189458668231964,
      -0.2195432037115097,
      -0.004037153907120228,
      -0.16731677949428558,
      -0.15591268241405487,
      -0.10604570060968399,
      -0.12083408236503601
    ],
    [
      0.19291692972183228,
      0.1922982782125473,
      -0.03658061847090721,
      0.21192283928394318,
      -0.21948213875293732,
      -0.003889919025823474,
      -0.16743339598178864,
      -0.1557675451040268,
      -0.10613775998353958,
      -0.12063693255186081
    ],
    [
      0.1929415613412857,
      0.1920986771583557,
      -0.03652673587203026,
      0.21201081573963165,
      -0.21946412324905396,
      -0.0040268925949931145,
      -0.16727995872497559,
      -0.15592920780181885,
      -0.10605549812316895,
      -0.12078621238470078
    ],
    [
      0.19234693050384521,
      0.1918216496706009,
      -0.03519396483898163,
      0.21158820390701294,
      -0.22003930807113647,
      -0.005217935424298048,
      -0.16705572605133057,
      -0.15549147129058838,
      -0.10646221786737442,
      -0.12217581272125244
    ]
  ]
}