{
  "tempos": [
    0.0,
    0.5,
    1.0,
    1.5,
    2.0,
    2.5,
    3.0,
    3.5,
    4.0,
    4.5,
    5.0,
    5.5,
    6.0,
    6.5,
    7.0,
    7.5,
    8.0,
    8.5,
    9.0,
    9.5,
    10.0,
    10.5,
    11.0,
    11.5,
    12.0,
    12.5,
    13.0,
    13.5,
    14.0,
    14.5,
    15.0,
    15.5,
    16.0,
    16.5,
    17.0,
    17.5,
    18.0,
    18.5,
    19.0
  ],
  "engajamentoneural": [
    27.853370023924352,
    33.71346000571612,
    44.99698276134245,
    58.487869100616905,
    69.17458239577539,
    74.7961029066167,
    76.23399270386666,
    75.22332614824607,
    73.30474599267104,
    71.52088236116049,
    70.33842352487399,
    69.83423585957446,
    69.93841120073412,
    70.5294237907048,
    71.4168182316486,
    72.35142424587357,
    73.10624752934534,
    73.56183095756012,
    73.73161297733007,
    73.72591210276317,
    73.68821755420302,
    73.73667967412142,
    73.92781870162307,
    74.24604497381311,
    74.6192499484593,
    74.95342917269572,
    75.16467286867343,
    75.19130095050004,
    74.99306287651383,
    74.55406952251295,
    73.8932624895206,
    73.07611386992082,
    72.2166451803697,
    71.44979072205203,
    70.86119899146067,
    70.42091852657387,
    70.02025745794688,
    69.61988316258488,
    69.33990242663552
  ],
  "cognitivedemand": [
    22.73272724547995,
    25.062711838798556,
    32.068023165622954,
    53.381030781893614,
    70.39517692031441,
    74.35373589434037,
    77.99878486259372,
    79.05135578700967,
    55.647532309690334,
    53.78149984801799,
    51.344932131488854,
    49.081489020719225,
    52.91651046995017,
    51.141184706139455,
    51.28126595772554,
    51.1335229425902,
    53.08428482971646,
    53.15281807364072,
    40.58740003707819,
    40.30481810244057,
    43.2528407391105,
    50.20986007355148,
    50.026380053445564,
    53.2708175990973,
    49.40949798456968,
    48.07866049241687,
    54.01562612709595,
    54.50167143669497,
    54.848784578980215,
    56.17389979077204,
    59.40305413550292,
    60.632300272428324,
    58.77125026408123,
    54.584694241785364,
    53.39295179066189,
    71.77917657325703,
    72.14739172793004,
    71.79597607716728,
    71.87905283518802
  ],
  "focus": [
    16.111673714320478,
    20.4368745420812,
    24.94011019442428,
    10.070767101696983,
    22.038381835297518,
    13.964604101275219,
    13.726453309699844,
    13.907188796828011,
    9.513350297764745,
    45.47846849908412,
    49.34729203271986,
    80.62895250280822,
    77.2798003038829,
    73.57375246480812,
    81.05449588435292,
    81.87997475234076,
    78.7522889352203,
    78.69360678202945,
    81.9190487715732,
    80.69267559432095,
    82.98612556095098,
    78.00269637824061,
    69.01156980022891,
    67.4586078245936,
    69.1966099124443,
    60.25115438408362,
    62.56602756137343,
    78.46611305489391,
    82.58335375940746,
    83.29383126222397,
    77.83279251894078,
    77.60916632863106,
    79.3467989215377,
    81.74460229600398,
    82.0108350717793,
    61.94897453905612,
    17.624841657310725,
    12.816740952642046,
    14.644892075527112
  ],
  "embeddings": [
    [
      0.20354092121124268,
      0.19656486809253693,
      -0.05675223469734192,
      0.21409247815608978,
      -0.21172404289245605,
      0.01752604730427265,
      -0.17348068952560425,
      -0.16074301302433014,
      -0.09869947284460068,
      -0.09757526963949203
    ],
    [
      0.2025284320116043,
      0.19919951260089874,
      -0.0578339658677578,
      0.2138911932706833,
      -0.21144931018352509,
      0.017678378149867058,
      -0.17503760755062103,
      -0.1580771654844284,
      -0.1010909155011177,
      -0.09628567844629288
    ],
    [
      0.20143108069896698,
      0.20354658365249634,
      -0.06463500112295151,
      0.2145831137895584,
      -0.20890302956104279,
      0.017969423905014992,
      -0.18064533174037933,
      -0.15027327835559845,
      -0.10968049615621567,
      -0.09218261390924454
    ],
    [
      0.20347845554351807,
      0.199072003364563,
      -0.06422951072454453,
      0.21445073187351227,
      -0.2086217999458313,
      0.016703909263014793,
      -0.17770995199680328,
      -0.1546734720468521,
      -0.1046687439084053,
      -0.09361185878515244
    ],
    [
      0.2065751999616623,
      0.1927080750465393,
      -0.06104835867881775,
      0.21512915194034576,
      -0.20910118520259857,
      0.01685023307800293,
      -0.17131750285625458,
      -0.16467179358005524,
      -0.09519355744123459,
      -0.09522388130426407
    ],
    [
      0.2076222151517868,
      0.18921621143817902,
      -0.053301721811294556,
      0.21475660800933838,
      -0.21229253709316254,
      0.019598811864852905,
      -0.16462615132331848,
      -0.17460264265537262,
      -0.08317049592733383,
      -0.09879998117685318
    ],
    [
      0.20698119699954987,
      0.1949007660150528,
      -0.06252605468034744,
      0.21548515558242798,
      -0.20899420976638794,
      0.019817596301436424,
      -0.17282839119434357,
      -0.16347329318523407,
      -0.0960129126906395,
      -0.09258005768060684
    ],
    [
      0.20732496678829193,
      0.19507242739200592,
      -0.06292455643415451,
      0.21553421020507812,
      -0.2088402509689331,
      0.01995990425348282,
      -0.17295922338962555,
      -0.16346116364002228,
      -0.09612017869949341,
      -0.0919751450419426
    ],
    [
      0.20685113966464996,
      0.19658929109573364,
      -0.06379974633455276,
      0.2152155488729477,
      -0.20869316160678864,
      0.02053230069577694,
      -0.17436718940734863,
      -0.1613568812608719,
      -0.09779220074415207,
      -0.09119292348623276
    ],
    [
      0.207628071308136,
      0.19627737998962402,
      -0.06627992540597916,
      0.21556036174297333,
      -0.20756350457668304,
      0.021066861227154732,
      -0.17487598955631256,
      -0.16135625541210175,
      -0.09795040637254715,
      -0.08969860523939133
    ],
    [
      0.2083492875099182,
      0.19393818080425262,
      -0.06394176930189133,
      0.2152770757675171,
      -0.20819492638111115,
      0.020914511755108833,
      -0.17209289968013763,
      -0.165529265999794,
      -0.09340713173151016,
      -0.09114402532577515
    ],
    [
      0.2095078080892563,
      0.19477619230747223,
      -0.06978990137577057,
      0.21630974113941193,
      -0.2057218700647354,
      0.020960936322808266,
      -0.17483437061309814,
      -0.16314028203487396,
      -0.09728068113327026,
      -0.087299644947052
    ],
    [
      0.20888908207416534,
      0.19274784624576569,
      -0.06411496549844742,
      0.2156582623720169,
      -0.20794039964675903,
      0.021633997559547424,
      -0.1709863394498825,
      -0.16751594841480255,
      -0.09156351536512375,
      -0.09113657474517822
    ],
    [
      0.20974712073802948,
      0.19306296110153198,
      -0.06707309186458588,
      0.21635794639587402,
      -0.2066124528646469,
      0.021897420287132263,
      -0.17215339839458466,
      -0.1667471081018448,
      -0.09300560504198074,
      -0.0888543426990509
    ],
    [
      0.2091882824897766,
      0.1934065967798233,
      -0.06514932960271835,
      0.21592514216899872,
      -0.20753897726535797,
      0.022242369130253792,
      -0.17151856422424316,
      -0.16731679439544678,
      -0.0917726457118988,
      -0.08977064490318298
    ],
    [
      0.20812548696994781,
      0.19469492137432098,
      -0.06399018317461014,
      0.21541668474674225,
      -0.20826995372772217,
      0.02191232144832611,
      -0.17225591838359833,
      -0.16540662944316864,
      -0.09313354641199112,
      -0.09055829048156738
    ],
    [
      0.20755033195018768,
      0.19677835702896118,
      -0.06771104782819748,
      0.21571551263332367,
      -0.20678268373012543,
      0.020974794402718544,
      -0.17558346688747406,
      -0.16042746603488922,
