{
  "tempos": [
    0.0,
    0.5,
    1.0,
    1.5,
    2.0,
    2.5,
    3.0,
    3.5,
    4.0,
    4.5,
    5.0,
    5.5,
    6.0,
    6.5,
    7.0,
    7.5,
    8.0,
    8.5,
    9.0,
    9.5,
    10.0,
    10.5,
    11.0,
    11.5,
    12.0,
    12.5,
    13.0,
    13.5,
    14.0,
    14.5,
    15.0,
    15.5,
    16.0,
    16.5,
    17.0,
    17.5,
    18.0,
    18.5
  ],
  "engajamentoneural": [
    68.40398666523726,
    75.64137540293729,
    84.20930978396474,
    89.51950858466711,
    91.4758726253993,
    91.32735249317882,
    89.97151842826237,
    87.99675033164505,
    85.7571470363865,
    83.40922634029914,
    81.05064202266318,
    78.77261921853163,
    76.56242445101984,
    74.27248160615471,
    71.7955925973377,
    69.27440452142748,
    67.0701847780433,
    65.46954524738288,
    64.44415484686635,
    63.73661040377934,
    63.179812142168004,
    62.952845304696794,
    63.547313461065634,
    65.39622922705414,
    68.39987456087489,
    71.82533645018752,
    74.77763796228936,
    76.75365308415967,
    77.75078014995917,
    78.02971508318443,
    77.87334092318173,
    77.48408689366633,
    76.97930206666354,
    76.40285341261593,
    75.7384828968718,
    74.97440527712726,
    74.21619667023803,
    73.71803713006796
  ],
  "cognitivedemand": [
    49.594008457851245,
    55.12969700645349,
    58.904002752369195,
    58.01583953305254,
    67.87113439862102,
    66.5804325484777,
    63.959261334883685,
    70.4021782677167,
    70.64204551012402,
    62.063520284542115,
    42.175135320085424,
    60.2230138459589,
    61.165719120239984,
    60.787479621173965,
    60.31512748262114,
    32.84544975509379,
    60.27942336118545,
    62.68620733990442,
    63.08929869669963,
    62.92897788231463,
    62.78500483087011,
    62.312882011744335,
    61.93974870160538,
    57.777655667280165,
    41.3880749541182,
    65.2786404745948,
    65.83859373978585,
    66.00368258743512,
    66.31202511409862,
    66.5889648418557,
    66.70785650735054,
    64.94049181786376,
    49.15873289450233,
    63.50299339175185,
    64.73535155111382,
    64.97809901769718,
    64.79077693309378,
    64.40225425463471
  ],
  "focus": [
    31.997745605283086,
    50.609591807647504,
    58.47393191694078,
    30.637959170929474,
    21.961788327461083,
    21.526417913888118,
    20.697520745018576,
    17.750294622832982,
    14.107499852408969,
    12.759494803011977,
    18.058807796470653,
    19.971342551276226,
    29.56982072110149,
    30.01720524796344,
    24.031545083609032,
    30.384209488986205,
    33.66320143888676,
    43.92577566807297,
    34.39453604691972,
    36.11893539722852,
    30.557563317253305,
    28.91792042980315,
    30.02306992005201,
    32.78182375950668,
    43.637312126013704,
    25.838740940904085,
    22.646805007962488,
    20.409625479495055,
    20.40548312172228,
    14.360924940257057,
    14.490021830853967,
    13.615485089847503,
    19.088928603538076,
    28.90708154941423,
    33.98673438974914,
    44.56419305250166,
    57.20859889747551,
    58.67853905593316
  ],
  "embeddings": [
    [
      0.20901300013065338,
      0.18970458209514618,
      -0.05995640531182289,
      0.21665458381175995,
      -0.2090059369802475,
      0.018517082557082176,
      -0.16727501153945923,
      -0.17255307734012604,
      -0.08784801512956619,
      -0.09457197040319443
    ],
    [
      0.21165652573108673,
      0.18720676004886627,
      -0.05869004502892494,
      0.21759043633937836,
      -0.20905466377735138,
      0.023431451991200447,
      -0.16271185874938965,
      -0.18133282661437988,
      -0.07807543128728867,
      -0.09304950386285782
    ],
    [
      0.21095047891139984,
      0.19015367329120636,
      -0.06237797066569328,
      0.21758072078227997,
      -0.20787657797336578,
      0.023989269509911537,
      -0.16646169126033783,
      -0.17592595517635345,
      -0.08373713493347168,
      -0.0907408595085144
    ],
    [
      0.21046490967273712,
      0.19157928228378296,
      -0.06466080993413925,
      0.21748153865337372,
      -0.2071439027786255,
      0.023442542180418968,
      -0.16870200634002686,
      -0.1724926233291626,
      -0.0873311385512352,
      -0.08963241428136826
    ],
    [
      0.211186945438385,
      0.19139200448989868,
      -0.06586771458387375,
      0.21780510246753693,
      -0.20656459033489227,
      0.024392828345298767,
      -0.1686333566904068,
      -0.17327582836151123,
      -0.08660697937011719,
      -0.0884862169623375
    ],
    [
      0.2109757512807846,
      0.19208240509033203,
      -0.0683857873082161,
      0.2175694704055786,
      -0.20564515888690948,
      0.023136457428336143,
      -0.17076653242111206,
      -0.16988028585910797,
      -0.09033873677253723,
      -0.08762705326080322
    ],
    [
      0.21140675246715546,
      0.19063647091388702,
      -0.06757503002882004,
      0.21741729974746704,
      -0.2058417648077011,
      0.022756129503250122,
      -0.16955536603927612,
      -0.17173798382282257,
      -0.0884789302945137,
      -0.08847177028656006
    ],
    [
      0.21105854213237762,
      0.19055543839931488,
      -0.06633993983268738,
      0.21701915562152863,
      -0.20647841691970825,
      0.022518521174788475,
      -0.16928322613239288,
      -0.17182017862796783,
      -0.08808185905218124,
      -0.08929777890443802
    ],
    [
      0.21088047325611115,
      0.19040824472904205,
      -0.06543939560651779,
      0.21685458719730377,
      -0.20688588917255402,
      0.022252818569540977,
      -0.16890184581279755,
      -0.1721792370080948,
      -0.08750927448272705,
      -0.0899377167224884
    ],
    [
      0.21096432209014893,
      0.18921531736850739,
      -0.06279478967189789,
      0.21645097434520721,
      -0.20805056393146515,
      0.022505586966872215,
      -0.16707581281661987,
      -0.17440032958984375,
      -0.08448734134435654,
      -0.09160956740379333
    ],
    [
      0.21068739891052246,
      0.19054991006851196,
      -0.06513591855764389,
      0.2166183441877365,
      -0.20712946355342865,
      0.022217871621251106,
      -0.1691279262304306,
      -0.1714342087507248,
      -0.08790219575166702,
      -0.09025556594133377
    ],
    [
      0.21090470254421234,
      0.1902783066034317,
      -0.06527218967676163,
      0.21654289960861206,
      -0.20703160762786865,
      0.02235402725636959,
      -0.16895566880702972,
      -0.17187553644180298,
      -0.08746388554573059,
      -0.0901646837592125
    ],
    [
      0.21123816072940826,
      0.1896216720342636,
      -0.06512773782014847,
      0.2166575789451599,
      -0.20702791213989258,
      0.02255733124911785,
      -0.1683245152235031,
      -0.1728188842535019,
      -0.08649319410324097,
      -0.09031474590301514
    ],
    [
      0.21122999489307404,
      0.1904619336128235,
      -0.06636916846036911,
      0.21684306859970093,
      -0.2065286636352539,
      0.022912906482815742,
      -0.16923581063747406,
      -0.17167603969573975,
      -0.08779137581586838,
      -0.08924154192209244
    ],
    [
      0.21002693474292755,
      0.19352559745311737,
      -0.06781523674726486,
      0.21670162677764893,
      -0.20622797310352325,
      0.023193523287773132,
      -0.1721281260251999,
      -0.16727928817272186,
      -0.09216448664665222,
      -0.08791032433509827
    ],
    [
      0.21081914007663727,
      0.19320040941238403,
      -0.07273072749376297,
      0.21748489141464233,
      -0.20400984585285187,
      0.02114940620958805,
      -0.1743929386138916,
      -0.16451962292194366,
      -0.09672892093658447,
      -0.08582053333520889
    ],
    [
      0.21187596023082733,
      0.18970859050750732,
      -0.06951522827148438,
      0.21733175218105316,
      -0.20500482618808746,
      0.021188290789723396,
      -0.170518159866333,
      -0.17040874063968658,
      -0.09043636918067932,
      -0.08807072788476944
    ],
