{
  "tempos": [
    0.0,
    0.5,
    1.0,
    1.5,
    2.0,
    2.5,
    3.0,
    3.5,
    4.0,
    4.5,
    5.0,
    5.5,
    6.0,
    6.5,
    7.0,
    7.5,
    8.0,
    8.5,
    9.0,
    9.5,
    10.0,
    10.5,
    11.0,
    11.5,
    12.0,
    12.5,
    13.0,
    13.5,
    14.0,
    14.5,
    15.0
  ],
  "engajamentoneural": [
    59.43897435101169,
    67.22110141220308,
    76.97841476769199,
    83.19569516264839,
    84.88777994144905,
    83.10155950362194,
    79.08633502546148,
    74.35556536647991,
    70.29694880540406,
    67.55975768759713,
    66.07226556937991,
    65.4380983781266,
    65.25322247515692,
    65.23833877442004,
    65.25203455192981,
    65.25533846070066,
    65.27347981873375,
    65.3636864991864,
    65.57819705840528,
    65.92591817177616,
    66.35849360434948,
    66.79576025010742,
    67.16397564517956,
    67.40263198075115,
    67.43284805755904,
    67.13811296166178,
    66.41090527531193,
    65.25133764467755,
    63.84372685163031,
    62.54314818526515,
    61.755648905518854
  ],
  "cognitivedemand": [
    29.505719141806594,
    48.50972164160028,
    65.88531106589821,
    69.3982317408784,
    71.8923400537869,
    57.66598201644327,
    73.87135921514124,
    73.4091833208334,
    70.82042532119578,
    76.22315045022755,
    79.55612521646366,
    80.28894333232455,
    80.06774202409677,
    81.06368957981537,
    81.4594169723047,
    81.75310922715285,
    81.67244838401807,
    82.24968790257572,
    80.633291979179,
    78.23793891912531,
    84.54860731638827,
    86.86964091873858,
    87.42004292576458,
    87.98186954289494,
    88.31438722770244,
    87.69328828971561,
    57.4507643023624,
    51.57668886826713,
    42.949306407565814,
    57.81030510109552,
    62.853826226785785
  ],
  "focus": [
    47.60055859762552,
    45.19189261816498,
    26.068010219544693,
    36.46552242174304,
    41.085423498304166,
    30.62754198213227,
    13.053955625142246,
    25.888928012380635,
    23.434343934470817,
    30.993549514487096,
    22.2499290836627,
    15.068954519818213,
    18.766542025534157,
    25.464500020328774,
    27.493985486491425,
    27.5411884264742,
    25.94843064496299,
    18.96727706818531,
    14.720787425394345,
    19.750058625503982,
    17.864944760956032,
    8.802610838854212,
    8.932099590148203,
    8.26091586163349,
    8.203684530373922,
    8.261651328625964,
    8.676915212616226,
    20.040305187989773,
    52.8106772341774,
    24.22725733265584,
    17.404478296522033
  ],
  "embeddings": [
    [
      0.20642536878585815,
      0.1908489465713501,
      -0.05646796524524689,
      0.2146136313676834,
      -0.21077269315719604,
      0.013616454787552357,
      -0.16934864223003387,
      -0.16659224033355713,
      -0.09326548129320145,
      -0.0989304780960083
    ],
    [
      0.20333929359912872,
      0.19233475625514984,
      -0.053382959216833115,
      0.21393971145153046,
      -0.21217018365859985,
      0.011698433198034763,
      -0.16964788734912872,
      -0.16392894089221954,
      -0.09642252326011658,
      -0.1016823947429657
    ],
    [
      0.20314247906208038,
      0.19173663854599,
      -0.05462576076388359,
      0.21423299610614777,
      -0.2116580754518509,
      0.010282418690621853,
      -0.17002467811107635,
      -0.16263633966445923,
      -0.09809719771146774,
      -0.10244189947843552
    ],
    [
      0.2036658376455307,
      0.18951135873794556,
      -0.0504465214908123,
      0.21429109573364258,
      -0.21320514380931854,
      0.011929135769605637,
      -0.16588295996189117,
      -0.168451726436615,
      -0.09133249521255493,
      -0.10461318492889404
    ],
    [
      0.20366430282592773,
      0.19290907680988312,
      -0.05361113324761391,
      0.21454547345638275,
      -0.21228128671646118,
      0.014453672803938389,
      -0.16870169341564178,
      -0.1653890162706375,
      -0.09405512362718582,
      -0.10084826499223709
    ],
    [
      0.20282995700836182,
      0.19711385667324066,
      -0.0590243823826313,
      0.21476852893829346,
      -0.21041452884674072,
      0.014786679297685623,
      -0.1738819032907486,
      -0.15817727148532867,
      -0.10198871046304703,
      -0.09710542112588882
    ],
    [
      0.20272736251354218,
      0.19676482677459717,
      -0.05861017480492592,
      0.2145717591047287,
      -0.21059924364089966,
      0.014466297812759876,
      -0.1735633760690689,
      -0.15846408903598785,
      -0.10166791081428528,
      -0.09766227751970291
    ],
    [
      0.20207881927490234,
      0.19750015437602997,
      -0.05774993821978569,
      0.21417136490345,
      -0.21111734211444855,
      0.014274831861257553,
      -0.17394216358661652,
      -0.15737740695476532,
      -0.10235705226659775,
      -0.09824297577142715
    ],
    [
      0.20256008207798004,
      0.19695131480693817,
      -0.059895116835832596,
      0.21451891958713531,
      -0.21019905805587769,
      0.013210185803472996,
      -0.17492614686489105,
      -0.15620391070842743,
      -0.10408668965101242,
      -0.09767555445432663
    ],
    [
      0.20289729535579681,
      0.1955530196428299,
      -0.05927063152194023,
      0.21459262073040009,
      -0.21029116213321686,
      0.012931029312312603,
      -0.17361855506896973,
      -0.15831442177295685,
      -0.10204250365495682,
      -0.09840333461761475
    ],
    [
      0.20326703786849976,
      0.192982479929924,
      -0.05532410368323326,
      0.2143159955739975,
      -0.21170943975448608,
      0.012942701578140259,
      -0.17015917599201202,
      -0.16291527450084686,
      -0.09681400656700134,
      -0.10102957487106323
    ],
    [
      0.2034240961074829,
      0.1939462423324585,
      -0.056971218436956406,
      0.214429572224617,
      -0.21114809811115265,
      0.013432231731712818,
      -0.17138642072677612,
      -0.16158615052700043,
      -0.0982150062918663,
      -0.09958598762750626
    ],
    [
      0.20287956297397614,
      0.19297702610492706,
      -0.05448920652270317,
      0.21402513980865479,
      -0.2120761275291443,
      0.012269844301044941,
      -0.1702171117067337,
      -0.16228754818439484,
      -0.09743809700012207,
      -0.10178709030151367
    ],
    [
      0.2024708390235901,
      0.1939924955368042,
      -0.05578647926449776,
      0.21402014791965485,
      -0.21164767444133759,
      0.011890067718923092,
      -0.1716179996728897,
      -0.16026782989501953,
      -0.09978345781564713,
      -0.10113025456666946
    ],
    [
      0.2018641233444214,
      0.19302351772785187,
      -0.05385264754295349,
      0.21372242271900177,
      -0.21237365901470184,
      0.01051351148635149,
      -0.1706354022026062,
      -0.1608579009771347,
      -0.09928876161575317,
      -0.10322370380163193
    ],
    [
      0.20087206363677979,
      0.1924571394920349,
      -0.05111885443329811,
      0.21338452398777008,
      -0.21348142623901367,
      0.009044026955962181,
      -0.16960972547531128,
      -0.16120456159114838,
      -0.09881649166345596,
      -0.10576751083135605
    ],
    [
      0.20065635442733765,
      0.19325613975524902,
      -0.05214642360806465,
      0.2136639952659607,
      -0.21302564442157745,
      0.008804140612483025,
      -0.17056584358215332,
      -0.15984243154525757,
      -0.10056203603744507,
      -0.10506970435380936
    ],
    [
      0.19998519122600555,
      0.19365113973617554,
      -0.05182475969195366,
      0.21324391663074493,
      -0.21322296559810638,
      0.0073311165906488895,
      -0.1714116483926773,
      -0.1578211635351181,
      -0.10263711959123611,
      -0.1058555319905281
    ],
    [
      0.19979478418827057,
      0.192405104637146,
      -0.04986916109919548,
      0.213300883769989,
      -0.21380536258220673,
      0.00661970442160964,
      -0.16980893909931183,
      -0.1597023457288742,
      -0.10086905211210251,
      -0.10759956389665604
    ],
    [
