{
  "tempos": [
    0.0,
    0.5,
    1.0,
    1.5,
    2.0,
    2.5,
    3.0,
    3.5,
    4.0,
    4.5,
    5.0,
    5.5,
    6.0,
    6.5,
    7.0,
    7.5,
    8.0,
    8.5,
    9.0,
    9.5,
    10.0,
    10.5,
    11.0,
    11.5,
    12.0,
    12.5,
    13.0,
    13.5,
    14.0,
    14.5,
    15.0
  ],
  "engajamentoneural": [
    73.87914814400315,
    81.00822246417157,
    88.910509081644,
    93.4311872694986,
    95.06703547218221,
    95.10201658656105,
    94.19447029412001,
    92.68929647731159,
    90.86532983922463,
    88.95973233275282,
    87.15106081322655,
    85.56380081570013,
    84.26981334326953,
    83.2835175139859,
    82.57206942859901,
    82.08571177037878,
    81.78357005291163,
    81.63509566111196,
    81.60991065490724,
    81.67705820727022,
    81.80838433824047,
    81.97070679943995,
    82.1161868038174,
    82.19298650613712,
    82.17185162732082,
    82.05982742935902,
    81.88275681238389,
    81.6535314788752,
    81.37237063167412,
    81.0769489543875,
    80.87472746344821
  ],
  "cognitivedemand": [
    62.0245056640904,
    64.95992065118183,
    66.3370627830024,
    69.15895418084334,
    70.83344060133727,
    71.41105745500234,
    70.00141549325444,
    70.69283084746769,
    71.16016993321925,
    71.97682645960424,
    72.21230371458249,
    73.63088861442677,
    71.74030609819548,
    72.26013013093525,
    71.7986812865272,
    66.16798119824401,
    61.88849774452249,
    62.93799832412578,
    63.14266456516739,
    63.79973592687748,
    68.94920767621687,
    73.68168389291814,
    74.47060573878115,
    73.95072960914908,
    74.41323993681888,
    72.9496550322371,
    74.15810260679066,
    73.08477760206483,
    70.97634347059444,
    76.67992268990453,
    81.50049492015731
  ],
  "focus": [
    24.559666289910492,
    15.214787198414436,
    43.354755835251595,
    29.70086175410754,
    28.741881135630265,
    43.53491408301957,
    52.5049060677811,
    25.955744121329687,
    39.59279280533496,
    61.93988656928315,
    56.9475591034093,
    59.54090803509247,
    64.40249784173777,
    65.53230932237693,
    67.71567823494821,
    59.10256390316308,
    60.93170401946205,
    72.84548100211302,
    59.01582529794041,
    81.33177983877113,
    85.17419294239934,
    72.08955428431402,
    52.78801584354601,
    52.794065843811225,
    67.34084084682473,
    79.17709836246381,
    75.89361862688263,
    64.5764787802663,
    72.77792718523641,
    61.45759593701102,
    18.375919308711016
  ],
  "embeddings": [
    [
      0.19708041846752167,
      0.188335120677948,
      -0.046666909009218216,
      0.213864266872406,
      -0.2144559621810913,
      -0.009905309416353703,
      -0.16918832063674927,
      -0.15349526703357697,
      -0.11307773739099503,
      -0.1156240776181221
    ],
    [
      0.19699399173259735,
      0.1742819994688034,
      -0.02183304913341999,
      0.21121080219745636,
      -0.22370046377182007,
      -0.0076904259622097015,
      -0.14966590702533722,
      -0.17959441244602203,
      -0.08059882372617722,
      -0.1354357749223709
    ],
    [
      0.1974339634180069,
      0.1756761521100998,
      -0.020436622202396393,
      0.211606964468956,
      -0.22463257610797882,
      -0.004324353300035,
      -0.14916656911373138,
      -0.1823807954788208,
      -0.07713348418474197,
      -0.13355658948421478
    ],
    [
      0.1960330605506897,
      0.17873722314834595,
      -0.023504167795181274,
      0.21220137178897858,
      -0.22347867488861084,
      -0.006641920655965805,
      -0.1527673453092575,
      -0.17664678394794464,
      -0.08558807522058487,
      -0.13120321929454803
    ],
    [
      0.19506986439228058,
      0.18290208280086517,
      -0.029558124020695686,
      0.21248650550842285,
      -0.2211298942565918,
      -0.007797903846949339,
      -0.15851786732673645,
      -0.16816939413547516,
      -0.0954321101307869,
      -0.1272980272769928
    ],
    [
      0.1958112120628357,
      0.1807907670736313,
      -0.027111021801829338,
      0.21227698028087616,
      -0.22193002700805664,
      -0.007039505988359451,
      -0.15567070245742798,
      -0.1727626919746399,
      -0.08993733674287796,
      -0.1288309097290039
    ],
    [
      0.1959044486284256,
      0.18026824295520782,
      -0.025762394070625305,
      0.2123585194349289,
      -0.22241757810115814,
      -0.006584704387933016,
      -0.15442664921283722,
      -0.1745544672012329,
      -0.08778241276741028,
      -0.12953954935073853
    ],
    [
      0.19618020951747894,
      0.18117563426494598,
      -0.02755272574722767,
      0.21242129802703857,
      -0.2218359261751175,
      -0.005651451181620359,
      -0.1557779461145401,
      -0.17323149740695953,
      -0.08911208063364029,
      -0.12792907655239105
    ],
    [
      0.1950177401304245,
      0.18172144889831543,
      -0.027633287012577057,
      0.2122369259595871,
      -0.22172920405864716,
      -0.008031325414776802,
      -0.15684692561626434,
      -0.1704566478729248,
      -0.09262287616729736,
      -0.12900769710540771
    ],
    [
      0.19664902985095978,
      0.17885631322860718,
      -0.024493036791682243,
      0.2120697945356369,
      -0.22292698919773102,
      -0.00515068881213665,
      -0.15270356833934784,
      -0.17770950496196747,
      -0.0833301991224289,
      -0.13031096756458282
    ],
    [
      0.19627545773983002,
      0.18156762421131134,
      -0.0276116281747818,
      0.21249036490917206,
      -0.22171534597873688,
      -0.00423804298043251,
      -0.15539412200450897,
      -0.17422743141651154,
      -0.08771420270204544,
      -0.12717179954051971
    ],
    [
      0.19524209201335907,
      0.18486177921295166,
      -0.030733436346054077,
      0.2126787155866623,
      -0.22073601186275482,
      -0.004837533924728632,
      -0.15916180610656738,
      -0.16830016672611237,
      -0.09417402744293213,
      -0.12514084577560425
    ],
    [
      0.19481812417507172,
      0.18541698157787323,
      -0.03108256310224533,
      0.21249498426914215,
      -0.2206953912973404,
      -0.0053370739333331585,
      -0.16001518070697784,
      -0.16677320003509521,
      -0.09581006318330765,
      -0.12506961822509766
    ],
    [
      0.19497771561145782,
      0.1840914636850357,
      -0.02996748685836792,
      0.21247230470180511,
      -0.22095705568790436,
      -0.005863530095666647,
      -0.15867137908935547,
      -0.16845740377902985,
      -0.09399215131998062,
      -0.1264180988073349
    ],
    [
      0.1955334097146988,
      0.1798710823059082,
      -0.023669764399528503,
      0.21163618564605713,
      -0.22337019443511963,
      -0.005510328803211451,
      -0.15342389047145844,
      -0.17578847706317902,
      -0.08500310778617859,
      -0.1311405450105667
    ],
    [
      0.1948438435792923,
      0.18418240547180176,
      -0.028635630384087563,
      0.21213026344776154,
      -0.2216782569885254,
      -0.004879749845713377,
      -0.15825249254703522,
      -0.16914315521717072,
      -0.09256311506032944,
      -0.1269455999135971
    ],
    [
      0.19578497111797333,
      0.18545609712600708,
      -0.035113055258989334,
      0.21339142322540283,
      -0.21874499320983887,
      -0.005511170718818903,
      -0.16128693521022797,
      -0.16558246314525604,
      -0.0982292890548706,
      -0.12257041782140732
    ],
    [
      0.19609399139881134,
      0.18199193477630615,
      -0.03048635832965374,
      0.21270115673542023,
      -0.22044603526592255,
      -0.0061277360655367374,
      -0.1573534607887268,
      -0.17061911523342133,
      -0.09179037809371948,
      -0.12681172788143158
    ],
    [
      0.1959080547094345,
      0.18008317053318024,
      -0.024052301421761513,
      0.21250419318675995,
      -0.22306114435195923,
      -0.004434073809534311,
      -0.15270070731639862,
      -0.17736965417861938,
      -0.0836964026093483,
      -0.13005757331848145
