{
  "tempos": [
    0.0,
    0.5,
    1.0,
    1.5,
    2.0,
    2.5,
    3.0,
    3.5,
    4.0,
    4.5,
    5.0
  ],
  "engajamentoneural": [
    65.47726883331097,
    71.79108017973755,
    79.51764468170487,
    84.41727911628644,
    85.81696777799024,
    84.5476945317146,
    81.49574010155555,
    77.51242009365669,
    73.42430961442028,
    70.02518188620542,
    68.06885717949025
  ],
  "cognitivedemand": [
    38.84077029150525,
    59.647519756791134,
    75.72801826265857,
    80.51667283159438,
    87.96254246347756,
    86.53502131258577,
    82.19773346193367,
    64.85339126780539,
    63.44433311858493,
    63.62854261940018,
    63.62915033409024
  ],
  "focus": [
    33.4810108302479,
    32.82441222013554,
    26.41807559380355,
    9.786418104288481,
    11.85709270735361,
    8.919001566073513,
    8.58035142185639,
    8.434642391211707,
    12.356453453523951,
    35.0452192365465,
    39.88693543875293
  ],
  "embeddings": [
    [
      0.20170359313488007,
      0.191820427775383,
      -0.053154706954956055,
      0.21274487674236298,
      -0.21278263628482819,
      0.007595273200422525,
      -0.17096035182476044,
      -0.1596425473690033,
      -0.10052856802940369,
      -0.10456817597150803
    ],
    [
      0.20104651153087616,
      0.18942256271839142,
      -0.048504963517189026,
      0.21230196952819824,
      -0.2144463211297989,
      0.006067326758056879,
      -0.167833611369133,
      -0.16277271509170532,
      -0.09709013253450394,
      -0.10873457789421082
    ],
    [
      0.20153504610061646,
      0.18814878165721893,
      -0.047657519578933716,
      0.21284927427768707,
      -0.21458226442337036,
      0.00586470402777195,
      -0.16653215885162354,
      -0.164814293384552,
      -0.0953667163848877,
      -0.10945319384336472
    ],
    [
      0.20188689231872559,
      0.18794934451580048,
      -0.04818018153309822,
      0.2132873386144638,
      -0.21427828073501587,
      0.0060768090188503265,
      -0.16638927161693573,
      -0.16534315049648285,
      -0.09511324763298035,
      -0.10901626199483871
    ],
    [
      0.20194284617900848,
      0.187897726893425,
      -0.04831729829311371,
      0.21327440440654755,
      -0.21425198018550873,
      0.006050542462617159,
      -0.1664218157529831,
      -0.16539573669433594,
      -0.09507381170988083,
      -0.1089639663696289
    ],
    [
      0.20235979557037354,
      0.1882990002632141,
      -0.04926025867462158,
      0.21342061460018158,
      -0.2139308899641037,
      0.006800405215471983,
      -0.1668291538953781,
      -0.1653565764427185,
      -0.09500786662101746,
      -0.10784786939620972
    ],
    [
      0.2024986743927002,
      0.18878628313541412,
      -0.050471216440200806,
      0.21363835036754608,
      -0.2134581059217453,
      0.007176155690103769,
      -0.1674879789352417,
      -0.1646723449230194,
      -0.09580745548009872,
      -0.10691855102777481
    ],
    [
      0.20234714448451996,
      0.1889147311449051,
      -0.05047782137989998,
      0.21357035636901855,
      -0.2134523242712021,
      0.007058823015540838,
      -0.1676362156867981,
      -0.1643662005662918,
      -0.09609637409448624,
      -0.10698612779378891
    ],
    [
      0.20218755304813385,
      0.18885494768619537,
      -0.05006567761301994,
      0.2134784311056137,
      -0.21362178027629852,
      0.007021594326943159,
      -0.16745710372924805,
      -0.16448096930980682,
      -0.09590855985879898,
      -0.10733848810195923
    ],
    [
      0.202187180519104,
      0.1885739415884018,
      -0.04974427819252014,
      0.21335847675800323,
      -0.21375413239002228,
      0.00679807597771287,
      -0.16725189983844757,
      -0.16469182074069977,
      -0.09563293308019638,
      -0.10772395133972168
    ],
    [
      0.2022138237953186,
      0.18848367035388947,
      -0.049671947956085205,
      0.21332360804080963,
      -0.21377384662628174,
      0.006786363665014505,
      -0.1671753078699112,
      -0.1648268848657608,
      -0.09546545892953873,
      -0.10779386758804321
    ],
    [
      0.19978798925876617,
      0.18938852846622467,
      -0.04522550106048584,
      0.21172083914279938,
      -0.21592693030834198,
      0.004143096972256899,
      -0.1673581451177597,
      -0.16215862333774567,
      -0.09748180955648422,
      -0.11153269559144974
    ],
    [
      0.198345348238945,
      0.1913265734910965,
      -0.04491620138287544,
      0.21107089519500732,
      -0.21639473736286163,
      0.0031348716001957655,
      -0.1691608428955078,
      -0.15862204134464264,
      -0.10082923620939255,
      -0.11201358586549759
    ],
    [
      0.1969456523656845,
      0.19237591326236725,
      -0.04349708557128906,
      0.21021781861782074,
      -0.2172759622335434,
      0.0016770336078479886,
      -0.17009568214416504,
      -0.15606369078159332,
      -0.10305548459291458,
      -0.1134992316365242
    ],
    [
      0.19586242735385895,
      0.19377778470516205,
      -0.043202679604291916,
      0.2092270702123642,
      -0.21773116290569305,
      0.0003674771578516811,
      -0.1717790961265564,
      -0.1527959257364273,
      -0.10595357418060303,
      -0.11401092261075974
    ]
  ]
}