{
  "tempos": [
    0.0,
    0.5,
    1.0,
    1.5,
    2.0,
    2.5,
    3.0,
    3.5,
    4.0,
    4.5,
    5.0,
    5.5,
    6.0,
    6.5,
    7.0,
    7.5,
    8.0,
    8.5,
    9.0,
    9.5,
    10.0,
    10.5,
    11.0,
    11.5,
    12.0,
    12.5,
    13.0,
    13.5,
    14.0,
    14.5,
    15.0,
    15.5,
    16.0,
    16.5,
    17.0
  ],
  "engajamentoneural": [
    40.76378641468335,
    46.87621340890696,
    56.5558570376088,
    65.63713958092231,
    71.36685911543393,
    73.59175083460592,
    73.38753619543054,
    71.90573765544025,
    69.9918141566769,
    68.17285005184577,
    66.77645390924354,
    65.97973363846992,
    65.76440674849553,
    65.92503510720911,
    66.19730925346333,
    66.40362186398083,
    66.50367585491796,
    66.54048268977846,
    66.54611048094874,
    66.48472298066415,
    66.28429344117842,
    65.93461720266261,
    65.53023466938133,
    65.15363167573261,
    64.69875347637858,
    63.88237372232452,
    62.49603798507422,
    60.64712458685382,
    58.73353987595335,
    57.165152630907876,
    56.07096714031115,
    55.2303967915337,
    54.314350792708765,
    53.28318405286938,
    52.536282009514714
  ],
  "cognitivedemand": [
    90.44737285212778,
    92.47716967561801,
    57.441594538832746,
    65.49408923389075,
    73.98158514959938,
    74.46472356572247,
    74.08990575633369,
    77.85648545290351,
    78.8909901660663,
    77.47945274735443,
    71.4681176391836,
    91.96047639266544,
    92.24350213645897,
    93.01791752653074,
    93.73200676946799,
    93.95242644832352,
    95.07634453307045,
    95.13582731708333,
    95.60926912444474,
    95.87150477759532,
    95.52925628976301,
    94.7430419363388,
    64.0808229316364,
    88.45270966040927,
    91.57179810414738,
    91.72329900207154,
    48.789517128753296,
    91.5565132670361,
    96.13687273612578,
    97.12331213649951,
    97.25588815483404,
    96.69046084021245,
    96.30307915906992,
    96.29774453219606,
    96.291979747533
  ],
  "focus": [
    11.04165504183633,
    19.695695970816516,
    45.945526642299264,
    39.17447028942292,
    32.65339204870052,
    31.35900470628672,
    24.631536511969305,
    15.352559564721936,
    14.620511732201637,
    16.068781619494732,
    15.545989162706276,
    20.049711911954645,
    33.45072402692128,
    29.64804901959765,
    25.472468593763445,
    28.003793215835717,
    26.755493193479058,
    21.662125528184347,
    19.168328345655937,
    22.94916684480609,
    27.131028106854117,
    17.09264122809303,
    15.12561179132918,
    13.827124193988444,
    23.572685979370373,
    19.52458692317224,
    15.428456862380417,
    11.067467329324344,
    21.509752145881166,
    25.6395892547376,
    19.396961458076987,
    16.909312171728033,
    14.647261914247887,
    14.987086175602082,
    15.186408365136163
  ],
  "embeddings": [
    [
      0.19977782666683197,
      0.19562532007694244,
      -0.05333317816257477,
      0.20999044179916382,
      -0.21389903128147125,
      0.007529141381382942,
      -0.175559401512146,
      -0.15184049308300018,
      -0.10677435249090195,
      -0.10469237715005875
    ],
    [
      0.19856376945972443,
      0.19377030432224274,
      -0.046980783343315125,
      0.20745648443698883,
      -0.21663838624954224,
      0.004333721939474344,
      -0.17351602017879486,
      -0.15275894105434418,
      -0.10442301630973816,
      -0.1093495786190033
    ],
    [
      0.19939936697483063,
      0.19310958683490753,
      -0.04694438353180885,
      0.2088911086320877,
      -0.2162834256887436,
      0.006567175965756178,
      -0.17160151898860931,
      -0.15680047869682312,
      -0.10072898864746094,
      -0.10864866524934769
    ],
    [
      0.2025509625673294,
      0.1933460831642151,
      -0.0522271990776062,
      0.2125980257987976,
      -0.21342962980270386,
      0.01329708844423294,
      -0.17029164731502533,
      -0.1625923067331314,
      -0.09623146057128906,
      -0.10223168134689331
    ],
    [
      0.20379574596881866,
      0.1892813891172409,
      -0.05219073221087456,
      0.21404023468494415,
      -0.21244709193706512,
      0.012006646953523159,
      -0.1668265461921692,
      -0.16729788482189178,
      -0.09244731813669205,
      -0.10426172614097595
    ],
    [
      0.20432567596435547,
      0.18769149482250214,
      -0.04569973424077034,
      0.21380580961704254,
      -0.2151739001274109,
      0.014929850585758686,
      -0.16190588474273682,
      -0.17501550912857056,
      -0.08309566229581833,
      -0.10629694908857346
    ],
    [
      0.204298734664917,
      0.19233472645282745,
      -0.05372102931141853,
      0.21481697261333466,
      -0.21215789020061493,
      0.015436585061252117,
      -0.168318971991539,
      -0.16681982576847076,
      -0.09267326444387436,
      -0.1004280373454094
    ],
    [
      0.2041143923997879,
      0.19560150802135468,
      -0.05881297215819359,
      0.2151803970336914,
      -0.2102675884962082,
      0.016117846593260765,
      -0.17254650592803955,
      -0.16121536493301392,
      -0.09884078055620193,
      -0.09673962742090225
    ],
    [
      0.20393769443035126,
      0.19661442935466766,
      -0.058519136160612106,
      0.21501226723194122,
      -0.21059869229793549,
      0.017430245876312256,
      -0.17288601398468018,
      -0.1608823537826538,
      -0.09844493120908737,
      -0.09628332406282425
    ],
    [
      0.2040642350912094,
      0.1967521458864212,
      -0.06221491098403931,
      0.21536123752593994,
      -0.20894350111484528,
      0.015456425957381725,
      -0.17488324642181396,
      -0.15781696140766144,
      -0.10275734215974808,
      -0.09500598162412643
    ],
    [
      0.20461295545101166,
      0.19512110948562622,
      -0.06176769360899925,
      0.2154337614774704,
      -0.20898137986660004,
      0.014841143973171711,
      -0.17358583211898804,
      -0.15991565585136414,
      -0.10081376880407333,
      -0.09575551003217697
    ],
    [
      0.20625783503055573,
      0.18994657695293427,
      -0.05757130682468414,
      0.21565479040145874,
      -0.21012555062770844,
      0.01496083289384842,
      -0.16787786781787872,
      -0.16866005957126617,
      -0.09191863983869553,
      -0.09880759567022324
    ],
    [
      0.20553940534591675,
      0.188440203666687,
      -0.05155561491847038,
      0.21485964953899384,
      -0.21259285509586334,
      0.015193465165793896,
      -0.16444483399391174,
      -0.17264850437641144,
      -0.0867542251944542,
      -0.10254595428705215
    ],
    [
      0.20509076118469238,
      0.19253355264663696,
      -0.05749605596065521,
      0.21529869735240936,
      -0.21050412952899933,
      0.01536646019667387,
      -0.16973662376403809,
      -0.16547517478466034,
      -0.09476011991500854,
      -0.09824061393737793
    ],
    [
      0.2016652375459671,
      0.19996125996112823,
      -0.06195276603102684,
      0.21412457525730133,
      -0.2097761631011963,
      0.013449491001665592,
      -0.1781367063522339,
      -0.1514427661895752,
      -0.10876630991697311,
      -0.09598533064126968
    ],
    [
      0.20416359603405,
      0.1929355263710022,
      -0.05763467028737068,
      0.2149074524641037,
      -0.21043451130390167,
      0.013323417864739895,
      -0.17079900205135345,
      -0.1629870980978012,
      -0.0976191982626915,
      -0.09919372946023941
    ],
    [
      0.20231306552886963,
      0.19223512709140778,
      -0.04891682788729668,
      0.2135349065065384,
      -0.21437816321849823,
      0.013402428478002548,
      -0.1673155426979065,
      -0.16582243144512177,
      -0.09263396263122559,
      -0.1048060953617096
    ],
    [
      0.20100878179073334,
      0.19831764698028564,
      -0.05795230343937874,
      0.21417813003063202,
      -0.21106304228305817,
      0.012387420982122421,
      -0.17564837634563446,
      -0.15369504690170288,
      -0.10667740553617477,
