{
  "tempos": [
    0.0,
    0.5,
    1.0,
    1.5,
    2.0,
    2.5,
    3.0,
    3.5,
    4.0,
    4.5,
    5.0,
    5.5,
    6.0
  ],
  "engajamentoneural": [
    64.2154588400799,
    69.2718092147696,
    75.61738862906468,
    79.79040905760608,
    81.02827524247922,
    80.15094832401239,
    78.3154273761216,
    76.46164407959671,
    75.01964860680997,
    73.9508921192132,
    73.05751290244967,
    72.28437427050503,
    71.796887260742
  ],
  "cognitivedemand": [
    72.17215659619687,
    77.2002872389259,
    79.28287841478607,
    82.31368501697067,
    88.40150413452038,
    88.85129064819668,
    67.62194438106373,
    46.90488188304885,
    65.58460741234654,
    66.46483315588057,
    59.24034251523764,
    60.004786746021495,
    60.51637786168583
  ],
  "focus": [
    10.503295851696446,
    11.532852746208846,
    11.324122959467616,
    11.82377942229785,
    14.59911977015028,
    13.721550485068441,
    12.360710262171143,
    36.57475964626002,
    44.95782766638212,
    9.50083747012967,
    15.420586402838339,
    26.485551753181817,
    34.377353008931884
  ],
  "embeddings": [
    [
      0.20186357200145721,
      0.1914612501859665,
      -0.055351611226797104,
      0.21370474994182587,
      -0.21166004240512848,
      0.0052190073765814304,
      -0.17202387750148773,
      -0.1575966626405716,
      -0.10409724712371826,
      -0.10433301329612732
    ],
    [
      0.20260266959667206,
      0.18419407308101654,
      -0.04566537216305733,
      0.21334542334079742,
      -0.2146664410829544,
      0.004355856217443943,
      -0.16283392906188965,
      -0.1697358638048172,
      -0.09105364233255386,
      -0.11203048378229141
    ],
    [
      0.2025439292192459,
      0.18361108005046844,
      -0.043567102402448654,
      0.21372805535793304,
      -0.21548213064670563,
      0.005251357331871986,
      -0.16123199462890625,
      -0.17210917174816132,
      -0.08860042691230774,
      -0.11301344633102417
    ],
    [
      0.20174841582775116,
      0.1838836520910263,
      -0.042392801493406296,
      0.21370114386081696,
      -0.21601520478725433,
      0.0038709312211722136,
      -0.16130389273166656,
      -0.1713065505027771,
      -0.0897563025355339,
      -0.11414217203855515
    ],
    [
      0.2008553296327591,
      0.18531881272792816,
      -0.04267081618309021,
      0.21337993443012238,
      -0.2161189168691635,
      0.0030396825168281794,
      -0.16278426349163055,
      -0.16866175830364227,
      -0.09250053018331528,
      -0.11399522423744202
    ],
    [
      0.20015372335910797,
      0.186093270778656,
      -0.04253869876265526,
      0.21305988729000092,
      -0.21633629500865936,
      0.002301860600709915,
      -0.1636737436056137,
      -0.16686075925827026,
      -0.09425953775644302,
      -0.11433917284011841
    ],
    [
      0.19945885241031647,
      0.18692947924137115,
      -0.04246588051319122,
      0.21294845640659332,
      -0.21645934879779816,
      0.0018209483241662383,
      -0.16441328823566437,
      -0.165310800075531,
      -0.09587191790342331,
      -0.11460556834936142
    ],
    [
      0.19937892258167267,
      0.18769077956676483,
      -0.04338838532567024,
      0.21314293146133423,
      -0.2161363959312439,
      0.0022132087033241987,
      -0.16515131294727325,
      -0.16443689167499542,
      -0.09683281928300858,
      -0.11381252855062485
    ],
    [
      0.19985006749629974,
      0.18808932602405548,
      -0.044785771518945694,
      0.21354670822620392,
      -0.21548455953598022,
      0.0032349296379834414,
      -0.16554036736488342,
      -0.16466723382472992,
      -0.09683497995138168,
      -0.1124495267868042
    ],
    [
      0.20216278731822968,
      0.18646079301834106,
      -0.04538571462035179,
      0.21446889638900757,
      -0.21493417024612427,
      0.00678953668102622,
      -0.16303132474422455,
      -0.17056705057621002,
      -0.09050658345222473,
      -0.11049910634756088
    ],
    [
      0.20358450710773468,
      0.18565595149993896,
      -0.045369651168584824,
      0.2146582007408142,
      -0.2148977518081665,
      0.009299439378082752,
      -0.16160760819911957,
      -0.17391061782836914,
      -0.08649588376283646,
      -0.109304279088974
    ],
    [
      0.20294244587421417,
      0.18842095136642456,
      -0.048922210931777954,
      0.21423985064029694,
      -0.2138306349515915,
      0.009241907857358456,
      -0.16553963720798492,
      -0.1681402176618576,
      -0.0923515185713768,
      -0.10678497701883316
    ],
    [
      0.20229719579219818,
      0.19024716317653656,
      -0.05083012953400612,
      0.21386684477329254,
      -0.21332012116909027,
      0.008754930458962917,
      -0.16795092821121216,
      -0.16433849930763245,
      -0.09606584906578064,
      -0.10566067695617676
    ],
    [
      0.20249183475971222,
      0.18997080624103546,
      -0.05096697807312012,
      0.21373401582241058,
      -0.21327990293502808,
      0.008731590583920479,
      -0.16782568395137787,
      -0.16459542512893677,
      -0.09571702033281326,
      -0.10561621934175491
    ],
    [
      0.20312578976154327,
      0.18945856392383575,
      -0.051689401268959045,
      0.21396148204803467,
      -0.2129199355840683,
      0.00922777596861124,
      -0.16754643619060516,
      -0.16548679769039154,
      -0.09485169500112534,
      -0.10497989505529404
    ],
    [
      0.2031678557395935,
      0.18934114277362823,
      -0.05168018117547035,
      0.21391423046588898,
      -0.2129276543855667,
      0.009146809577941895,
      -0.16745364665985107,
      -0.1655963510274887,
      -0.09477606415748596,
      -0.10494110733270645
    ],
    [
      0.20237089693546295,
      0.19007253646850586,
      -0.051380109041929245,
      0.21304826438426971,
      -0.21329466998577118,
      0.007915225811302662,
      -0.16860170662403107,
      -0.1632147580385208,
      -0.0968918427824974,
      -0.10558073967695236
    ]
  ]
}