{
  "tempos": [
    0.0,
    0.5,
    1.0,
    1.5,
    2.0,
    2.5,
    3.0,
    3.5,
    4.0,
    4.5,
    5.0,
    5.5,
    6.0
  ],
  "engajamentoneural": [
    70.06989101012351,
    75.93478049919239,
    82.61003076676403,
    86.23990325469421,
    86.43270101355458,
    83.97665620761047,
    79.91538585686516,
    75.52814781423531,
    71.8208223004543,
    69.11153093529421,
    67.22107665572577,
    65.92832469699731,
    65.22697678327313
  ],
  "cognitivedemand": [
    70.85891540179898,
    68.8094242303176,
    64.62818386213915,
    75.02742326510328,
    75.1051513363431,
    68.96236959521426,
    68.9813162125539,
    66.85780092485108,
    65.56141931467961,
    74.25139894229905,
    71.97234081498915,
    71.6922658761794,
    71.75102687325963
  ],
  "focus": [
    17.94327513423196,
    29.892554897379767,
    43.58769537300093,
    50.552787049503486,
    71.25862314274536,
    69.04663804514783,
    72.3670175417537,
    77.04096553868004,
    75.81993276247917,
    65.43118865095364,
    53.82008145506086,
    33.55827990407315,
    19.564022020034624
  ],
  "embeddings": [
    [
      0.20005552470684052,
      0.17795734107494354,
      -0.03178336098790169,
      0.21091611683368683,
      -0.22078706324100494,
      -0.00642188498750329,
      -0.15770171582698822,
      -0.16940303146839142,
      -0.09047014266252518,
      -0.12541435658931732
    ],
    [
      0.1967836618423462,
      0.18535815179347992,
      -0.030545534566044807,
      0.21182666718959808,
      -0.22133542597293854,
      0.0008130093920044601,
      -0.15943880379199982,
      -0.16908496618270874,
      -0.0907379761338234,
      -0.1234830990433693
    ],
    [
      0.1922762542963028,
      0.19434720277786255,
      -0.03620258346199989,
      0.21206353604793549,
      -0.21983005106449127,
      -0.002547828247770667,
      -0.16891252994537354,
      -0.1531083881855011,
      -0.10896128416061401,
      -0.12001404911279678
    ],
    [
      0.19250668585300446,
      0.19605666399002075,
      -0.03875565901398659,
      0.21240116655826569,
      -0.21886752545833588,
      -0.0006677883793599904,
      -0.17033088207244873,
      -0.15211062133312225,
      -0.10955265164375305,
      -0.11757948994636536
    ],
    [
      0.19311536848545074,
      0.1950964331626892,
      -0.03852614015340805,
      0.21261121332645416,
      -0.21889571845531464,
      -0.0004437243042048067,
      -0.16921181976795197,
      -0.15416090190410614,
      -0.10746884346008301,
      -0.11751928180456161
    ],
    [
      0.19298000633716583,
      0.1960851401090622,
      -0.04044964537024498,
      0.21279680728912354,
      -0.21821515262126923,
      -0.00043148701661266387,
      -0.17054270207881927,
      -0.15239398181438446,
      -0.10954781621694565,
      -0.11628550291061401
    ],
    [
      0.19358770549297333,
      0.19447936117649078,
      -0.039173420518636703,
      0.21283839643001556,
      -0.21857452392578125,
      -0.00040731983608566225,
      -0.16873516142368317,
      -0.15527939796447754,
      -0.10655959695577621,
      -0.11716226488351822
    ],
    [
      0.19360585510730743,
      0.19517821073532104,
      -0.038743626326322556,
      0.21248126029968262,
      -0.2189311981201172,
      0.0008256411529146135,
      -0.16882987320423126,
      -0.15543882548809052,
      -0.10560912638902664,
      -0.11675941199064255
    ],
    [
      0.19343942403793335,
      0.1968565583229065,
      -0.041078273206949234,
      0.21265006065368652,
      -0.21808142960071564,
      0.0010578721994534135,
      -0.17090989649295807,
      -0.15258266031742096,
      -0.10867301374673843,
      -0.11505443602800369
    ],
    [
      0.19384557008743286,
      0.1974712461233139,
      -0.04415339231491089,
      0.21266187727451324,
      -0.21688874065876007,
      0.0010487354593351483,
      -0.1727030873298645,
      -0.1506596803665161,
      -0.11090081185102463,
      -0.11314324289560318
    ],
    [
      0.19375693798065186,
      0.19808989763259888,
      -0.04439898207783699,
      0.21249902248382568,
      -0.21696238219738007,
      0.0012812806526198983,
      -0.17331314086914062,
      -0.14975662529468536,
      -0.11161825805902481,
      -0.11282143741846085
    ],
    [
      0.19390703737735748,
      0.1992565244436264,
      -0.04645359516143799,
      0.21258199214935303,
      -0.21617978811264038,
      0.001989155076444149,
      -0.17483697831630707,
      -0.14810407161712646,
      -0.11334877461194992,
      -0.11106123775243759
    ],
    [
      0.19495320320129395,
      0.1979893445968628,
      -0.04511528089642525,
      0.21288160979747772,
      -0.21656353771686554,
      0.004005804192274809,
      -0.1724778264760971,
      -0.1523570567369461,
      -0.10849054902791977,
      -0.11098113656044006
    ],
    [
      0.193473219871521,
      0.19991491734981537,
      -0.0471254400908947,
      0.2125830501317978,
      -0.2158993035554886,
      0.0016084167873486876,
      -0.17556242644786835,
      -0.1468476504087448,
      -0.11474496871232986,
      -0.11086348444223404
    ],
    [
      0.19311481714248657,
      0.19880659878253937,
      -0.04552885517477989,
      0.21200703084468842,
      -0.21652214229106903,
      3.6789726436836645e-05,
      -0.17476511001586914,
      -0.1473398506641388,
      -0.11422579735517502,
      -0.1126852035522461
    ],
    [
      0.19258911907672882,
      0.19702647626399994,
      -0.042135756462812424,
      0.21145538985729218,
      -0.21781276166439056,
      -0.0015937251737341285,
      -0.17272941768169403,
      -0.14927928149700165,
      -0.1121644452214241,
      -0.11573708057403564
    ],
    [
      0.19169087707996368,
      0.19802671670913696,
      -0.04171121492981911,
      0.21094614267349243,
      -0.21824921667575836,
      -0.002458255970850587,
      -0.17388753592967987,
      -0.146876260638237,
      -0.11450576782226562,
      -0.11628937721252441
    ],
    [
      0.19105057418346405,
      0.1978140026330948,
      -0.040747735649347305,
      0.21077537536621094,
      -0.21857546269893646,
      -0.0038564905989915133,
      -0.17369462549686432,
      -0.1463375687599182,
      -0.11530283093452454,
      -0.11757125705480576
    ]
  ]
}