{
  "tempos": [
    0.0,
    0.5,
    1.0,
    1.5,
    2.0,
    2.5,
    3.0,
    3.5,
    4.0,
    4.5,
    5.0
  ],
  "engajamentoneural": [
    78.14651879851228,
    82.63897820793554,
    87.58018448231408,
    90.14977786592571,
    90.1107241558783,
    87.89857861044113,
    84.04274976311955,
    79.37941900929128,
    74.874394355911,
    71.33758083429038,
    69.382462642838
  ],
  "cognitivedemand": [
    70.43490314418989,
    81.00608670998737,
    81.83463094063008,
    82.50130529571688,
    83.38201325769076,
    84.66069558586655,
    84.71821081066028,
    82.57863844110015,
    66.32167246756279,
    52.800103198662,
    53.375529508452914
  ],
  "focus": [
    23.60988240150538,
    17.27592741073367,
    25.009702344100543,
    23.019406705821094,
    22.404899770186336,
    20.422675570979706,
    17.319770039835195,
    16.86949056929401,
    21.49841064272483,
    29.435632328087273,
    37.867553261496774
  ],
  "embeddings": [
    [
      0.20335835218429565,
      0.19127412140369415,
      -0.055785324424505234,
      0.2143315076828003,
      -0.21105904877185822,
      0.010666235350072384,
      -0.17016829550266266,
      -0.16233105957508087,
      -0.09835129231214523,
      -0.10175599902868271
    ],
    [
      0.19979262351989746,
      0.19111372530460358,
      -0.04836035892367363,
      0.21313802897930145,
      -0.21427874267101288,
      0.005556450691074133,
      -0.16872112452983856,
      -0.1603660136461258,
      -0.1004444882273674,
      -0.10898565500974655
    ],
    [
      0.19890783727169037,
      0.1913265734910965,
      -0.04666072502732277,
      0.21285848319530487,
      -0.2151545286178589,
      0.003958281595259905,
      -0.16873057186603546,
      -0.1595996916294098,
      -0.10135284066200256,
      -0.11055199056863785
    ],
    [
      0.19835300743579865,
      0.1928664594888687,
      -0.047734666615724564,
      0.21287833154201508,
      -0.21491248905658722,
      0.003925541415810585,
      -0.17023371160030365,
      -0.1573285311460495,
      -0.1037595272064209,
      -0.10972174257040024
    ],
    [
      0.19752812385559082,
      0.19355285167694092,
      -0.04675240442156792,
      0.21260114014148712,
      -0.21545159816741943,
      0.0034236975479871035,
      -0.17051462829113007,
      -0.15630684792995453,
      -0.10462965816259384,
      -0.1105768084526062
    ],
    [
      0.19660580158233643,
      0.1946149319410324,
      -0.04672982171177864,
      0.2122907191514969,
      -0.21559125185012817,
      0.0024970544036477804,
      -0.17167232930660248,
      -0.15390025079250336,
      -0.1071658805012703,
      -0.11096063256263733
    ],
    [
      0.197246715426445,
      0.19495737552642822,
      -0.048295456916093826,
      0.2127343863248825,
      -0.21489019691944122,
      0.0036335482727736235,
      -0.17200402915477753,
      -0.15426361560821533,
      -0.10685691982507706,
      -0.10932166129350662
    ],
    [
      0.1986958533525467,
      0.19385673105716705,
      -0.04907776042819023,
      0.2133856564760208,
      -0.21438394486904144,
      0.0055617173202335835,
      -0.1706479787826538,
      -0.15753139555454254,
      -0.10351637005805969,
      -0.10797036439180374
    ],
    [
      0.19985584914684296,
      0.1937989741563797,
      -0.05037524178624153,
      0.2139507383108139,
      -0.21378444135189056,
      0.007674362510442734,
      -0.17026032507419586,
      -0.15928083658218384,
      -0.10161278396844864,
      -0.10599683970212936
    ],
    [
      0.2004583477973938,
      0.19454167783260345,
      -0.05302823707461357,
      0.2143756002187729,
      -0.2127155214548111,
      0.008688448928296566,
      -0.1714928299188614,
      -0.15830479562282562,
      -0.1027919352054596,
      -0.1038551852107048
    ],
    [
      0.19912998378276825,
      0.19505184888839722,
      -0.05201561376452446,
      0.21347393095493317,
      -0.2133142203092575,
      0.006455402355641127,
      -0.17254196107387543,
      -0.15549497306346893,
      -0.10557871311903,
      -0.10563409328460693
    ],
    [
      0.19856584072113037,
      0.1948605328798294,
      -0.05096091702580452,
      0.21304869651794434,
      -0.21376629173755646,
      0.00533050112426281,
      -0.17245398461818695,
      -0.15502840280532837,
      -0.10601957887411118,
      -0.10686475038528442
    ],
    [
      0.1998026818037033,
      0.19247645139694214,
      -0.050699155777692795,
      0.21321336925029755,
      -0.21366970241069794,
      0.005402110517024994,
      -0.17064376175403595,
      -0.15834949910640717,
      -0.10262364149093628,
      -0.10729879885911942
    ],
    [
      0.19840140640735626,
      0.19116906821727753,
      -0.04529948905110359,
      0.21157683432102203,
      -0.21610939502716064,
      0.002856812672689557,
      -0.1688569039106369,
      -0.1591321974992752,
      -0.10105431079864502,
      -0.11178857833147049
    ],
    [
      0.19683100283145905,
      0.19136975705623627,
      -0.04252507910132408,
      0.21053916215896606,
      -0.21741549670696259,
      0.0005079097463749349,
      -0.16898007690906525,
      -0.1572391539812088,
      -0.10272839665412903,
      -0.11453820019960403
    ]
  ]
}