{
  "tempos": [
    0.0,
    0.5,
    1.0,
    1.5,
    2.0,
    2.5,
    3.0,
    3.5,
    4.0,
    4.5,
    5.0
  ],
  "engajamentoneural": [
    61.27674573716316,
    66.95882094351674,
    74.16497402730508,
    78.93434262205432,
    80.32586681762126,
    79.21368744145717,
    76.92253078195515,
    74.64371101975536,
    73.01039119392642,
    72.07483372338511,
    71.6645653315617
  ],
  "cognitivedemand": [
    31.10689649875129,
    48.7425281573716,
    52.141908394450255,
    55.235368554551506,
    54.98048557644377,
    60.79867373998164,
    29.46924283868808,
    42.435366803488755,
    56.92345220541425,
    57.85282903025798,
    57.114751698197445
  ],
  "focus": [
    13.477251053517438,
    19.074822165921322,
    25.76029866918629,
    23.131468998482095,
    29.253301599531547,
    14.12704784606957,
    10.237699656674746,
    21.156052936469834,
    20.976383774124162,
    11.130002637495068,
    9.116163960634411
  ],
  "embeddings": [
    [
      0.19572050869464874,
      0.1946721076965332,
      -0.04768653213977814,
      0.20957565307617188,
      -0.2158493995666504,
      -0.0025443846825510263,
      -0.17558877170085907,
      -0.14670056104660034,
      -0.11390501260757446,
      -0.11232000589370728
    ],
    [
      0.19586144387722015,
      0.19132836163043976,
      -0.042057622224092484,
      0.20932121574878693,
      -0.21731162071228027,
      -0.0021886432077735662,
      -0.16988186538219452,
      -0.15463417768478394,
      -0.10514306277036667,
      -0.11618146300315857
    ],
    [
      0.1962045431137085,
      0.18949158489704132,
      -0.03899192810058594,
      0.20971985161304474,
      -0.21857838332653046,
      -0.0009387571481056511,
      -0.16712617874145508,
      -0.15870623290538788,
      -0.10062789916992188,
      -0.11790724843740463
    ],
    [
      0.19581790268421173,
      0.19068782031536102,
      -0.040215931832790375,
      0.21009410917758942,
      -0.21823282539844513,
      -0.0016838271403685212,
      -0.16867484152317047,
      -0.1564452201128006,
      -0.10339819639921188,
      -0.11715199798345566
    ],
    [
      0.19548505544662476,
      0.19126658141613007,
      -0.04091272130608559,
      0.21022094786167145,
      -0.21797426044940948,
      -0.0021481637377291918,
      -0.16941237449645996,
      -0.1552487164735794,
      -0.1047803983092308,
      -0.11689814180135727
    ],
    [
      0.1954411119222641,
      0.1911063939332962,
      -0.04076201468706131,
      0.21017174422740936,
      -0.21804428100585938,
      -0.0022817288991063833,
      -0.16925132274627686,
      -0.15546312928199768,
      -0.10451927036046982,
      -0.11707198619842529
    ],
    [
      0.19500942528247833,
      0.1909337043762207,
      -0.03945852071046829,
      0.20975881814956665,
      -0.21863801777362823,
      -0.002874610247090459,
      -0.1688961237668991,
      -0.15546371042728424,
      -0.10428795963525772,
      -0.1180778220295906
    ],
    [
      0.19506484270095825,
      0.19180376827716827,
      -0.04063756391406059,
      0.21016275882720947,
      -0.2181430608034134,
      -0.002153892768546939,
      -0.16966009140014648,
      -0.15469439327716827,
      -0.10518428683280945,
      -0.11700858920812607
    ],
    [
      0.19522003829479218,
      0.19386066496372223,
      -0.043876972049474716,
      0.2102745771408081,
      -0.2169637680053711,
      -0.0006925056804902852,
      -0.17204399406909943,
      -0.15222962200641632,
      -0.10774695128202438,
      -0.11434239894151688
    ],
    [
      0.19497466087341309,
      0.19303710758686066,
      -0.04216590151190758,
      0.20958781242370605,
      -0.21771256625652313,
      -0.0016871063271537423,
      -0.1711367964744568,
      -0.15281300246715546,
      -0.10684093087911606,
      -0.11575938016176224
    ],
    [
      0.19445477426052094,
      0.193171426653862,
      -0.04052867367863655,
      0.20948857069015503,
      -0.2185090035200119,
      -0.0018700145883485675,
      -0.17060963809490204,
      -0.15300950407981873,
      -0.10641147941350937,
      -0.1168198212981224
    ],
    [
      0.19426417350769043,
      0.19289308786392212,
      -0.040791016072034836,
      0.20990222692489624,
      -0.21831710636615753,
      -0.002703338162973523,
      -0.17053759098052979,
      -0.15281742811203003,
      -0.10722548514604568,
      -0.11721517890691757
    ],
    [
      0.1931738704442978,
      0.19242657721042633,
      -0.03837071731686592,
      0.20956039428710938,
      -0.219316765666008,
      -0.0045718117617070675,
      -0.1698131561279297,
      -0.15252585709095,
      -0.10769949108362198,
      -0.11969570070505142
    ],
    [
      0.19273851811885834,
      0.1917961984872818,
      -0.036862172186374664,
      0.20908509194850922,
      -0.22001533210277557,
      -0.006001904606819153,
      -0.16936467587947845,
      -0.1524696797132492,
      -0.10763732343912125,
      -0.12123041599988937
    ],
    [
      0.1914982944726944,
      0.1914455145597458,
      -0.033562444150447845,
      0.20798702538013458,
      -0.22140006721019745,
      -0.0082253934815526,
      -0.16877608001232147,
      -0.15177130699157715,
      -0.10796087980270386,
      -0.12413050979375839
    ]
  ]
}