{
  "tempos": [
    0.0,
    0.5,
    1.0,
    1.5,
    2.0,
    2.5,
    3.0,
    3.5,
    4.0,
    4.5,
    5.0,
    5.5,
    6.0
  ],
  "engajamentoneural": [
    58.079262941856555,
    64.58928849756059,
    72.94293111136723,
    78.53114771217759,
    80.22598939295858,
    78.92952876039487,
    75.91571845355197,
    72.32533521140381,
    68.88433592685703,
    65.87298338395632,
    63.36468785052847,
    61.47327909685669,
    60.425272264799766
  ],
  "cognitivedemand": [
    39.84194596215172,
    50.59980750190231,
    55.29650412245626,
    65.75891169917746,
    66.75942729845401,
    67.06583208910877,
    66.89136591104277,
    67.27065757465593,
    58.09477900619293,
    49.50575917873402,
    53.10998446325795,
    57.24426181737401,
    54.94963743034374
  ],
  "focus": [
    43.725206284491485,
    48.95368636781993,
    78.86449212528242,
    65.68699720178064,
    50.61319663693678,
    59.26260098113823,
    67.22432986004401,
    59.53426667385163,
    74.64197091492522,
    80.07724434204614,
    69.74068852433815,
    53.334019930294666,
    36.79349500024839
  ],
  "embeddings": [
    [
      0.20110762119293213,
      0.194872185587883,
      -0.051577743142843246,
      0.21400098502635956,
      -0.2131919264793396,
      0.012089896015822887,
      -0.17002050578594208,
      -0.162125825881958,
      -0.0978211984038353,
      -0.10308317095041275
    ],
    [
      0.2004084587097168,
      0.19483089447021484,
      -0.05483439192175865,
      0.2147666960954666,
      -0.2118392437696457,
      0.008046275936067104,
      -0.17251528799533844,
      -0.15702611207962036,
      -0.10488501191139221,
      -0.10319077223539352
    ],
    [
      0.20024406909942627,
      0.1894996166229248,
      -0.04528898373246193,
      0.21381668746471405,
      -0.21528352797031403,
      0.007053859997540712,
      -0.16515164077281952,
      -0.16629467904567719,
      -0.09423911571502686,
      -0.11034072190523148
    ],
    [
      0.19959759712219238,
      0.19021685421466827,
      -0.04417171701788902,
      0.21367043256759644,
      -0.2159026861190796,
      0.006752936169505119,
      -0.1652778536081314,
      -0.16563908755779266,
      -0.09479502588510513,
      -0.11092548817396164
    ],
    [
      0.19799114763736725,
      0.19325149059295654,
      -0.04601789638400078,
      0.21317119896411896,
      -0.21556921303272247,
      0.00531563488766551,
      -0.16910968720912933,
      -0.15893526375293732,
      -0.10165735334157944,
      -0.1103472039103508
    ],
    [
      0.1964992731809616,
      0.1963394731283188,
      -0.049205709248781204,
      0.21290262043476105,
      -0.214564248919487,
      0.0035090476740151644,
      -0.17343802750110626,
      -0.1518315076828003,
      -0.10960526019334793,
      -0.10896285623311996
    ],
    [
      0.1957670897245407,
      0.19541053473949432,
      -0.04663204029202461,
      0.21242648363113403,
      -0.21558450162410736,
      0.0019018963212147355,
      -0.17236246168613434,
      -0.1524495929479599,
      -0.1089073047041893,
      -0.1114770770072937
    ],
    [
      0.19527798891067505,
      0.1942179650068283,
      -0.043524738401174545,
      0.21198254823684692,
      -0.21681612730026245,
      0.0008035895298235118,
      -0.17064441740512848,
      -0.1541082262992859,
      -0.10693755745887756,
      -0.11400362104177475
    ],
    [
      0.19385093450546265,
      0.19621290266513824,
      -0.04380442574620247,
      0.21163134276866913,
      -0.21697454154491425,
      -0.00018515514966566116,
      -0.17259134352207184,
      -0.1504136472940445,
      -0.11075001955032349,
      -0.11420241743326187
    ],
    [
      0.1932867020368576,
      0.1961466670036316,
      -0.04279620572924614,
      0.21148079633712769,
      -0.21739910542964935,
      -0.0009374434011988342,
      -0.17237453162670135,
      -0.15021659433841705,
      -0.11100340634584427,
      -0.11527196317911148
    ],
    [
      0.19382520020008087,
      0.19582773745059967,
      -0.043636638671159744,
      0.2118263989686966,
      -0.2169206291437149,
      -0.0005184034816920757,
      -0.17221705615520477,
      -0.15096384286880493,
      -0.11058992892503738,
      -0.11455279588699341
    ],
    [
      0.19408804178237915,
      0.19450104236602783,
      -0.04193414747714996,
      0.21185821294784546,
      -0.21747739613056183,
      -0.0006225807010196149,
      -0.1705002635717392,
      -0.15339955687522888,
      -0.10800293833017349,
      -0.11577000468969345
    ],
    [
      0.19453208148479462,
      0.1944676786661148,
      -0.042419712990522385,
      0.21207702159881592,
      -0.21723847091197968,
      0.00017044802370946854,
      -0.17032605409622192,
      -0.15410466492176056,
      -0.10725431889295578,
      -0.11500713229179382
    ],
    [
      0.19537532329559326,
      0.19449792802333832,
      -0.04570426419377327,
      0.21252445876598358,
      -0.2157474160194397,
      5.077710375189781e-05,
      -0.17166756093502045,
      -0.15293972194194794,
      -0.10925101488828659,
      -0.11300042271614075
    ],
    [
      0.19614987075328827,
      0.1924767941236496,
      -0.042691078037023544,
      0.21252276003360748,
      -0.21679072082042694,
      0.0010483447695150971,
      -0.16844290494918823,
      -0.15803253650665283,
      -0.10342680662870407,
      -0.11431124061346054
    ],
    [
      0.19768130779266357,
      0.189387246966362,
      -0.04104499891400337,
      0.21290750801563263,
      -0.21713900566101074,
      0.0016612528124824166,
      -0.16506606340408325,
      -0.16387148201465607,
      -0.09766075760126114,
      -0.11513876914978027
    ],
    [
      0.19748009741306305,
      0.18873466551303864,
      -0.038036853075027466,
      0.21252267062664032,
      -0.21851862967014313,
      0.002213255502283573,
      -0.1633726805448532,
      -0.1660599261522293,
      -0.09473992139101028,
      -0.11668669432401657
    ],
    [
      0.19731657207012177,
      0.19013135135173798,
      -0.040573835372924805,
      0.2122855931520462,
      -0.21765263378620148,
      0.0016726143658161163,
      -0.16587740182876587,
      -0.1625910848379135,
      -0.0986103042960167,
      -0.11520225554704666
    ]
  ]
}