{
  "tempos": [
    0.0,
    0.5,
    1.0,
    1.5,
    2.0,
    2.5,
    3.0,
    3.5,
    4.0,
    4.5,
    5.0,
    5.5,
    6.0,
    6.5,
    7.0,
    7.5,
    8.0,
    8.5,
    9.0,
    9.5,
    10.0,
    10.5,
    11.0,
    11.5,
    12.0,
    12.5,
    13.0,
    13.5,
    14.0,
    14.5,
    15.0
  ],
  "engajamentoneural": [
    64.51772532287453,
    72.71645716377078,
    82.76124477864535,
    89.18756443622628,
    91.67905911694085,
    91.63749300130691,
    89.95853526388447,
    87.22633887554203,
    84.04915361209544,
    81.02692909955422,
    78.62576023420047,
    77.11215300815385,
    76.52659997907772,
    76.70440221960386,
    77.36578127389575,
    78.23552468154983,
    79.12393156550166,
    79.94106566468366,
    80.67080094947595,
    81.34171672125635,
    82.00021145929,
    82.66947239264518,
    83.30212772760846,
    83.76507092443293,
    83.87079903368983,
    83.42701751765485,
    82.28591452516677,
    80.41734784783927,
    78.03284161740238,
    75.69501822998407,
    74.21252164446808
  ],
  "cognitivedemand": [
    26.583381142094805,
    44.704941272583945,
    56.766606790731885,
    59.23887123885677,
    59.76633392745128,
    58.74290090063505,
    58.974341263231295,
    60.03760032614056,
    60.324554974343314,
    51.741523996732454,
    57.98835213918685,
    63.00598147410749,
    62.94665000745384,
    63.505361027945995,
    66.75191290500085,
    68.94316768958885,
    69.77956288958782,
    70.79698044499445,
    71.50223631880905,
    70.60939081892815,
    54.146906439094444,
    55.650691595896866,
    66.40274105518094,
    67.30446358392214,
    51.108844565019986,
    56.18925771602779,
    56.771612092305254,
    38.917134326047844,
    46.23392048143329,
    47.979552834806,
    48.129819600813875
  ],
  "focus": [
    10.352365505614085,
    10.457188592575617,
    10.741415842484818,
    12.730165374083297,
    19.803595388487768,
    33.82625990482997,
    35.91029843254769,
    40.48632629753722,
    51.24512172272616,
    49.97872505754952,
    20.17904132900961,
    32.53862682827202,
    34.6383738923828,
    26.391625615004443,
    15.429653878512687,
    12.489574248808761,
    10.770796989589735,
    8.384077529280319,
    8.319097585396316,
    8.265311394410087,
    7.983753593441545,
    8.890184951854689,
    16.90339525505474,
    26.737191383900196,
    17.085718004652477,
    11.312533003967388,
    30.011697067708948,
    22.02439261745068,
    9.619205368517774,
    27.16080849282737,
    16.40581956827003
  ],
  "embeddings": [
    [
      0.2005138397216797,
      0.19591616094112396,
      -0.055642858147621155,
      0.21223513782024384,
      -0.21228407323360443,
      0.008664100430905819,
      -0.17581699788570404,
      -0.1522979736328125,
      -0.1076822578907013,
      -0.1021515354514122
    ],
    [
      0.19625312089920044,
      0.1920778751373291,
      -0.0426563024520874,
      0.2112957388162613,
      -0.21668578684329987,
      0.0005053921486251056,
      -0.1689184308052063,
      -0.1561911553144455,
      -0.10462004691362381,
      -0.1146719828248024
    ],
    [
      0.19970108568668365,
      0.18764512240886688,
      -0.04023824259638786,
      0.21341586112976074,
      -0.2172265201807022,
      0.006078055594116449,
      -0.16201134026050568,
      -0.16983278095722198,
      -0.09042727947235107,
      -0.11419680714607239
    ],
    [
      0.19933004677295685,
      0.18977566063404083,
      -0.0406954325735569,
      0.21343915164470673,
      -0.21742601692676544,
      0.007263632025569677,
      -0.16332027316093445,
      -0.1680380254983902,
      -0.09179934114217758,
      -0.11272817105054855
    ],
    [
      0.1988859921693802,
      0.19402505457401276,
      -0.04752523824572563,
      0.21383599936962128,
      -0.21500606834888458,
      0.008005152456462383,
      -0.1691378802061081,
      -0.16006682813167572,
      -0.10037738084793091,
      -0.1080634593963623
    ],
    [
      0.19869796931743622,
      0.19553768634796143,
      -0.05106150731444359,
      0.21411173045635223,
      -0.21361081302165985,
      0.007529949303716421,
      -0.17174877226352692,
      -0.15638291835784912,
      -0.10463815927505493,
      -0.10616934299468994
    ],
    [
      0.1989072561264038,
      0.1948857307434082,
      -0.05055495724081993,
      0.21401309967041016,
      -0.21377034485340118,
      0.007899630814790726,
      -0.17094989120960236,
      -0.15767337381839752,
      -0.10314732044935226,
      -0.10649970918893814
    ],
    [
      0.19933415949344635,
      0.19405585527420044,
      -0.05023042485117912,
      0.21421922743320465,
      -0.21371519565582275,
      0.007576426025480032,
      -0.17016123235225677,
      -0.15896724164485931,
      -0.10209649801254272,
      -0.10667850822210312
    ],
    [
      0.19958336651325226,
      0.19343797862529755,
      -0.04952462390065193,
      0.21432775259017944,
      -0.21393156051635742,
      0.007846083492040634,
      -0.1692459136247635,
      -0.16042307019233704,
      -0.10066800564527512,
      -0.1069214716553688
    ],
    [
      0.19928501546382904,
      0.1929723471403122,
      -0.04878487065434456,
      0.21409334242343903,
      -0.2142387181520462,
      0.007127495016902685,
      -0.168965682387352,
      -0.16039149463176727,
      -0.10070382803678513,
      -0.1079038605093956
    ],
    [
      0.19936923682689667,
      0.19286514818668365,
      -0.04824329540133476,
      0.21404729783535004,
      -0.21445077657699585,
      0.0073858811520040035,
      -0.16859084367752075,
      -0.1609622687101364,
      -0.0999845340847969,
      -0.10803145915269852
    ],
    [
      0.1996331363916397,
      0.1929439753293991,
      -0.048473358154296875,
      0.214034304022789,
      -0.21439093351364136,
      0.008042779751121998,
      -0.1685493439435959,
      -0.1613214761018753,
      -0.0992332473397255,
      -0.10762828588485718
    ],
    [
      0.19996362924575806,
      0.19293928146362305,
      -0.05019211396574974,
      0.21425390243530273,
      -0.21365880966186523,
      0.007824857719242573,
      -0.1693384051322937,
      -0.160507932305336,
      -0.1005166545510292,
      -0.10671516507863998
    ],
    [
      0.19920088350772858,
      0.19335049390792847,
      -0.048206210136413574,
      0.21372385323047638,
      -0.2146352082490921,
      0.007448433432728052,
      -0.16919463872909546,
      -0.16001051664352417,
      -0.10049799829721451,
      -0.10812031477689743
    ],
    [
      0.19684018194675446,
      0.19599640369415283,
      -0.04945433512330055,
      0.2129533290863037,
      -0.21445387601852417,
      0.003756643971428275,
      -0.17302729189395905,
      -0.15262870490550995,
      -0.10873333364725113,
      -0.10879942029714584
    ],
    [
      0.19574616849422455,
      0.19429467618465424,
      -0.045255571603775024,
      0.21242909133434296,
      -0.21602611243724823,
      0.001660252339206636,
      -0.1707671731710434,
      -0.154432013630867,
      -0.1068696603178978,
      -0.11271243542432785
    ],
    [
      0.19450856745243073,
      0.1935603767633438,
      -0.04184809327125549,
      0.21186263859272003,
      -0.21742497384548187,
      -0.0005389602738432586,
      -0.16966773569583893,
      -0.15454266965389252,
      -0.10675766319036484,
      -0.11589846760034561
    ],
    [
      0.19417519867420197,
      0.19262027740478516,
      -0.03991509601473808,
      0.2116883248090744,
      -0.21818001568317413,
      -0.0013829395174980164,
      -0.16846592724323273,
      -0.15575815737247467,
      -0.10547500848770142,
      -0.11764255166053772
    ],
    [
      0.19402992725372314,
      0.19157643616199493,
      -0.03780749812722206,
      0.2118130922317505,
      -0.21889565885066986,
      -0.001640946720726788,
      -0.16678524017333984,
      -0.15781168639659882,
      -0.10344735532999039,
