{
  "tempos": [
    0.0,
    0.5,
    1.0,
    1.5,
    2.0,
    2.5,
    3.0,
    3.5,
    4.0,
    4.5,
    5.0,
    5.5,
    6.0,
    6.5,
    7.0,
    7.5,
    8.0,
    8.5,
    9.0,
    9.5,
    10.0,
    10.5,
    11.0,
    11.5,
    12.0,
    12.5,
    13.0,
    13.5,
    14.0,
    14.5,
    15.0,
    15.5,
    16.0
  ],
  "engajamentoneural": [
    27.154715697304972,
    32.522989290458604,
    42.07080547513977,
    52.398580481213756,
    59.90467646845536,
    63.733843952220724,
    65.34995421770435,
    66.61040321418031,
    68.47279637453609,
    70.75638621185033,
    72.7399497970216,
    73.87562282129382,
    74.07342244759403,
    73.59850907335661,
    72.8540609242035,
    72.20102991523846,
    71.86203040283434,
    71.9014950275045,
    72.2476191297282,
    72.73655358257078,
    73.1720709539105,
    73.37582713662023,
    73.20052487359939,
    72.52696463000159,
    71.30495088517723,
    69.65277170579623,
    67.91894998934053,
    66.56790082724888,
    65.90103820482986,
    65.85119518307954,
    66.07377781749193,
    66.25447757945663,
    66.31331673976287
  ],
  "cognitivedemand": [
    25.537365143310325,
    30.910770304631978,
    36.51696404249579,
    43.83067774953542,
    46.64420484512005,
    46.5025052472197,
    52.02221544131336,
    55.139447519928375,
    63.525453050736886,
    73.18280755646711,
    75.42536034884252,
    77.47702333196966,
    78.54044400044378,
    68.58863629234351,
    70.88939283487032,
    75.11576987139237,
    77.34495369350363,
    75.95327499414198,
    74.67382666645312,
    64.43065370847553,
    70.74006673890244,
    71.3730854120444,
    71.96050877778589,
    72.06657251652942,
    69.73521909007715,
    60.06292867700668,
    44.51930156558579,
    48.03947983535986,
    62.31457211154416,
    67.5329664319336,
    66.97337510007954,
    66.69867624628804,
    66.69901521384601
  ],
  "focus": [
    11.22821766001574,
    13.655146437668993,
    58.01310233121728,
    57.84455181581793,
    29.824919830513064,
    20.98409439523015,
    16.37982766650252,
    8.82975097637722,
    14.511925128231148,
    51.22623721464588,
    20.045469636638643,
    14.99894985562091,
    30.178931806296887,
    27.904975332760873,
    22.33068019749548,
    26.29812620577061,
    19.699641352525493,
    14.17374127743007,
    11.159414624849555,
    17.81380870555744,
    52.120377335451884,
    59.12254445434632,
    59.162457964954946,
    62.95801951084334,
    64.79136732088288,
    60.8388383119696,
    32.194216190069696,
    37.63845627039967,
    26.68775446091718,
    10.03811061849754,
    8.397542656459617,
    8.317723825389347,
    8.89675478599728
  ],
  "embeddings": [
    [
      0.19753645360469818,
      0.19647563993930817,
      -0.0540740005671978,
      0.2083422690629959,
      -0.2140594720840454,
      0.0012173786526545882,
      -0.1796758621931076,
      -0.1434209793806076,
      -0.11572765558958054,
      -0.1072617843747139
    ],
    [
      0.2025599479675293,
      0.18801935017108917,
      -0.05148951709270477,
      0.21109046041965485,
      -0.21317090094089508,
      0.0050916243344545364,
      -0.16918550431728363,
      -0.16221340000629425,
      -0.0967048928141594,
      -0.10790115594863892
    ],
    [
      0.2044176459312439,
      0.18322138488292694,
      -0.044656798243522644,
      0.21244914829730988,
      -0.2153945118188858,
      0.009009762667119503,
      -0.16109880805015564,
      -0.17494551837444305,
      -0.08338895440101624,
      -0.1106511726975441
    ],
    [
      0.2054358273744583,
      0.18255150318145752,
      -0.04517233371734619,
      0.21316559612751007,
      -0.21511845290660858,
      0.010119886137545109,
      -0.1603199988603592,
      -0.1766349822282791,
      -0.08208847790956497,
      -0.10954884439706802
    ],
    [
      0.2058396190404892,
      0.1850624531507492,
      -0.050682540982961655,
      0.21397940814495087,
      -0.2129078358411789,
      0.010973174124956131,
      -0.1638852208852768,
      -0.17252008616924286,
      -0.08710500597953796,
      -0.10534443706274033
    ],
    [
      0.20633715391159058,
      0.18513929843902588,
      -0.05226917937397957,
      0.2142552137374878,
      -0.21219711005687714,
      0.011360934935510159,
      -0.164382204413414,
      -0.1723030060529709,
      -0.08753576129674911,
      -0.104210264980793
    ],
    [
      0.20677347481250763,
      0.18494470417499542,
      -0.052536740899086,
      0.21432049572467804,
      -0.2120727300643921,
      0.012090745382010937,
      -0.16411174833774567,
      -0.17315347492694855,
      -0.08657095581293106,
      -0.1036858931183815
    ],
    [
      0.2067771553993225,
      0.1855607032775879,
      -0.05327476188540459,
      0.2142513394355774,
      -0.21184764802455902,
      0.012479268945753574,
      -0.16474683582782745,
      -0.17233408987522125,
      -0.08729282766580582,
      -0.10293451696634293
    ],
    [
      0.20702029764652252,
      0.18521316349506378,
      -0.053228724747896194,
      0.2143503874540329,
      -0.21180854737758636,
      0.01277927402406931,
      -0.1643054187297821,
      -0.17311127483844757,
      -0.08645603805780411,
      -0.10295315831899643
    ],
    [
      0.2054624706506729,
      0.18639324605464935,
      -0.051691848784685135,
      0.21357639133930206,
      -0.21277008950710297,
      0.011679821647703648,
      -0.16517947614192963,
      -0.170404851436615,
      -0.08875026553869247,
      -0.10438742488622665
    ],
    [
      0.20473386347293854,
      0.18732845783233643,
      -0.05158635601401329,
      0.21351034939289093,
      -0.21292223036289215,
      0.011268985457718372,
      -0.1659206598997116,
      -0.16884827613830566,
      -0.09039294719696045,
      -0.1045551523566246
    ],
    [
      0.2048770636320114,
      0.1880185455083847,
      -0.053327202796936035,
      0.21356554329395294,
      -0.21225301921367645,
      0.011178071610629559,
      -0.16712629795074463,
      -0.16750498116016388,
      -0.09191211313009262,
      -0.10340926051139832
    ],
    [
      0.20482958853244781,
      0.18783225119113922,
      -0.05277159437537193,
      0.21374590694904327,
      -0.21240143477916718,
      0.011499269865453243,
      -0.16653986275196075,
      -0.1682717651128769,
      -0.09115733951330185,
      -0.10374059528112411
    ],
    [
      0.205575093626976,
      0.18761104345321655,
      -0.054213996976614,
      0.21444039046764374,
      -0.211537703871727,
      0.012329727411270142,
      -0.166375994682312,
      -0.16942326724529266,
      -0.09061217308044434,
      -0.10242306441068649
    ],
    [
      0.20672643184661865,
      0.18573211133480072,
      -0.05343939736485481,
      0.2146603912115097,
      -0.211679145693779,
      0.013126022182404995,
      -0.16443820297718048,
      -0.17292343080043793,
      -0.086875319480896,
      -0.10274162888526917
    ],
    [
      0.20686553418636322,
      0.18490631878376007,
      -0.05131196603178978,
      0.2144431471824646,
      -0.2125767469406128,
      0.013623382896184921,
      -0.16286177933216095,
      -0.17499709129333496,
      -0.08425730466842651,
      -0.10385320335626602
    ],
    [
      0.2067044973373413,
      0.18587017059326172,
      -0.05219201743602753,
      0.2146138697862625,
      -0.21226048469543457,
      0.014104176312685013,
      -0.1636684536933899,
      -0.17388087511062622,
      -0.08556070923805237,
      -0.10293690115213394
    ],
    [
      0.20645606517791748,
      0.1867218017578125,
      -0.05290650948882103,
      0.21452482044696808,
      -0.21203958988189697,
      0.014188704080879688,
      -0.16457879543304443,
      -0.17254851758480072,
      -0.08688443899154663,
      -0.10235520452260971
    ],
    [
      0.20623081922531128,
      0.1879570484161377,
      -0.05384458228945732,
      0.2145884484052658,
      -0.21179431676864624,
