{
  "tempos": [
    0.0,
    0.5,
    1.0,
    1.5,
    2.0,
    2.5,
    3.0,
    3.5,
    4.0,
    4.5,
    5.0,
    5.5,
    6.0
  ],
  "engajamentoneural": [
    68.15901896018124,
    73.97321801879396,
    80.76590410734514,
    84.64134202736024,
    85.06523539423551,
    82.78791382233575,
    78.70463725175907,
    73.72708420605045,
    68.56056411046981,
    63.60688366928944,
    59.15308170911355,
    55.62308779147601,
    53.61751250113347
  ],
  "cognitivedemand": [
    79.30781566679043,
    82.16347587697476,
    84.37496365233538,
    86.85447515401621,
    87.33167883272087,
    87.13421993750492,
    87.22959412447233,
    86.90861555958992,
    80.13044617933195,
    84.12035929063732,
    89.17809471262224,
    89.657141330247,
    89.6748904894077
  ],
  "focus": [
    8.22966335602454,
    11.151838213936593,
    9.545322622937235,
    12.77823566019278,
    23.98366673015404,
    17.292718365484156,
    13.118172509264982,
    10.573233827993414,
    12.513927828443562,
    15.154908650416814,
    20.440507442742383,
    17.531835596409262,
    15.343671424783663
  ],
  "embeddings": [
    [
      0.19496314227581024,
      0.1903889775276184,
      -0.0374816358089447,
      0.21204780042171478,
      -0.21867972612380981,
      -0.002997390925884247,
      -0.16594432294368744,
      -0.15898586809635162,
      -0.10326093435287476,
      -0.11931418627500534
    ],
    [
      0.19151641428470612,
      0.1892184466123581,
      -0.02728554792702198,
      0.21128620207309723,
      -0.22272026538848877,
      -0.0050920662470161915,
      -0.1616169959306717,
      -0.16180408000946045,
      -0.09947802871465683,
      -0.12770065665245056
    ],
    [
      0.192068412899971,
      0.18982475996017456,
      -0.02889091707766056,
      0.21195100247859955,
      -0.2221863716840744,
      -0.0038423386868089437,
      -0.162192240357399,
      -0.16182516515254974,
      -0.09963387995958328,
      -0.1257709413766861
    ],
    [
      0.19154073297977448,
      0.1918267011642456,
      -0.033276788890361786,
      0.21182842552661896,
      -0.22068126499652863,
      -0.005508933216333389,
      -0.16612845659255981,
      -0.15592528879642487,
      -0.10644260048866272,
      -0.12360555678606033
    ],
    [
      0.1923532485961914,
      0.18974506855010986,
      -0.03208183869719505,
      0.21190202236175537,
      -0.22093446552753448,
      -0.005208709742873907,
      -0.1639770269393921,
      -0.1594630777835846,
      -0.10272005200386047,
      -0.1245543584227562
    ],
    [
      0.1925116926431656,
      0.18928246200084686,
      -0.03150543197989464,
      0.2119462937116623,
      -0.2211601585149765,
      -0.005201970227062702,
      -0.1634034961462021,
      -0.16032971441745758,
      -0.10182973742485046,
      -0.1248767077922821
    ],
    [
      0.1921909898519516,
      0.18960754573345184,
      -0.030803874135017395,
      0.21186089515686035,
      -0.221511110663414,
      -0.005426204297691584,
      -0.16344471275806427,
      -0.16009415686130524,
      -0.10214967280626297,
      -0.12520839273929596
    ],
    [
      0.19164657592773438,
      0.19036747515201569,
      -0.030691251158714294,
      0.211605504155159,
      -0.22167706489562988,
      -0.005649799481034279,
      -0.16418959200382233,
      -0.15867450833320618,
      -0.10339081287384033,
      -0.12544120848178864
    ],
    [
      0.19168299436569214,
      0.19000937044620514,
      -0.030398443341255188,
      0.21174979209899902,
      -0.2217155247926712,
      -0.005629037972539663,
      -0.16373056173324585,
      -0.1593351811170578,
      -0.10277105122804642,
      -0.12575630843639374
    ],
    [
      0.19203388690948486,
      0.18876111507415771,
      -0.02892407774925232,
      0.21164751052856445,
      -0.2221848964691162,
      -0.005301430355757475,
      -0.16217036545276642,
      -0.16168594360351562,
      -0.10019048303365707,
      -0.1266932487487793
    ],
    [
      0.1923522800207138,
      0.19075457751750946,
      -0.03307398036122322,
      0.21189731359481812,
      -0.2206496149301529,
      -0.00453437864780426,
      -0.16512177884578705,
      -0.15814898908138275,
      -0.10404159873723984,
      -0.12347501516342163
    ],
    [
      0.19148480892181396,
      0.19250856339931488,
      -0.03627653792500496,
      0.21184997260570526,
      -0.2195304036140442,
      -0.0066361273638904095,
      -0.16847121715545654,
      -0.15321706235408783,
      -0.11004047840833664,
      -0.12230775505304337
    ],
    [
      0.18956969678401947,
      0.1904352307319641,
      -0.028099127113819122,
      0.20950190722942352,
      -0.22304683923721313,
      -0.010073683224618435,
      -0.1651955097913742,
      -0.15544165670871735,
      -0.1061314046382904,
      -0.12879729270935059
    ],
    [
      0.1876208633184433,
      0.1911316066980362,
      -0.025952376425266266,
      0.20823700726032257,
      -0.22428631782531738,
      -0.013659439980983734,
      -0.16642361879348755,
      -0.15152008831501007,
      -0.1100739911198616,
      -0.13164062798023224
    ],
    [
      0.1866968423128128,
      0.19015981256961823,
      -0.022945677861571312,
      0.20748908817768097,
      -0.22551918029785156,
      -0.01586948148906231,
      -0.16545076668262482,
      -0.15154989063739777,
      -0.10988881438970566,
      -0.13474498689174652
    ],
    [
      0.18693304061889648,
      0.18986648321151733,
      -0.022525662556290627,
      0.2075151801109314,
      -0.2257833033800125,
      -0.01525669265538454,
      -0.16491520404815674,
      -0.15263378620147705,
      -0.10857997089624405,
      -0.13472549617290497
    ],
    [
      0.18668484687805176,
      0.19074060022830963,
      -0.023202018812298775,
      0.20721299946308136,
      -0.22564607858657837,
      -0.015406818129122257,
      -0.16600240767002106,
      -0.15107060968875885,
      -0.11005544662475586,
      -0.13413867354393005
    ]
  ]
}