{
  "tempos": [
    0.0,
    0.5,
    1.0,
    1.5,
    2.0,
    2.5,
    3.0,
    3.5,
    4.0,
    4.5,
    5.0,
    5.5,
    6.0
  ],
  "engajamentoneural": [
    59.41598741647051,
    65.23747329387643,
    72.77082887177994,
    77.97540883697656,
    79.80952435838864,
    79.07580133447348,
    76.92891850655353,
    74.34831444183398,
    71.93389072504647,
    69.90366954364778,
    68.2675003081821,
    67.04178434750023,
    66.35501561722336
  ],
  "cognitivedemand": [
    35.93413925882906,
    56.7411486799372,
    65.84573781878281,
    73.72136475339846,
    86.77136885401191,
    84.4754311413481,
    80.58002225413958,
    78.09657562789529,
    44.57125285696489,
    64.94320309123826,
    65.27674635099066,
    65.70742672908827,
    65.70714448727871
  ],
  "focus": [
    18.42635023711506,
    12.429501404777984,
    15.007661102550918,
    8.907462435047012,
    12.126428876633588,
    10.703358556525913,
    8.101286395434174,
    7.8799227899820545,
    8.001791750035592,
    9.101226909493079,
    11.911739350411604,
    12.041971668793606,
    12.920270217370065
  ],
  "embeddings": [
    [
      0.19944258034229279,
      0.18987882137298584,
      -0.046080853790044785,
      0.212148979306221,
      -0.2154829353094101,
      0.0042417231015861034,
      -0.16747887432575226,
      -0.16140015423297882,
      -0.09864899516105652,
      -0.1112995520234108
    ],
    [
      0.19777892529964447,
      0.18972818553447723,
      -0.0424751341342926,
      0.21176302433013916,
      -0.21699370443820953,
      0.0025210233870893717,
      -0.16655801236629486,
      -0.16128002107143402,
      -0.09880311042070389,
      -0.11453530192375183
    ],
    [
      0.19736886024475098,
      0.19009244441986084,
      -0.04248650372028351,
      0.2118234783411026,
      -0.21704763174057007,
      0.002045280998572707,
      -0.16700808703899384,
      -0.16041675209999084,
      -0.0998435989022255,
      -0.11478351801633835
    ],
    [
      0.19693277776241302,
      0.18946725130081177,
      -0.04094785451889038,
      0.2118345946073532,
      -0.21756082773208618,
      0.00027967957430519164,
      -0.16646213829517365,
      -0.160444974899292,
      -0.10029524564743042,
      -0.1163262128829956
    ],
    [
      0.1964970827102661,
      0.18925626575946808,
      -0.04005337506532669,
      0.21168243885040283,
      -0.21793349087238312,
      -0.0007512462325394154,
      -0.1662953644990921,
      -0.16016048192977905,
      -0.10074436664581299,
      -0.11735046654939651
    ],
    [
      0.19702045619487762,
      0.18934853374958038,
      -0.04127664119005203,
      0.21198813617229462,
      -0.21742664277553558,
      -0.0005249571404419839,
      -0.16670142114162445,
      -0.16011838614940643,
      -0.10093501210212708,
      -0.11632078886032104
    ],
    [
      0.19686155021190643,
      0.18926136195659637,
      -0.04114433005452156,
      0.2120187133550644,
      -0.2174728363752365,
      -0.0009116295841522515,
      -0.16666437685489655,
      -0.15998482704162598,
      -0.10119713097810745,
      -0.11663622409105301
    ],
    [
      0.19635044038295746,
      0.1892947405576706,
      -0.04010467603802681,
      0.2118424028158188,
      -0.21792320907115936,
      -0.0013374253176152706,
      -0.16642965376377106,
      -0.15982377529144287,
      -0.1013055145740509,
      -0.11756094545125961
    ],
    [
      0.19546842575073242,
      0.1895923763513565,
      -0.03883029520511627,
      0.2115294188261032,
      -0.21848243474960327,
      -0.0023936943616718054,
      -0.16652511060237885,
      -0.15881504118442535,
      -0.10233097523450851,
      -0.11885126680135727
    ],
    [
      0.19510911405086517,
      0.1895047277212143,
      -0.03823113441467285,
      0.21143735945224762,
      -0.21872182190418243,
      -0.0031959302723407745,
      -0.1664726585149765,
      -0.1584509164094925,
      -0.10280818492174149,
      -0.11961140483617783
    ],
    [
      0.1950540542602539,
      0.1893794983625412,
      -0.037926170974969864,
      0.21154315769672394,
      -0.21878845989704132,
      -0.0030938854906708,
      -0.16613642871379852,
      -0.15889382362365723,
      -0.10240743309259415,
      -0.11983349919319153
    ],
    [
      0.1951381415128708,
      0.18988622725009918,
      -0.038787841796875,
      0.21163058280944824,
      -0.21847879886627197,
      -0.0028501793276518583,
      -0.1667807549238205,
      -0.1582231968641281,
      -0.10314285010099411,
      -0.11905452609062195
    ],
    [
      0.194027379155159,
      0.1904987245798111,
      -0.037050243467092514,
      0.21077261865139008,
      -0.2194054275751114,
      -0.0037976542953401804,
      -0.1670982837677002,
      -0.1568189561367035,
      -0.10408401489257812,
      -0.120517797768116
    ],
    [
      0.1934671401977539,
      0.19087718427181244,
      -0.03603425249457359,
      0.21014825999736786,
      -0.22006039321422577,
      -0.004173894878476858,
      -0.1673566848039627,
      -0.15596598386764526,
      -0.10445315390825272,
      -0.12130531668663025
    ],
    [
      0.19309668242931366,
      0.19155998528003693,
      -0.035986609756946564,
      0.20974481105804443,
      -0.22026963531970978,
      -0.0043107918463647366,
      -0.16802941262722015,
      -0.15478195250034332,
      -0.10534302145242691,
      -0.12129434943199158
    ],
    [
      0.19261400401592255,
      0.1924622654914856,
      -0.0358830951154232,
      0.2092505544424057,
      -0.22052441537380219,
      -0.004544754046946764,
      -0.1689106673002243,
      -0.15320594608783722,
      -0.10658753663301468,
      -0.12128471583127975
    ],
    [
      0.19259439408779144,
      0.19367142021656036,
      -0.0372922383248806,
      0.20906047523021698,
      -0.22018246352672577,
      -0.003922144882380962,
      -0.1702725738286972,
      -0.1515335738658905,
      -0.10795849561691284,
      -0.1200200617313385
    ],
    [
      0.19195394217967987,
      0.19497136771678925,
      -0.0381229929625988,
      0.20854222774505615,
      -0.2200092226266861,
      -0.004964898806065321,
      -0.17209340631961823,
      -0.1484292447566986,
      -0.11109944432973862,
      -0.11972206085920334
    ]
  ]
}