{
  "tempos": [
    0.0,
    0.5,
    1.0,
    1.5,
    2.0,
    2.5,
    3.0,
    3.5,
    4.0,
    4.5,
    5.0,
    5.5,
    6.0,
    6.5,
    7.0,
    7.5,
    8.0,
    8.5,
    9.0,
    9.5,
    10.0,
    10.5,
    11.0,
    11.5,
    12.0,
    12.5,
    13.0,
    13.5,
    14.0,
    14.5,
    15.0
  ],
  "engajamentoneural": [
    75.82121907437816,
    82.43853408857755,
    89.66828758396545,
    93.70659858257369,
    95.01335099783718,
    94.67885458643347,
    93.21381113754839,
    90.93793832631648,
    88.23035125450404,
    85.43298474557031,
    82.70787188188979,
    80.04719039323733,
    77.41169731148827,
    74.90380847865896,
    72.86075360563098,
    71.75044069631596,
    71.8616844740798,
    73.00383914532496,
    74.52019333729517,
    75.65680367793728,
    75.9712538742169,
    75.51060378216718,
    74.77080954958946,
    74.47889153230535,
    75.18598296724119,
    76.86808359350347,
    78.91191489104736,
    80.55611373669477,
    81.3778522702853,
    81.46947606935097,
    81.29540099902215
  ],
  "cognitivedemand": [
    67.92728205114891,
    68.9114626645432,
    70.0617121932387,
    72.96765652573536,
    74.1996928024611,
    72.03738959154325,
    72.66317084618164,
    71.64226677260176,
    68.15610289761345,
    57.67711121645731,
    58.21532183200907,
    62.24254358693861,
    64.70270656042521,
    51.243894921839356,
    50.54037835001728,
    50.43539774732507,
    67.80668400860958,
    87.37331681637625,
    92.54364793849639,
    92.833752392178,
    74.62124711163206,
    71.71102771391853,
    73.43190007163908,
    84.20244531653537,
    80.02538335635167,
    61.70546840184438,
    74.2229000012814,
    60.488353021617776,
    67.0132444649662,
    73.27750124966222,
    75.46349512520358
  ],
  "focus": [
    8.037207160553677,
    8.423790802244127,
    13.470161696770358,
    11.060955804510215,
    8.785376950192346,
    8.88332751765339,
    10.456892853539841,
    13.243033253542626,
    13.421544653960705,
    36.14601750732546,
    53.40805716789336,
    47.708817856652594,
    9.605652695246066,
    7.870888915137879,
    7.942307739087075,
    8.514869222631729,
    11.426351081100616,
    11.045131274149163,
    11.272208078646827,
    8.539633784889581,
    25.254953732534283,
    49.6457864572239,
    53.35313816150475,
    38.06064443074478,
    11.776917487291483,
    18.212412201179223,
    37.713477396408805,
    47.27484499166412,
    21.767744049311922,
    28.380092687185744,
    11.08019620126164
  ],
  "embeddings": [
    [
      0.1995784193277359,
      0.18415914475917816,
      -0.03788115456700325,
      0.21238945424556732,
      -0.21780337393283844,
      0.0018447724869474769,
      -0.16054579615592957,
      -0.16972285509109497,
      -0.09028450399637222,
      -0.11907104402780533
    ],
    [
      0.19808989763259888,
      0.181640163064003,
      -0.029394516721367836,
      0.21205703914165497,
      -0.22120583057403564,
      0.0008354961755685508,
      -0.15550801157951355,
      -0.17547522485256195,
      -0.08394374698400497,
      -0.12500649690628052
    ],
    [
      0.19674205780029297,
      0.18671053647994995,
      -0.0331399105489254,
      0.2125219702720642,
      -0.22030878067016602,
      0.0009234620374627411,
      -0.1603148728609085,
      -0.168564572930336,
      -0.09189105033874512,
      -0.12106168270111084
    ],
    [
      0.19591037929058075,
      0.1883375197649002,
      -0.037066709250211716,
      0.21279792487621307,
      -0.2185550183057785,
      -0.001224448555149138,
      -0.16374313831329346,
      -0.16279077529907227,
      -0.09925001859664917,
      -0.11982444673776627
    ],
    [
      0.19527560472488403,
      0.18426060676574707,
      -0.027494514361023903,
      0.2118847370147705,
      -0.22236497700214386,
      -0.0020823022350668907,
      -0.15712201595306396,
      -0.17091317474842072,
      -0.0892079547047615,
      -0.12693184614181519
    ],
    [
      0.1952596753835678,
      0.18835969269275665,
      -0.03359493240714073,
      0.21289658546447754,
      -0.22006602585315704,
      -0.0006698165088891983,
      -0.16166892647743225,
      -0.1654476374387741,
      -0.09614041447639465,
      -0.12136107683181763
    ],
    [
      0.19414108991622925,
      0.19175122678279877,
      -0.03699026256799698,
      0.21303623914718628,
      -0.21893620491027832,
      -0.0007581228273920715,
      -0.1655678153038025,
      -0.15967322885990143,
      -0.10244590044021606,
      -0.11905776709318161
    ],
    [
      0.19320039451122284,
      0.19090355932712555,
      -0.03214472159743309,
      0.21250109374523163,
      -0.2209802269935608,
      -0.0005113536608405411,
      -0.1628141552209854,
      -0.1625129133462906,
      -0.09860587120056152,
      -0.12223184108734131
    ],
    [
      0.19293160736560822,
      0.19354607164859772,
      -0.03730235993862152,
      0.21314384043216705,
      -0.2188679724931717,
      -0.0009556339937262237,
      -0.1668468713760376,
      -0.15690618753433228,
      -0.10557106137275696,
      -0.11897946149110794
    ],
    [
      0.19369496405124664,
      0.19280235469341278,
      -0.03711024299263954,
      0.213454008102417,
      -0.21890898048877716,
      -0.00019864558998961002,
      -0.16594338417053223,
      -0.15853813290596008,
      -0.10382211208343506,
      -0.11869576573371887
    ],
    [
      0.19416846334934235,
      0.19339416921138763,
      -0.03896323963999748,
      0.21347130835056305,
      -0.2182144671678543,
      0.0011488611344248056,
      -0.1666981428861618,
      -0.1581929475069046,
      -0.10389842838048935,
      -0.1169586107134819
    ],
    [
      0.1935770958662033,
      0.19402100145816803,
      -0.03817525878548622,
      0.2132483869791031,
      -0.2186235636472702,
      0.0005272950511425734,
      -0.16701877117156982,
      -0.15723995864391327,
      -0.10466271638870239,
      -0.11756190657615662
    ],
    [
      0.1935049444437027,
      0.19566470384597778,
      -0.042548153549432755,
      0.21353475749492645,
      -0.2169281393289566,
      -0.0003844434395432472,
      -0.17021602392196655,
      -0.1528785526752472,
      -0.11000750213861465,
      -0.1151697114109993
    ],
    [
      0.19343559443950653,
      0.19151486456394196,
      -0.034486886113882065,
      0.21250437200069427,
      -0.22002416849136353,
      -0.0007351129315793514,
      -0.16424576938152313,
      -0.16074073314666748,
      -0.10055255889892578,
      -0.12093048542737961
    ],
    [
      0.19379281997680664,
      0.1940269023180008,
      -0.03831377625465393,
      0.21286414563655853,
      -0.2187330275774002,
      0.0013259242987260222,
      -0.16715551912784576,
      -0.1574184000492096,
      -0.10393381118774414,
      -0.1172555461525917
    ],
    [
      0.19401855766773224,
      0.19575519859790802,
      -0.04326772689819336,
      0.21308720111846924,
      -0.21683155000209808,
      0.0005044492427259684,
      -0.17072422802448273,
      -0.15275682508945465,
      -0.10928064584732056,
      -0.11438816040754318
    ],
    [
      0.19608299434185028,
      0.18709278106689453,
      -0.036207374185323715,
      0.21370898187160492,
      -0.21865816414356232,
      -0.0020425289403647184,
      -0.1618138700723648,
      -0.1656479835510254,
      -0.09724562615156174,
      -0.12059151381254196
    ],
    [
      0.19429947435855865,
      0.18849265575408936,
      -0.032943543046712875,
      0.21271716058254242,
      -0.22028885781764984,
      -0.0023761859629303217,
      -0.16206835210323334,
      -0.16418057680130005,
      -0.09772104024887085,
      -0.12275996804237366
    ],
    [
      0.19570547342300415,
      0.19042588770389557,
      -0.03862767666578293,
      0.21351997554302216,
      -0.21801577508449554,
      0.00018866306345444173,
      -0.16483308374881744,
      -0.16204579174518585,
