{
  "tempos": [
    0.0,
    0.5,
    1.0,
    1.5,
    2.0,
    2.5,
    3.0,
    3.5,
    4.0,
    4.5,
    5.0,
    5.5,
    6.0,
    6.5,
    7.0,
    7.5,
    8.0,
    8.5,
    9.0,
    9.5,
    10.0,
    10.5,
    11.0,
    11.5,
    12.0,
    12.5,
    13.0,
    13.5,
    14.0,
    14.5,
    15.0,
    15.5,
    16.0,
    16.5,
    17.0
  ],
  "engajamentoneural": [
    50.12517799563258,
    56.407927335380705,
    64.9017830398342,
    70.94886149452482,
    72.93383930610185,
    71.7392762802442,
    69.01900819273136,
    66.24113072648578,
    64.19162894363961,
    62.99249488874528,
    62.41895421886288,
    62.193155315085704,
    62.16796460800838,
    62.37716291236451,
    62.91934943479408,
    63.74806107367198,
    64.57841217689766,
    65.03951237574037,
    64.94624130285577,
    64.44058126200483,
    63.87900829954491,
    63.566752159015685,
    63.573089526704585,
    63.76134208667972,
    63.94532802895221,
    64.01519219418547,
    63.975264856241445,
    63.91787879787201,
    63.95800537920303,
    64.15268691132276,
    64.44747409278526,
    64.69209949841022,
    64.74186885308868,
    64.59418583446153,
    64.42393283435719
  ],
  "cognitivedemand": [
    26.17339059862592,
    39.080822710751654,
    44.00694923675846,
    47.029105466513855,
    50.75839325550324,
    59.67315842665057,
    60.52524198318403,
    61.729630201682184,
    53.68981294966554,
    65.7604152772353,
    69.6162924796272,
    70.32705109534415,
    70.05405300948827,
    59.394498338177684,
    62.22541820713874,
    89.22512910957059,
    89.56040951195749,
    89.21135582865861,
    80.60565066242904,
    58.31196457708941,
    73.37874492696413,
    83.89555585706934,
    87.654402206644,
    87.57978290361618,
    87.80211046513972,
    87.89615794214598,
    70.86369247627348,
    61.87588072070741,
    65.66694076359683,
    65.6694387791806,
    66.18873732836286,
    66.68886963444291,
    66.88282196848864,
    67.03394289414811,
    67.39640573317143
  ],
  "focus": [
    14.553473959319781,
    28.39361729320841,
    48.178062488949465,
    41.96458359366727,
    26.966097892279656,
    19.97279118761679,
    11.664957693297897,
    12.18604319680729,
    14.09316488971699,
    22.35837679234545,
    15.639855221451157,
    10.185688165686257,
    10.40502037006696,
    10.680991991824632,
    9.935874612137688,
    11.754730759806263,
    14.069955528798433,
    15.269296507736698,
    12.19697172520896,
    10.800717733078905,
    12.263801776304367,
    31.894705258833127,
    48.379890388491795,
    40.609794724179324,
    25.565306810521975,
    20.08509156948546,
    18.7724291586737,
    12.415925013981024,
    11.639529711214236,
    9.504103023714409,
    9.401152182623763,
    9.916943310710518,
    10.17713983802023,
    9.960510470978225,
    9.831193480626835
  ],
  "embeddings": [
    [
      0.19843463599681854,
      0.19606560468673706,
      -0.04831215366721153,
      0.21204836666584015,
      -0.21509967744350433,
      0.008600643835961819,
      -0.17195206880569458,
      -0.15618981420993805,
      -0.10350003093481064,
      -0.10653998702764511
    ],
    [
      0.19696080684661865,
      0.1988225132226944,
      -0.05095836520195007,
      0.21162790060043335,
      -0.21454961597919464,
      0.007214655634015799,
      -0.17557848989963531,
      -0.15023265779018402,
      -0.10963338613510132,
      -0.1054496094584465
    ],
    [
      0.1974395513534546,
      0.19866247475147247,
      -0.052817195653915405,
      0.2121729850769043,
      -0.2136949896812439,
      0.007265973836183548,
      -0.1758618950843811,
      -0.1503472924232483,
      -0.10965827852487564,
      -0.10463259369134903
    ],
    [
      0.19810611009597778,
      0.19872720539569855,
      -0.05421803519129753,
      0.21243755519390106,
      -0.21307027339935303,
      0.008670308627188206,
      -0.17600436508655548,
      -0.15092594921588898,
      -0.10884562879800797,
      -0.10330889374017715
    ],
    [
      0.19868998229503632,
      0.19744837284088135,
      -0.05330334231257439,
      0.21253560483455658,
      -0.21324831247329712,
      0.00877308938652277,
      -0.17455263435840607,
      -0.15320439636707306,
      -0.1065402403473854,
      -0.10385610908269882
    ],
    [
      0.19987435638904572,
      0.19558177888393402,
      -0.05381583049893379,
      0.2129138559103012,
      -0.21280346810817719,
      0.008749344386160374,
      -0.17338483035564423,
      -0.15546844899654388,
      -0.10449989885091782,
      -0.10373277217149734
    ],
    [
      0.20103849470615387,
      0.19345271587371826,
      -0.05285907909274101,
      0.21332387626171112,
      -0.21282517910003662,
      0.009615686722099781,
      -0.17097902297973633,
      -0.15965472161769867,
      -0.10024311393499374,
      -0.10426118224859238
    ],
    [
      0.20125322043895721,
      0.19233447313308716,
      -0.05134958401322365,
      0.21319131553173065,
      -0.2133731096982956,
      0.009821977466344833,
      -0.16955691576004028,
      -0.16159068048000336,
      -0.09799236804246902,
      -0.10533951967954636
    ],
    [
      0.20118099451065063,
      0.1931595802307129,
      -0.05228924751281738,
      0.21304483711719513,
      -0.21319246292114258,
      0.009915295988321304,
      -0.17065946757793427,
      -0.1601046472787857,
      -0.09931496530771255,
      -0.10453464835882187
    ],
    [
      0.2021847367286682,
      0.1928693652153015,
      -0.05368548631668091,
      0.21355199813842773,
      -0.21243490278720856,
      0.011171090416610241,
      -0.17044125497341156,
      -0.16152149438858032,
      -0.09808357805013657,
      -0.10301626473665237
    ],
    [
      0.20210802555084229,
      0.19280028343200684,
      -0.05373581871390343,
      0.21339894831180573,
      -0.21248041093349457,
      0.010793345980346203,
      -0.17067836225032806,
      -0.160957470536232,
      -0.09857452660799026,
      -0.10323047637939453
    ],
    [
      0.20294223725795746,
      0.19106800854206085,
      -0.053032804280519485,
      0.21365167200565338,
      -0.21252185106277466,
      0.011167764663696289,
      -0.16887623071670532,
      -0.1639764904975891,
      -0.0956403911113739,
      -0.10369226336479187
    ],
    [
      0.2039281725883484,
      0.18900226056575775,
      -0.050358112901449203,
      0.213958278298378,
      -0.21339018642902374,
      0.012954981066286564,
      -0.16559851169586182,
      -0.1693008989095688,
      -0.08982052654027939,
      -0.1046314612030983
    ],
    [
      0.20422448217868805,
      0.19305837154388428,
      -0.05904068052768707,
      0.21491675078868866,
      -0.21000604331493378,
      0.012875545769929886,
      -0.1718846708536148,
      -0.16144388914108276,
      -0.09926658868789673,
      -0.0985034704208374
    ],
    [
      0.20463265478610992,
      0.1921006292104721,
      -0.05983762443065643,
      0.21486352384090424,
      -0.20952363312244415,
      0.01225824374705553,
      -0.17171142995357513,
      -0.16175562143325806,
      -0.09915938228368759,
      -0.09859919548034668
    ],
    [
      0.20521850883960724,
      0.19001799821853638,
      -0.057817596942186356,
      0.21469731628894806,
      -0.2101779729127884,
      0.012391683645546436,
      -0.16938571631908417,
      -0.16512472927570343,
      -0.09537520259618759,
      -0.10009763389825821
    ],
    [
      0.20562933385372162,
      0.18869732320308685,
      -0.056247785687446594,
      0.2145935744047165,
      -0.21072082221508026,
      0.012813739478588104,
      -0.16768236458301544,
      -0.16769814491271973,
      -0.0924859419465065,
      -0.10102842003107071
    ],
    [
      0.2059444636106491,
      0.18861722946166992,
      -0.056335702538490295,
      0.21467775106430054,
      -0.21068181097507477,
      0.013395761139690876,
      -0.16745774447917938,
      -0.16836564242839813,
