{
  "tempos": [
    0.0,
    0.5,
    1.0,
    1.5,
    2.0,
    2.5,
    3.0,
    3.5,
    4.0,
    4.5,
    5.0,
    5.5,
    6.0,
    6.5,
    7.0,
    7.5,
    8.0,
    8.5,
    9.0,
    9.5,
    10.0,
    10.5,
    11.0,
    11.5,
    12.0,
    12.5,
    13.0,
    13.5,
    14.0,
    14.5,
    15.0,
    15.5,
    16.0,
    16.5,
    17.0,
    17.5,
    18.0,
    18.5
  ],
  "engajamentoneural": [
    57.667742060528184,
    65.18689607806881,
    75.11105168705443,
    82.1778020720058,
    85.18428386830021,
    85.19873207544705,
    83.40369618354062,
    80.75777924040905,
    77.98827895564531,
    75.52967583047912,
    73.56658677429661,
    72.13680666129527,
    71.20375489723058,
    70.69529342144791,
    70.5350436100991,
    70.66436381924409,
    71.03803162486213,
    71.59364517170962,
    72.21817828811254,
    72.74108644229717,
    72.97651887579654,
    72.81806206393209,
    72.34147872537204,
    71.82747365672596,
    71.65041150785103,
    72.10183895791192,
    73.27992201403165,
    75.06731868729601,
    77.128368903179,
    78.95312032047795,
    80.02543094082827,
    80.02454385799463,
    78.91114168703332,
    76.90226230490221,
    74.39731081271776,
    71.88214705238612,
    69.84312518038213,
    68.69673098296221
  ],
  "cognitivedemand": [
    27.028931276071283,
    44.708250562096005,
    54.010278719922134,
    57.104734269826295,
    57.831304595658885,
    57.41157689311286,
    76.3054551694776,
    77.03445974551205,
    76.04800996046522,
    76.81419684255661,
    78.13405655491911,
    78.10510141279065,
    76.06616701126451,
    76.60217876359866,
    76.17716399826182,
    78.10997167442902,
    79.1321914798736,
    80.05611818787447,
    80.88583866085453,
    81.18578779290597,
    81.62840630163137,
    79.42846175976537,
    80.45624362995981,
    82.6611408223352,
    82.48238806848609,
    82.62682397722327,
    82.77210383520493,
    83.19329619773319,
    76.61382672027425,
    63.3489448170979,
    63.98728779686834,
    65.36224658942258,
    65.06391284410225,
    66.53293464159972,
    40.26395872135605,
    48.06660934200473,
    58.989836676652885,
    59.20676797403853
  ],
  "focus": [
    18.0353231914298,
    21.440276745985148,
    28.61062128865575,
    39.602645692888395,
    48.80881638965528,
    32.08962989949049,
    10.617104377573225,
    11.795748277712242,
    14.902804024057959,
    13.40125560183318,
    16.328153345816585,
    17.34289873820951,
    15.228668715520708,
    19.185830688223973,
    13.358570574226794,
    9.857094468100684,
    20.87365572235078,
    18.12340749317815,
    10.45042752068068,
    8.398106069712112,
    7.987089871699475,
    8.091679179395374,
    8.100914315552233,
    26.85542997469871,
    53.61863140760662,
    57.371484028982245,
    58.53263749257682,
    56.292759278962826,
    52.04014284118915,
    32.1060840348522,
    24.98605562099781,
    45.66566334839051,
    38.8805192408904,
    48.17365664798627,
    42.92695192715332,
    15.294533308093607,
    22.289077474059322,
    14.617918434486995
  ],
  "embeddings": [
    [
      0.2029954046010971,
      0.1930253654718399,
      -0.05158573389053345,
      0.21433188021183014,
      -0.21284382045269012,
      0.013429109938442707,
      -0.16907311975955963,
      -0.16436345875263214,
      -0.09584631770849228,
      -0.10228230804204941
    ],
    [
      0.203953817486763,
      0.19680683314800262,
      -0.06115759536623955,
      0.21538524329662323,
      -0.2092338651418686,
      0.01497709285467863,
      -0.1749403476715088,
      -0.15810929238796234,
      -0.10277574509382248,
      -0.09541795402765274
    ],
    [
      0.2046467810869217,
      0.19577395915985107,
      -0.06143328174948692,
      0.21535326540470123,
      -0.20915718376636505,
      0.016791991889476776,
      -0.17343775928020477,
      -0.16100148856639862,
      -0.09926699846982956,
      -0.09497565776109695
    ],
    [
      0.20514218509197235,
      0.19392931461334229,
      -0.05879787728190422,
      0.21528984606266022,
      -0.21013830602169037,
      0.017197906970977783,
      -0.1708000898361206,
      -0.16464053094387054,
      -0.09515679627656937,
      -0.09656883031129837
    ],
    [
      0.2056928128004074,
      0.19388200342655182,
      -0.05973271653056145,
      0.21530096232891083,
      -0.2097739577293396,
      0.017667755484580994,
      -0.17097459733486176,
      -0.1649361401796341,
      -0.0947897732257843,
      -0.09569565206766129
    ],
    [
      0.20606940984725952,
      0.19357402622699738,
      -0.05998488888144493,
      0.215143084526062,
      -0.2097281813621521,
      0.017962655052542686,
      -0.1708824187517166,
      -0.16540269553661346,
      -0.09411951154470444,
      -0.09549900144338608
    ],
    [
      0.20673204958438873,
      0.19230686128139496,
      -0.060352623462677,
      0.21517997980117798,
      -0.209455206990242,
      0.017474524676799774,
      -0.1702124923467636,
      -0.16644994914531708,
      -0.09311360865831375,
      -0.0955975279211998
    ],
    [
      0.20632530748844147,
      0.19276203215122223,
      -0.06083996966481209,
      0.21525788307189941,
      -0.20929811894893646,
      0.016770413145422935,
      -0.1710851639509201,
      -0.16450811922550201,
      -0.09514059871435165,
      -0.09568122029304504
    ],
    [
      0.20643873512744904,
      0.19171495735645294,
      -0.06050531938672066,
      0.21502785384655,
      -0.2094295620918274,
      0.016118353232741356,
      -0.17061883211135864,
      -0.16498616337776184,
      -0.09459606558084488,
      -0.09652110189199448
    ],
    [
      0.20668290555477142,
      0.19002996385097504,
      -0.05903443321585655,
      0.2149561196565628,
      -0.2098303884267807,
      0.015270122326910496,
      -0.1691647619009018,
      -0.16681219637393951,
      -0.09288152307271957,
      -0.09796130657196045
    ],
    [
      0.20656198263168335,
      0.18896086513996124,
      -0.05787951871752739,
      0.21465559303760529,
      -0.2102239727973938,
      0.013882238417863846,
      -0.1685464233160019,
      -0.1671740859746933,
      -0.09264544397592545,
      -0.09934339672327042
    ],
    [
      0.2060372233390808,
      0.1886996179819107,
      -0.05658799037337303,
      0.21467828750610352,
      -0.21068225800991058,
      0.013287792913615704,
      -0.1679227203130722,
      -0.16761641204357147,
      -0.09234680980443954,
      -0.10053163766860962
    ],
    [
      0.2052304893732071,
      0.18876369297504425,
      -0.05521121993660927,
      0.21435105800628662,
      -0.21127605438232422,
      0.012284401804208755,
      -0.16780678927898407,
      -0.16699522733688354,
      -0.09295200556516647,
      -0.10191983729600906
    ],
    [
      0.20443640649318695,
      0.1885208636522293,
      -0.05367283150553703,
      0.21431131660938263,
      -0.21187300980091095,
      0.011133823543787003,
      -0.1673026829957962,
      -0.16681219637393951,
      -0.09341394156217575,
      -0.1035570502281189
    ],
    [
      0.20472978055477142,
      0.18831922113895416,
      -0.053268224000930786,
      0.21424174308776855,
      -0.21200643479824066,
      0.011571870185434818,
      -0.16679908335208893,
      -0.16778546571731567,
      -0.09219923615455627,
      -0.10345286130905151
    ],
    [
      0.20410776138305664,
      0.18851445615291595,
      -0.05242951214313507,
      0.21411661803722382,
      -0.21237222850322723,
      0.011005174368619919,
      -0.16676156222820282,
      -0.16726255416870117,
      -0.09284090995788574,
      -0.10426171869039536
    ],
    [
      0.20391656458377838,
      0.18850290775299072,
      -0.05042489245533943,
      0.21403157711029053,
      -0.21328751742839813,
      0.01190237794071436,
      -0.16563713550567627,
      -0.16880947351455688,
      -0.09075883775949478,
      -0.10500660538673401
    ],
    [
