{
  "tempos": [
    0.0,
    0.5,
    1.0,
    1.5,
    2.0,
    2.5,
    3.0,
    3.5,
    4.0,
    4.5,
    5.0
  ],
  "engajamentoneural": [
    73.00899808812366,
    78.01621497537255,
    83.97265808156449,
    87.64333689375441,
    88.58410291303512,
    87.37733296889807,
    84.5825001780269,
    80.74631447658001,
    76.54061755868452,
    72.8431022797158,
    70.6429183260817
  ],
  "cognitivedemand": [
    58.305137109273,
    70.79977399734113,
    73.69203670168929,
    74.19206813438672,
    73.51655550866131,
    73.70935457577971,
    74.204015743571,
    74.27308702257558,
    49.86841517309415,
    43.35499191570968,
    59.369231955440895
  ],
  "focus": [
    11.501482123958542,
    9.604327632463146,
    15.081419525540598,
    20.498633634660735,
    16.932024246858543,
    29.936868304166925,
    34.73342794148055,
    14.381064902841787,
    12.720147636339725,
    8.23260899536596,
    8.901500664588147
  ],
  "embeddings": [
    [
      0.19837988913059235,
      0.1925482153892517,
      -0.04694215953350067,
      0.21205240488052368,
      -0.21520459651947021,
      0.004590372554957867,
      -0.1695035845041275,
      -0.15833349525928497,
      -0.10199173539876938,
      -0.11012054234743118
    ],
    [
      0.19803880155086517,
      0.19109688699245453,
      -0.045340392738580704,
      0.21264326572418213,
      -0.21557708084583282,
      0.002558345440775156,
      -0.16814203560352325,
      -0.15954017639160156,
      -0.10171026736497879,
      -0.11234429478645325
    ],
    [
      0.19831030070781708,
      0.19080878794193268,
      -0.044193509966135025,
      0.21277689933776855,
      -0.21606723964214325,
      0.003423882881179452,
      -0.1672460436820984,
      -0.16130614280700684,
      -0.0996248722076416,
      -0.1124313548207283
    ],
    [
      0.19728612899780273,
      0.19251297414302826,
      -0.04453113302588463,
      0.21255652606487274,
      -0.21619398891925812,
      0.002865280956029892,
      -0.16896378993988037,
      -0.1581628918647766,
      -0.10278768092393875,
      -0.11234823614358902
    ],
    [
      0.19623781740665436,
      0.19403207302093506,
      -0.04481072351336479,
      0.21233230829238892,
      -0.21626870334148407,
      0.0021565642673522234,
      -0.17043207585811615,
      -0.1554284691810608,
      -0.10563558340072632,
      -0.11244478076696396
    ],
    [
      0.1955653876066208,
      0.19466955959796906,
      -0.044407546520233154,
      0.2121150940656662,
      -0.2165425568819046,
      0.0016252566128969193,
      -0.17095410823822021,
      -0.15414462983608246,
      -0.10683818906545639,
      -0.11296134442090988
    ],
    [
      0.19534742832183838,
      0.1962994933128357,
      -0.0464133620262146,
      0.21212150156497955,
      -0.2159331887960434,
      0.0019775719847530127,
      -0.17292101681232452,
      -0.151469424366951,
      -0.10941389948129654,
      -0.11148545145988464
    ],
    [
      0.19519193470478058,
      0.19728736579418182,
      -0.04778575897216797,
      0.212122842669487,
      -0.2154698222875595,
      0.0021443546283990145,
      -0.1741800308227539,
      -0.14972536265850067,
      -0.1111457571387291,
      -0.11055481433868408
    ],
    [
      0.19539713859558105,
      0.19701959192752838,
      -0.04796044901013374,
      0.2121226191520691,
      -0.2153617888689041,
      0.0021576799917966127,
      -0.1740599125623703,
      -0.15004752576351166,
      -0.11084327846765518,
      -0.11046689748764038
    ],
    [
      0.19513224065303802,
      0.19585956633090973,
      -0.045800790190696716,
      0.21195834875106812,
      -0.21612590551376343,
      0.0013599707745015621,
      -0.17253267765045166,
      -0.15166400372982025,
      -0.1092970073223114,
      -0.11227960139513016
    ],
    [
      0.19522899389266968,
      0.1951090544462204,
      -0.044802453368902206,
      0.21199123561382294,
      -0.21647749841213226,
      0.0010223478311672807,
      -0.17161720991134644,
      -0.15282966196537018,
      -0.10820021480321884,
      -0.11301239579916
    ],
    [
      0.19508416950702667,
      0.1957881897687912,
      -0.045628298074007034,
      0.21188808977603912,
      -0.21623431146144867,
      0.0008162062731571496,
      -0.17265534400939941,
      -0.15139581263065338,
      -0.10965106636285782,
      -0.11249437183141708
    ],
    [
      0.19494517147541046,
      0.19661013782024384,
      -0.047433968633413315,
      0.21167033910751343,
      -0.21561385691165924,
      0.0002588432689663023,
      -0.17435884475708008,
      -0.14912022650241852,
      -0.11215908080339432,
      -0.11156316846609116
    ],
    [
      0.19460825622081757,
      0.19573308527469635,
      -0.04482807591557503,
      0.21131779253482819,
      -0.2166367918252945,
      -7.13755507604219e-05,
      -0.1727270483970642,
      -0.15099571645259857,
      -0.10992801189422607,
      -0.11337027698755264
    ],
    [
      0.19361914694309235,
      0.19563867151737213,
      -0.04262496158480644,
      0.21031010150909424,
      -0.21773381531238556,
      -0.0019219234818592668,
      -0.17269062995910645,
      -0.14988870918750763,
      -0.1107184961438179,
      -0.11545777320861816
    ]
  ]
}