{
  "tempos": [
    0.0,
    0.5,
    1.0,
    1.5,
    2.0,
    2.5,
    3.0,
    3.5,
    4.0,
    4.5,
    5.0
  ],
  "engajamentoneural": [
    71.89084187353343,
    78.06520817215757,
    85.09393142394673,
    89.07967978039302,
    89.82052146544525,
    88.05182891161587,
    84.34281554761385,
    79.43555158448494,
    74.34755799580925,
    70.15062979088903,
    67.76927491999305
  ],
  "cognitivedemand": [
    61.054814920820405,
    76.61461622447278,
    78.89722403527296,
    78.50211628852267,
    78.11645720032188,
    77.77965013891115,
    77.65451437480426,
    41.17167470152523,
    48.497696101061834,
    59.8076321612397,
    60.62270805932619
  ],
  "focus": [
    14.778439611393235,
    10.40268114875564,
    12.263222914148399,
    22.720529700143693,
    36.650966119501994,
    54.80956650257557,
    49.5278188103193,
    29.652245579745994,
    17.978918236271834,
    29.560235219573872,
    24.24217514688924
  ],
  "embeddings": [
    [
      0.194523885846138,
      0.19013112783432007,
      -0.03660733625292778,
      0.21087157726287842,
      -0.21937185525894165,
      -0.001862052478827536,
      -0.16566969454288483,
      -0.15878887474536896,
      -0.10177284479141235,
      -0.12022355198860168
    ],
    [
      0.1934117078781128,
      0.19358451664447784,
      -0.03885819390416145,
      0.21151840686798096,
      -0.21880842745304108,
      -0.001336397952400148,
      -0.16874076426029205,
      -0.15472914278507233,
      -0.106352798640728,
      -0.11816122382879257
    ],
    [
      0.19322897493839264,
      0.19551104307174683,
      -0.04138469696044922,
      0.21148018538951874,
      -0.21799717843532562,
      -0.0011862433748319745,
      -0.17120200395584106,
      -0.15148887038230896,
      -0.10964193195104599,
      -0.11626102775335312
    ],
    [
      0.19269131124019623,
      0.19650883972644806,
      -0.04245055839419365,
      0.21116261184215546,
      -0.21772384643554688,
      -0.0020219406578689814,
      -0.1728319674730301,
      -0.14881089329719543,
      -0.11238382011651993,
      -0.11596233397722244
    ],
    [
      0.19289398193359375,
      0.1957693099975586,
      -0.04175205156207085,
      0.21103815734386444,
      -0.2179429531097412,
      -0.002247130498290062,
      -0.1721431016921997,
      -0.14981471002101898,
      -0.11135894805192947,
      -0.11645173281431198
    ],
    [
      0.19249297678470612,
      0.19642853736877441,
      -0.0411946140229702,
      0.21082450449466705,
      -0.21829265356063843,
      -0.001991711789742112,
      -0.1723765879869461,
      -0.1493154764175415,
      -0.11153098940849304,
      -0.11665118485689163
    ],
    [
      0.19179260730743408,
      0.19877688586711884,
      -0.04325473681092262,
      0.21080441772937775,
      -0.21769411861896515,
      -0.0015806466108188033,
      -0.17483355104923248,
      -0.14575308561325073,
      -0.11515020579099655,
      -0.11509639024734497
    ],
    [
      0.19134844839572906,
      0.2002185583114624,
      -0.044468533247709274,
      0.21077944338321686,
      -0.21734881401062012,
      -0.0013474876759573817,
      -0.17632848024368286,
      -0.14353115856647491,
      -0.11738220602273941,
      -0.11421822756528854
    ],
    [
      0.19149912893772125,
      0.2000722438097,
      -0.04492221400141716,
      0.2108437865972519,
      -0.21711397171020508,
      -0.0014534805668517947,
      -0.17641466856002808,
      -0.14355136454105377,
      -0.11750585585832596,
      -0.11400878429412842
    ],
    [
      0.19142983853816986,
      0.20014052093029022,
      -0.044592276215553284,
      0.21085666120052338,
      -0.21730627119541168,
      -0.0012842555297538638,
      -0.17624759674072266,
      -0.14382632076740265,
      -0.11708011478185654,
      -0.11409055441617966
    ],
    [
      0.1927925944328308,
      0.1990426927804947,
      -0.04637051746249199,
      0.21133722364902496,
      -0.21632689237594604,
      -0.0009061238379217684,
      -0.17604416608810425,
      -0.14537326991558075,
      -0.11603867262601852,
      -0.11267731338739395
    ],
    [
      0.19360579550266266,
      0.19586549699306488,
      -0.04346903786063194,
      0.21167105436325073,
      -0.2170390635728836,
      -0.0015052050584927201,
      -0.1724831610918045,
      -0.15053503215312958,
      -0.11111459136009216,
      -0.1149296835064888
    ],
    [
      0.19248247146606445,
      0.19451554119586945,
      -0.03889079764485359,
      0.2108052521944046,
      -0.21894828975200653,
      -0.003500384045764804,
      -0.1704261302947998,
      -0.1518544703722,
      -0.10941100120544434,
      -0.11877704411745071
    ],
    [
      0.19163347780704498,
      0.1945042759180069,
      -0.037136372178792953,
      0.2103559821844101,
      -0.2197841852903366,
      -0.004612455610185862,
      -0.17017406225204468,
      -0.15130488574504852,
      -0.10981974005699158,
      -0.12044501304626465
    ],
    [
      0.19051600992679596,
      0.19554103910923004,
      -0.03662357106804848,
      0.2093733698129654,
      -0.2203071266412735,
      -0.006291969213634729,
      -0.1715841442346573,
      -0.14829248189926147,
      -0.11258402466773987,
      -0.12135409563779831
    ]
  ]
}