{
  "tempos": [
    0.0,
    0.5,
    1.0,
    1.5,
    2.0,
    2.5,
    3.0,
    3.5,
    4.0,
    4.5,
    5.0,
    5.5,
    6.0
  ],
  "engajamentoneural": [
    57.69831283847816,
    64.13953223005196,
    72.45401154064602,
    78.11848098183528,
    80.0403227219903,
    79.1793329711665,
    76.84938881378909,
    74.12207756048099,
    71.54586972724087,
    69.187982861009,
    66.97713708719807,
    65.06175254728487,
    63.889852054898974
  ],
  "cognitivedemand": [
    68.90177683215785,
    70.88196621944493,
    69.19355018879791,
    73.20589115154209,
    73.50462988547385,
    75.23880720847961,
    75.90582514001218,
    74.85186341091612,
    76.07241040047052,
    83.83059093909186,
    82.0839600574422,
    81.28016520137268,
    80.65824117686073
  ],
  "focus": [
    8.852140198940564,
    23.916760051858365,
    34.85627401027884,
    24.39212337900754,
    48.35735503755075,
    44.20874861744436,
    25.182320385960896,
    28.940042406410278,
    53.19726380226686,
    43.462330445497,
    33.62949065859037,
    21.705207632352657,
    18.398706599100155
  ],
  "embeddings": [
    [
      0.19879674911499023,
      0.19674964249134064,
      -0.04829082265496254,
      0.21218222379684448,
      -0.2149466723203659,
      0.01075302716344595,
      -0.1718384474515915,
      -0.1574626863002777,
      -0.1021898165345192,
      -0.10556710511445999
    ],
    [
      0.19406495988368988,
      0.2014337033033371,
      -0.04833950102329254,
      0.2118040770292282,
      -0.2154543250799179,
      0.003788615809753537,
      -0.17711913585662842,
      -0.14577031135559082,
      -0.11522829532623291,
      -0.10817939043045044
    ],
    [
      0.1934184581041336,
      0.206015482544899,
      -0.053358376026153564,
      0.21266376972198486,
      -0.21380935609340668,
      0.005313487257808447,
      -0.1821354776620865,
      -0.13919565081596375,
      -0.1221371665596962,
      -0.10443896055221558
    ],
    [
      0.1955152153968811,
      0.20272786915302277,
      -0.058718133717775345,
      0.21383161842823029,
      -0.21135199069976807,
      0.003459490602836013,
      -0.18262870609760284,
      -0.13971267640590668,
      -0.12315091490745544,
      -0.1031932458281517
    ],
    [
      0.1962408423423767,
      0.19914473593235016,
      -0.05270669236779213,
      0.21316321194171906,
      -0.21348397433757782,
      0.004741989076137543,
      -0.17730224132537842,
      -0.14697766304016113,
      -0.11447202414274216,
      -0.10638663917779922
    ],
    [
      0.19721698760986328,
      0.19927531480789185,
      -0.05607295036315918,
      0.21376603841781616,
      -0.21208040416240692,
      0.005512569565325975,
      -0.17846740782260895,
      -0.14623405039310455,
      -0.11569074541330338,
      -0.10387763381004333
    ],
    [
      0.19725757837295532,
      0.19847609102725983,
      -0.05543496832251549,
      0.21353407204151154,
      -0.21254009008407593,
      0.005746462848037481,
      -0.17793764173984528,
      -0.1468978077173233,
      -0.11483269184827805,
      -0.1045374795794487
    ],
    [
      0.20001506805419922,
      0.19333404302597046,
      -0.05224454402923584,
      0.21447350084781647,
      -0.21308980882167816,
      0.008129552006721497,
      -0.1714717596769333,
      -0.15774519741535187,
      -0.10339706391096115,
      -0.1057191863656044
    ],
    [
      0.20076222717761993,
      0.19293908774852753,
      -0.05290459468960762,
      0.21475495398044586,
      -0.21267817914485931,
      0.009172630496323109,
      -0.17093713581562042,
      -0.1589650958776474,
      -0.10216989368200302,
      -0.10477253049612045
    ],
    [
      0.20205436646938324,
      0.1922559142112732,
      -0.056667882949113846,
      0.2154308408498764,
      -0.21089284121990204,
      0.009058731608092785,
      -0.17175032198429108,
      -0.15918011963367462,
      -0.10309771448373795,
      -0.102700375020504
    ],
    [
      0.20207804441452026,
      0.18791542947292328,
      -0.046442825347185135,
      0.21466399729251862,
      -0.21476973593235016,
      0.010708424262702465,
      -0.16378219425678253,
      -0.16975106298923492,
      -0.09053782373666763,
      -0.10877713561058044
    ],
    [
      0.20138569176197052,
      0.1938045769929886,
      -0.054105907678604126,
      0.21474987268447876,
      -0.21225212514400482,
      0.010759636759757996,
      -0.1714143604040146,
      -0.15933610498905182,
      -0.10164538025856018,
      -0.10306704789400101
    ],
    [
      0.20133443176746368,
      0.19576090574264526,
      -0.05837000906467438,
      0.21476905047893524,
      -0.21076203882694244,
      0.01011951919645071,
      -0.17490607500076294,
      -0.15467213094234467,
      -0.10684620589017868,
      -0.10054278373718262
    ],
    [
      0.20405565202236176,
      0.19232827425003052,
      -0.059337105602025986,
      0.21587233245372772,
      -0.20993585884571075,
      0.010994382202625275,
      -0.17201392352581024,
      -0.16074241697788239,
      -0.10099821537733078,
      -0.09956011176109314
    ],
    [
      0.20320765674114227,
      0.19136370718479156,
      -0.057363975793123245,
      0.2142074853181839,
      -0.21115709841251373,
      0.009020806290209293,
      -0.1721016764640808,
      -0.15943706035614014,
      -0.10175641626119614,
      -0.10219445079565048
    ],
    [
      0.2038872092962265,
      0.18898117542266846,
      -0.05487171933054924,
      0.21424448490142822,
      -0.21186129748821259,
      0.009022597223520279,
      -0.16909562051296234,
      -0.1635846495628357,
      -0.09746111184358597,
      -0.10389787703752518
    ],
    [
      0.20279209315776825,
      0.18787336349487305,
      -0.04983216151595116,
      0.2134605497121811,
      -0.21381062269210815,
      0.007794814649969339,
      -0.1664760261774063,
      -0.1661350578069687,
      -0.09451323747634888,
      -0.10733745247125626
    ],
    [
      0.2004413604736328,
      0.19013898074626923,
      -0.04863651096820831,
      0.21230687201023102,
      -0.2146700620651245,
      0.005298621952533722,
      -0.16865146160125732,
      -0.16120575368404388,
      -0.09943777322769165,
      -0.1089656725525856
    ]
  ]
}