{
  "tempos": [
    0.0,
    0.5,
    1.0,
    1.5,
    2.0,
    2.5,
    3.0,
    3.5,
    4.0,
    4.5,
    5.0
  ],
  "engajamentoneural": [
    72.23605683014507,
    77.16344034323221,
    83.17546094470471,
    87.11978111254138,
    88.52038881026797,
    87.97622591514258,
    86.01681925856502,
    83.01176896658586,
    79.40460558468297,
    75.98089073434694,
    73.83871727899052
  ],
  "cognitivedemand": [
    66.95153439223876,
    77.75139055365716,
    72.29983164716641,
    63.36805719404581,
    68.44519102355275,
    69.85299761911313,
    68.66332843441076,
    71.51679235760662,
    53.82380460594546,
    39.905230215018825,
    54.737905231995235
  ],
  "focus": [
    11.531833743839282,
    23.254930625386752,
    21.235449822703096,
    15.688914379820211,
    13.031394769230806,
    10.487435903061138,
    11.927886699652678,
    9.3526612710925,
    7.992487973508889,
    8.278276944108038,
    15.428868057187591
  ],
  "embeddings": [
    [
      0.20010411739349365,
      0.19145573675632477,
      -0.04251056909561157,
      0.21467097103595734,
      -0.21631978452205658,
      0.009723343886435032,
      -0.1644749790430069,
      -0.16789297759532928,
      -0.09297510981559753,
      -0.10958287864923477
    ],
    [
      0.20267383754253387,
      0.19502031803131104,
      -0.05617615580558777,
      0.21663223206996918,
      -0.21099142730236053,
      0.012302138842642307,
      -0.17125044763088226,
      -0.161721870303154,
      -0.10045897960662842,
      -0.09996802359819412
    ],
    [
      0.20518392324447632,
      0.19058763980865479,
      -0.056421201676130295,
      0.21651272475719452,
      -0.21030129492282867,
      0.012635339051485062,
      -0.16783635318279266,
      -0.16777403652668,
      -0.0940377339720726,
      -0.10020095854997635
    ],
    [
      0.20104147493839264,
      0.19035714864730835,
      -0.04706500098109245,
      0.21351349353790283,
      -0.21486006677150726,
      0.008049647323787212,
      -0.16651736199855804,
      -0.1651352047920227,
      -0.09500136226415634,
      -0.10842966288328171
    ],
    [
      0.20059870183467865,
      0.18772606551647186,
      -0.04450983181595802,
      0.21319977939128876,
      -0.21548837423324585,
      0.004472586791962385,
      -0.164816215634346,
      -0.16626481711864471,
      -0.09477879852056503,
      -0.11210310459136963
    ],
    [
      0.20217521488666534,
      0.18409639596939087,
      -0.041341375559568405,
      0.21336668729782104,
      -0.21647797524929047,
      0.00563116604462266,
      -0.16054096817970276,
      -0.17300327122211456,
      -0.0871550664305687,
      -0.11400610208511353
    ],
    [
      0.20120953023433685,
      0.1843384951353073,
      -0.03964395448565483,
      0.21294939517974854,
      -0.21728074550628662,
      0.004750387743115425,
      -0.16039425134658813,
      -0.17220044136047363,
      -0.0879162922501564,
      -0.11548622697591782
    ],
    [
      0.20128418505191803,
      0.18586468696594238,
      -0.04178028181195259,
      0.2130776196718216,
      -0.21662336587905884,
      0.005383139010518789,
      -0.16223888099193573,
      -0.17008326947689056,
      -0.09003141522407532,
      -0.11343007534742355
    ],
    [
      0.20149074494838715,
      0.1856955885887146,
      -0.042290642857551575,
      0.2132430076599121,
      -0.21632497012615204,
      0.0059059783816337585,
      -0.1621219664812088,
      -0.1704743355512619,
      -0.08958683162927628,
      -0.1132417544722557
    ],
    [
      0.20263409614562988,
      0.18504053354263306,
      -0.041891057044267654,
      0.21359765529632568,
      -0.21640755236148834,
      0.007934045977890491,
      -0.16054056584835052,
      -0.1738491803407669,
      -0.08590921759605408,
      -0.11223158985376358
    ],
    [
      0.20385700464248657,
      0.1850305050611496,
      -0.042691003531217575,
      0.21407371759414673,
      -0.21608249843120575,
      0.00989498570561409,
      -0.16001325845718384,
      -0.17586946487426758,
      -0.08381166309118271,
      -0.11032261699438095
    ],
    [
      0.2041258066892624,
      0.18716071546077728,
      -0.04741794243454933,
      0.21425338089466095,
      -0.21435517072677612,
      0.010373557917773724,
      -0.16358332335948944,
      -0.17144227027893066,
      -0.08859910815954208,
      -0.1070704534649849
    ],
    [
      0.20036351680755615,
      0.19277606904506683,
      -0.04795042797923088,
      0.21169745922088623,
      -0.21525795757770538,
      0.007193107157945633,
      -0.16999246180057526,
      -0.1599513441324234,
      -0.09944335371255875,
      -0.10728475451469421
    ],
    [
      0.19748927652835846,
      0.1960759311914444,
      -0.049518439918756485,
      0.21057243645191193,
      -0.21511800587177277,
      0.00359684438444674,
      -0.17449462413787842,
      -0.15126048028469086,
      -0.1083555817604065,
      -0.10802923887968063
    ],
    [
      0.19581730663776398,
      0.1947401762008667,
      -0.044856537133455276,
      0.20884664356708527,
      -0.21714378893375397,
      -0.00031273672357201576,
      -0.17340195178985596,
      -0.15055033564567566,
      -0.10855375975370407,
      -0.11272517591714859
    ]
  ]
}