{
  "tempos": [
    0.0,
    0.5,
    1.0,
    1.5,
    2.0,
    2.5,
    3.0,
    3.5,
    4.0,
    4.5,
    5.0,
    5.5,
    6.0
  ],
  "engajamentoneural": [
    66.62911889837613,
    72.68650689253435,
    79.92880014700499,
    84.33254746696402,
    85.3926863927588,
    84.09954823747476,
    81.66684134417078,
    79.2665953205838,
    77.62901807566499,
    76.80410075278527,
    76.41710628168016,
    76.1419955196965,
    75.9458186218983
  ],
  "cognitivedemand": [
    60.97032563059136,
    62.18712711333623,
    61.502512274186486,
    62.55806983043121,
    63.987446938505364,
    59.33926196493189,
    60.19798678607368,
    61.102035958260096,
    60.96954417234206,
    75.28174646074115,
    72.26325496718437,
    73.78276561118602,
    75.97886321751422
  ],
  "focus": [
    8.291279089640186,
    16.90103363296873,
    31.083433159406933,
    41.38500857696321,
    45.13690930383888,
    40.357974207357096,
    44.279266087967834,
    42.87614362285331,
    39.73662001972837,
    26.290033570303272,
    11.761252689708742,
    18.233160870425646,
    27.983891006048694
  ],
  "embeddings": [
    [
      0.19809746742248535,
      0.19175076484680176,
      -0.04491254314780235,
      0.21274816989898682,
      -0.215720072388649,
      0.00408804789185524,
      -0.16808436810970306,
      -0.16007055342197418,
      -0.10084933787584305,
      -0.11175275593996048
    ],
    [
      0.19637912511825562,
      0.19614386558532715,
      -0.04782428219914436,
      0.2129061073064804,
      -0.21504412591457367,
      0.004299248103052378,
      -0.1722712367773056,
      -0.15370389819145203,
      -0.1075114980340004,
      -0.10956718772649765
    ],
    [
      0.19600163400173187,
      0.1966584175825119,
      -0.0482771061360836,
      0.21305638551712036,
      -0.214912548661232,
      0.0038901923689991236,
      -0.17281077802181244,
      -0.15265189111232758,
      -0.10877538472414017,
      -0.10951658338308334
    ],
    [
      0.1955176144838333,
      0.19815446436405182,
      -0.0483921580016613,
      0.21258938312530518,
      -0.21520131826400757,
      0.004506716039031744,
      -0.17402498424053192,
      -0.15090058743953705,
      -0.10985040664672852,
      -0.10901304334402084
    ],
    [
      0.19666938483715057,
      0.1996825784444809,
      -0.053385864943265915,
      0.2138049155473709,
      -0.21307511627674103,
      0.0061661433428525925,
      -0.17647795379161835,
      -0.14875850081443787,
      -0.11279693245887756,
      -0.1049329861998558
    ],
    [
      0.19679410755634308,
      0.19979585707187653,
      -0.053258489817380905,
      0.21368537843227386,
      -0.21315693855285645,
      0.0067719281651079655,
      -0.17629142105579376,
      -0.14919748902320862,
      -0.11202108860015869,
      -0.1047113835811615
    ],
    [
      0.19783253967761993,
      0.19855745136737823,
      -0.05539477989077568,
      0.21409158408641815,
      -0.2120615690946579,
      0.006028417032212019,
      -0.176469624042511,
      -0.14960463345050812,
      -0.11256790906190872,
      -0.10372229665517807
    ],
    [
      0.19728009402751923,
      0.1982361078262329,
      -0.052333589643239975,
      0.21347951889038086,
      -0.21341492235660553,
      0.006288297474384308,
      -0.17502617835998535,
      -0.15115711092948914,
      -0.11002290993928909,
      -0.10558073967695236
    ],
    [
      0.19706372916698456,
      0.19986973702907562,
      -0.05383408069610596,
      0.2134748250246048,
      -0.21297752857208252,
      0.007005049381405115,
      -0.1766756922006607,
      -0.1488616019487381,
      -0.11215740442276001,
      -0.10420184582471848
    ],
    [
      0.1977725476026535,
      0.19887305796146393,
      -0.054524779319763184,
      0.21372859179973602,
      -0.21258880198001862,
      0.006985911633819342,
      -0.1761883646249771,
      -0.15010671317577362,
      -0.11117582768201828,
      -0.10388612747192383
    ],
    [
      0.19781893491744995,
      0.19862522184848785,
      -0.05441054329276085,
      0.2137751579284668,
      -0.21261875331401825,
      0.006754773203283548,
      -0.1759405881166458,
      -0.15053071081638336,
      -0.11084581166505814,
      -0.10401668399572372
    ],
    [
      0.1985844373703003,
      0.1973261684179306,
      -0.05386204645037651,
      0.21394525468349457,
      -0.2126539945602417,
      0.007244108710438013,
      -0.17448586225509644,
      -0.1530114710330963,
      -0.10833955556154251,
      -0.10408861190080643
    ],
    [
      0.19917602837085724,
      0.19747477769851685,
      -0.05454433336853981,
      0.2144210934638977,
      -0.21227745711803436,
      0.008809939958155155,
      -0.17417339980602264,
      -0.15416286885738373,
      -0.1070222556591034,
      -0.10297572612762451
    ],
    [
      0.19952178001403809,
      0.1962902992963791,
      -0.05416734889149666,
      0.2142653912305832,
      -0.2123369723558426,
      0.00813417136669159,
      -0.1733861118555069,
      -0.15523160994052887,
      -0.1060899868607521,
      -0.10359057039022446
    ],
    [
      0.2005910873413086,
      0.19481444358825684,
      -0.0543251670897007,
      0.2144067883491516,
      -0.21208946406841278,
      0.008682332001626492,
      -0.17213332653045654,
      -0.1577719897031784,
      -0.10355562716722488,
      -0.10328350216150284
    ],
    [
      0.2006523162126541,
      0.19487321376800537,
      -0.053889766335487366,
      0.2141694873571396,
      -0.21240083873271942,
      0.009272061288356781,
      -0.17199067771434784,
      -0.1580907255411148,
      -0.10274010896682739,
      -0.10331279784440994
    ],
    [
      0.2008286714553833,
      0.1951930969953537,
      -0.05467977002263069,
      0.2141076773405075,
      -0.21213190257549286,
      0.009609109722077847,
      -0.17255131900310516,
      -0.15746736526489258,
      -0.1032673642039299,
      -0.10268398374319077
    ],
    [
      0.1994301825761795,
      0.19676049053668976,
      -0.05463549867272377,
      0.21333587169647217,
      -0.21244443953037262,
      0.008014503866434097,
      -0.17442697286605835,
      -0.15372754633426666,
      -0.1070057824254036,
      -0.1033347025513649
    ]
  ]
}