{
  "tempos": [
    0.0,
    0.5,
    1.0,
    1.5,
    2.0,
    2.5,
    3.0,
    3.5,
    4.0,
    4.5,
    5.0,
    5.5,
    6.0,
    6.5,
    7.0,
    7.5,
    8.0,
    8.5,
    9.0,
    9.5,
    10.0
  ],
  "engajamentoneural": [
    25.799987800122683,
    27.006082072423897,
    29.144627065631745,
    32.310500514630355,
    37.06429940164261,
    43.37607752138062,
    49.79288013202834,
    54.45467944563376,
    56.72933068197885,
    57.335586636059446,
    57.4157769017527,
    57.80301225754393,
    58.82116283027723,
    60.39592133183014,
    62.238578842181894,
    64.0034516252518,
    65.40163963611194,
    66.27018693927671,
    66.60648651396859,
    66.57589598453255,
    66.45131423000976
  ],
  "cognitivedemand": [
    20.84331406794859,
    27.43950880136745,
    43.245551318749236,
    21.570826675008973,
    36.34683011776837,
    51.44441803997391,
    72.72533001701738,
    76.0330871638477,
    79.42099115978732,
    83.46202890166883,
    83.02870593144726,
    83.64235128879147,
    85.60617427961924,
    84.35461958928317,
    83.9851716317647,
    84.5241385274588,
    85.3400521604909,
    83.15974975744807,
    83.33315740760932,
    84.21676872595157,
    84.23177881739616
  ],
  "focus": [
    12.13317553740937,
    22.133384438527074,
    47.71514510145308,
    39.10189237370311,
    20.717499281542757,
    37.632511784281824,
    13.001858034511047,
    8.797754498663116,
    8.25365085565561,
    8.703857386107675,
    7.986557748923667,
    7.830416835757735,
    7.838150574135016,
    7.860972058122256,
    7.851621739571399,
    7.854020190940186,
    7.843628462847745,
    7.863311451243645,
    7.850021876063489,
    7.852197657017486,
    7.843947012596634
  ],
  "embeddings": [
    [
      0.19750194251537323,
      0.19543136656284332,
      -0.0487770140171051,
      0.2092084139585495,
      -0.2157706767320633,
      0.0032672688830643892,
      -0.17523057758808136,
      -0.14989489316940308,
      -0.10872632265090942,
      -0.10891786217689514
    ],
    [
      0.1957257241010666,
      0.1941935271024704,
      -0.04411584511399269,
      0.20775924623012543,
      -0.2175889015197754,
      -0.0007059238851070404,
      -0.17369724810123444,
      -0.14962121844291687,
      -0.10871431976556778,
      -0.1135183647274971
    ],
    [
      0.19471758604049683,
      0.19382888078689575,
      -0.041254620999097824,
      0.20730926096439362,
      -0.21872194111347198,
      -0.002316151512786746,
      -0.1727377325296402,
      -0.14981786906719208,
      -0.108368881046772,
      -0.11598625779151917
    ],
    [
      0.19405783712863922,
      0.19329984486103058,
      -0.04022364690899849,
      0.2073531150817871,
      -0.21899330615997314,
      -0.004392670933157206,
      -0.17246204614639282,
      -0.1493537276983261,
      -0.10950261354446411,
      -0.11768227070569992
    ],
    [
      0.19362109899520874,
      0.1951453536748886,
      -0.04260830208659172,
      0.20695805549621582,
      -0.2185174822807312,
      -0.004457209724932909,
      -0.17560775578022003,
      -0.1451561003923416,
      -0.11354153603315353,
      -0.1163623034954071
    ],
    [
      0.19355010986328125,
      0.19394274055957794,
      -0.04062536358833313,
      0.20709045231342316,
      -0.21897698938846588,
      -0.005088255740702152,
      -0.17380063235759735,
      -0.14738355576992035,
      -0.11148551106452942,
      -0.11781582981348038
    ],
    [
      0.19498109817504883,
      0.19031476974487305,
      -0.03839133679866791,
      0.20835168659687042,
      -0.21923087537288666,
      -0.004592176526784897,
      -0.1692218780517578,
      -0.15474112331867218,
      -0.10481064766645432,
      -0.11938608437776566
    ],
    [
      0.19449740648269653,
      0.18897558748722076,
      -0.034612152725458145,
      0.2085309773683548,
      -0.22061824798583984,
      -0.00465532997623086,
      -0.16650281846523285,
      -0.15781311690807343,
      -0.1016174927353859,
      -0.12207823991775513
    ],
    [
      0.19401562213897705,
      0.18957991898059845,
      -0.03549490496516228,
      0.20892256498336792,
      -0.22025607526302338,
      -0.005440432578325272,
      -0.1672697216272354,
      -0.15627796947956085,
      -0.10381382703781128,
      -0.12194302678108215
    ],
    [
      0.19373492896556854,
      0.18936048448085785,
      -0.0350642092525959,
      0.20915590226650238,
      -0.22036457061767578,
      -0.006014182697981596,
      -0.16695721447467804,
      -0.15635308623313904,
      -0.10407464951276779,
      -0.12255144864320755
    ],
    [
      0.19334137439727783,
      0.18935687839984894,
      -0.034233544021844864,
      0.20912642776966095,
      -0.22071439027786255,
      -0.006376828998327255,
      -0.166720911860466,
      -0.15628163516521454,
      -0.10418015718460083,
      -0.12328412383794785
    ],
    [
      0.193001851439476,
      0.18944953382015228,
      -0.034018561244010925,
      0.2091178297996521,
      -0.22080707550048828,
      -0.007012858986854553,
      -0.16688568890094757,
      -0.15569916367530823,
      -0.10495605319738388,
      -0.12372073531150818
    ],
    [
      0.19271712005138397,
      0.18951494991779327,
      -0.03323541581630707,
      0.20927108824253082,
      -0.22109383344650269,
      -0.006848916411399841,
      -0.166446253657341,
      -0.1560952514410019,
      -0.10457425564527512,
      -0.12425488978624344
    ],
    [
      0.19250740110874176,
      0.18962961435317993,
      -0.033170588314533234,
      0.20936553180217743,
      -0.22111250460147858,
      -0.0071462723426520824,
      -0.1665409356355667,
      -0.1557842195034027,
      -0.10505148768424988,
      -0.12448016554117203
    ],
    [
      0.19231104850769043,
      0.18958862125873566,
      -0.03287459537386894,
      0.20938007533550262,
      -0.22122299671173096,
      -0.007471664343029261,
      -0.16645868122577667,
      -0.15568609535694122,
      -0.10523974895477295,
      -0.12485676258802414
    ],
    [
      0.19217108190059662,
      0.1894400715827942,
      -0.03241967037320137,
      0.20938706398010254,
      -0.22138918936252594,
      -0.00768306665122509,
      -0.1662098467350006,
      -0.1558714359998703,
      -0.10508371144533157,
      -0.12528096139431
    ],
    [
      0.19198836386203766,
      0.18939514458179474,
      -0.03202465549111366,
      0.20938915014266968,
      -0.22154547274112701,
      -0.007906138896942139,
      -0.16606733202934265,
      -0.1558801680803299,
      -0.10511838644742966,
      -0.12566368281841278
    ],
    [
      0.19182102382183075,
      0.1894838660955429,
      -0.03184494003653526,
      0.20938171446323395,
      -0.2216346114873886,
      -0.008071948774158955,
      -0.16610080003738403,
      -0.15568041801452637,
      -0.10534576326608658,
      -0.12586165964603424
    ],
    [
      0.19164574146270752,
      0.18970753252506256,
      -0.03179813548922539,
      0.2093697339296341,
      -0.22167228162288666,
      -0.008158810436725616,
      -0.1662626713514328,
      -0.15532958507537842,
      -0.10572872310876846,
      -0.12591995298862457
    ],
    [
      0.1914910227060318,
      0.1898137927055359,
      -0.03174268826842308,
      0.20932318270206451,
      -0.2217240333557129,
      -0.008376394398510456,
      -0.16640342772006989,
      -0.1549820750951767,
      -0.10608822107315063,
      -0.12606365978717804
    ],
    [
      0.19138796627521515,
      0.18985043466091156,
      -0.03160050883889198,
      0.20926278829574585,
      -0.22180163860321045,
      -0.008519881404936314,
      -0.16644053161144257,
      -0.1548284888267517,
      -0.10621821880340576,
      -0.12621159851551056
    ],
    [
      0.19129173457622528,
      0.18987774848937988,
      -0.031509432941675186,
      0.2092607021331787,
      -0.2218429446220398,
      -0.008636883459985256,
