{
  "tempos": [
    0.0,
    0.5,
    1.0,
    1.5,
    2.0,
    2.5,
    3.0,
    3.5,
    4.0,
    4.5,
    5.0
  ],
  "engajamentoneural": [
    61.04950997935051,
    67.56527414932405,
    76.00222411563607,
    81.92355544071333,
    84.34099393022979,
    84.12199585988115,
    82.26658156931963,
    79.57721171755763,
    76.7027962881348,
    74.24343612838061,
    72.8000527409482
  ],
  "cognitivedemand": [
    42.250504019043284,
    66.17515486488251,
    78.80384755888487,
    84.47344791907835,
    84.67112775863785,
    84.84302383622442,
    84.9513067346474,
    62.937734755091405,
    53.140218385676434,
    66.14154244041157,
    67.92010036398386
  ],
  "focus": [
    12.180992939055391,
    10.971116504260877,
    14.601348693496643,
    9.59283601601974,
    9.80394689992285,
    8.817227565156767,
    8.42296186363325,
    8.705219393911328,
    8.818828914344653,
    8.911549877413824,
    9.617371832695985
  ],
  "embeddings": [
    [
      0.19538699090480804,
      0.19447511434555054,
      -0.04323168098926544,
      0.21071875095367432,
      -0.2170998901128769,
      0.00017710146494209766,
      -0.17147000133991241,
      -0.153087317943573,
      -0.10754072666168213,
      -0.1129792332649231
    ],
    [
      0.19860315322875977,
      0.19324417412281036,
      -0.048425137996673584,
      0.21245574951171875,
      -0.21463662385940552,
      0.004449510481208563,
      -0.1708543449640274,
      -0.1573377549648285,
      -0.1033012866973877,
      -0.10875483602285385
    ],
    [
      0.19899924099445343,
      0.19089286029338837,
      -0.045448556542396545,
      0.21231597661972046,
      -0.21573112905025482,
      0.00481276074424386,
      -0.16782349348068237,
      -0.1613762527704239,
      -0.09862317889928818,
      -0.1110818013548851
    ],
    [
      0.19817376136779785,
      0.1903059482574463,
      -0.04387335106730461,
      0.2120063751935959,
      -0.2164180874824524,
      0.002485906006768346,
      -0.16754598915576935,
      -0.16058723628520966,
      -0.09973514825105667,
      -0.11321511119604111
    ],
    [
      0.19792897999286652,
      0.19060832262039185,
      -0.043935466557741165,
      0.21188001334667206,
      -0.21644802391529083,
      0.0020018289797008038,
      -0.16801981627941132,
      -0.15972280502319336,
      -0.1006101444363594,
      -0.11329936981201172
    ],
    [
      0.19768208265304565,
      0.19117508828639984,
      -0.044439733028411865,
      0.21186338365077972,
      -0.21631009876728058,
      0.001814495655708015,
      -0.16871987283229828,
      -0.15862902998924255,
      -0.10175009816884995,
      -0.11301770061254501
    ],
    [
      0.19745968282222748,
      0.19076727330684662,
      -0.043783172965049744,
      0.21174179017543793,
      -0.21658049523830414,
      0.0010781735181808472,
      -0.1684473752975464,
      -0.15869058668613434,
      -0.10176771134138107,
      -0.1138487383723259
    ],
    [
      0.19660323858261108,
      0.18973298370838165,
      -0.04069500043988228,
      0.2112417370080948,
      -0.2178078293800354,
      -0.0005884039564989507,
      -0.1670507788658142,
      -0.15952669084072113,
      -0.10091274231672287,
      -0.11667587608098984
    ],
    [
      0.1960998922586441,
      0.18943144381046295,
      -0.03943467512726784,
      0.21104556322097778,
      -0.2183351367712021,
      -0.0016630560858175159,
      -0.16670215129852295,
      -0.15939170122146606,
      -0.10116302222013474,
      -0.11794433742761612
    ],
    [
      0.1959260255098343,
      0.18973715603351593,
      -0.03940196335315704,
      0.21103446185588837,
      -0.2183932065963745,
      -0.0018630237318575382,
      -0.16700828075408936,
      -0.15885065495967865,
      -0.10170241445302963,
      -0.11799370497465134
    ],
    [
      0.196091890335083,
      0.18989701569080353,
      -0.03977484256029129,
      0.2112441062927246,
      -0.2181810885667801,
      -0.00145147240255028,
      -0.1670629382133484,
      -0.1590263694524765,
      -0.10160479694604874,
      -0.11750411987304688
    ],
    [
      0.19515065848827362,
      0.19044746458530426,
      -0.038350410759449005,
      0.21070629358291626,
      -0.21895624697208405,
      -0.0018750749295577407,
      -0.16710324585437775,
      -0.1581709235906601,
      -0.102139912545681,
      -0.11865410208702087
    ],
    [
      0.19350504875183105,
      0.19165123999118805,
      -0.036972369998693466,
      0.2099158614873886,
      -0.2197711020708084,
      -0.003985879477113485,
      -0.16829551756381989,
      -0.15489700436592102,
      -0.10539755970239639,
      -0.1203070655465126
    ],
    [
      0.1931053251028061,
      0.19211345911026,
      -0.037306662648916245,
      0.20989590883255005,
      -0.2197207808494568,
      -0.004425256047397852,
      -0.16890960931777954,
      -0.15376389026641846,
      -0.10665923357009888,
      -0.12039127945899963
    ],
    [
      0.1923009157180786,
      0.19216901063919067,
      -0.03578195348381996,
      0.2091851830482483,
      -0.2204422950744629,
      -0.005805435124784708,
      -0.16899006068706512,
      -0.15272028744220734,
      -0.10746518522500992,
      -0.12190678715705872
    ]
  ]
}