{
  "tempos": [
    0.0,
    0.5,
    1.0,
    1.5,
    2.0,
    2.5,
    3.0,
    3.5,
    4.0,
    4.5,
    5.0,
    5.5,
    6.0,
    6.5,
    7.0,
    7.5,
    8.0,
    8.5,
    9.0,
    9.5,
    10.0,
    10.5,
    11.0,
    11.5,
    12.0,
    12.5,
    13.0,
    13.5,
    14.0,
    14.5,
    15.0
  ],
  "engajamentoneural": [
    65.02373326477294,
    72.03631128124083,
    80.39649097693547,
    85.38870214763196,
    86.48242468700154,
    84.6964016597179,
    81.20514329147723,
    77.39441372657345,
    74.46682685083991,
    72.93833212711533,
    72.65502908788687,
    73.13048420640435,
    73.85573185723348,
    74.46536165085391,
    74.79002481765552,
    74.84620099749661,
    74.77157846080303,
    74.71006465429753,
    74.71183499235207,
    74.7271764593464,
    74.67760579890252,
    74.51383737053807,
    74.21056562679948,
    73.73087829393833,
    73.0220725555413,
    72.06545304462355,
    70.93135521139146,
    69.7680306560203,
    68.73174823395338,
    67.9459247865716,
    67.51504588995479
  ],
  "cognitivedemand": [
    41.150056082622356,
    65.6675360824052,
    65.66418320692532,
    64.43766773690221,
    82.56524012041763,
    87.13895015130916,
    73.86245968538482,
    79.18627027199346,
    80.05523700466726,
    83.36984097316271,
    91.6274050158482,
    91.5355316134759,
    91.46852252263491,
    90.1773714693383,
    75.97439264563192,
    88.26535205491993,
    53.9591967670176,
    69.86647948322889,
    70.92233189560407,
    73.36442166276409,
    71.50096942745714,
    72.44824623519791,
    74.61466375196211,
    79.37003196008173,
    78.45655654086,
    60.14457084707545,
    51.670809848216244,
    52.883191157136395,
    40.262130181229104,
    57.04648629012688,
    63.970548180166645
  ],
  "focus": [
    22.336544135428845,
    43.38919557323519,
    65.11991266518203,
    69.66703435649458,
    69.23230966951263,
    50.464821344551886,
    42.381725016264475,
    29.100821290182335,
    22.043082843814958,
    32.22283979442219,
    23.156127453342414,
    9.454495982449133,
    13.807589029821656,
    14.567561072450625,
    13.961971148117692,
    9.899522484153135,
    8.620145910173278,
    8.512901666287348,
    11.86128140141752,
    18.61168531138447,
    14.792048741168252,
    22.759140675942152,
    24.983382298104065,
    8.23911177690511,
    8.924473427019855,
    9.311387267800386,
    39.32761516408358,
    85.75727796495805,
    88.74945760038945,
    48.664516638666726,
    13.025661638827705
  ],
  "embeddings": [
    [
      0.19990657269954681,
      0.18456430733203888,
      -0.03453652560710907,
      0.21287643909454346,
      -0.21877682209014893,
      0.005738336592912674,
      -0.15728217363357544,
      -0.17547957599163055,
      -0.08421088010072708,
      -0.1188872829079628
    ],
    [
      0.19601553678512573,
      0.18788981437683105,
      -0.03237514570355415,
      0.21235834062099457,
      -0.22026751935482025,
      0.002343445084989071,
      -0.16027897596359253,
      -0.1683637648820877,
      -0.09172462671995163,
      -0.12174404412508011
    ],
    [
      0.1963452249765396,
      0.19088399410247803,
      -0.03959032520651817,
      0.2131950408220291,
      -0.2178361564874649,
      0.0012441574363037944,
      -0.16547803580760956,
      -0.16161015629768372,
      -0.1002509593963623,
      -0.11644544452428818
    ],
    [
      0.19521577656269073,
      0.18719880282878876,
      -0.03488006070256233,
      0.21233247220516205,
      -0.21958370506763458,
      -0.003236733376979828,
      -0.16266056895256042,
      -0.16336296498775482,
      -0.09869857877492905,
      -0.12230803817510605
    ],
    [
      0.1946132630109787,
      0.18606148660182953,
      -0.03108314611017704,
      0.21189165115356445,
      -0.22110192477703094,
      -0.003637877991423011,
      -0.16048564016819,
      -0.1658882349729538,
      -0.09564391523599625,
      -0.12492609769105911
    ],
    [
      0.1925421506166458,
      0.18978452682495117,
      -0.03246137127280235,
      0.21080629527568817,
      -0.22110439836978912,
      -0.00552373006939888,
      -0.16486237943172455,
      -0.15846772491931915,
      -0.10296156257390976,
      -0.12421199679374695
    ],
    [
      0.19509321451187134,
      0.18642009794712067,
      -0.032439716160297394,
      0.2122514694929123,
      -0.22037188708782196,
      -0.0034769342746585608,
      -0.1612461507320404,
      -0.16560912132263184,
      -0.0962357297539711,
      -0.12371957302093506
    ],
    [
      0.19576309621334076,
      0.1849399209022522,
      -0.03054150752723217,
      0.21249185502529144,
      -0.22100162506103516,
      -0.0023646396584808826,
      -0.15894350409507751,
      -0.16936784982681274,
      -0.0920138955116272,
      -0.12463755160570145
    ],
    [
      0.19586984813213348,
      0.18601463735103607,
      -0.032532695680856705,
      0.21276463568210602,
      -0.2202884405851364,
      -0.0019434364512562752,
      -0.16033245623111725,
      -0.16763336956501007,
      -0.09402391314506531,
      -0.12304935604333878
    ],
    [
      0.1945868730545044,
      0.1897444725036621,
      -0.035003308206796646,
      0.21281123161315918,
      -0.2195683866739273,
      -0.0013129148865118623,
      -0.16359083354473114,
      -0.16263508796691895,
      -0.09917161613702774,
      -0.1207001581788063
    ],
    [
      0.19434954226016998,
      0.18989457190036774,
      -0.03515186160802841,
      0.21270744502544403,
      -0.21953316032886505,
      -0.0018562054028734565,
      -0.1639656275510788,
      -0.161842480301857,
      -0.10001304000616074,
      -0.12092679738998413
    ],
    [
      0.19457392394542694,
      0.18959516286849976,
      -0.03575143590569496,
      0.21270306408405304,
      -0.21924668550491333,
      -0.0018689640564844012,
      -0.16407546401023865,
      -0.16184799373149872,
      -0.1000264510512352,
      -0.12073773145675659
    ],
    [
      0.19488048553466797,
      0.1922290325164795,
      -0.03823021426796913,
      0.21335655450820923,
      -0.2185010462999344,
      0.0014096245868131518,
      -0.16561110317707062,
      -0.16094399988651276,
      -0.10065460205078125,
      -0.11719466000795364
    ],
    [
      0.19667421281337738,
      0.19099915027618408,
      -0.04182444140315056,
      0.21401309967041016,
      -0.2167823761701584,
      0.001573041663505137,
      -0.16611792147159576,
      -0.1614828109741211,
      -0.10079867392778397,
      -0.11502032727003098
    ],
    [
      0.19775497913360596,
      0.18892355263233185,
      -0.04154810681939125,
      0.21421027183532715,
      -0.21662688255310059,
      0.0014483550330623984,
      -0.1645575314760208,
      -0.1642802655696869,
      -0.0982242226600647,
      -0.11539018154144287
    ],
    [
      0.1988399773836136,
      0.1866925209760666,
      -0.040323954075574875,
      0.21422243118286133,
      -0.21687114238739014,
      0.0019229450263082981,
      -0.16237609088420868,
      -0.16793255507946014,
      -0.09436479955911636,
      -0.11611834913492203
    ],
    [
      0.1992597132921219,
      0.18537282943725586,
      -0.03917500749230385,
      0.21412299573421478,
      -0.21720175445079803,
      0.0018412572098895907,
      -0.16104929149150848,
      -0.1699671596288681,
      -0.09225207567214966,
      -0.11690639704465866
    ],
    [
      0.19997678697109222,
      0.18405002355575562,
      -0.03812798485159874,
      0.21419699490070343,
      -0.21750818192958832,
      0.00264568068087101,
      -0.1594243049621582,
      -0.17278768122196198,
      -0.08911252021789551,
      -0.11732426285743713
    ],
    [
      0.20021915435791016,
      0.18470942974090576,
      -0.03912102431058884,
      0.2142917364835739,
      -0.21719993650913239,
      0.003371403319761157,
      -0.16006407141685486,
      -0.1721901297569275,
      -0.08952171355485916,
