{
  "tempos": [
    0.0,
    0.5,
    1.0,
    1.5,
    2.0,
    2.5,
    3.0,
    3.5,
    4.0,
    4.5,
    5.0
  ],
  "engajamentoneural": [
    56.080811749487665,
    60.7103817431629,
    66.68287607747206,
    70.59699735398067,
    71.378616737582,
    69.76888537195568,
    67.06673717224592,
    64.30234670647413,
    61.940109579975314,
    60.141917152738266,
    59.12360547553557
  ],
  "cognitivedemand": [
    34.00767076410855,
    46.27358672632566,
    48.797924147077715,
    52.06193253450898,
    57.9167370339952,
    48.81301887556152,
    32.18162160889097,
    42.15115757905951,
    47.22537978728808,
    47.27794622080865,
    48.11736764075504
  ],
  "focus": [
    8.649513615120878,
    11.934827651933295,
    11.71540483179253,
    8.947654955819681,
    9.811920985630175,
    9.701451965580233,
    9.766466013611536,
    21.686789551232035,
    28.89558362900676,
    25.033274814055236,
    24.931460250646225
  ],
  "embeddings": [
    [
      0.2003772258758545,
      0.19345106184482574,
      -0.050447914749383926,
      0.21106690168380737,
      -0.21418970823287964,
      0.007635039743036032,
      -0.17138755321502686,
      -0.15780438482761383,
      -0.10080277174711227,
      -0.10549676418304443
    ],
    [
      0.20057927072048187,
      0.19252701103687286,
      -0.050206441432237625,
      0.21113814413547516,
      -0.21420808136463165,
      0.007075540721416473,
      -0.17084719240665436,
      -0.15854953229427338,
      -0.10019103437662125,
      -0.1063709482550621
    ],
    [
      0.20015467703342438,
      0.19084592163562775,
      -0.04791303351521492,
      0.21115149557590485,
      -0.2150065302848816,
      0.005534550175070763,
      -0.16937308013439178,
      -0.1599336415529251,
      -0.09915057569742203,
      -0.108969546854496
    ],
    [
      0.20004093647003174,
      0.19098110496997833,
      -0.047921668738126755,
      0.21137340366840363,
      -0.21503548324108124,
      0.00505460100248456,
      -0.16966278851032257,
      -0.15953470766544342,
      -0.09970402717590332,
      -0.10905521363019943
    ],
    [
      0.1996615082025528,
      0.19083364307880402,
      -0.04708709940314293,
      0.2109544277191162,
      -0.21544253826141357,
      0.003986906725913286,
      -0.1696898490190506,
      -0.1590246707201004,
      -0.10021550208330154,
      -0.10991207510232925
    ],
    [
      0.1996777057647705,
      0.19088976085186005,
      -0.047082528471946716,
      0.21114784479141235,
      -0.21539516746997833,
      0.004074117634445429,
      -0.16965462267398834,
      -0.15912224352359772,
      -0.10019150376319885,
      -0.10985955595970154
    ],
    [
      0.1996999979019165,
      0.19098635017871857,
      -0.047733455896377563,
      0.21157820522785187,
      -0.21505045890808105,
      0.004160094074904919,
      -0.16977167129516602,
      -0.15906983613967896,
      -0.10056038945913315,
      -0.10954272001981735
    ],
    [
      0.19972892105579376,
      0.1910465806722641,
      -0.04793848097324371,
      0.2115432471036911,
      -0.21495215594768524,
      0.004070162307471037,
      -0.16994179785251617,
      -0.158870130777359,
      -0.10076802968978882,
      -0.10939234495162964
    ],
    [
      0.199532151222229,
      0.19121301174163818,
      -0.0473177395761013,
      0.21173328161239624,
      -0.2151568979024887,
      0.004654195625334978,
      -0.16947413980960846,
      -0.15962010622024536,
      -0.10008656233549118,
      -0.10982728749513626
    ],
    [
      0.1995813101530075,
      0.18950508534908295,
      -0.044281113892793655,
      0.21092961728572845,
      -0.21644461154937744,
      0.004255005624145269,
      -0.16739608347415924,
      -0.16207870841026306,
      -0.09675896167755127,
      -0.11200490593910217
    ],
    [
      0.19944114983081818,
      0.19093279540538788,
      -0.04571281746029854,
      0.21118181943893433,
      -0.2159905880689621,
      0.004838061053305864,
      -0.16879107058048248,
      -0.1601971983909607,
      -0.09877052158117294,
      -0.11064750701189041
    ],
    [
      0.19894714653491974,
      0.19179224967956543,
      -0.046395670622587204,
      0.21091973781585693,
      -0.21587008237838745,
      0.004197932314127684,
      -0.1700035184621811,
      -0.1581115424633026,
      -0.10088922828435898,
      -0.110382579267025
    ],
    [
      0.19839923083782196,
      0.19216389954090118,
      -0.04637402296066284,
      0.2107863873243332,
      -0.21595002710819244,
      0.0032648814376443624,
      -0.17056822776794434,
      -0.15678487718105316,
      -0.1023705005645752,
      -0.11087527126073837
    ],
    [
      0.19821733236312866,
      0.19184869527816772,
      -0.045564502477645874,
      0.21052952110767365,
      -0.21627642214298248,
      0.0027852740604430437,
      -0.1702014058828354,
      -0.1570446640253067,
      -0.10199248790740967,
      -0.11158537864685059
    ],
    [
      0.19753436744213104,
      0.19136478006839752,
      -0.04340341314673424,
      0.20960156619548798,
      -0.21722735464572906,
      0.001229598536156118,
      -0.16979360580444336,
      -0.156672403216362,
      -0.10200262069702148,
      -0.11354769021272659
    ]
  ]
}