{
  "tempos": [
    0.0,
    0.5,
    1.0,
    1.5,
    2.0,
    2.5,
    3.0,
    3.5,
    4.0,
    4.5,
    5.0
  ],
  "engajamentoneural": [
    60.48056963995988,
    66.12469249589921,
    73.29773804966341,
    78.04477934705399,
    79.40942303140766,
    78.3022300192061,
    76.12394522213279,
    74.0990361920691,
    72.80253318229546,
    72.17442553163224,
    71.9432687004865
  ],
  "cognitivedemand": [
    30.812961041569537,
    44.113506667108844,
    47.220886116403975,
    49.83663807164364,
    50.5855139459699,
    54.095497682492606,
    27.664248525427745,
    42.46343816215172,
    59.16336886670987,
    57.90371629897518,
    57.17788589443123
  ],
  "focus": [
    13.483586763084201,
    20.439812473125745,
    18.003801593321686,
    35.82823283190007,
    36.11849283416023,
    20.258424922425725,
    10.979119857627866,
    21.23739954097888,
    21.409861574005564,
    11.917885683350033,
    8.954057070539552
  ],
  "embeddings": [
    [
      0.1990269422531128,
      0.19560343027114868,
      -0.05444777011871338,
      0.2107851654291153,
      -0.21313083171844482,
      0.003531178692355752,
      -0.17700235545635223,
      -0.14869555830955505,
      -0.11127064377069473,
      -0.1054903045296669
    ],
    [
      0.20077025890350342,
      0.1923629194498062,
      -0.052223529666662216,
      0.21131646633148193,
      -0.21308471262454987,
      0.005813188850879669,
      -0.17195887863636017,
      -0.15761157870292664,
      -0.10178890079259872,
      -0.10602010041475296
    ],
    [
      0.20094811916351318,
      0.18939484655857086,
      -0.04625533148646355,
      0.2115761786699295,
      -0.21533997356891632,
      0.007287299260497093,
      -0.166801318526268,
      -0.1645331084728241,
      -0.09426002949476242,
      -0.10942903161048889
    ],
    [
      0.2005050778388977,
      0.19068177044391632,
      -0.047113802284002304,
      0.21164703369140625,
      -0.21522492170333862,
      0.006379932630807161,
      -0.1685417890548706,
      -0.16168422996997833,
      -0.09741752594709396,
      -0.10890596359968185
    ],
    [
      0.2002999186515808,
      0.19186092913150787,
      -0.04896925762295723,
      0.21199114620685577,
      -0.21451424062252045,
      0.006389241199940443,
      -0.16998831927776337,
      -0.15973953902721405,
      -0.09968456625938416,
      -0.10769164562225342
    ],
    [
      0.20000554621219635,
      0.19221025705337524,
      -0.049297694116830826,
      0.21185588836669922,
      -0.214455246925354,
      0.0059889876283705235,
      -0.1705275923013687,
      -0.158754363656044,
      -0.10066941380500793,
      -0.10770183801651001
    ],
    [
      0.1998610645532608,
      0.19246256351470947,
      -0.04944652318954468,
      0.2117985486984253,
      -0.21444420516490936,
      0.006085074041038752,
      -0.1707228422164917,
      -0.1584346741437912,
      -0.10091400891542435,
      -0.10758239775896072
    ],
    [
      0.20016856491565704,
      0.19281043112277985,
      -0.05041508004069328,
      0.21211273968219757,
      -0.21400637924671173,
      0.00658248970285058,
      -0.17113953828811646,
      -0.15822674334049225,
      -0.10125494003295898,
      -0.10661458224058151
    ],
    [
      0.19961442053318024,
      0.1950492262840271,
      -0.053920745849609375,
      0.2120092362165451,
      -0.21275484561920166,
      0.006501530762761831,
      -0.17444519698619843,
      -0.15371757745742798,
      -0.10625344514846802,
      -0.10478410869836807
    ],
    [
      0.1990898847579956,
      0.19340868294239044,
      -0.04916534945368767,
      0.21088440716266632,
      -0.21473179757595062,
      0.005533144343644381,
      -0.17179082334041595,
      -0.15635709464550018,
      -0.1025826558470726,
      -0.10795257240533829
    ],
    [
      0.1983945369720459,
      0.193328857421875,
      -0.04711688682436943,
      0.21073293685913086,
      -0.2157311588525772,
      0.004768443293869495,
      -0.17113570868968964,
      -0.15643265843391418,
      -0.10233411937952042,
      -0.1095593273639679
    ],
    [
      0.1981097012758255,
      0.19309628009796143,
      -0.04749215766787529,
      0.21091313660144806,
      -0.21551579236984253,
      0.0033534374088048935,
      -0.1714484691619873,
      -0.15554019808769226,
      -0.10385671257972717,
      -0.11005399376153946
    ],
    [
      0.19764994084835052,
      0.19275380671024323,
      -0.046458031982183456,
      0.210928276181221,
      -0.2159157246351242,
      0.0025308087933808565,
      -0.1709759384393692,
      -0.1556718945503235,
      -0.1039465069770813,
      -0.11120384186506271
    ],
    [
      0.19709376990795135,
      0.19176937639713287,
      -0.044261589646339417,
      0.21043099462985992,
      -0.2168300300836563,
      0.0008433529292233288,
      -0.1700272411108017,
      -0.1561145931482315,
      -0.10345190018415451,
      -0.11340682953596115
    ],
    [
      0.196003258228302,
      0.1914643496274948,
      -0.041302893310785294,
      0.20953786373138428,
      -0.21807563304901123,
      -0.0010880609042942524,
      -0.16947901248931885,
      -0.15555933117866516,
      -0.1037057638168335,
      -0.11599647253751755
    ]
  ]
}