{
  "tempos": [
    0.0,
    0.5,
    1.0,
    1.5,
    2.0,
    2.5,
    3.0,
    3.5,
    4.0,
    4.5,
    5.0
  ],
  "engajamentoneural": [
    69.72467132940905,
    76.30807491872031,
    83.88694133845496,
    88.25188855467405,
    89.18168505694557,
    87.5898412821511,
    84.30050205326313,
    80.25078001010422,
    76.38581349473051,
    73.41088781855902,
    71.79214740493069
  ],
  "cognitivedemand": [
    31.132417493576636,
    57.363103369178184,
    62.21083374163278,
    63.485323374966576,
    62.79958614653683,
    63.221681464326686,
    62.763811068411144,
    62.667054227937136,
    62.61233867560754,
    62.515195262568966,
    62.23360102999127
  ],
  "focus": [
    41.342067160030595,
    43.896705194348826,
    46.411278770005666,
    28.71315647641186,
    18.154356046187466,
    34.36016342599139,
    35.41201634587988,
    35.0406697207174,
    42.94166899649547,
    38.05766432717799,
    34.58347445339132
  ],
  "embeddings": [
    [
      0.2069038301706314,
      0.19594883918762207,
      -0.06529008597135544,
      0.2164953500032425,
      -0.2072148323059082,
      0.020457055419683456,
      -0.17352394759655,
      -0.1635063737630844,
      -0.09648692607879639,
      -0.0904909148812294
    ],
    [
      0.20919571816921234,
      0.19117982685565948,
      -0.06581497192382812,
      0.21653400361537933,
      -0.20655830204486847,
      0.01842905394732952,
      -0.17073892056941986,
      -0.1681111603975296,
      -0.09245873242616653,
      -0.09147893637418747
    ],
    [
      0.20877087116241455,
      0.18599891662597656,
      -0.05598137900233269,
      0.21523018181324005,
      -0.21055638790130615,
      0.01730799861252308,
      -0.16395242512226105,
      -0.17587150633335114,
      -0.08325102180242538,
      -0.09888949245214462
    ],
    [
      0.20721308887004852,
      0.18856650590896606,
      -0.056650709360837936,
      0.21481914818286896,
      -0.21069307625293732,
      0.015942266210913658,
      -0.16683004796504974,
      -0.1706213355064392,
      -0.08872159570455551,
      -0.09875955432653427
    ],
    [
      0.20618583261966705,
      0.19027501344680786,
      -0.05780606344342232,
      0.21458399295806885,
      -0.21041493117809296,
      0.014746841974556446,
      -0.16904819011688232,
      -0.16677337884902954,
      -0.09289472550153732,
      -0.09851127862930298
    ],
    [
      0.2055625468492508,
      0.191354438662529,
      -0.05766147002577782,
      0.21435081958770752,
      -0.21062302589416504,
      0.014664842747151852,
      -0.16986799240112305,
      -0.16525715589523315,
      -0.09423235058784485,
      -0.09851231426000595
    ],
    [
      0.2052001953125,
      0.19253818690776825,
      -0.058768380433321,
      0.21436196565628052,
      -0.21027781069278717,
      0.014586244709789753,
      -0.1712011843919754,
      -0.16325171291828156,
      -0.09636690467596054,
      -0.09779144078493118
    ],
    [
      0.20510469377040863,
      0.19266784191131592,
      -0.05893571302294731,
      0.21437734365463257,
      -0.21019293367862701,
      0.014447219669818878,
      -0.17134743928909302,
      -0.16299599409103394,
      -0.0967194065451622,
      -0.09778622537851334
    ],
    [
      0.20512163639068604,
      0.19245915114879608,
      -0.05846291780471802,
      0.21436606347560883,
      -0.21036754548549652,
      0.014443181455135345,
      -0.17098252475261688,
      -0.1634843796491623,
      -0.0962069109082222,
      -0.09808149188756943
    ],
    [
      0.20501957833766937,
      0.19228078424930573,
      -0.05808733031153679,
      0.21429775655269623,
      -0.21052633225917816,
      0.014053870923817158,
      -0.17082493007183075,
      -0.1635332852602005,
      -0.09619750827550888,
      -0.09847990423440933
    ],
    [
      0.20488740503787994,
      0.19287677109241486,
      -0.058575257658958435,
      0.21429069340229034,
      -0.21037675440311432,
      0.014041710644960403,
      -0.1714726686477661,
      -0.16260704398155212,
      -0.09713534265756607,
      -0.09806712716817856
    ],
    [
      0.20478622615337372,
      0.19216738641262054,
      -0.05775274336338043,
      0.21421976387500763,
      -0.21064378321170807,
      0.013333453796803951,
      -0.1708691567182541,
      -0.16312392055988312,
      -0.09668318182229996,
      -0.09905505180358887
    ],
    [
      0.2050865739583969,
      0.19161339104175568,
      -0.057253628969192505,
      0.2143666297197342,
      -0.2107572704553604,
      0.013495336286723614,
      -0.17013239860534668,
      -0.16430820524692535,
      -0.0954735055565834,
      -0.0992627963423729
    ],
    [
      0.20518916845321655,
      0.19155369699001312,
      -0.05728526785969734,
      0.21454347670078278,
      -0.21070700883865356,
      0.01372409239411354,
      -0.16996018588542938,
      -0.16463282704353333,
      -0.09519398212432861,
      -0.09915385395288467
    ],
    [
      0.2046188861131668,
      0.19177959859371185,
      -0.05667977035045624,
      0.21409684419631958,
      -0.2110893577337265,
      0.012754305265843868,
      -0.1703949123620987,
      -0.16341812908649445,
      -0.0963311716914177,
      -0.0999116599559784
    ]
  ]
}