{
  "tempos": [
    0.0,
    0.5,
    1.0,
    1.5,
    2.0,
    2.5,
    3.0,
    3.5,
    4.0,
    4.5,
    5.0
  ],
  "engajamentoneural": [
    50.030744462463176,
    57.501989016323726,
    68.09710432120426,
    76.3509321667427,
    80.1474747669082,
    80.12958620860522,
    77.44775102510128,
    73.22111737456265,
    68.60454984155855,
    64.7182942381576,
    62.49744611561566
  ],
  "cognitivedemand": [
    48.107070916838275,
    33.294036811600684,
    56.56780655119807,
    61.14890064253919,
    61.725821220844736,
    60.25915697800226,
    60.69992016750405,
    33.95472898221964,
    59.689627768560534,
    68.22283165400385,
    68.30593795044295
  ],
  "focus": [
    9.962827224215363,
    37.18917101010319,
    46.52106830026111,
    12.269641843362944,
    8.179867001411619,
    11.998461262717935,
    19.10525558842491,
    14.74193026987175,
    15.138377690188783,
    32.84661033119149,
    31.99922093306877
  ],
  "embeddings": [
    [
      0.19942481815814972,
      0.1963999718427658,
      -0.05440033599734306,
      0.2103758007287979,
      -0.21350602805614471,
      0.007019590586423874,
      -0.17668825387954712,
      -0.15018393099308014,
      -0.10847115516662598,
      -0.10387337952852249
    ],
    [
      0.20040546357631683,
      0.19547778367996216,
      -0.054506685584783554,
      0.21130706369876862,
      -0.21286647021770477,
      0.009387305937707424,
      -0.1746060848236084,
      -0.1544453501701355,
      -0.10426896065473557,
      -0.10269191861152649
    ],
    [
      0.19921664893627167,
      0.19061405956745148,
      -0.0463004894554615,
      0.21226511895656586,
      -0.215340256690979,
      0.00457822484895587,
      -0.16818325221538544,
      -0.1607595533132553,
      -0.09945226460695267,
      -0.11104512214660645
    ],
    [
      0.19767840206623077,
      0.18944178521633148,
      -0.04135214909911156,
      0.2116212695837021,
      -0.21738284826278687,
      0.001615056418813765,
      -0.16643323004245758,
      -0.16150887310504913,
      -0.09885629266500473,
      -0.11547935754060745
    ],
    [
      0.19614936411380768,
      0.19046510756015778,
      -0.04007640853524208,
      0.2115245908498764,
      -0.2179838865995407,
      -0.0003140415938105434,
      -0.16714076697826385,
      -0.15921132266521454,
      -0.10173532366752625,
      -0.11694879084825516
    ],
    [
      0.19489364326000214,
      0.19176411628723145,
      -0.039175719022750854,
      0.21110665798187256,
      -0.2185959368944168,
      -0.0012326795840635896,
      -0.16807909309864044,
      -0.15694524347782135,
      -0.10393742471933365,
      -0.11779272556304932
    ],
    [
      0.19453655183315277,
      0.19123168289661407,
      -0.03840290382504463,
      0.21140025556087494,
      -0.21871469914913177,
      -0.0020567893516272306,
      -0.16744421422481537,
      -0.15738213062286377,
      -0.10396649688482285,
      -0.1188923716545105
    ],
    [
      0.19411365687847137,
      0.19070954620838165,
      -0.037038642913103104,
      0.21119876205921173,
      -0.219227597117424,
      -0.0034381865989416838,
      -0.16692882776260376,
      -0.15758414566516876,
      -0.10398653149604797,
      -0.1202985942363739
    ],
    [
      0.19322259724140167,
      0.19030237197875977,
      -0.0342286042869091,
      0.2106998711824417,
      -0.220453143119812,
      -0.004672362003475428,
      -0.16600210964679718,
      -0.15788693726062775,
      -0.1034216657280922,
      -0.12266658991575241
    ],
    [
      0.19290335476398468,
      0.19123445451259613,
      -0.035250138491392136,
      0.2106674462556839,
      -0.2201443910598755,
      -0.004887778777629137,
      -0.16724030673503876,
      -0.15596719086170197,
      -0.10546865314245224,
      -0.12209510803222656
    ],
    [
      0.19317328929901123,
      0.19432462751865387,
      -0.03934304788708687,
      0.2115691900253296,
      -0.21861575543880463,
      -0.001808274071663618,
      -0.16957323253154755,
      -0.154065802693367,
      -0.10742417722940445,
      -0.11764287948608398
    ],
    [
      0.19239456951618195,
      0.19452255964279175,
      -0.03881726786494255,
      0.2114885449409485,
      -0.21883763372898102,
      -0.0029281589668244123,
      -0.16991110146045685,
      -0.15285319089889526,
      -0.10883823037147522,
      -0.11871200799942017
    ],
    [
      0.1911623328924179,
      0.19373446702957153,
      -0.0356312058866024,
      0.21008573472499847,
      -0.22028587758541107,
      -0.006063162814825773,
      -0.16953186690807343,
      -0.1516350358724594,
      -0.10959305614233017,
      -0.12208188325166702
    ],
    [
      0.19080215692520142,
      0.1928558349609375,
      -0.03322803974151611,
      0.20961607992649078,
      -0.22127948701381683,
      -0.006769238505512476,
      -0.16830642521381378,
      -0.15275362133979797,
      -0.10809814184904099,
      -0.12395862489938736
    ],
    [
      0.1908501237630844,
      0.1921839565038681,
      -0.03291141986846924,
      0.2090616226196289,
      -0.22141456604003906,
      -0.008236181922256947,
      -0.1684437394142151,
      -0.1522454470396042,
      -0.10866719484329224,
      -0.12468773126602173
    ]
  ]
}