{
  "tempos": [
    0.0,
    0.5,
    1.0,
    1.5,
    2.0,
    2.5,
    3.0,
    3.5,
    4.0,
    4.5,
    5.0,
    5.5,
    6.0,
    6.5,
    7.0,
    7.5,
    8.0,
    8.5,
    9.0,
    9.5,
    10.0,
    10.5,
    11.0,
    11.5,
    12.0,
    12.5,
    13.0,
    13.5,
    14.0,
    14.5,
    15.0
  ],
  "engajamentoneural": [
    42.9582564523024,
    48.51969588952957,
    57.031425902237146,
    64.7314664781147,
    69.39320316700368,
    70.95792924620051,
    70.36444355074951,
    68.71262716875731,
    66.96049573737265,
    65.78774289582962,
    65.53959514763935,
    66.23286700187737,
    67.5973278006622,
    69.17238614524717,
    70.47351115747749,
    71.16455000451631,
    71.16196570304385,
    70.6398895629842,
    69.92821093276413,
    69.32980037556928,
    68.95489745086175,
    68.68003397609878,
    68.2613521076645,
    67.56129358985625,
    66.76286365227047,
    66.3412360623836,
    66.66867037676761,
    67.59055790888068,
    68.5266986954122,
    69.03835677881635,
    69.16747946945434
  ],
  "cognitivedemand": [
    24.119519854481045,
    36.118555760870485,
    36.82097982913698,
    34.67385203115613,
    44.764485100436936,
    41.3500899317013,
    42.35064046240288,
    43.072081925049325,
    46.696932375478774,
    56.654659395528746,
    59.34760949759266,
    38.72168220923353,
    55.473813860138485,
    51.29699568222145,
    51.26462536846344,
    61.82915516083073,
    45.388667421792945,
    37.69921497152605,
    43.68807113966583,
    45.74542219587784,
    48.76405140933287,
    51.078992779004686,
    52.55171841955746,
    53.72052990602555,
    49.71144323147644,
    23.235048333494493,
    32.028020252261264,
    42.083331676429616,
    42.72227980593706,
    42.85925895804298,
    41.51660847093188
  ],
  "focus": [
    7.888855260576378,
    10.260422930135665,
    30.987618781481444,
    24.89948099652479,
    29.09139319668145,
    25.980538887269457,
    10.131835970170599,
    18.08125434736985,
    12.602445965664893,
    9.06276254123661,
    9.111094769466709,
    8.975106005929868,
    8.41813608823424,
    9.068853022146905,
    8.247726836715657,
    14.035274313293732,
    9.618342802061658,
    9.072036015695199,
    19.73390981452981,
    21.131691416331016,
    12.190609900211934,
    9.1801566372239,
    8.970297594463913,
    8.896283329719784,
    8.8253361115893,
    8.990320623960152,
    23.3073780521883,
    34.64828086884376,
    28.563377040650455,
    24.178545242054845,
    21.9826237397106
  ],
  "embeddings": [
    [
      0.2005515843629837,
      0.19859875738620758,
      -0.0642431303858757,
      0.21211522817611694,
      -0.2089974284172058,
      0.005983517039567232,
      -0.18197180330753326,
      -0.14422185719013214,
      -0.11684244126081467,
      -0.09811455011367798
    ],
    [
      0.20184753835201263,
      0.19136787950992584,
      -0.0522189624607563,
      0.21172182261943817,
      -0.21293401718139648,
      0.008221803233027458,
      -0.17034786939620972,
      -0.16126574575901031,
      -0.09749329090118408,
      -0.10510223358869553
    ],
    [
      0.20206619799137115,
      0.1926788091659546,
      -0.052004579454660416,
      0.21288174390792847,
      -0.21316207945346832,
      0.011824549175798893,
      -0.16973210871219635,
      -0.1628972887992859,
      -0.09568413347005844,
      -0.10340022295713425
    ],
    [
      0.20061372220516205,
      0.19754274189472198,
      -0.05524936318397522,
      0.21290725469589233,
      -0.2123030424118042,
      0.012423325330018997,
      -0.1746174842119217,
      -0.15561170876026154,
      -0.10347133874893188,
      -0.10036294907331467
    ],
    [
      0.20028679072856903,
      0.2008214145898819,
      -0.06033627316355705,
      0.21338315308094025,
      -0.21050085127353668,
      0.012799297459423542,
      -0.17878325283527374,
      -0.15001605451107025,
      -0.10965437442064285,
      -0.0971006229519844
    ],
    [
      0.20306909084320068,
      0.19698961079120636,
      -0.06364697962999344,
      0.21513472497463226,
      -0.20834510028362274,
      0.011506177484989166,
      -0.1769976019859314,
      -0.1540404111146927,
      -0.10773637145757675,
      -0.09579268097877502
    ],
    [
      0.20384790003299713,
      0.19226068258285522,
      -0.05857028439640999,
      0.2147783488035202,
      -0.2100091427564621,
      0.010903227142989635,
      -0.1717761605978012,
      -0.1611929088830948,
      -0.10011568665504456,
      -0.09995580464601517
    ],
    [
      0.20358999073505402,
      0.192250058054924,
      -0.0567791648209095,
      0.2145778089761734,
      -0.21083132922649384,
      0.011968966573476791,
      -0.1706974357366562,
      -0.1625504344701767,
      -0.09807557612657547,
      -0.10058262199163437
    ],
    [
      0.2036089450120926,
      0.19308090209960938,
      -0.05892127752304077,
      0.21428990364074707,
      -0.21010179817676544,
      0.010887148790061474,
      -0.17276181280612946,
      -0.15963298082351685,
      -0.10112911462783813,
      -0.09936069697141647
    ],
    [
      0.2044670432806015,
      0.1912514567375183,
      -0.056291595101356506,
      0.21448580920696259,
      -0.21098995208740234,
      0.012333691120147705,
      -0.16972146928310394,
      -0.16453617811203003,
      -0.09572810679674149,
      -0.10033321380615234
    ],
    [
      0.20554853975772858,
      0.1904851645231247,
      -0.05758160725235939,
      0.21509569883346558,
      -0.21031467616558075,
      0.01322818174958229,
      -0.16920225322246552,
      -0.166213259100914,
      -0.09420964121818542,
      -0.09918996691703796
    ],
    [
      0.20621860027313232,
      0.1905268281698227,
      -0.05885586515069008,
      0.2151951789855957,
      -0.20973022282123566,
      0.01456554513424635,
      -0.16926635801792145,
      -0.16680969297885895,
      -0.09348437190055847,
      -0.09774000197649002
    ],
    [
      0.20673052966594696,
      0.1920534372329712,
      -0.06146236136555672,
      0.21550308167934418,
      -0.20881260931491852,
      0.015857083722949028,
      -0.17108510434627533,
      -0.16513186693191528,
      -0.09528978914022446,
      -0.09525301307439804
    ],
    [
      0.20728778839111328,
      0.19094784557819366,
      -0.06167709827423096,
      0.2157101184129715,
      -0.20853328704833984,
      0.015605106018483639,
      -0.17037855088710785,
      -0.16635514795780182,
      -0.09432452917098999,
      -0.09547499567270279
    ],
    [
      0.20740066468715668,
      0.19008700549602509,
      -0.06038442626595497,
      0.21570198237895966,
      -0.20905925333499908,
      0.016001367941498756,
      -0.1690443903207779,
      -0.16825531423091888,
      -0.09215409308671951,
      -0.09623738378286362
    ],
    [
      0.20766478776931763,
      0.18865591287612915,
      -0.05809352919459343,
      0.2155166119337082,
      -0.2098790556192398,
      0.016081318259239197,
      -0.16723482310771942,
      -0.17074911296367645,
      -0.08932741731405258,
      -0.09766009449958801
    ],
    [
      0.20512248575687408,
      0.19295580685138702,
      -0.05974971130490303,
      0.21424321830272675,
      -0.2099514603614807,
      0.014279723167419434,
      -0.17220406234264374,
      -0.16215282678604126,
      -0.09761156886816025,
      -0.09714192152023315
    ],
    [
      0.20469997823238373,
      0.19316615164279938,
      -0.058666352182626724,
      0.21428416669368744,
      -0.21041207015514374,
      0.014251064509153366,
      -0.17175014317035675,
      -0.1624627709388733,
      -0.09721953421831131,
      -0.09763898700475693
    ],
    [
      0.2047598958015442,
      0.19464416801929474,
      -0.06206017732620239,
      0.21462492644786835,
      -0.2091214507818222,
      0.013854842633008957,
      -0.17420457303524017,
      -0.15905611217021942,
      -0.10110509395599365,
      -0.09575310349464417
    ],
