{
  "tempos": [
    0.0,
    0.5,
    1.0,
    1.5,
    2.0,
    2.5,
    3.0,
    3.5,
    4.0,
    4.5,
    5.0
  ],
  "engajamentoneural": [
    63.1001861875764,
    69.15256854227357,
    76.63292352214978,
    81.35924323019435,
    82.48409703643857,
    80.8052437268513,
    77.36637317183799,
    73.18057847705093,
    69.10103157268,
    65.82768289311403,
    63.981242272967044
  ],
  "cognitivedemand": [
    31.90734417251855,
    76.56959272488135,
    85.47555360636068,
    85.96036165055808,
    86.22946019429227,
    86.26239173645168,
    86.48019933680534,
    80.47818293862085,
    33.82467365450861,
    45.745462203382985,
    45.85904999908208
  ],
  "focus": [
    10.506876444665215,
    13.63611429723431,
    8.479452645075073,
    8.112150855896168,
    8.05046591897919,
    7.845374175027269,
    7.8417889556820395,
    7.862094588241378,
    8.204685867127216,
    23.882656421339497,
    25.259067241686452
  ],
  "embeddings": [
    [
      0.19674108922481537,
      0.19207234680652618,
      -0.03848649188876152,
      0.21025340259075165,
      -0.21886038780212402,
      0.004682115279138088,
      -0.16648361086845398,
      -0.16114608943462372,
      -0.09767412394285202,
      -0.1143917664885521
    ],
    [
      0.19686979055404663,
      0.1941370815038681,
      -0.045874256640672684,
      0.2106379270553589,
      -0.21631748974323273,
      0.0027726225089281797,
      -0.1716432422399521,
      -0.15417014062404633,
      -0.10554245859384537,
      -0.11108886450529099
    ],
    [
      0.19803142547607422,
      0.19189387559890747,
      -0.046313364058732986,
      0.21129190921783447,
      -0.215818390250206,
      0.002095758682116866,
      -0.17024081945419312,
      -0.15666529536247253,
      -0.10336824506521225,
      -0.1115686222910881
    ],
    [
      0.1987081617116928,
      0.19028104841709137,
      -0.04566643759608269,
      0.21176154911518097,
      -0.21585293114185333,
      0.002457734663039446,
      -0.16852842271327972,
      -0.1595018357038498,
      -0.10069622844457626,
      -0.11210411787033081
    ],
    [
      0.19852642714977264,
      0.18954212963581085,
      -0.04432949796319008,
      0.2118561863899231,
      -0.2163049429655075,
      0.002148260362446308,
      -0.16748745739459991,
      -0.1606231927871704,
      -0.09967794269323349,
      -0.11325600743293762
    ],
    [
      0.19855159521102905,
      0.18984173238277435,
      -0.044784966856241226,
      0.212025448679924,
      -0.21611447632312775,
      0.0022667197044938803,
      -0.16782821714878082,
      -0.16025115549564362,
      -0.1001608669757843,
      -0.11285155266523361
    ],
    [
      0.1985883116722107,
      0.18975003063678741,
      -0.04484828934073448,
      0.2121306210756302,
      -0.21602897346019745,
      0.0021439308766275644,
      -0.16772514581680298,
      -0.16038770973682404,
      -0.10014680027961731,
      -0.11285567283630371
    ],
    [
      0.19836004078388214,
      0.18964600563049316,
      -0.044225435703992844,
      0.21195077896118164,
      -0.2163255214691162,
      0.0018288471037521958,
      -0.16757704317569733,
      -0.16034521162509918,
      -0.10010898858308792,
      -0.11340858787298203
    ],
    [
      0.1981838345527649,
      0.18944329023361206,
      -0.04360030218958855,
      0.21180053055286407,
      -0.2166191190481186,
      0.0015680715441703796,
      -0.167296901345253,
      -0.1605229377746582,
      -0.09987876564264297,
      -0.1139795109629631
    ],
    [
      0.19804494082927704,
      0.18975038826465607,
      -0.04343056306242943,
      0.21179258823394775,
      -0.21673811972141266,
      0.001864978694356978,
      -0.16736601293087006,
      -0.16038307547569275,
      -0.09989357739686966,
      -0.11398285627365112
    ],
    [
      0.19810140132904053,
      0.18989558517932892,
      -0.04380284622311592,
      0.21181075274944305,
      -0.21661339700222015,
      0.0019651527982205153,
      -0.16758203506469727,
      -0.16017882525920868,
      -0.10009027272462845,
      -0.11370386928319931
    ],
    [
      0.19630606472492218,
      0.19260437786579132,
      -0.04042091593146324,
      0.21098054945468903,
      -0.21844226121902466,
      0.003586912527680397,
      -0.16774119436740875,
      -0.15910018980503082,
      -0.09997347742319107,
      -0.11474316567182541
    ],
    [
      0.1943570375442505,
      0.19585108757019043,
      -0.04284517094492912,
      0.20995672047138214,
      -0.2179350107908249,
      0.00011656976857921109,
      -0.1727072149515152,
      -0.15045559406280518,
      -0.10905304551124573,
      -0.11436215043067932
    ],
    [
      0.19309306144714355,
      0.19671958684921265,
      -0.04273853823542595,
      0.20945768058300018,
      -0.21809107065200806,
      -0.0019392408430576324,
      -0.17407898604869843,
      -0.14737942814826965,
      -0.11235479265451431,
      -0.11540032178163528
    ],
    [
      0.19087058305740356,
      0.1967775970697403,
      -0.038818445056676865,
      0.2076406031847,
      -0.21998943388462067,
      -0.006022540386766195,
      -0.17444878816604614,
      -0.1443006843328476,
      -0.11506488919258118,
      -0.11961677670478821
    ]
  ]
}