{
  "tempos": [
    0.0,
    0.5,
    1.0,
    1.5,
    2.0,
    2.5,
    3.0,
    3.5,
    4.0,
    4.5,
    5.0,
    5.5,
    6.0,
    6.5,
    7.0,
    7.5,
    8.0,
    8.5,
    9.0,
    9.5,
    10.0,
    10.5,
    11.0,
    11.5,
    12.0,
    12.5,
    13.0,
    13.5,
    14.0,
    14.5,
    15.0
  ],
  "engajamentoneural": [
    74.02606697926775,
    79.48204333742785,
    85.54056133581112,
    88.75439698306506,
    88.90965906729045,
    86.6802716224493,
    82.83488131961106,
    78.32632451782632,
    73.91699844961883,
    69.85426684733643,
    66.0621668854913,
    62.541092150907964,
    59.61051950770947,
    57.84862641239912,
    57.74041182591358,
    59.2400105949745,
    61.60606526589696,
    63.76593373129861,
    64.96442835039848,
    65.10523931757254,
    64.59259406017127,
    63.991552513451936,
    63.8339247309233,
    64.56298418679962,
    66.38859006894742,
    69.05620408758735,
    71.86561426483458,
    74.07699769305725,
    75.33914313410762,
    75.78696630069423,
    75.8359048623659
  ],
  "cognitivedemand": [
    83.49847012253642,
    83.96693851668398,
    83.86546122717378,
    84.63883639482057,
    85.1339057159598,
    84.3486040774309,
    83.47346952921622,
    84.72046155306927,
    78.37045426185708,
    59.77594678806244,
    59.43301710430833,
    48.46245897002465,
    49.086424221049015,
    53.00992373002633,
    53.91440147064842,
    56.353740493599496,
    54.149198528657685,
    71.7903623372625,
    84.81619613385374,
    85.465852616249,
    90.13021192517525,
    90.84292494494903,
    90.43614054377629,
    81.51386979711842,
    77.7434705355618,
    65.33952355084841,
    70.86170587710374,
    75.03892438419622,
    81.64731038759906,
    85.41736848207424,
    87.66109646034326
  ],
  "focus": [
    24.21065283891722,
    21.128425403011892,
    63.033532124122104,
    59.75472305527745,
    66.65050115383515,
    53.92764890822528,
    24.425082965562957,
    39.77872727784235,
    53.49498202791371,
    75.40902296638741,
    94.45887230898313,
    93.3090971661034,
    34.50287600668822,
    14.253863386880042,
    16.490507793959914,
    15.144502868636595,
    54.70600565340514,
    66.50010436549269,
    64.21054733082133,
    81.95623216098964,
    52.14893016319067,
    53.05067746091076,
    72.76218119706276,
    20.884149112618406,
    34.51590553660389,
    65.8266897739312,
    89.38388509986592,
    89.47181173559244,
    74.4743275727512,
    42.75282899320387,
    11.429664493754466
  ],
  "embeddings": [
    [
      0.20271210372447968,
      0.18054072558879852,
      -0.03887816146016121,
      0.21351708471775055,
      -0.21709267795085907,
      0.004178149159997702,
      -0.1572674661874771,
      -0.17676644027233124,
      -0.08372054249048233,
      -0.11695733666419983
    ],
    [
      0.20013420283794403,
      0.18297874927520752,
      -0.033875513821840286,
      0.21237485110759735,
      -0.21962089836597443,
      0.005147972609847784,
      -0.15745790302753448,
      -0.17571930587291718,
      -0.08312997967004776,
      -0.11975608021020889
    ],
    [
      0.19948728382587433,
      0.18761712312698364,
      -0.04052695631980896,
      0.21336650848388672,
      -0.21718020737171173,
      0.004206512123346329,
      -0.16307076811790466,
      -0.16767174005508423,
      -0.09322648495435715,
      -0.11451839655637741
    ],
    [
      0.19805818796157837,
      0.18951265513896942,
      -0.04193579778075218,
      0.21307416260242462,
      -0.21674396097660065,
      0.002214133972302079,
      -0.16571199893951416,
      -0.16283957660198212,
      -0.09873378276824951,
      -0.11451888829469681
    ],
    [
      0.19851161539554596,
      0.18909859657287598,
      -0.041388995945453644,
      0.21323056519031525,
      -0.21694277226924896,
      0.0033569589722901583,
      -0.1646641343832016,
      -0.1645774394273758,
      -0.09640983492136002,
      -0.11449498683214188
    ],
    [
      0.19840429723262787,
      0.18917065858840942,
      -0.040903981775045395,
      0.2131994366645813,
      -0.21719442307949066,
      0.00339564960449934,
      -0.16443613171577454,
      -0.16491000354290009,
      -0.09605410695075989,
      -0.11459887027740479
    ],
    [
      0.19789351522922516,
      0.18996207416057587,
      -0.04175481200218201,
      0.21332292258739471,
      -0.2168688029050827,
      0.002947447821497917,
      -0.1654922217130661,
      -0.16301380097866058,
      -0.09834328293800354,
      -0.11434203386306763
    ],
    [
      0.19730012118816376,
      0.1905062049627304,
      -0.04040374979376793,
      0.21311645209789276,
      -0.21754403412342072,
      0.003211019793525338,
      -0.16522116959095,
      -0.16316938400268555,
      -0.09772995114326477,
      -0.1149970218539238
    ],
    [
      0.19678397476673126,
      0.19241680204868317,
      -0.04169922694563866,
      0.21325528621673584,
      -0.2171718329191208,
      0.003937200177460909,
      -0.16682219505310059,
      -0.16085539758205414,
      -0.10006534308195114,
      -0.11372259259223938
    ],
    [
      0.1966484636068344,
      0.19387340545654297,
      -0.044600993394851685,
      0.21362924575805664,
      -0.21600502729415894,
      0.0036934155505150557,
      -0.16904783248901367,
      -0.15761137008666992,
      -0.10401535034179688,
      -0.11186663061380386
    ],
    [
      0.1971369832754135,
      0.19517461955547333,
      -0.047970786690711975,
      0.21393777430057526,
      -0.21465623378753662,
      0.004448244348168373,
      -0.17090021073818207,
      -0.1558428853750229,
      -0.10616258531808853,
      -0.10913198441267014
    ],
    [
      0.19857479631900787,
      0.19271165132522583,
      -0.04585500434041023,
      0.21400022506713867,
      -0.2153768539428711,
      0.006132852286100388,
      -0.16772419214248657,
      -0.1612863540649414,
      -0.09972181171178818,
      -0.10991740971803665
    ],
    [
      0.19715441763401031,
      0.19615109264850616,
      -0.04814043641090393,
      0.21410204470157623,
      -0.2146679311990738,
      0.006225490476936102,
      -0.17104490101337433,
      -0.15585274994373322,
      -0.1055842936038971,
      -0.10829365253448486
    ],
    [
      0.19714128971099854,
      0.19538937509059906,
      -0.045902106910943985,
      0.21379835903644562,
      -0.215608611702919,
      0.006369404494762421,
      -0.16959266364574432,
      -0.1577681303024292,
      -0.1031259298324585,
      -0.10964316874742508
    ],
    [
      0.19671720266342163,
      0.19664500653743744,
      -0.04746368154883385,
      0.21385382115840912,
      -0.21503818035125732,
      0.006055146921426058,
      -0.17135240137577057,
      -0.15525388717651367,
      -0.10605528205633163,
      -0.10872458666563034
    ],
    [
      0.19488412141799927,
      0.199731707572937,
      -0.049297403544187546,
      0.21326029300689697,
      -0.21474005281925201,
      0.004560180474072695,
      -0.1752827912569046,
      -0.14842934906482697,
      -0.11300947517156601,
      -0.10842633247375488
    ],
    [
      0.19540852308273315,
      0.19602636992931366,
      -0.04679572582244873,
      0.21375258266925812,
      -0.21520011126995087,
      0.0017911297036334872,
      -0.17194773256778717,
      -0.15272033214569092,
      -0.10986998677253723,
      -0.11128109693527222
    ],
    [
      0.1950223296880722,
      0.1921328455209732,
      -0.03610442578792572,
      0.2124299257993698,
      -0.2195894718170166,
      0.0027361989486962557,
      -0.16462957859039307,
      -0.16249829530715942,
      -0.09748822450637817,
      -0.11797065287828445
    ],
    [
      0.19475924968719482,
      0.19769684970378876,
      -0.04540092870593071,
      0.21333324909210205,
      -0.21611113846302032,
      0.0036019899416714907,
      -0.17233359813690186,
      -0.1521218866109848,
      -0.10950181633234024,
