{
  "tempos": [
    0.0,
    0.5,
    1.0,
    1.5,
    2.0,
    2.5,
    3.0,
    3.5,
    4.0,
    4.5,
    5.0
  ],
  "engajamentoneural": [
    74.86296021276911,
    80.39013812241093,
    86.83806606021281,
    90.81694648876378,
    92.18669330709832,
    91.71501027459487,
    89.87295674058373,
    86.94048032808365,
    83.32475905601801,
    79.83062136733265,
    77.62068553361058
  ],
  "cognitivedemand": [
    51.015222761999624,
    64.28157770171208,
    67.56597548579178,
    68.1484406506166,
    66.393134270132,
    66.57522173043652,
    66.97284231463075,
    66.49142727069541,
    46.427270907872824,
    40.81978811187198,
    57.22614635245063
  ],
  "focus": [
    9.472819017661186,
    10.989003022885063,
    11.339876651516567,
    13.433650604803825,
    9.430679936498858,
    25.132840268912364,
    15.459349620835921,
    9.817071219671133,
    8.65490035779364,
    8.423486964770385,
    9.971006799071874
  ],
  "embeddings": [
    [
      0.19348686933517456,
      0.18362312018871307,
      -0.02781001478433609,
      0.20889069139957428,
      -0.2218368649482727,
      -0.010430824011564255,
      -0.15936215221881866,
      -0.16326458752155304,
      -0.09840705245733261,
      -0.13008534908294678
    ],
    [
      0.19173473119735718,
      0.1831776648759842,
      -0.021044842898845673,
      0.2098204344511032,
      -0.22469383478164673,
      -0.006997538730502129,
      -0.15584410727024078,
      -0.16840289533138275,
      -0.09184914827346802,
      -0.13453860580921173
    ],
    [
      0.19311384856700897,
      0.18704061210155487,
      -0.0281179491430521,
      0.2113962173461914,
      -0.22222404181957245,
      -0.004437570925801992,
      -0.16035036742687225,
      -0.1649278700351715,
      -0.09658282995223999,
      -0.1269942969083786
    ],
    [
      0.19249214231967926,
      0.1893533319234848,
      -0.030243640765547752,
      0.21135729551315308,
      -0.2217198759317398,
      -0.0050049214623868465,
      -0.1631750762462616,
      -0.16074790060520172,
      -0.10096102952957153,
      -0.12531240284442902
    ],
    [
      0.19202250242233276,
      0.19051587581634521,
      -0.03137814626097679,
      0.2113177627325058,
      -0.221429243683815,
      -0.00527378311380744,
      -0.16456834971904755,
      -0.15855060517787933,
      -0.10320839285850525,
      -0.1247328519821167
    ],
    [
      0.19243663549423218,
      0.19022893905639648,
      -0.03163396939635277,
      0.21135582029819489,
      -0.22129960358142853,
      -0.004486288875341415,
      -0.16426114737987518,
      -0.1594243049621582,
      -0.10196863859891891,
      -0.12436264753341675
    ],
    [
      0.19096165895462036,
      0.19287079572677612,
      -0.03289195895195007,
      0.21088813245296478,
      -0.22119425237178802,
      -0.0058404370211064816,
      -0.16727088391780853,
      -0.15423180162906647,
      -0.10739493370056152,
      -0.12377788871526718
    ],
    [
      0.19142769277095795,
      0.1931823343038559,
      -0.03465212881565094,
      0.21106016635894775,
      -0.22048227488994598,
      -0.00522477924823761,
      -0.16803865134716034,
      -0.15365932881832123,
      -0.10794738680124283,
      -0.12240452319383621
    ],
    [
      0.19166938960552216,
      0.19285686314105988,
      -0.03508990630507469,
      0.21114452183246613,
      -0.22022469341754913,
      -0.005186023656278849,
      -0.16790951788425446,
      -0.154047429561615,
      -0.10764949768781662,
      -0.12224822491407394
    ],
    [
      0.19198060035705566,
      0.19220326840877533,
      -0.034667402505874634,
      0.2112150639295578,
      -0.2203434258699417,
      -0.004984526429325342,
      -0.16721826791763306,
      -0.15511728823184967,
      -0.106476791203022,
      -0.12250689417123795
    ],
    [
      0.19218938052654266,
      0.19108204543590546,
      -0.033714499324560165,
      0.21129006147384644,
      -0.22056882083415985,
      -0.0053652189671993256,
      -0.16607274115085602,
      -0.15671758353710175,
      -0.10504674911499023,
      -0.12335458397865295
    ],
    [
      0.19155533611774445,
      0.19078676402568817,
      -0.032002296298742294,
      0.21093618869781494,
      -0.22129689157009125,
      -0.006685225758701563,
      -0.16561292111873627,
      -0.15656422078609467,
      -0.1051722839474678,
      -0.12493541091680527
    ],
    [
      0.1892663687467575,
      0.19531990587711334,
      -0.03392631933093071,
      0.20927469432353973,
      -0.22134417295455933,
      -0.008363017812371254,
      -0.17084378004074097,
      -0.14802300930023193,
      -0.11328121274709702,
      -0.12375359982252121
    ],
    [
      0.1875043511390686,
      0.19765160977840424,
      -0.03386026248335838,
      0.2084866613149643,
      -0.22177870571613312,
      -0.009476724080741405,
      -0.17306458950042725,
      -0.14372967183589935,
      -0.11728153377771378,
      -0.12426945567131042
    ],
    [
      0.18623346090316772,
      0.1983371526002884,
      -0.032323356717824936,
      0.20744705200195312,
      -0.22269229590892792,
      -0.011397733353078365,
      -0.17387782037258148,
      -0.1413254737854004,
      -0.1193675696849823,
      -0.12599630653858185
    ]
  ]
}