{
  "tempos": [
    0.0,
    0.5,
    1.0,
    1.5,
    2.0,
    2.5,
    3.0,
    3.5,
    4.0,
    4.5,
    5.0
  ],
  "engajamentoneural": [
    67.23369179075178,
    74.11340163949771,
    82.12892881325845,
    86.71728235999589,
    87.4364943583511,
    85.10108791325175,
    80.5372870244011,
    74.90945455701821,
    69.53549726405014,
    65.42657269741755,
    63.210988093363795
  ],
  "cognitivedemand": [
    57.2253117591337,
    80.3326689931945,
    82.15068148769646,
    82.18354126165517,
    81.04118573412946,
    81.23946416764622,
    81.09635028724507,
    44.8750022725499,
    52.922163832205385,
    63.99451673773175,
    64.50428234421227
  ],
  "focus": [
    15.604392263849888,
    9.110401509828652,
    10.514562290766156,
    21.521836601543676,
    26.987917050719457,
    42.99248586459335,
    33.407291263985286,
    13.407392382789714,
    17.35514698090483,
    31.128297283952524,
    24.69065939514762
  ],
  "embeddings": [
    [
      0.19784021377563477,
      0.18997526168823242,
      -0.036608874797821045,
      0.21249379217624664,
      -0.21928991377353668,
      0.004688071087002754,
      -0.1638808697462082,
      -0.16606296598911285,
      -0.09525096416473389,
      -0.11521941423416138
    ],
    [
      0.1930810660123825,
      0.1930481344461441,
      -0.03793661668896675,
      0.21166127920150757,
      -0.21908728778362274,
      -0.0030497342813760042,
      -0.16859079897403717,
      -0.15399450063705444,
      -0.1079581156373024,
      -0.1193883940577507
    ],
    [
      0.192690908908844,
      0.19337718188762665,
      -0.03784151002764702,
      0.21126313507556915,
      -0.21923325955867767,
      -0.0038203641306608915,
      -0.16915959119796753,
      -0.1529219150543213,
      -0.10865732282400131,
      -0.11983552575111389
    ],
    [
      0.19220279157161713,
      0.19309784471988678,
      -0.036810994148254395,
      0.21094614267349243,
      -0.21964691579341888,
      -0.004853412043303251,
      -0.16890381276607513,
      -0.15290771424770355,
      -0.10870671272277832,
      -0.12097817659378052
    ],
    [
      0.1932176798582077,
      0.19213224947452545,
      -0.03693578764796257,
      0.21122348308563232,
      -0.2194889932870865,
      -0.0037522853817790747,
      -0.167901411652565,
      -0.15522204339504242,
      -0.10621950030326843,
      -0.12036365270614624
    ],
    [
      0.19280891120433807,
      0.19321538507938385,
      -0.03696684166789055,
      0.21109722554683685,
      -0.21963386237621307,
      -0.003293456509709358,
      -0.1686345934867859,
      -0.15419507026672363,
      -0.10708685964345932,
      -0.11997733265161514
    ],
    [
      0.19181102514266968,
      0.1958591192960739,
      -0.038813576102256775,
      0.21091680228710175,
      -0.2191876620054245,
      -0.0032704907935112715,
      -0.17139410972595215,
      -0.14991286396980286,
      -0.1113823652267456,
      -0.11864253878593445
    ],
    [
      0.191087543964386,
      0.19743561744689941,
      -0.039756204932928085,
      0.21078835427761078,
      -0.21899674832820892,
      -0.003460456384345889,
      -0.17301619052886963,
      -0.14719824492931366,
      -0.11409968882799149,
      -0.11809879541397095
    ],
    [
      0.1908058375120163,
      0.19762128591537476,
      -0.040351446717977524,
      0.21063190698623657,
      -0.21874935925006866,
      -0.0042493101209402084,
      -0.1736202985048294,
      -0.1460830569267273,
      -0.11538366228342056,
      -0.11818508058786392
    ],
    [
      0.19110363721847534,
      0.19753789901733398,
      -0.04034408554434776,
      0.2108425348997116,
      -0.21871398389339447,
      -0.0034946624655276537,
      -0.17318834364414215,
      -0.14704860746860504,
      -0.11428030580282211,
      -0.11778657883405685
    ],
    [
      0.1929873675107956,
      0.1962214559316635,
      -0.0424078144133091,
      0.2116934210062027,
      -0.2175913006067276,
      -0.001966913929209113,
      -0.1723881959915161,
      -0.15001745522022247,
      -0.11169546842575073,
      -0.11570242047309875
    ],
    [
      0.19314764440059662,
      0.1953027993440628,
      -0.0413057915866375,
      0.21174021065235138,
      -0.21787790954113007,
      -0.0020874945912510157,
      -0.17126421630382538,
      -0.15160806477069855,
      -0.11007227748632431,
      -0.11655303090810776
    ],
    [
      0.1923820972442627,
      0.1938682198524475,
      -0.03779513016343117,
      0.21097801625728607,
      -0.21932487189769745,
      -0.0040762461721897125,
      -0.16964565217494965,
      -0.15252937376499176,
      -0.10888408869504929,
      -0.11979079246520996
    ],
    [
      0.19173890352249146,
      0.1935136318206787,
      -0.03628255054354668,
      0.21056406199932098,
      -0.22000367939472198,
      -0.0053136819042265415,
      -0.16929727792739868,
      -0.15219059586524963,
      -0.10917171835899353,
      -0.12139870971441269
    ],
    [
      0.19133497774600983,
      0.1933354139328003,
      -0.03554427996277809,
      0.20986241102218628,
      -0.22040283679962158,
      -0.006692336406558752,
      -0.16954316198825836,
      -0.15123121440410614,
      -0.10996901243925095,
      -0.12238376587629318
    ]
  ]
}