{
  "tempos": [
    0.0,
    0.5,
    1.0,
    1.5,
    2.0,
    2.5,
    3.0,
    3.5,
    4.0,
    4.5,
    5.0,
    5.5,
    6.0,
    6.5,
    7.0,
    7.5,
    8.0,
    8.5,
    9.0,
    9.5,
    10.0,
    10.5,
    11.0,
    11.5,
    12.0,
    12.5,
    13.0,
    13.5,
    14.0,
    14.5,
    15.0
  ],
  "engajamentoneural": [
    50.29868168963462,
    58.903400274748094,
    71.01088405480574,
    80.27325653905118,
    84.70621592887991,
    85.48765707683953,
    83.99757548151146,
    81.29189421561365,
    78.28128923855682,
    75.67668586522323,
    73.8687885419323,
    72.96091094934927,
    72.92510318580835,
    73.70874929334926,
    75.2022689028497,
    77.15552589678488,
    79.19542787926106,
    80.95987584375291,
    82.22589122488382,
    82.93853963613395,
    83.15325269121647,
    82.95856960099309,
    82.4301959242518,
    81.61535192952711,
    80.5149589177801,
    79.0664922050488,
    77.17175876596842,
    74.79492159211671,
    72.11246527792144,
    69.63203277230832,
    68.09983128106745
  ],
  "cognitivedemand": [
    39.05258014647511,
    41.56333956719952,
    47.90772445180052,
    48.97025990811953,
    54.29734830858349,
    55.6298698257632,
    41.70011828546879,
    46.275731924805136,
    47.49270309157844,
    50.7522961618216,
    50.853938253638084,
    43.62703078977123,
    41.77571434530705,
    54.34564830515277,
    42.652748255509174,
    55.012738173144584,
    39.77151152092908,
    56.521857245379735,
    58.33870005616545,
    60.201577806356674,
    58.317469992914745,
    59.689451482250384,
    62.28724467626425,
    66.25125908336388,
    65.77042857406713,
    50.099147614840405,
    43.42613590281001,
    44.663338078299226,
    32.3595399403369,
    49.90893353249311,
    58.317082892276595
  ],
  "focus": [
    10.40221678975861,
    26.3308710915278,
    47.84619761949046,
    49.37638416087897,
    22.70602416073192,
    8.410908914353522,
    8.035750048000166,
    8.30686943726964,
    12.123126320649646,
    9.410774423057182,
    8.65400215738774,
    9.313882463744013,
    11.260216141713638,
    9.812014547163328,
    10.180138592929547,
    8.363353583810836,
    8.17323613822755,
    8.610608015566948,
    16.923730053424766,
    10.993966222141042,
    11.954019427602704,
    17.920939827548118,
    18.075493867894867,
    8.254022291695293,
    8.90754114575804,
    8.088859648245489,
    10.895127486566109,
    51.34789706522818,
    46.426222339536196,
    11.019621975394504,
    10.356699982870648
  ],
  "embeddings": [
    [
      0.20105986297130585,
      0.1890166997909546,
      -0.041868701577186584,
      0.21329940855503082,
      -0.21676938235759735,
      0.011833344586193562,
      -0.16242772340774536,
      -0.17074914276599884,
      -0.08838693052530289,
      -0.11099077016115189
    ],
    [
      0.19758956134319305,
      0.19414877891540527,
      -0.04287642240524292,
      0.21402181684970856,
      -0.21672804653644562,
      0.009101693518459797,
      -0.16648609936237335,
      -0.16278359293937683,
      -0.09773940593004227,
      -0.11109307408332825
    ],
    [
      0.1940171718597412,
      0.2025405764579773,
      -0.04938247427344322,
      0.21358172595500946,
      -0.21525926887989044,
      0.006126556545495987,
      -0.17640811204910278,
      -0.14727471768856049,
      -0.11423031240701675,
      -0.10715164989233017
    ],
    [
      0.19211651384830475,
      0.20323246717453003,
      -0.04879936948418617,
      0.21292372047901154,
      -0.215398907661438,
      0.0020889088045805693,
      -0.17788290977478027,
      -0.1430932879447937,
      -0.11886042356491089,
      -0.10939431935548782
    ],
    [
      0.19047337770462036,
      0.20140999555587769,
      -0.04481399059295654,
      0.211675763130188,
      -0.21708422899246216,
      -0.002206693636253476,
      -0.17677563428878784,
      -0.14235076308250427,
      -0.11955837160348892,
      -0.11423832923173904
    ],
    [
      0.1908295750617981,
      0.19773997366428375,
      -0.04147149249911308,
      0.2109030932188034,
      -0.21815872192382812,
      -0.0049047768115997314,
      -0.17410171031951904,
      -0.145308718085289,
      -0.11654812842607498,
      -0.118079274892807
    ],
    [
      0.1933966875076294,
      0.18821988999843597,
      -0.031528547406196594,
      0.21155227720737457,
      -0.22111330926418304,
      -0.004890610463917255,
      -0.16285651922225952,
      -0.16149725019931793,
      -0.0998769998550415,
      -0.12535825371742249
    ],
    [
      0.19541536271572113,
      0.1856851577758789,
      -0.031817883253097534,
      0.2122950553894043,
      -0.22066830098628998,
      -0.0033055616077035666,
      -0.16048197448253632,
      -0.1664876788854599,
      -0.0952182486653328,
      -0.12453564256429672
    ],
    [
      0.19501173496246338,
      0.18886245787143707,
      -0.03477985039353371,
      0.21267293393611908,
      -0.21966789662837982,
      -0.00214750855229795,
      -0.1634214073419571,
      -0.16261883080005646,
      -0.09933197498321533,
      -0.1215021088719368
    ],
    [
      0.19454199075698853,
      0.19358359277248383,
      -0.04103531315922737,
      0.21284924447536469,
      -0.21749556064605713,
      -0.00039469325565733016,
      -0.16885195672512054,
      -0.15583562850952148,
      -0.10616821050643921,
      -0.11622520536184311
    ],
    [
      0.1939968466758728,
      0.19419749081134796,
      -0.04139886423945427,
      0.21278627216815948,
      -0.2173624038696289,
      -0.0011406835401430726,
      -0.1695924550294876,
      -0.1543491929769516,
      -0.1079641580581665,
      -0.11626463383436203
    ],
    [
      0.19411440193653107,
      0.19429709017276764,
      -0.04166679456830025,
      0.2127964049577713,
      -0.2173045426607132,
      -0.0005664980853907764,
      -0.16967956721782684,
      -0.15443919599056244,
      -0.10762671381235123,
      -0.11595018953084946
    ],
    [
      0.1936023235321045,
      0.19148720800876617,
      -0.037118878215551376,
      0.2126467078924179,
      -0.21882230043411255,
      -0.002389117842540145,
      -0.16606025397777557,
      -0.1583607792854309,
      -0.10400470346212387,
      -0.11998867243528366
    ],
    [
      0.1939428597688675,
      0.19199280440807343,
      -0.037305284291505814,
      0.2127191424369812,
      -0.21876949071884155,
      -0.000948367000091821,
      -0.165903702378273,
      -0.1591484695672989,
      -0.10285634547472,
      -0.1188773587346077
    ],
    [
      0.1932985782623291,
      0.19425170123577118,
      -0.037330251187086105,
      0.2126951962709427,
      -0.21905647218227386,
      0.0001197477467940189,
      -0.16718287765979767,
      -0.1573522537946701,
      -0.10417946428060532,
      -0.11782718449831009
    ],
    [
      0.19308103621006012,
      0.1983199566602707,
      -0.0438101701438427,
      0.21309000253677368,
      -0.2167050838470459,
      0.001038970542140305,
      -0.17265044152736664,
      -0.15014421939849854,
      -0.11203920096158981,
      -0.11308705806732178
    ],
    [
      0.1925923228263855,
      0.19833070039749146,
      -0.045603279024362564,
      0.21282024681568146,
      -0.2160205990076065,
      -0.0013715182431042194,
      -0.17437344789505005,
      -0.1468343436717987,
      -0.11583155393600464,
      -0.11349096149206161
    ],
    [
      0.193087637424469,
      0.1957366019487381,
      -0.041306495666503906,
      0.21246004104614258,
      -0.21759019792079926,
      -0.0005390271544456482,
      -0.17046590149402618,
      -0.15266232192516327,
      -0.1090455949306488,
      -0.11600921303033829
    ],
    [
      0.18987660109996796,
      0.1956392526626587,
      -0.03567423298954964,
      0.21072256565093994,
      -0.2201513648033142,
      -0.006247817073017359,
      -0.17035514116287231,
      -0.1492619663476944,
      -0.11257188767194748,
