{
  "tempos": [
    0.0,
    0.5,
    1.0,
    1.5,
    2.0,
    2.5,
    3.0,
    3.5,
    4.0,
    4.5,
    5.0,
    5.5,
    6.0
  ],
  "engajamentoneural": [
    57.69273635025306,
    63.57364588979373,
    71.02595527500429,
    75.79688712323164,
    76.77952229778346,
    74.89904057739697,
    71.67629269687038,
    68.50690147103344,
    66.114305358209,
    64.4830819248811,
    63.27161999387175,
    62.29060365898437,
    61.680449977568145
  ],
  "cognitivedemand": [
    47.35505695837483,
    48.0606160305093,
    47.1380510215582,
    56.84124601913874,
    57.41062232108665,
    56.55241106686006,
    55.66433262225751,
    54.76492904882633,
    53.929438752907004,
    60.36854249929416,
    63.00189051830105,
    61.93242637215728,
    61.13547172464331
  ],
  "focus": [
    9.653648157092846,
    19.29842750214698,
    23.99366377836686,
    14.871361658283723,
    28.35578001338334,
    33.82185098140129,
    43.23460332295862,
    47.53428881932725,
    41.8933766363981,
    24.66889044737701,
    12.361840690967439,
    10.205902999044627,
    10.884914960125407
  ],
  "embeddings": [
    [
      0.1987738162279129,
      0.19408923387527466,
      -0.05092594027519226,
      0.21347755193710327,
      -0.21318645775318146,
      0.0040649897418916225,
      -0.17180420458316803,
      -0.15581002831459045,
      -0.1066490113735199,
      -0.10714884847402573
    ],
    [
      0.1973632127046585,
      0.19291134178638458,
      -0.04170994833111763,
      0.21268880367279053,
      -0.21716880798339844,
      0.006248202174901962,
      -0.16665051877498627,
      -0.16242004930973053,
      -0.09757667034864426,
      -0.11231233924627304
    ],
    [
      0.19601404666900635,
      0.19932334125041962,
      -0.051583632826805115,
      0.21345293521881104,
      -0.2136530876159668,
      0.004912193398922682,
      -0.17580853402614594,
      -0.1490851789712906,
      -0.11277899891138077,
      -0.10637626051902771
    ],
    [
      0.1966979056596756,
      0.19842787086963654,
      -0.052108049392700195,
      0.21363891661167145,
      -0.21344994008541107,
      0.005128627177327871,
      -0.17515580356121063,
      -0.15039993822574615,
      -0.11121705174446106,
      -0.10624581575393677
    ],
    [
      0.19676649570465088,
      0.1981491893529892,
      -0.05252097174525261,
      0.21370446681976318,
      -0.213264599442482,
      0.004746655467897654,
      -0.17535577714443207,
      -0.15009792149066925,
      -0.11188002675771713,
      -0.10615769773721695
    ],
    [
      0.1964905858039856,
      0.19707155227661133,
      -0.05153839662671089,
      0.21360689401626587,
      -0.21351593732833862,
      0.003091946244239807,
      -0.1746894270181656,
      -0.15039779245853424,
      -0.11212406307458878,
      -0.10763702541589737
    ],
    [
      0.19612975418567657,
      0.19814185798168182,
      -0.05231322720646858,
      0.21352075040340424,
      -0.2133217453956604,
      0.0033047739416360855,
      -0.1758483201265335,
      -0.14868909120559692,
      -0.11377636343240738,
      -0.10696838051080704
    ],
    [
      0.19584089517593384,
      0.19658958911895752,
      -0.04887537658214569,
      0.21294832229614258,
      -0.2146991640329361,
      0.002588849514722824,
      -0.17367182672023773,
      -0.15126435458660126,
      -0.11069652438163757,
      -0.10963358730077744
    ],
    [
      0.19631166756153107,
      0.19674630463123322,
      -0.050442829728126526,
      0.21330459415912628,
      -0.21401453018188477,
      0.0029665709007531404,
      -0.1742306351661682,
      -0.1508846879005432,
      -0.11139816790819168,
      -0.10841584205627441
    ],
    [
      0.19611680507659912,
      0.19807960093021393,
      -0.05163854360580444,
      0.21316224336624146,
      -0.21371708810329437,
      0.003692440688610077,
      -0.17561697959899902,
      -0.14912046492099762,
      -0.11291632801294327,
      -0.10724779963493347
    ],
    [
      0.19707585871219635,
      0.19685417413711548,
      -0.05244772508740425,
      0.2135269194841385,
      -0.21315188705921173,
      0.003660280257463455,
      -0.17488324642181396,
      -0.1507963240146637,
      -0.11170031875371933,
      -0.10674241185188293
    ],
    [
      0.19795465469360352,
      0.1948270946741104,
      -0.050446782261133194,
      0.213675394654274,
      -0.21375979483127594,
      0.004416752140969038,
      -0.1722545623779297,
      -0.155098095536232,
      -0.10701819509267807,
      -0.10776668787002563
    ],
    [
      0.19863609969615936,
      0.19462327659130096,
      -0.051364798098802567,
      0.2141006737947464,
      -0.21327607333660126,
      0.0052988287061452866,
      -0.1720445305109024,
      -0.156132310628891,
      -0.10613295435905457,
      -0.10670747607946396
    ],
    [
      0.1985102742910385,
      0.19288291037082672,
      -0.049025069922208786,
      0.21372437477111816,
      -0.2141186147928238,
      0.003964943811297417,
      -0.1703605204820633,
      -0.15786568820476532,
      -0.10427259653806686,
      -0.10905448347330093
    ],
    [
      0.19818466901779175,
      0.1929699331521988,
      -0.04827013611793518,
      0.21336662769317627,
      -0.21453408896923065,
      0.0037816260010004044,
      -0.1702689379453659,
      -0.15768417716026306,
      -0.10411885380744934,
      -0.10960566252470016
    ],
    [
      0.1980418711900711,
      0.19445864856243134,
      -0.049772392958402634,
      0.21328584849834442,
      -0.21414047479629517,
      0.004606021102517843,
      -0.17176063358783722,
      -0.1556888222694397,
      -0.10579273104667664,
      -0.1082061156630516
    ],
    [
      0.19858048856258392,
      0.1941879838705063,
      -0.051254186779260635,
      0.2135082334280014,
      -0.21341530978679657,
      0.004596013575792313,
      -0.17216689884662628,
      -0.15541701018810272,
      -0.10644781589508057,
      -0.10734791308641434
    ],
    [
      0.19774837791919708,
      0.19443565607070923,
      -0.0496622733771801,
      0.21277369558811188,
      -0.21427345275878906,
      0.003630929859355092,
      -0.17224879562854767,
      -0.15451878309249878,
      -0.10691040754318237,
      -0.10877429693937302
    ]
  ]
}