{
  "tempos": [
    0.0,
    0.5,
    1.0,
    1.5,
    2.0,
    2.5,
    3.0,
    3.5,
    4.0,
    4.5,
    5.0,
    5.5,
    6.0
  ],
  "engajamentoneural": [
    61.407765095162304,
    67.27514610492524,
    74.44442460400995,
    78.74074030792947,
    79.3086833928762,
    77.17098197129566,
    73.86407805311131,
    70.72812596300251,
    68.3342059329811,
    66.53686447272995,
    65.00703099829417,
    63.68817318203145,
    62.86734508003917
  ],
  "cognitivedemand": [
    36.14109534421507,
    46.94948821419631,
    47.298919705339024,
    43.449972937131456,
    44.166087638883226,
    44.75671268717623,
    45.13123960054366,
    45.276870886526886,
    57.72305582822795,
    56.44598740311453,
    56.36541971812099,
    56.151654279413556,
    56.36146251267049
  ],
  "focus": [
    14.740429470956986,
    25.626853060662004,
    19.697947478049887,
    14.901530889646125,
    32.6948705217016,
    33.67309863713809,
    32.90857099322669,
    38.7064139859834,
    24.022230077542794,
    14.070654682676453,
    10.697855107276558,
    13.072055061004157,
    15.200926564122987
  ],
  "embeddings": [
    [
      0.20164358615875244,
      0.19292742013931274,
      -0.051259368658065796,
      0.21383273601531982,
      -0.21323604881763458,
      0.010548129677772522,
      -0.1691400408744812,
      -0.16245728731155396,
      -0.09748769551515579,
      -0.10437697917222977
    ],
    [
      0.19784356653690338,
      0.1952309012413025,
      -0.04758412018418312,
      0.21330170333385468,
      -0.21504491567611694,
      0.006379593163728714,
      -0.17061114311218262,
      -0.1570718139410019,
      -0.10391553491353989,
      -0.10843122750520706
    ],
    [
      0.19717572629451752,
      0.1976795345544815,
      -0.050823409110307693,
      0.2134581059217453,
      -0.21397249400615692,
      0.006291486322879791,
      -0.17369301617145538,
      -0.1528094857931137,
      -0.10846361517906189,
      -0.10651087760925293
    ],
    [
      0.19791489839553833,
      0.19564469158649445,
      -0.049203310161828995,
      0.21351242065429688,
      -0.21440787613391876,
      0.006414082366973162,
      -0.17140822112560272,
      -0.15636096894741058,
      -0.10460617393255234,
      -0.10763289779424667
    ],
    [
      0.19733436405658722,
      0.19702762365341187,
      -0.05141840875148773,
      0.2132687121629715,
      -0.2137160748243332,
      0.0055466690100729465,
      -0.17391639947891235,
      -0.1524515002965927,
      -0.10889440774917603,
      -0.10664264112710953
    ],
    [
      0.19636428356170654,
      0.1977301687002182,
      -0.050806254148483276,
      0.21262937784194946,
      -0.21411840617656708,
      0.004439873155206442,
      -0.17482757568359375,
      -0.15028034150600433,
      -0.11082717031240463,
      -0.10757260769605637
    ],
    [
      0.19650958478450775,
      0.19797180593013763,
      -0.052027273923158646,
      0.21283888816833496,
      -0.21358920633792877,
      0.004522350151091814,
      -0.17536737024784088,
      -0.1497357189655304,
      -0.11163412779569626,
      -0.1067860797047615
    ],
    [
      0.1964332014322281,
      0.19765134155750275,
      -0.05050074681639671,
      0.21259455382823944,
      -0.2142525464296341,
      0.004753486718982458,
      -0.1744610220193863,
      -0.15093453228473663,
      -0.10992959886789322,
      -0.10756635665893555
    ],
    [
      0.1963741034269333,
      0.19669993221759796,
      -0.04897506162524223,
      0.21262747049331665,
      -0.21473193168640137,
      0.004222312476485968,
      -0.1731136292219162,
      -0.152537003159523,
      -0.10844355821609497,
      -0.10877133160829544
    ],
    [
      0.19589388370513916,
      0.19743573665618896,
      -0.0481262169778347,
      0.21250730752944946,
      -0.21521218121051788,
      0.004656089469790459,
      -0.17319297790527344,
      -0.15214936435222626,
      -0.10844657570123672,
      -0.10902362316846848
    ],
    [
      0.1959378868341446,
      0.197077676653862,
      -0.04917290806770325,
      0.2127549648284912,
      -0.21464860439300537,
      0.003481496823951602,
      -0.17364251613616943,
      -0.15130898356437683,
      -0.11001920700073242,
      -0.10897847265005112
    ],
    [
      0.19617842137813568,
      0.19693279266357422,
      -0.050324320793151855,
      0.21281181275844574,
      -0.2141103744506836,
      0.002819395624101162,
      -0.1742565780878067,
      -0.15059830248355865,
      -0.11119658499956131,
      -0.10847505927085876
    ],
    [
      0.19557702541351318,
      0.1960056871175766,
      -0.046243876218795776,
      0.2124791145324707,
      -0.21578629314899445,
      0.003127286210656166,
      -0.1718655824661255,
      -0.15337403118610382,
      -0.10759535431861877,
      -0.11106196790933609
    ],
    [
      0.1954994946718216,
      0.1974368840456009,
      -0.04808175563812256,
      0.21270637214183807,
      -0.21515166759490967,
      0.0037251447793096304,
      -0.1734737902879715,
      -0.15134622156620026,
      -0.10979274660348892,
      -0.10948943346738815
    ],
    [
      0.19576771557331085,
      0.19691091775894165,
      -0.04752647504210472,
      0.21283651888370514,
      -0.2152733951807022,
      0.004229546524584293,
      -0.17252503335475922,
      -0.15279699862003326,
      -0.10820570588111877,
      -0.10971107333898544
    ],
    [
      0.1962832808494568,
      0.19778215885162354,
      -0.05149604752659798,
      0.21333903074264526,
      -0.21360762417316437,
      0.003944732248783112,
      -0.17481933534145355,
      -0.1501292884349823,
      -0.11185044050216675,
      -0.10723742097616196
    ],
    [
      0.19616949558258057,
      0.19669808447360992,
      -0.049645353108644485,
      0.21307283639907837,
      -0.2143208384513855,
      0.0033627694938331842,
      -0.17355729639530182,
      -0.15160728991031647,
      -0.11013243347406387,
      -0.10879134386777878
    ],
    [
      0.19571518898010254,
      0.19602791965007782,
      -0.04851202294230461,
      0.2126060277223587,
      -0.2147679328918457,
      0.0015807318268343806,
      -0.17333374917507172,
      -0.15125559270381927,
      -0.11069649457931519,
      -0.1103125810623169
    ]
  ]
}