{
  "tempos": [
    0.0,
    0.5,
    1.0,
    1.5,
    2.0,
    2.5,
    3.0,
    3.5,
    4.0,
    4.5,
    5.0
  ],
  "engajamentoneural": [
    55.78523845436256,
    60.500019092834854,
    66.74094706192142,
    71.18518793794782,
    72.78096896693583,
    72.19433149172114,
    70.46918837992882,
    68.31472022999714,
    66.06759009312518,
    64.05586869720094,
    62.81275764986043
  ],
  "cognitivedemand": [
    34.4244691876962,
    52.33617675463287,
    48.828755853754934,
    51.60901434645442,
    55.77166350886005,
    61.558533632978644,
    62.86060737712249,
    64.41008610842307,
    36.58931476593819,
    41.1841359613213,
    43.00019704877436
  ],
  "focus": [
    7.987674513765576,
    9.018247688810465,
    8.857854751756419,
    10.836364605024391,
    11.403790471198814,
    9.637451045694434,
    8.653068103138398,
    8.441700186873991,
    9.002714761105928,
    11.390419553931874,
    23.7244239821732
  ],
  "embeddings": [
    [
      0.20020343363285065,
      0.1933763176202774,
      -0.051436226814985275,
      0.21069975197315216,
      -0.21388697624206543,
      0.005633131135255098,
      -0.17282801866531372,
      -0.1551431268453598,
      -0.10375378280878067,
      -0.10611477494239807
    ],
    [
      0.20212258398532867,
      0.19072605669498444,
      -0.05316384509205818,
      0.21211256086826324,
      -0.21245843172073364,
      0.006334470119327307,
      -0.17066854238510132,
      -0.16000427305698395,
      -0.09986436367034912,
      -0.10514318197965622
    ],
    [
      0.201543927192688,
      0.1878637671470642,
      -0.04717480018734932,
      0.21207857131958008,
      -0.21474969387054443,
      0.005457565654069185,
      -0.1665489673614502,
      -0.16472823917865753,
      -0.094892717897892,
      -0.1097215786576271
    ],
    [
      0.2009819746017456,
      0.18812085688114166,
      -0.04653317853808403,
      0.21208792924880981,
      -0.21514655649662018,
      0.00453762523829937,
      -0.16680757701396942,
      -0.16386595368385315,
      -0.09595271199941635,
      -0.11043361574411392
    ],
    [
      0.20069076120853424,
      0.18850858509540558,
      -0.046346116811037064,
      0.21187300980091095,
      -0.21530891954898834,
      0.004370856564491987,
      -0.1671150177717209,
      -0.1632697731256485,
      -0.09643641859292984,
      -0.11058536916971207
    ],
    [
      0.2005683332681656,
      0.18946832418441772,
      -0.04748539999127388,
      0.21246160566806793,
      -0.21481019258499146,
      0.004898805636912584,
      -0.16786964237689972,
      -0.16233928501605988,
      -0.09775640815496445,
      -0.10965267568826675
    ],
    [
      0.20031769573688507,
      0.19027292728424072,
      -0.04835445061326027,
      0.21246378123760223,
      -0.21451757848262787,
      0.004801786970347166,
      -0.16887164115905762,
      -0.16083265841007233,
      -0.09933147579431534,
      -0.10910338163375854
    ],
    [
      0.2002657800912857,
      0.190107062458992,
      -0.048282772302627563,
      0.21238140761852264,
      -0.21455548703670502,
      0.0043555437587201595,
      -0.16890472173690796,
      -0.16065190732479095,
      -0.09960678964853287,
      -0.10937288403511047
    ],
    [
      0.20060361921787262,
      0.18972386419773102,
      -0.04820171371102333,
      0.21238820254802704,
      -0.2145504504442215,
      0.004654314834624529,
      -0.16854722797870636,
      -0.16146521270275116,
      -0.09867334365844727,
      -0.10928212851285934
    ],
    [
      0.2005096822977066,
      0.18922889232635498,
      -0.04724143072962761,
      0.21228082478046417,
      -0.2149263173341751,
      0.004379272926598787,
      -0.16786235570907593,
      -0.16217298805713654,
      -0.09790089726448059,
      -0.11004141718149185
    ],
    [
      0.2000606209039688,
      0.18880444765090942,
      -0.045766767114400864,
      0.2120928168296814,
      -0.2155451625585556,
      0.003640144132077694,
      -0.16718940436840057,
      -0.16251890361309052,
      -0.09755595773458481,
      -0.11137810349464417
    ],
    [
      0.20033814013004303,
      0.18893444538116455,
      -0.04670196399092674,
      0.21205048263072968,
      -0.21522384881973267,
      0.003633509622886777,
      -0.16781222820281982,
      -0.1619688719511032,
      -0.09808502346277237,
      -0.11066422611474991
    ],
    [
      0.19972674548625946,
      0.18820036947727203,
      -0.04201110824942589,
      0.2109823375940323,
      -0.21729154884815216,
      0.004013469442725182,
      -0.16544049978256226,
      -0.16461098194122314,
      -0.09411126375198364,
      -0.11312992125749588
    ],
    [
      0.19795458018779755,
      0.19127748906612396,
      -0.04344041272997856,
      0.2102624922990799,
      -0.21719425916671753,
      0.002382803475484252,
      -0.16921448707580566,
      -0.15797343850135803,
      -0.10085159540176392,
      -0.1129249557852745
    ],
    [
      0.1963758021593094,
      0.19160471856594086,
      -0.04129559174180031,
      0.2092972993850708,
      -0.21820062398910522,
      -0.00016335381951648742,
      -0.16959647834300995,
      -0.15568554401397705,
      -0.10304375737905502,
      -0.11544843763113022
    ]
  ]
}