{
  "tempos": [
    0.0,
    0.5,
    1.0,
    1.5,
    2.0,
    2.5,
    3.0,
    3.5,
    4.0,
    4.5,
    5.0,
    5.5,
    6.0,
    6.5,
    7.0,
    7.5,
    8.0,
    8.5,
    9.0,
    9.5,
    10.0,
    10.5,
    11.0,
    11.5,
    12.0,
    12.5,
    13.0,
    13.5,
    14.0,
    14.5,
    15.0,
    15.5,
    16.0,
    16.5,
    17.0
  ],
  "engajamentoneural": [
    38.24895124112889,
    43.92432643742457,
    52.755542125957014,
    60.813034960134395,
    65.67587576160847,
    67.39789360907729,
    67.1563707771364,
    66.09152461200794,
    64.90963373991045,
    63.90565302976534,
    63.1029664201004,
    62.39219629134156,
    61.659657351612516,
    60.873902300118985,
    60.088730017533045,
    59.37320415270653,
    58.7619907506253,
    58.298396044395304,
    58.1126210893253,
    58.39869603890219,
    59.257964808615995,
    60.55930034789701,
    61.97702696895735,
    63.1692848994909,
    63.9199229825252,
    64.15923078159209,
    63.92773448115274,
    63.35324934241557,
    62.624230231932465,
    61.917938935591884,
    61.306430957574364,
    60.72639498306853,
    60.07948602111032,
    59.40707639004831,
    58.94754478020238
  ],
  "cognitivedemand": [
    28.297798896414136,
    35.6136585254999,
    38.85552583700455,
    41.00945458777126,
    45.770953980737715,
    49.84033763030319,
    50.311583859909035,
    50.36329003585227,
    46.57755022380022,
    57.04971482741003,
    57.70647102027118,
    57.4921968132164,
    57.604968769006824,
    45.7305970678019,
    45.06867282689377,
    65.08040496448162,
    66.9726755260414,
    66.84791946006833,
    64.07396154631734,
    47.86918066932463,
    60.759955716875695,
    69.50257834154976,
    69.17006418790476,
    69.32720921783843,
    69.55468195170383,
    69.75314684550688,
    67.53551013482885,
    44.45709589928448,
    50.94802369209784,
    51.058060983031915,
    51.23788475417377,
    51.48353460193047,
    51.48431827350198,
    51.48539468544639,
    51.48539407767569
  ],
  "focus": [
    8.257930376006502,
    33.16133514175763,
    54.67242178244154,
    52.2280698613234,
    39.45192001255834,
    26.344458394424112,
    17.22042759838197,
    18.568054607382102,
    18.643583777503142,
    12.310458594883547,
    19.93737101526512,
    30.918906877531565,
    17.289232465806784,
    9.796194837920437,
    8.088783415383258,
    34.04408168933832,
    48.48400690831664,
    44.8270205885246,
    36.145115720144034,
    23.664891131882953,
    18.575861277172674,
    26.85609994725119,
    22.574315488166203,
    19.325837621060817,
    14.53825957270969,
    12.592194815500154,
    12.30860842829188,
    11.233408976633168,
    18.790877111677077,
    28.75893608407556,
    31.166285367395975,
    25.758147173610144,
    22.190603161953476,
    21.45023046295251,
    21.51355251828734
  ],
  "embeddings": [
    [
      0.20155681669712067,
      0.19499675929546356,
      -0.05331980064511299,
      0.2115444391965866,
      -0.21333269774913788,
      0.01049558725208044,
      -0.1737719625234604,
      -0.15676094591617584,
      -0.10242661088705063,
      -0.10197670012712479
    ],
    [
      0.2007778435945511,
      0.19352547824382782,
      -0.049002598971128464,
      0.21103258430957794,
      -0.2151147872209549,
      0.010248995386064053,
      -0.1712331771850586,
      -0.15931229293346405,
      -0.0995534360408783,
      -0.10489179939031601
    ],
    [
      0.20064546167850494,
      0.19515831768512726,
      -0.052838414907455444,
      0.21195532381534576,
      -0.21358509361743927,
      0.010089054703712463,
      -0.17324168980121613,
      -0.15644432604312897,
      -0.10263387113809586,
      -0.10319598764181137
    ],
    [
      0.2011096328496933,
      0.19634728133678436,
      -0.05624568462371826,
      0.21267378330230713,
      -0.21209289133548737,
      0.011287763714790344,
      -0.17473964393138885,
      -0.1551811546087265,
      -0.10409515351057053,
      -0.10073333978652954
    ],
    [
      0.20133920013904572,
      0.19589589536190033,
      -0.05632302165031433,
      0.2126607745885849,
      -0.21196770668029785,
      0.011370292864739895,
      -0.1742992401123047,
      -0.15589775145053864,
      -0.10329339653253555,
      -0.10078690201044083
    ],
    [
      0.20268158614635468,
      0.19398748874664307,
      -0.05729418992996216,
      0.21326903998851776,
      -0.21123379468917847,
      0.011081566102802753,
      -0.17313645780086517,
      -0.15825222432613373,
      -0.10148418694734573,
      -0.10045429319143295
    ],
    [
      0.2044398933649063,
      0.1920735388994217,
      -0.056785132735967636,
      0.2139177769422531,
      -0.21102409064769745,
      0.013711821287870407,
      -0.1702786684036255,
      -0.16401049494743347,
      -0.09546530246734619,
      -0.09970416873693466
    ],
    [
      0.20509429275989532,
      0.19106267392635345,
      -0.05535544455051422,
      0.21413083374500275,
      -0.21154260635375977,
      0.015074871480464935,
      -0.16843444108963013,
      -0.1670834869146347,
      -0.0920073613524437,
      -0.10004202276468277
    ],
    [
      0.2051897495985031,
      0.1919466257095337,
      -0.056793902069330215,
      0.21408571302890778,
      -0.21114897727966309,
      0.015360593795776367,
      -0.16970916092395782,
      -0.1654527187347412,
      -0.09360291808843613,
      -0.09881213307380676
    ],
    [
      0.20621728897094727,
      0.19175750017166138,
      -0.0585113950073719,
      0.2146746963262558,
      -0.2102375030517578,
      0.01644890569150448,
      -0.16971969604492188,
      -0.1665785312652588,
      -0.0927332416176796,
      -0.09717637300491333
    ],
    [
      0.2063642293214798,
      0.19168126583099365,
      -0.058965325355529785,
      0.2145804613828659,
      -0.21015353500843048,
      0.016478577628731728,
      -0.17005951702594757,
      -0.1660754531621933,
      -0.09305848926305771,
      -0.09703442454338074
    ],
    [
      0.20638950169086456,
      0.19183260202407837,
      -0.05892963334918022,
      0.21468453109264374,
      -0.2101495862007141,
      0.016831697896122932,
      -0.17000240087509155,
      -0.1662229597568512,
      -0.09282386302947998,
      -0.09689489752054214
    ],
    [
      0.20674417912960052,
      0.19312937557697296,
      -0.06243886053562164,
      0.21544642746448517,
      -0.20861268043518066,
      0.01723560132086277,
      -0.17196297645568848,
      -0.1641351729631424,
      -0.09575194865465164,
      -0.09427347034215927
    ],
    [
      0.20753996074199677,
      0.19376708567142487,
      -0.06703850626945496,
      0.21614325046539307,
      -0.20662082731723785,
      0.016965603455901146,
      -0.17419874668121338,
      -0.16172455251216888,
      -0.09921573847532272,
      -0.09139010310173035
    ],
    [
      0.2080259919166565,
      0.19170115888118744,
      -0.06487122178077698,
      0.21591980755329132,
      -0.20728547871112823,
      0.01707189716398716,
      -0.1717463731765747,
      -0.16520226001739502,
      -0.09537160396575928,
      -0.09297990798950195
    ],
    [
      0.2079775184392929,
      0.1912563592195511,
      -0.06320524960756302,
      0.21569423377513885,
      -0.2080097645521164,
      0.01749010942876339,
      -0.17069263756275177,
      -0.1665738970041275,
      -0.09349370002746582,
      -0.09383457899093628
    ],
    [
      0.2079959660768509,
      0.1916905790567398,
      -0.06375961750745773,
      0.21576432883739471,
      -0.20781762897968292,
      0.017707131803035736,
      -0.1711166650056839,
      -0.16611391305923462,
      -0.09400799125432968,
      -0.0932641550898552
    ],
    [
      0.2081875056028366,
      0.1918743997812271,
      -0.06459150463342667,
      0.215887650847435,
      -0.20747332274913788,
      0.017852118238806725,
      -0.17150340974330902,
      -0.16580484807491302,
