{
  "tempos": [
    0.0,
    0.5,
    1.0,
    1.5,
    2.0,
    2.5,
    3.0,
    3.5,
    4.0,
    4.5,
    5.0,
    5.5,
    6.0,
    6.5,
    7.0,
    7.5,
    8.0,
    8.5,
    9.0,
    9.5,
    10.0,
    10.5,
    11.0,
    11.5,
    12.0,
    12.5,
    13.0,
    13.5,
    14.0,
    14.5,
    15.0
  ],
  "engajamentoneural": [
    68.83253160848443,
    76.54899953821041,
    85.67933488010931,
    91.37203570620454,
    93.71148492480823,
    94.13967234358111,
    93.5540435195665,
    92.45946259866328,
    91.20092034642714,
    89.98263350860705,
    88.87071815902196,
    87.8516533440206,
    86.8954317664618,
    85.98370889853801,
    85.11576177024611,
    84.32111293784487,
    83.6763174219761,
    83.29513834608018,
    83.27886473749125,
    83.65259451873027,
    84.32720287999331,
    85.11623736791077,
    85.80915808710712,
    86.26032301403366,
    86.43757515381733,
    86.4080366819437,
    86.27518906413134,
    86.10683233303705,
    85.91519457842108,
    85.7134581851753,
    85.57131423765225
  ],
  "cognitivedemand": [
    54.84792938884328,
    58.947529281672516,
    60.626474224127435,
    65.27932824375696,
    67.40942866349687,
    68.87796440404601,
    66.0506465296436,
    66.27760451944614,
    66.45913450311467,
    67.23288272296831,
    67.51365480794819,
    68.55066257092098,
    67.06096738286703,
    67.6907695464785,
    67.5764376331601,
    58.08258463003964,
    51.553955074015775,
    54.412316316622096,
    55.51718628058221,
    57.13783855756065,
    64.8503327693927,
    70.8946536453117,
    70.52420295228505,
    69.20439641990431,
    69.97019876971379,
    68.3924121069285,
    70.86920650131304,
    70.40948710289486,
    65.74665452292416,
    74.53434444026117,
    79.94249826427144
  ],
  "focus": [
    9.646230023751789,
    8.812334862926797,
    14.698865542369925,
    12.841568984995599,
    31.3115917861868,
    42.77909055892178,
    39.51510994693052,
    15.988997617285932,
    32.51319163000808,
    54.32254321843623,
    50.854679883789885,
    56.688981204791865,
    64.90629342787139,
    67.89888967653299,
    72.62857275593808,
    66.02363229428902,
    68.82917117011596,
    69.16876680934699,
    61.25269712537834,
    71.25058581881092,
    70.08511037885884,
    64.11030559437772,
    57.86107214314338,
    61.70778976620007,
    65.29163331989247,
    68.99599739379097,
    65.59407483086011,
    59.537339602389785,
    67.69067840783106,
    34.55302645148811,
    19.815031145988065
  ],
  "embeddings": [
    [
      0.19825272262096405,
      0.18816262483596802,
      -0.04491550847887993,
      0.21392565965652466,
      -0.21505944430828094,
      -0.002005896996706724,
      -0.16571664810180664,
      -0.16101978719234467,
      -0.10291127115488052,
      -0.11450410634279251
    ],
    [
      0.1992199420928955,
      0.18301554024219513,
      -0.03661184012889862,
      0.2136130928993225,
      -0.21804727613925934,
      0.0005038962699472904,
      -0.15838535130023956,
      -0.1725796014070511,
      -0.08940126746892929,
      -0.11988077312707901
    ],
    [
      0.19792373478412628,
      0.18339498341083527,
      -0.03356285020709038,
      0.21343982219696045,
      -0.2194414585828781,
      -0.0010400256142020226,
      -0.15805251896381378,
      -0.1722743958234787,
      -0.09000913053750992,
      -0.1219705268740654
    ],
    [
      0.19739387929439545,
      0.18337970972061157,
      -0.03190739080309868,
      0.2134064882993698,
      -0.22012712061405182,
      -0.0013979044742882252,
      -0.15739703178405762,
      -0.1725791096687317,
      -0.0897989273071289,
      -0.1229269728064537
    ],
    [
      0.19690394401550293,
      0.18639923632144928,
      -0.036377254873514175,
      0.2136080414056778,
      -0.2185019701719284,
      -0.001529877888970077,
      -0.16156594455242157,
      -0.16674096882343292,
      -0.09624260663986206,
      -0.11992049217224121
    ],
    [
      0.19652529060840607,
      0.18797387182712555,
      -0.03741665557026863,
      0.21370047330856323,
      -0.21822230517864227,
      -0.0006516345893032849,
      -0.16284169256687164,
      -0.16501125693321228,
      -0.0977625921368599,
      -0.1187361553311348
    ],
    [
      0.19662968814373016,
      0.18769784271717072,
      -0.03723885491490364,
      0.21358148753643036,
      -0.2182866483926773,
      -0.0007248706533573568,
      -0.16261743009090424,
      -0.16553546488285065,
      -0.09720347076654434,
      -0.11885097622871399
    ],
    [
      0.19695861637592316,
      0.188377246260643,
      -0.03895875811576843,
      0.21375681459903717,
      -0.21758431196212769,
      -8.63935929373838e-05,
      -0.16364607214927673,
      -0.16446052491664886,
      -0.09836050868034363,
      -0.11741054803133011
    ],
    [
      0.19723717868328094,
      0.18781709671020508,
      -0.038849759846925735,
      0.21407364308834076,
      -0.2174738198518753,
      -0.00011775270104408264,
      -0.16290143132209778,
      -0.16562522947788239,
      -0.09741896390914917,
      -0.11745352298021317
    ],
    [
      0.19633108377456665,
      0.18545347452163696,
      -0.030493957921862602,
      0.21313273906707764,
      -0.22097176313400269,
      0.00034088222309947014,
      -0.15774859488010406,
      -0.17206424474716187,
      -0.08923205733299255,
      -0.12280566245317459
    ],
    [
      0.19661076366901398,
      0.18900372087955475,
      -0.03700261190533638,
      0.21377651393413544,
      -0.21849195659160614,
      0.0015393666690215468,
      -0.16251139342784882,
      -0.16593116521835327,
      -0.09612971544265747,
      -0.11770831793546677
    ],
    [
      0.1950872540473938,
      0.1915399432182312,
      -0.0385652557015419,
      0.21369610726833344,
      -0.21808449923992157,
      0.0004319516010582447,
      -0.16537629067897797,
      -0.1607864499092102,
      -0.10180142521858215,
      -0.1172274574637413
    ],
    [
      0.1947212964296341,
      0.19013138115406036,
      -0.03710800036787987,
      0.2134585827589035,
      -0.21856331825256348,
      -0.0013163223629817367,
      -0.16445088386535645,
      -0.1612350046634674,
      -0.10159272700548172,
      -0.11937937885522842
    ],
    [
      0.19374258816242218,
      0.1919022798538208,
      -0.037475597113370895,
      0.2133018970489502,
      -0.21859322488307953,
      -0.002011328237131238,
      -0.16611118614673615,
      -0.1583493947982788,
      -0.10454187542200089,
      -0.11913537234067917
    ],
    [
      0.19460274279117584,
      0.19239924848079681,
      -0.04017019644379616,
      0.21357077360153198,
      -0.21749675273895264,
      -0.0010884857038035989,
      -0.16727955639362335,
      -0.15764789283275604,
      -0.10532642155885696,
      -0.1169244647026062
    ],
    [
      0.1942805051803589,
      0.19150961935520172,
      -0.03792334720492363,
      0.2133680135011673,
      -0.21837712824344635,
      -0.0014997379621490836,
      -0.16592828929424286,
      -0.15913569927215576,
      -0.10370589047670364,
      -0.11862985044717789
    ],
    [
      0.194912388920784,
      0.1921408623456955,
      -0.04066924750804901,
      0.21376478672027588,
      -0.21721597015857697,
      -0.0011717643355950713,
      -0.16731739044189453,
      -0.1577434092760086,
      -0.1054869070649147,
      -0.11655613034963608
    ],
    [
      0.19516634941101074,
      0.190256729722023,
      -0.03869977593421936,
      0.21346943080425262,
      -0.21787555515766144,
      -0.0017969007603824139,
      -0.1653917282819748,
      -0.16041548550128937,
      -0.10268083959817886,
      -0.11835434287786484
    ],
    [
      0.19544105231761932,
      0.18894273042678833,
      -0.03560091182589531,
      0.2134716957807541,
      -0.21911583840847015,
      -0.0004456352035049349,
      -0.16275863349437714,
      -0.16425742208957672,
      -0.09796418994665146,
