{
  "tempos": [
    0.0,
    0.5,
    1.0,
    1.5,
    2.0,
    2.5,
    3.0,
    3.5,
    4.0,
    4.5,
    5.0,
    5.5,
    6.0,
    6.5,
    7.0,
    7.5,
    8.0,
    8.5,
    9.0,
    9.5,
    10.0,
    10.5,
    11.0,
    11.5,
    12.0,
    12.5,
    13.0,
    13.5,
    14.0,
    14.5,
    15.0
  ],
  "engajamentoneural": [
    48.846330579976446,
    55.0018146554109,
    64.06358980701594,
    71.8954712101436,
    76.57973208170247,
    78.4043649308642,
    78.29856180387007,
    77.10844550892861,
    75.50603639174085,
    73.97902860313253,
    72.8016371506738,
    72.0621260529828,
    71.74888707520336,
    71.82608508509986,
    72.26579197580442,
    73.04524848906094,
    74.11729808185797,
    75.35981861519483,
    76.54704370822479,
    77.40078506222969,
    77.7131692011305,
    77.44726952086612,
    76.73434220998718,
    75.78731260785516,
    74.82862227725808,
    74.08458941821591,
    73.76096838060607,
    73.9201917098282,
    74.3890762060436,
    74.86972036497149,
    75.14639688049256
  ],
  "cognitivedemand": [
    29.90441599345384,
    38.24190999468545,
    38.48808137760697,
    45.037495307561656,
    67.47495485875007,
    59.322248072831954,
    67.33137692736585,
    78.36720372299888,
    75.54267678042007,
    82.78722113908927,
    91.7714546257133,
    58.150763636954096,
    56.75875888919137,
    57.01248297010914,
    67.01258853714181,
    72.15436878147634,
    71.08314535744887,
    71.57146871076839,
    71.53211305661418,
    65.68740917972062,
    33.85376726432927,
    42.093752391823266,
    44.95990497080006,
    48.88924394593019,
    51.902012116414326,
    44.55703330430494,
    31.313682133604395,
    48.0510557984276,
    58.943793688909494,
    60.60528271515412,
    56.24041189221415
  ],
  "focus": [
    11.694883000633142,
    22.470702947977124,
    49.81781415854764,
    35.53599858619034,
    49.02790861783101,
    51.9978768924766,
    34.2101183664141,
    17.767434692290063,
    14.296849187357186,
    9.751089578395735,
    11.025413596896117,
    11.641951849146484,
    11.194753041577195,
    17.43068809605175,
    13.725299465351092,
    10.139783396616687,
    14.487682213600616,
    13.985535721246654,
    12.987364451624071,
    19.5165696899381,
    39.336765692334,
    48.23284690905676,
    30.13099724206646,
    28.450113883090438,
    29.2007996856372,
    17.389081005816355,
    9.841679715649544,
    25.967594172246596,
    18.374734233115447,
    10.320155922585244,
    8.869749589395209
  ],
  "embeddings": [
    [
      0.1957251876592636,
      0.1930670589208603,
      -0.03965527191758156,
      0.20977908372879028,
      -0.2180638462305069,
      0.0006135837757028639,
      -0.1688351184129715,
      -0.15626798570156097,
      -0.10390522330999374,
      -0.11484023183584213
    ],
    [
      0.19604618847370148,
      0.19487150013446808,
      -0.044623807072639465,
      0.21018598973751068,
      -0.2166995257139206,
      0.002503546653315425,
      -0.17194463312625885,
      -0.15327288210391998,
      -0.10596800595521927,
      -0.11193209141492844
    ],
    [
      0.19832412898540497,
      0.1946546882390976,
      -0.049344923347234726,
      0.2122104912996292,
      -0.21447165310382843,
      0.006328509654849768,
      -0.17177711427211761,
      -0.15624134242534637,
      -0.10353564471006393,
      -0.1077016070485115
    ],
    [
      0.19580869376659393,
      0.1982155442237854,
      -0.04719427227973938,
      0.210857093334198,
      -0.2158844918012619,
      0.005842507351189852,
      -0.17434442043304443,
      -0.15112866461277008,
      -0.10796859860420227,
      -0.10854578763246536
    ],
    [
      0.1965111345052719,
      0.20172369480133057,
      -0.0558752715587616,
      0.21266555786132812,
      -0.21246540546417236,
      0.007415671367198229,
      -0.17953282594680786,
      -0.14546942710876465,
      -0.11536485701799393,
      -0.10269112139940262
    ],
    [
      0.2006911039352417,
      0.19452102482318878,
      -0.057564783841371536,
      0.21424897015094757,
      -0.21060216426849365,
      0.006434129551053047,
      -0.17442284524440765,
      -0.15487229824066162,
      -0.10718664526939392,
      -0.10281440615653992
    ],
    [
      0.20164184272289276,
      0.18852365016937256,
      -0.048624854534864426,
      0.2139812707901001,
      -0.21374182403087616,
      0.007718199398368597,
      -0.16602231562137604,
      -0.16647042334079742,
      -0.09431514889001846,
      -0.10855140537023544
    ],
    [
      0.2026556134223938,
      0.18929040431976318,
      -0.04755847156047821,
      0.2148706167936325,
      -0.21414493024349213,
      0.012453216128051281,
      -0.16405314207077026,
      -0.1707300990819931,
      -0.08934882283210754,
      -0.10662025213241577
    ],
    [
      0.20427070558071136,
      0.18959207832813263,
      -0.052891895174980164,
      0.21593497693538666,
      -0.21190552413463593,
      0.012939107604324818,
      -0.16604478657245636,
      -0.16912831366062164,
      -0.09187007695436478,
      -0.10291019827127457
    ],
    [
      0.20371092855930328,
      0.19068987667560577,
      -0.053935375064611435,
      0.21552933752536774,
      -0.21167226135730743,
      0.012076731771230698,
      -0.16785307228565216,
      -0.16648748517036438,
      -0.094610296189785,
      -0.10239061713218689
    ],
    [
      0.20346517860889435,
      0.18926285207271576,
      -0.05344017967581749,
      0.2150900959968567,
      -0.21175360679626465,
      0.009689670987427235,
      -0.16736723482608795,
      -0.16624094545841217,
      -0.09519616514444351,
      -0.10409864783287048
    ],
    [
      0.2039182186126709,
      0.1859869807958603,
      -0.05005868896842003,
      0.21477825939655304,
      -0.21287564933300018,
      0.008764502592384815,
      -0.16409964859485626,
      -0.17050671577453613,
      -0.09061416238546371,
      -0.10721614211797714
    ],
    [
      0.20202267169952393,
      0.18847739696502686,
      -0.047401681542396545,
      0.21413858234882355,
      -0.2143470197916031,
      0.008210384286940098,
      -0.1651720553636551,
      -0.168022021651268,
      -0.0927286222577095,
      -0.10829180479049683
    ],
    [
      0.20123066008090973,
      0.19167520105838776,
      -0.049953654408454895,
      0.214494988322258,
      -0.2135283499956131,
      0.009281578473746777,
      -0.16807138919830322,
      -0.16393519937992096,
      -0.09697145968675613,
      -0.10595953464508057
    ],
    [
      0.20389260351657867,
      0.18718969821929932,
      -0.05082681402564049,
      0.21505211293697357,
      -0.21260790526866913,
      0.008868146687746048,
      -0.1651880294084549,
      -0.1692870408296585,
      -0.09203949570655823,
      -0.10630135983228683
    ],
    [
      0.20658250153064728,
      0.18200457096099854,
      -0.0486161969602108,
      0.21545624732971191,
      -0.21303285658359528,
      0.010156900621950626,
      -0.16014103591442108,
      -0.17798058688640594,
      -0.08308511227369308,
      -0.10765037685632706
    ],
    [
      0.20648546516895294,
      0.18124134838581085,
      -0.04309501126408577,
      0.21516208350658417,
      -0.21543247997760773,
      0.012063547037541866,
      -0.1563360095024109,
      -0.18341772258281708,
      -0.07626109570264816,
      -0.10965625196695328
    ],
    [
      0.20451760292053223,
      0.18719623982906342,
      -0.048315417021512985,
      0.21492606401443481,
      -0.21393191814422607,
      0.012245644815266132,
      -0.1630220264196396,
      -0.17327642440795898,
      -0.08671198040246964,
      -0.10589099675416946
    ],
    [
      0.2042338103055954,
      0.18997909128665924,
      -0.0522146038711071,
      0.21513473987579346,
      -0.21263974905014038,
      0.013075252063572407,
      -0.1664205938577652,
      -0.16902564465999603,
      -0.09144947677850723,
