{
  "tempos": [
    0.0,
    0.5,
    1.0,
    1.5,
    2.0,
    2.5,
    3.0,
    3.5,
    4.0,
    4.5,
    5.0,
    5.5,
    6.0,
    6.5,
    7.0,
    7.5,
    8.0,
    8.5,
    9.0,
    9.5,
    10.0,
    10.5,
    11.0,
    11.5,
    12.0,
    12.5,
    13.0,
    13.5,
    14.0,
    14.5,
    15.0,
    15.5,
    16.0,
    16.5,
    17.0,
    17.5,
    18.0
  ],
  "engajamentoneural": [
    37.47822727509637,
    43.812881164018926,
    54.15142851545407,
    64.27048065311996,
    71.12646426637532,
    74.4564028647958,
    75.3678227452184,
    74.99081798889898,
    74.06745284145373,
    72.98913207159613,
    71.96127923672628,
    71.11776336849019,
    70.53013914264741,
    70.1782420019972,
    69.96644817833358,
    69.78592959513716,
    69.57112748541307,
    69.31387311239216,
    69.04280484166652,
    68.79609328922453,
    68.60401913303595,
    68.48121452389778,
    68.42464974757921,
    68.41693210511906,
    68.43442017765501,
    68.45713409538503,
    68.47669580516364,
    68.49675100252534,
    68.5178105015252,
    68.50649179520771,
    68.37082044517268,
    67.97725370003843,
    67.2132134003509,
    66.05541960162496,
    64.62577771646724,
    63.238957491695835,
    62.358990265304215
  ],
  "cognitivedemand": [
    22.84728786406941,
    30.42883808466265,
    33.899981527623794,
    40.111974793329246,
    56.144828809592916,
    55.28476087554754,
    55.76029818544362,
    56.07842310865828,
    55.62325687121694,
    58.6137982619289,
    62.36467482641865,
    68.81710458785372,
    77.6201513188315,
    86.69911794279822,
    89.67567887719989,
    86.26229145572198,
    84.80677676856966,
    84.55738073181274,
    81.87075532004336,
    81.2831304017458,
    81.10202835746458,
    81.24991170253926,
    81.58362038585729,
    82.82504104629658,
    82.82958392124753,
    82.8315645138298,
    83.14761991473895,
    82.83216404188835,
    82.80597794972732,
    72.04556720934228,
    39.93139622562178,
    40.59242609795061,
    39.69726730396672,
    37.872335607497476,
    63.572676235002554,
    63.58233818556746,
    63.589124447056086
  ],
  "focus": [
    44.29577397569766,
    48.93729236419906,
    72.82523496688661,
    75.98602696920074,
    72.29577643444118,
    89.19246959140632,
    89.49734617420219,
    96.45189631665133,
    95.29610534167864,
    99.44980428320557,
    81.10320178379182,
    29.819397437929826,
    16.109001356552017,
    22.03913990616441,
    13.884689966294609,
    10.55062214961679,
    8.578484892256274,
    8.1164090594169,
    8.210795476298625,
    8.298998996869486,
    8.530314580392098,
    8.604291532295521,
    8.483534528393731,
    8.227697508998016,
    8.200684005046755,
    8.243661077830096,
    8.258585852991343,
    8.27200052512951,
    8.274557728569457,
    8.389788619895349,
    46.00972144324998,
    92.75143332245372,
    90.52858454163784,
    86.74901219825037,
    26.191703199413965,
    32.30002361305951,
    33.80362873183368
  ],
  "embeddings": [
    [
      0.19697760045528412,
      0.1958654373884201,
      -0.04749402031302452,
      0.2092488408088684,
      -0.2162562757730484,
      0.0030447598546743393,
      -0.1745462417602539,
      -0.15046997368335724,
      -0.10859457403421402,
      -0.10985841602087021
    ],
    [
      0.19701017439365387,
      0.19408661127090454,
      -0.04375028610229492,
      0.20870888233184814,
      -0.21749286353588104,
      0.0038477543275803328,
      -0.17161397635936737,
      -0.1545073539018631,
      -0.10382080078125,
      -0.11194026470184326
    ],
    [
      0.19757616519927979,
      0.19401828944683075,
      -0.04544535279273987,
      0.20976483821868896,
      -0.2168910652399063,
      0.004800871480256319,
      -0.17151252925395966,
      -0.15541212260723114,
      -0.10293340682983398,
      -0.11088186502456665
    ],
    [
      0.1974642276763916,
      0.19423140585422516,
      -0.0460892878472805,
      0.2101709395647049,
      -0.2166280299425125,
      0.00478726951405406,
      -0.17168718576431274,
      -0.1551506072282791,
      -0.1034039855003357,
      -0.11065655946731567
    ],
    [
      0.19896818697452545,
      0.1910160779953003,
      -0.047080766409635544,
      0.21264348924160004,
      -0.21490077674388885,
      0.004255041014403105,
      -0.16849690675735474,
      -0.1603848785161972,
      -0.10046309977769852,
      -0.11073958873748779
    ],
    [
      0.1995222568511963,
      0.18546359241008759,
      -0.04025539755821228,
      0.21331818401813507,
      -0.2169308215379715,
      0.0037107656244188547,
      -0.16092176735401154,
      -0.17066089808940887,
      -0.09016924351453781,
      -0.11596206575632095
    ],
    [
      0.19763076305389404,
      0.18391741812229156,
      -0.030622035264968872,
      0.2123776078224182,
      -0.2208869457244873,
      0.0035517581272870302,
      -0.15630069375038147,
      -0.17520372569561005,
      -0.08404015749692917,
      -0.12244856357574463
    ],
    [
      0.19661927223205566,
      0.1869896799325943,
      -0.0322173647582531,
      0.21269918978214264,
      -0.22048397362232208,
      0.0026104941498488188,
      -0.15914131700992584,
      -0.1708018183708191,
      -0.0896114781498909,
      -0.12062028050422668
    ],
    [
      0.19540219008922577,
      0.19174224138259888,
      -0.03696879372000694,
      0.21288053691387177,
      -0.2190030813217163,
      0.002945027081295848,
      -0.1643989533185959,
      -0.16318362951278687,
      -0.09805018454790115,
      -0.11685246229171753
    ],
    [
      0.19438409805297852,
      0.19380362331867218,
      -0.039980530738830566,
      0.21298988163471222,
      -0.21785835921764374,
      0.0010131419403478503,
      -0.16787512600421906,
      -0.15729153156280518,
      -0.10481496900320053,
      -0.11601829528808594
    ],
    [
      0.194210484623909,
      0.19010339677333832,
      -0.03470555320382118,
      0.21240085363388062,
      -0.21977359056472778,
      -0.00043328790343366563,
      -0.16358013451099396,
      -0.16239695250988007,
      -0.09910047054290771,
      -0.12077035754919052
    ],
    [
      0.1931595653295517,
      0.1913272738456726,
      -0.03527495265007019,
      0.2126103639602661,
      -0.2195606231689453,
      -0.002122897654771805,
      -0.1649419516324997,
      -0.15959513187408447,
      -0.10292727500200272,
      -0.12078556418418884
    ],
    [
      0.1937524825334549,
      0.19107837975025177,
      -0.03554742410778999,
      0.21267648041248322,
      -0.21937322616577148,
      -0.001220645266585052,
      -0.16437731683254242,
      -0.16100464761257172,
      -0.10130724310874939,
      -0.11995816975831985
    ],
    [
      0.19384445250034332,
      0.19201481342315674,
      -0.03865058720111847,
      0.21323953568935394,
      -0.21806760132312775,
      -0.002265236573293805,
      -0.1666918396949768,
      -0.1578514277935028,
      -0.1054377481341362,
      -0.1184459999203682
    ],
    [
      0.19191469252109528,
      0.19188635051250458,
      -0.03193102777004242,
      0.21151871979236603,
      -0.22125041484832764,
      -0.0033218308817595243,
      -0.16484718024730682,
      -0.15882374346256256,
      -0.10243908315896988,
      -0.12320125102996826
    ],
    [
      0.19122135639190674,
      0.19436775147914886,
      -0.03667371720075607,
      0.21162404119968414,
      -0.2196018546819687,
      -0.004956227261573076,
      -0.16926343739032745,
      -0.1521519273519516,
      -0.10998471826314926,
      -0.12106853723526001
    ],
    [
      0.19162805378437042,
      0.19376903772354126,
      -0.036979373544454575,
      0.2117195576429367,
      -0.21941272914409637,
      -0.004768812097609043,
      -0.16888844966888428,
      -0.15295757353305817,
      -0.10912179201841354,
      -0.12092995643615723
    ],
    [
      0.1917954534292221,
      0.19296735525131226,
      -0.036463115364313126,
