{
  "tempos": [
    0.0,
    0.5,
    1.0,
    1.5,
    2.0,
    2.5,
    3.0,
    3.5,
    4.0,
    4.5,
    5.0,
    5.5,
    6.0,
    6.5,
    7.0,
    7.5,
    8.0,
    8.5,
    9.0,
    9.5,
    10.0,
    10.5,
    11.0,
    11.5,
    12.0,
    12.5,
    13.0,
    13.5,
    14.0,
    14.5,
    15.0
  ],
  "engajamentoneural": [
    44.43676997140034,
    50.86914686443203,
    60.48433510561569,
    68.73869626200563,
    73.35641848492524,
    74.74841054330503,
    74.25102179304301,
    73.0630544991842,
    71.90682288239555,
    71.03753613724216,
    70.43170936914083,
    69.98441225611552,
    69.62237161258616,
    69.32621292558242,
    69.10249723088681,
    68.95192949328437,
    68.87154581677677,
    68.88478770971248,
    69.0411572099885,
    69.3356458060604,
    69.60551756848247,
    69.55596098871221,
    68.97103336273669,
    67.94554723891169,
    66.89026999884116,
    66.24463179167272,
    66.13726447191523,
    66.31703142167737,
    66.41120633725322,
    66.26807169201271,
    66.06657531297974
  ],
  "cognitivedemand": [
    34.166257519046596,
    41.8309260245228,
    48.810419866342095,
    51.92768634380953,
    57.4316027200514,
    55.22676410276736,
    49.62069171020176,
    44.85177998044414,
    54.38222290179925,
    55.283280388633074,
    57.6553841466394,
    63.50203313850824,
    67.58541670218368,
    66.10656433969264,
    65.02779929453649,
    65.54703145563192,
    65.18493258250629,
    63.41161625483362,
    64.16769730889595,
    44.9472668636909,
    62.93603190961376,
    69.31045733065419,
    69.22839694395903,
    30.576031740805075,
    45.647984920253656,
    57.80704060556873,
    63.97418841305707,
    64.10503065935174,
    63.52594318820808,
    58.32074172782326,
    56.196688065725034
  ],
  "focus": [
    9.48867032824647,
    18.792797405456525,
    53.88053907733297,
    48.27357917360935,
    39.70870749076264,
    37.81259247208748,
    43.7724608640036,
    44.16630552308771,
    46.510485150910554,
    54.957747880731034,
    61.450004169383895,
    52.24788793304619,
    33.60700510131641,
    37.343753424767534,
    48.44399817466446,
    51.66367033336805,
    48.13202592755273,
    42.61807135085584,
    37.741968963139136,
    45.220449755277336,
    40.588610469791696,
    19.512206126887385,
    30.747510615935518,
    47.63894387557157,
    25.514494807528997,
    27.444442514129058,
    26.24815052692666,
    21.572617811022038,
    17.562248926725136,
    16.41411625351473,
    17.96167935878933
  ],
  "embeddings": [
    [
      0.20062589645385742,
      0.19588369131088257,
      -0.05538375675678253,
      0.21135224401950836,
      -0.21282444894313812,
      0.009105471894145012,
      -0.17547279596328735,
      -0.15305787324905396,
      -0.10611694306135178,
      -0.10258974879980087
    ],
    [
      0.19968503713607788,
      0.19439126551151276,
      -0.05097140371799469,
      0.2088652104139328,
      -0.21474754810333252,
      0.005926350597292185,
      -0.17452353239059448,
      -0.15275485813617706,
      -0.1052611842751503,
      -0.10634533315896988
    ],
    [
      0.1999109536409378,
      0.19375167787075043,
      -0.04947119578719139,
      0.2096477895975113,
      -0.2150803655385971,
      0.007637951523065567,
      -0.17238746583461761,
      -0.1564035564661026,
      -0.10161007195711136,
      -0.10667728632688522
    ],
    [
      0.20300638675689697,
      0.1925596445798874,
      -0.05330037698149681,
      0.21202166378498077,
      -0.21307824552059174,
      0.011806069873273373,
      -0.17103852331638336,
      -0.16155879199504852,
      -0.09689262509346008,
      -0.10247170925140381
    ],
    [
      0.20062768459320068,
      0.1887526512145996,
      -0.04702761396765709,
      0.21322864294052124,
      -0.21455968916416168,
      0.00624351529404521,
      -0.16615904867649078,
      -0.16463549435138702,
      -0.09582352638244629,
      -0.11046250909566879
    ],
    [
      0.20197159051895142,
      0.1870039850473404,
      -0.0425398163497448,
      0.21359479427337646,
      -0.21630851924419403,
      0.009215392172336578,
      -0.1616658717393875,
      -0.17259560525417328,
      -0.08676039427518845,
      -0.11094965785741806
    ],
    [
      0.20157389342784882,
      0.19250760972499847,
      -0.0510527603328228,
      0.21430812776088715,
      -0.21321739256381989,
      0.010249776765704155,
      -0.1688002198934555,
      -0.16324567794799805,
      -0.09739800542593002,
      -0.10444682836532593
    ],
    [
      0.20163436233997345,
      0.19356103241443634,
      -0.053972095251083374,
      0.21446315944194794,
      -0.21203361451625824,
      0.010168876498937607,
      -0.17080020904541016,
      -0.16063402593135834,
      -0.10041472315788269,
      -0.1027829647064209
    ],
    [
      0.20109081268310547,
      0.1926637887954712,
      -0.05146755278110504,
      0.21407772600650787,
      -0.21308647096157074,
      0.00914823543280363,
      -0.16955776512622833,
      -0.16159497201442719,
      -0.09914100170135498,
      -0.10500428080558777
    ],
    [
      0.19976867735385895,
      0.19643358886241913,
      -0.05405709519982338,
      0.21372675895690918,
      -0.21254746615886688,
      0.009383185766637325,
      -0.17341530323028564,
      -0.15563273429870605,
      -0.10489115118980408,
      -0.1031041219830513
    ],
    [
      0.20099367201328278,
      0.19371800124645233,
      -0.05424155294895172,
      0.21441765129566193,
      -0.21196119487285614,
      0.008129524998366833,
      -0.17160741984844208,
      -0.15864813327789307,
      -0.10285057872533798,
      -0.10365533828735352
    ],
    [
      0.2013990730047226,
      0.19086037576198578,
      -0.048654619604349136,
      0.21412713825702667,
      -0.21400701999664307,
      0.009137897752225399,
      -0.1668078899383545,
      -0.16553066670894623,
      -0.09497755765914917,
      -0.10676750540733337
    ],
    [
      0.20103996992111206,
      0.1926555633544922,
      -0.049001604318618774,
      0.21407431364059448,
      -0.21413564682006836,
      0.010412278585135937,
      -0.16793687641620636,
      -0.16409564018249512,
      -0.09621280431747437,
      -0.1056952252984047
    ],
    [
      0.20037876069545746,
      0.19646614789962769,
      -0.05486437678337097,
      0.21416491270065308,
      -0.21207071840763092,
      0.010060709901154041,
      -0.17335350811481476,
      -0.15628419816493988,
      -0.10468492656946182,
      -0.10216202586889267
    ],
    [
      0.2009040266275406,
      0.19616667926311493,
      -0.05695153400301933,
      0.21443121135234833,
      -0.21113304793834686,
      0.009772823192179203,
      -0.17403145134449005,
      -0.15569423139095306,
      -0.10568022727966309,
      -0.10114765912294388
    ],
    [
      0.20149268209934235,
      0.1941862851381302,
      -0.05520360544323921,
      0.21449191868305206,
      -0.2116040140390396,
      0.0097467927262187,
      -0.1717861294746399,
      -0.1590774953365326,
      -0.1022052988409996,
      -0.1022917628288269
    ],
    [
      0.20231759548187256,
      0.19051975011825562,
      -0.049543991684913635,
      0.21425370872020721,
      -0.21360808610916138,
      0.010656557977199554,
      -0.16647295653820038,
      -0.1666964888572693,
      -0.09353756159543991,
      -0.10572335869073868
    ],
    [
      0.2022913247346878,
      0.19204433262348175,
      -0.05112992599606514,
      0.21452488005161285,
      -0.21310172975063324,
      0.01151490118354559,
      -0.16782836616039276,
      -0.1650402992963791,
      -0.09534015506505966,
      -0.10393384844064713
    ],
    [
      0.2018381506204605,
      0.19436758756637573,
      -0.05468961223959923,
      0.21461814641952515,
      -0.21188390254974365,
      0.01121994387358427,
      -0.17120355367660522,
      -0.160208061337471,
      -0.10058484226465225,
      -0.10180547833442688
