{
  "tempos": [
    0.0,
    0.5,
    1.0,
    1.5,
    2.0,
    2.5,
    3.0,
    3.5,
    4.0,
    4.5,
    5.0,
    5.5,
    6.0,
    6.5,
    7.0,
    7.5,
    8.0,
    8.5,
    9.0,
    9.5,
    10.0,
    10.5,
    11.0,
    11.5,
    12.0,
    12.5,
    13.0,
    13.5,
    14.0,
    14.5,
    15.0
  ],
  "engajamentoneural": [
    46.53581491238427,
    52.70853345754256,
    62.01894266561403,
    70.33225040168536,
    75.48259461217066,
    77.58413411373131,
    77.53992767466093,
    76.2550756929951,
    74.49870560748974,
    72.83636196539241,
    71.55793595546763,
    70.71925847462126,
    70.27342575373456,
    70.1712971489651,
    70.38644613781885,
    70.89665688581131,
    71.6508333662076,
    72.5258076729354,
    73.30813988613133,
    73.7589306775974,
    73.74645016478135,
    73.32996180054765,
    72.70073302379878,
    72.03696897287482,
    71.43210135635982,
    70.95080338305245,
    70.67522227958911,
    70.63002661254556,
    70.70864331029858,
    70.76562530193853,
    70.76694418345055
  ],
  "cognitivedemand": [
    25.36184234647419,
    36.11720642395573,
    36.41569852970391,
    42.352216506627926,
    62.91180328311613,
    56.83328231831141,
    62.08518918019853,
    72.79452396661333,
    67.52747122089517,
    75.21453173254964,
    89.103229152861,
    54.9150887868349,
    54.09061716990885,
    58.63395342485932,
    62.620848139096935,
    67.32774494450179,
    67.00262681399869,
    67.61606299342122,
    67.53165529018966,
    60.43457455497216,
    32.93681303281462,
    47.57213158506173,
    50.717494386293936,
    54.79225229764025,
    58.01201139348764,
    49.39097812005723,
    29.18329402589052,
    43.80418587565553,
    49.30876493251749,
    50.99094577875683,
    51.219602274093596
  ],
  "focus": [
    11.756274313866749,
    21.91570219293873,
    49.52452423612089,
    35.870795089977676,
    45.93020732446327,
    50.30577908324999,
    31.460229374326218,
    16.993219480713957,
    15.275593049605778,
    10.940059503318647,
    14.991028844889813,
    17.971258990396308,
    11.574689826606761,
    14.321245164333233,
    12.222839210884953,
    10.236401768252176,
    14.693731109880465,
    13.163592530008204,
    12.83920495363175,
    21.97290639047679,
    37.435416828721316,
    48.79178345757138,
    34.19645590721873,
    21.467580888687152,
    27.83259648051219,
    14.284336800868136,
    9.316614808341022,
    21.882029668634765,
    18.122322768154095,
    9.976813250211984,
    8.933297382414638
  ],
  "embeddings": [
    [
      0.19624705612659454,
      0.19516606628894806,
      -0.04537183418869972,
      0.21001100540161133,
      -0.215867280960083,
      0.0021466014441102743,
      -0.17227815091609955,
      -0.15229900181293488,
      -0.107801653444767,
      -0.11067721992731094
    ],
    [
      0.19537068903446198,
      0.19490109384059906,
      -0.043744463473558426,
      0.20983009040355682,
      -0.21690072119235992,
      0.002297038212418556,
      -0.17149537801742554,
      -0.15318334102630615,
      -0.10584432631731033,
      -0.11262810230255127
    ],
    [
      0.19752287864685059,
      0.19522768259048462,
      -0.048302266746759415,
      0.21165938675403595,
      -0.21503333747386932,
      0.006158494856208563,
      -0.1719300001859665,
      -0.15534883737564087,
      -0.10399015992879868,
      -0.1083308756351471
    ],
    [
      0.1949281096458435,
      0.20021235942840576,
      -0.04839812591671944,
      0.21105866134166718,
      -0.2154710292816162,
      0.006403807085007429,
      -0.1759157031774521,
      -0.14855588972568512,
      -0.11091221123933792,
      -0.10742688179016113
    ],
    [
      0.19551348686218262,
      0.20433580875396729,
      -0.0550575852394104,
      0.21231408417224884,
      -0.21315209567546844,
      0.009050060994923115,
      -0.18045634031295776,
      -0.14404438436031342,
      -0.1161065474152565,
      -0.10203523188829422
    ],
    [
      0.20105819404125214,
      0.20048047602176666,
      -0.06613599509000778,
      0.21534223854541779,
      -0.20756657421588898,
      0.009532286785542965,
      -0.18114234507083893,
      -0.14724917709827423,
      -0.11555641889572144,
      -0.09515029191970825
    ],
    [
      0.2031949758529663,
      0.19147361814975739,
      -0.05594133213162422,
      0.2148168832063675,
      -0.21087072789669037,
      0.010443584062159061,
      -0.16992954909801483,
      -0.1634141504764557,
      -0.09763739258050919,
      -0.10223384946584702
    ],
    [
      0.2043464034795761,
      0.1905732899904251,
      -0.05326548591256142,
      0.215301975607872,
      -0.21183569729328156,
      0.014297190122306347,
      -0.1666097640991211,
      -0.16908685863018036,
      -0.09103768318891525,
      -0.10194060206413269
    ],
    [
      0.20509803295135498,
      0.1937212198972702,
      -0.058714911341667175,
      0.21645313501358032,
      -0.2098374366760254,
      0.016474852338433266,
      -0.17039936780929565,
      -0.16511419415473938,
      -0.0956125482916832,
      -0.09693828225135803
    ],
    [
      0.20519888401031494,
      0.19586634635925293,
      -0.06353599578142166,
      0.2163771390914917,
      -0.20813311636447906,
      0.016687825322151184,
      -0.17411381006240845,
      -0.16063430905342102,
      -0.10044127702713013,
      -0.09369830042123795
    ],
    [
      0.20659799873828888,
      0.1927642673254013,
      -0.06407131999731064,
      0.21625488996505737,
      -0.20760583877563477,
      0.01505068689584732,
      -0.17241747677326202,
      -0.1633332222700119,
      -0.09801775962114334,
      -0.09433271735906601
    ],
    [
      0.20826613903045654,
      0.18789160251617432,
      -0.059681762009859085,
      0.21608318388462067,
      -0.20900441706180573,
      0.01588413305580616,
      -0.1668325662612915,
      -0.17164504528045654,
      -0.08894085884094238,
      -0.09727125614881516
    ],
    [
      0.2064419984817505,
      0.1915007382631302,
      -0.059476304799318314,
      0.21552766859531403,
      -0.20960478484630585,
      0.01636657305061817,
      -0.16967998445034027,
      -0.16705818474292755,
      -0.09304266422986984,
      -0.09660755842924118
    ],
    [
      0.2054675817489624,
      0.19296646118164062,
      -0.05974472686648369,
      0.21553005278110504,
      -0.20957277715206146,
      0.015944981947541237,
      -0.17098040878772736,
      -0.16442932188510895,
      -0.09582651406526566,
      -0.0966658964753151
    ],
    [
      0.20799992978572845,
      0.18923068046569824,
      -0.05945292487740517,
      0.21642287075519562,
      -0.2091488093137741,
      0.017045874148607254,
      -0.1673603057861328,
      -0.17127163708209991,
      -0.08918371796607971,
      -0.0966147780418396
    ],
    [
      0.2090756744146347,
      0.18596136569976807,
      -0.057274799793958664,
      0.21639679372310638,
      -0.20979814231395721,
      0.016810456290841103,
      -0.16431520879268646,
      -0.17564129829406738,
      -0.0846722349524498,
      -0.09842660278081894
    ],
    [
      0.20920194685459137,
      0.1854163557291031,
      -0.05401606857776642,
      0.21634282171726227,
      -0.21117641031742096,
      0.018366610631346703,
      -0.16173012554645538,
      -0.17971663177013397,
      -0.07977708429098129,
      -0.09938669949769974
    ],
    [
      0.20745344460010529,
      0.19037850201129913,
      -0.0580623596906662,
      0.21611924469470978,
      -0.21009011566638947,
      0.01849600300192833,
      -0.1671459823846817,
      -0.17122961580753326,
      -0.08836755901575089,
      -0.09658420830965042
    ],
    [
      0.20657850801944733,
      0.19478513300418854,
      -0.0630236491560936,
      0.21614360809326172,
      -0.2086038440465927,
      0.019188452512025833,
      -0.17234750092029572,
      -0.1639932543039322,
      -0.09603774547576904,
      -0.0928276851773262
