{
  "tempos": [
    0.0,
    0.5,
    1.0,
    1.5,
    2.0,
    2.5,
    3.0,
    3.5,
    4.0,
    4.5,
    5.0,
    5.5,
    6.0
  ],
  "engajamentoneural": [
    57.69831283847816,
    64.13953223005196,
    72.45401154064602,
    78.11848098183528,
    80.0403227219903,
    79.1793329711665,
    76.84938881378909,
    74.12207756048099,
    71.54586972724087,
    69.187982861009,
    66.97713708719807,
    65.06175254728487,
    63.889852054898974
  ],
  "cognitivedemand": [
    68.90177683215785,
    70.88196621944493,
    69.19355018879791,
    73.20589115154209,
    73.50462988547385,
    75.23880720847961,
    75.90582514001218,
    74.85186341091612,
    76.07241040047052,
    83.83059093909186,
    82.0839600574422,
    81.28016520137268,
    80.65824117686073
  ],
  "focus": [
    8.852140198940564,
    23.916760051858365,
    34.85627401027884,
    24.39212337900754,
    48.35735503755075,
    44.20874861744436,
    25.182320385960896,
    28.940042406410278,
    53.19726380226686,
    43.462330445497,
    33.62949065859037,
    21.705207632352657,
    18.398706599100155
  ],
  "embeddings": [
    [
      0.19880332052707672,
      0.1965237855911255,
      -0.04816334322094917,
      0.21212171018123627,
      -0.2149936407804489,
      0.010474379174411297,
      -0.17172639071941376,
      -0.1575034111738205,
      -0.10214831680059433,
      -0.1057896688580513
    ],
    [
      0.1941612809896469,
      0.2010599821805954,
      -0.048058319836854935,
      0.21173661947250366,
      -0.2155390828847885,
      0.0036301237996667624,
      -0.17684464156627655,
      -0.14606554806232452,
      -0.11488325148820877,
      -0.1084674820303917
    ],
    [
      0.193581685423851,
      0.20561712980270386,
      -0.05312285199761391,
      0.21268899738788605,
      -0.21385438740253448,
      0.005186023656278849,
      -0.18182508647441864,
      -0.1396128535270691,
      -0.12172836065292358,
      -0.10467445105314255
    ],
    [
      0.1953156739473343,
      0.20282085239887238,
      -0.058551859110593796,
      0.21373580396175385,
      -0.21139101684093475,
      0.0030713032465428114,
      -0.1826767921447754,
      -0.13946355879306793,
      -0.1234239712357521,
      -0.10341313481330872
    ],
    [
      0.19606782495975494,
      0.19814564287662506,
      -0.05067649111151695,
      0.21287576854228973,
      -0.21419310569763184,
      0.00408937269821763,
      -0.17584854364395142,
      -0.14864414930343628,
      -0.11256387084722519,
      -0.10796183347702026
    ],
    [
      0.19678397476673126,
      0.19888395071029663,
      -0.054008085280656815,
      0.21330958604812622,
      -0.21293854713439941,
      0.004999564960598946,
      -0.1775507926940918,
      -0.14701716601848602,
      -0.11455931514501572,
      -0.10532593727111816
    ],
    [
      0.19686667621135712,
      0.1985951066017151,
      -0.05444975569844246,
      0.21331222355365753,
      -0.21298255026340485,
      0.00523394113406539,
      -0.1777527779340744,
      -0.14670789241790771,
      -0.11484987288713455,
      -0.1052476167678833
    ],
    [
      0.19953860342502594,
      0.194182351231575,
      -0.053292304277420044,
      0.21423988044261932,
      -0.21280403435230255,
      0.007002741564065218,
      -0.1730199009180069,
      -0.15513348579406738,
      -0.10626750439405441,
      -0.10552642494440079
    ],
    [
      0.20083385705947876,
      0.19186122715473175,
      -0.051765426993370056,
      0.21451936662197113,
      -0.21303217113018036,
      0.008318622596561909,
      -0.17000579833984375,
      -0.16015394032001495,
      -0.10094896703958511,
      -0.10596760362386703
    ],
    [
      0.20175297558307648,
      0.1919688731431961,
      -0.054347146302461624,
      0.21523813903331757,
      -0.2118980884552002,
      0.009342888370156288,
      -0.17062701284885406,
      -0.16049271821975708,
      -0.10130947828292847,
      -0.10396638512611389
    ],
    [
      0.20152521133422852,
      0.18940913677215576,
      -0.047493740916252136,
      0.21458417177200317,
      -0.21455907821655273,
      0.010266521014273167,
      -0.16562508046627045,
      -0.16689831018447876,
      -0.09356122463941574,
      -0.10805109143257141
    ],
    [
      0.2011842280626297,
      0.19412918388843536,
      -0.05452457442879677,
      0.21475167572498322,
      -0.2121105194091797,
      0.010373853147029877,
      -0.171978160738945,
      -0.15839965641498566,
      -0.10272852331399918,
      -0.10296261310577393
    ],
    [
      0.20138998329639435,
      0.19544632732868195,
      -0.058461520820856094,
      0.2148311734199524,
      -0.21070104837417603,
      0.009800552390515804,
      -0.1748456358909607,
      -0.1547471433877945,
      -0.1069130077958107,
      -0.10073075443506241
    ],
    [
      0.20427745580673218,
      0.1916845589876175,
      -0.0592350959777832,
      0.21597324311733246,
      -0.2099425345659256,
      0.010628964751958847,
      -0.17163991928100586,
      -0.16123899817466736,
      -0.10065799951553345,
      -0.09989717602729797
    ],
    [
      0.20390570163726807,
      0.18975462019443512,
      -0.0571809820830822,
      0.21446911990642548,
      -0.21109390258789062,
      0.008518832735717297,
      -0.1709846705198288,
      -0.16118870675563812,
      -0.1002933457493782,
      -0.10273218154907227
    ],
    [
      0.2048168033361435,
      0.18637597560882568,
      -0.052200037986040115,
      0.21451668441295624,
      -0.2126922458410263,
      0.009465156123042107,
      -0.16579113900661469,
      -0.16860242187976837,
      -0.09215652197599411,
      -0.10544712096452713
    ],
    [
      0.20380906760692596,
      0.18671710789203644,
      -0.04942050576210022,
      0.2139420062303543,
      -0.21386022865772247,
      0.008936208672821522,
      -0.16494370996952057,
      -0.16909126937389374,
      -0.0914713516831398,
      -0.10698536783456802
    ],
    [
      0.2006613165140152,
      0.1903589367866516,
      -0.049014221876859665,
      0.21229279041290283,
      -0.21462328732013702,
      0.005645591765642166,
      -0.16890788078308105,
      -0.16104288399219513,
      -0.09951642155647278,
      -0.10843395441770554
    ]
  ]
}