{
  "tempos": [
    0.0,
    0.5,
    1.0,
    1.5,
    2.0,
    2.5,
    3.0,
    3.5,
    4.0,
    4.5,
    5.0,
    5.5,
    6.0,
    6.5,
    7.0,
    7.5,
    8.0,
    8.5,
    9.0,
    9.5,
    10.0,
    10.5,
    11.0,
    11.5,
    12.0,
    12.5,
    13.0,
    13.5,
    14.0,
    14.5,
    15.0
  ],
  "engajamentoneural": [
    48.30375370688573,
    53.86054269893016,
    62.040305866695334,
    69.14257055623996,
    73.40865443012831,
    75.09910776491677,
    75.17316184616692,
    74.52546766207155,
    73.74459259341928,
    73.09093098054191,
    72.62215017299025,
    72.35784891327093,
    72.3424001607045,
    72.57327881845896,
    72.90448178342794,
    73.06728068983996,
    72.83209003301,
    72.17974220089172,
    71.33133913284203,
    70.60353312682133,
    70.20342951324776,
    70.12449529438523,
    70.20304936530302,
    70.26766956391623,
    70.2666726532102,
    70.27971590865954,
    70.39917693127556,
    70.59578581114019,
    70.7317017060293,
    70.72394956618653,
    70.652533074433
  ],
  "cognitivedemand": [
    30.360410139077537,
    45.66306021281995,
    37.443369415749004,
    40.12931922443716,
    57.71019415388929,
    51.016608352308886,
    45.47155511933274,
    58.29622108624142,
    64.24549056266527,
    74.25310643843888,
    81.58649064765346,
    53.89002726389608,
    82.54727165220491,
    73.62611554657943,
    74.27262893434546,
    77.19061583710825,
    60.91695107669412,
    43.866539159937645,
    47.548866016068324,
    52.40275736230678,
    58.00655159765151,
    62.43201475198915,
    68.16149448397314,
    72.48106813983799,
    68.79275650032267,
    33.16345469173058,
    56.996806773352944,
    64.62779091444983,
    64.31203371879555,
    62.27947828170256,
    62.30516650111899
  ],
  "focus": [
    12.20916115097905,
    19.337869295498407,
    42.14189850874318,
    35.237841496410496,
    45.953718431236375,
    54.44736145105105,
    28.418363153574216,
    28.331695608046143,
    28.796495254594113,
    14.961596187943984,
    14.394769234304276,
    13.835525143924677,
    15.51202151840592,
    23.779328372713394,
    11.587929823371775,
    12.16732779336983,
    11.665270658280932,
    12.038872781779585,
    12.721596383948654,
    14.482046660804594,
    10.772502524378327,
    9.56460632012929,
    10.326336110772058,
    12.653981229828862,
    11.494879180765645,
    9.386639841396203,
    9.345994052024034,
    13.475780989721432,
    14.938632183905883,
    11.249247266097713,
    10.75765806257571
  ],
  "embeddings": [
    [
      0.19698373973369598,
      0.19255757331848145,
      -0.04719223082065582,
      0.2094288319349289,
      -0.215409055352211,
      -0.003161992644891143,
      -0.17365801334381104,
      -0.1498975306749344,
      -0.1107902005314827,
      -0.11273882538080215
    ],
    [
      0.19856369495391846,
      0.18702299892902374,
      -0.03976767510175705,
      0.21042180061340332,
      -0.21785442531108856,
      0.0017770520644262433,
      -0.1643799990415573,
      -0.16488195955753326,
      -0.09411615878343582,
      -0.11658772826194763
    ],
    [
      0.1993824988603592,
      0.18959154188632965,
      -0.04314568638801575,
      0.21188455820083618,
      -0.21663685142993927,
      0.005833094473928213,
      -0.16584868729114532,
      -0.1645158976316452,
      -0.09471571445465088,
      -0.11206856369972229
    ],
    [
      0.19818778336048126,
      0.19272011518478394,
      -0.04610123112797737,
      0.21172291040420532,
      -0.21573472023010254,
      0.004674056079238653,
      -0.17004437744617462,
      -0.15779520571231842,
      -0.10199594497680664,
      -0.11049435287714005
    ],
    [
      0.19799137115478516,
      0.19545312225818634,
      -0.049559783190488815,
      0.21287719905376434,
      -0.21436481177806854,
      0.006126963999122381,
      -0.1723148673772812,
      -0.15514256060123444,
      -0.10545077174901962,
      -0.10745161771774292
    ],
    [
      0.1979423314332962,
      0.19373618066310883,
      -0.0505291186273098,
      0.21336382627487183,
      -0.2135968804359436,
      0.002714482368901372,
      -0.1722225546836853,
      -0.15438775718212128,
      -0.10780984908342361,
      -0.10889089852571487
    ],
    [
      0.1980048418045044,
      0.18940822780132294,
      -0.04467083886265755,
      0.21300096809864044,
      -0.21559427678585052,
      0.0010357674909755588,
      -0.16731996834278107,
      -0.1604485809803009,
      -0.10145288705825806,
      -0.11404696851968765
    ],
    [
      0.19697336852550507,
      0.18720167875289917,
      -0.03961745277047157,
      0.21244646608829498,
      -0.21756519377231598,
      -0.0011750272242352366,
      -0.164527028799057,
      -0.16283223032951355,
      -0.09898938983678818,
      -0.11854735016822815
    ],
    [
      0.1965150386095047,
      0.18614347279071808,
      -0.03580797091126442,
      0.2121717482805252,
      -0.2191220074892044,
      -0.0012794099748134613,
      -0.16229505836963654,
      -0.16568362712860107,
      -0.09572544693946838,
      -0.12079170346260071
    ],
    [
      0.1948028802871704,
      0.18781764805316925,
      -0.0358629934489727,
      0.2116909772157669,
      -0.21935521066188812,
      -0.003957034554332495,
      -0.16442500054836273,
      -0.16118083894252777,
      -0.10084282606840134,
      -0.12177044153213501
    ],
    [
      0.19526952505111694,
      0.1874052733182907,
      -0.03638781979680061,
      0.2123831957578659,
      -0.21886761486530304,
      -0.0032606173772364855,
      -0.1636848896741867,
      -0.16260695457458496,
      -0.0996694266796112,
      -0.12139160186052322
    ],
    [
      0.19543755054473877,
      0.18626858294010162,
      -0.03543253242969513,
      0.21248920261859894,
      -0.21908660233020782,
      -0.0035766195505857468,
      -0.16244347393512726,
      -0.16422121226787567,
      -0.09822160750627518,
      -0.12234124541282654
    ],
    [
      0.19720016419887543,
      0.18594665825366974,
      -0.03705881908535957,
      0.21306194365024567,
      -0.2183241844177246,
      -0.0005442987312562764,
      -0.16173730790615082,
      -0.16715888679027557,
      -0.09489696472883224,
      -0.11967740207910538
    ],
    [
      0.19726921617984772,
      0.18639032542705536,
      -0.038739707320928574,
      0.21326571702957153,
      -0.21763022243976593,
      -0.002062560524791479,
      -0.16323962807655334,
      -0.16501110792160034,
      -0.09775000065565109,
      -0.11913648992776871
    ],
    [
      0.19748832285404205,
      0.18461908400058746,
      -0.03493305295705795,
      0.2130535989999771,
      -0.21902382373809814,
      -0.0004322174936532974,
      -0.15983596444129944,
      -0.16984494030475616,
      -0.09201561659574509,
      -0.12101642042398453
    ],
    [
      0.19999299943447113,
      0.18473009765148163,
      -0.042182277888059616,
      0.21409767866134644,
      -0.21607090532779694,
      -0.00020851644512731582,
      -0.16272352635860443,
      -0.16774509847164154,
      -0.09515634924173355,
      -0.1161046102643013
    ],
    [
      0.19897760450839996,
      0.1809883862733841,
      -0.03283217176795006,
      0.21244169771671295,
      -0.21982063353061676,
      -0.0009021175210364163,
      -0.15690837800502777,
      -0.17461931705474854,
      -0.08665189892053604,
      -0.12268955260515213
    ],
    [
      0.19811640679836273,
      0.1843382567167282,
      -0.03455051779747009,
      0.21241521835327148,
      -0.21953237056732178,
      0.00039322907105088234,
      -0.15966524183750153,
      -0.17055439949035645,
      -0.09060200303792953,
      -0.1204804852604866
    ],
    [
      0.19740860164165497,
      0.18719632923603058,
      -0.03858884796500206,
      0.21252502501010895,
      -0.21815843880176544,
      -0.0004618363454937935,
      -0.16379520297050476,
      -0.1642671823501587,
