{
  "tempos": [
    0.0,
    0.5,
    1.0,
    1.5,
    2.0,
    2.5,
    3.0,
    3.5,
    4.0,
    4.5,
    5.0,
    5.5,
    6.0,
    6.5,
    7.0,
    7.5,
    8.0,
    8.5,
    9.0,
    9.5,
    10.0,
    10.5,
    11.0,
    11.5,
    12.0,
    12.5,
    13.0,
    13.5,
    14.0,
    14.5,
    15.0
  ],
  "engajamentoneural": [
    43.593252105621715,
    49.16341731480423,
    57.61022383063681,
    65.14060725134591,
    69.59302963157961,
    70.97394617811004,
    70.24469339626322,
    68.49791983854175,
    66.66774065481805,
    65.40824118434514,
    65.05075557272278,
    65.6144578411387,
    66.84958278304106,
    68.3371821433923,
    69.64407187472466,
    70.45865283344885,
    70.65938315425086,
    70.32400834473285,
    69.68285003156737,
    69.00987963193256,
    68.4922554696675,
    68.15530287178582,
    67.89113539212802,
    67.58436282500413,
    67.25704090423787,
    67.08815160377944,
    67.22716867361287,
    67.57358723365554,
    67.82849822910903,
    67.81718898499224,
    67.68535185589333
  ],
  "cognitivedemand": [
    24.109781754957403,
    36.12133056540419,
    36.81059251296977,
    34.68700641613427,
    44.795315104620435,
    41.32315463520599,
    42.22907560719454,
    43.112050735505655,
    46.761498686148286,
    56.75304875418514,
    59.42935811507525,
    38.71993516820415,
    55.5027113091323,
    51.25136640545444,
    51.02009902159649,
    61.83655883294554,
    45.453299124180774,
    35.45871570781982,
    38.0418829263443,
    40.56596136681818,
    42.48845087501208,
    43.54745847431222,
    44.52978296064721,
    46.769759874241466,
    44.29322080702083,
    24.852909204715537,
    32.12130351454839,
    41.33769214743858,
    42.66463700671771,
    42.85707166010195,
    40.921718430523775
  ],
  "focus": [
    7.889198767533731,
    10.217974846397702,
    31.248721072586015,
    24.92573306636117,
    28.36124416057905,
    24.37330824387991,
    9.545812402770515,
    17.511866755552994,
    12.230827120065783,
    9.094298011610974,
    9.229077281061254,
    9.05408757165738,
    8.450182170236156,
    9.499377622232197,
    8.287034447530829,
    12.258882930165948,
    9.236778930935028,
    9.113006814575156,
    20.338685163355557,
    18.919414895049165,
    11.400015358561925,
    10.316040758147592,
    9.10467030461217,
    9.368983632090734,
    9.863155920141372,
    9.005411108627726,
    20.02771916431365,
    31.22846300734993,
    27.795908813862415,
    23.931325267743222,
    21.779452971884343
  ],
  "embeddings": [
    [
      0.20001846551895142,
      0.19803880155086517,
      -0.06062054634094238,
      0.2119842916727066,
      -0.21049053966999054,
      0.00697187939658761,
      -0.17965666949748993,
      -0.14692102372646332,
      -0.11353973299264908,
      -0.1002383902668953
    ],
    [
      0.20125649869441986,
      0.19259648025035858,
      -0.05202241614460945,
      0.21218670904636383,
      -0.21318300068378448,
      0.009359851479530334,
      -0.17059361934661865,
      -0.16056407988071442,
      -0.09831266850233078,
      -0.10464224219322205
    ],
    [
      0.20198915898799896,
      0.19380377233028412,
      -0.05385357141494751,
      0.21338237822055817,
      -0.21240241825580597,
      0.012165234424173832,
      -0.1709766983985901,
      -0.1611541211605072,
      -0.09791625291109085,
      -0.1020706295967102
    ],
    [
      0.2000388354063034,
      0.19827139377593994,
      -0.055903349071741104,
      0.21267937123775482,
      -0.2121918648481369,
      0.011575297452509403,
      -0.175885871052742,
      -0.15324844419956207,
      -0.1059863343834877,
      -0.10062980651855469
    ],
    [
      0.1997673660516739,
      0.20074856281280518,
      -0.05975060164928436,
      0.21300406754016876,
      -0.21082890033721924,
      0.011842389591038227,
      -0.17901825904846191,
      -0.14896638691425323,
      -0.11066015809774399,
      -0.0981954038143158
    ],
    [
      0.20258040726184845,
      0.19685806334018707,
      -0.0624723844230175,
      0.21468859910964966,
      -0.20891618728637695,
      0.011063621379435062,
      -0.17678917944431305,
      -0.15377652645111084,
      -0.10768107324838638,
      -0.09697351604700089
    ],
    [
      0.20375382900238037,
      0.19208885729312897,
      -0.05818257853388786,
      0.21474404633045197,
      -0.21014033257961273,
      0.010788793675601482,
      -0.1715877652168274,
      -0.16136258840560913,
      -0.10001768916845322,
      -0.1003442108631134
    ],
    [
      0.20339952409267426,
      0.19221466779708862,
      -0.05628526583313942,
      0.21468977630138397,
      -0.21097831428050995,
      0.011762794107198715,
      -0.17053155601024628,
      -0.16256557404994965,
      -0.0981944277882576,
      -0.10107091814279556
    ],
    [
      0.20294511318206787,
      0.19434528052806854,
      -0.058600276708602905,
      0.21428023278713226,
      -0.21036255359649658,
      0.011370322667062283,
      -0.17337344586849213,
      -0.15844130516052246,
      -0.1021544337272644,
      -0.09931602329015732
    ],
    [
      0.20453818142414093,
      0.1920512318611145,
      -0.05862340331077576,
      0.21456964313983917,
      -0.2100926786661148,
      0.011644594371318817,
      -0.17141203582286835,
      -0.16232216358184814,
      -0.0983850359916687,
      -0.09916310757398605
    ],
    [
      0.20576463639736176,
      0.18749935925006866,
      -0.05352556332945824,
      0.21493081748485565,
      -0.21164964139461517,
      0.012315240688621998,
      -0.16550986468791962,
      -0.17103950679302216,
      -0.08926894515752792,
      -0.10258892178535461
    ],
    [
      0.20650213956832886,
      0.18801157176494598,
      -0.05411345884203911,
      0.2154655009508133,
      -0.21138577163219452,
      0.015010245144367218,
      -0.1649339199066162,
      -0.17283399403095245,
      -0.08713748306035995,
      -0.10072209686040878
    ],
    [
      0.20627689361572266,
      0.1922120600938797,
      -0.06067532300949097,
      0.21584995090961456,
      -0.2090480774641037,
      0.01559864729642868,
      -0.17069202661514282,
      -0.16531091928482056,
      -0.09546151012182236,
      -0.09597057104110718
    ],
    [
      0.2073238343000412,
      0.19070114195346832,
      -0.06075451895594597,
      0.21604175865650177,
      -0.20880568027496338,
      0.016112858429551125,
      -0.16944904625415802,
      -0.16780082881450653,
      -0.09295353293418884,
      -0.09578708559274673
    ],
    [
      0.20741839706897736,
      0.1900080442428589,
      -0.059887778013944626,
      0.21601945161819458,
      -0.20918025076389313,
      0.01654495857656002,
      -0.16847337782382965,
      -0.1690170168876648,
      -0.0914485976099968,
      -0.09629283100366592
    ],
    [
      0.20822137594223022,
      0.18921871483325958,
      -0.05948741361498833,
      0.2161308079957962,
      -0.20924872159957886,
      0.017293471843004227,
      -0.16758005321025848,
      -0.17092615365982056,
      -0.08934950083494186,
      -0.09597599506378174
    ],
    [
      0.20615993440151215,
      0.19287480413913727,
      -0.0604458712041378,
      0.2149331122636795,
      -0.20957235991954803,
      0.01640377938747406,
      -0.1715470403432846,
      -0.16410548985004425,
      -0.09549728780984879,
      -0.09558159112930298
    ],
    [
      0.20527209341526031,
      0.19499635696411133,
      -0.062292736023664474,
      0.21482276916503906,
      -0.20904500782489777,
      0.01597360149025917,
      -0.17395807802677155,
      -0.16036035120487213,
      -0.09936613589525223,
      -0.09451862424612045
    ],
    [
      0.20620860159397125,
      0.19410859048366547,
      -0.06295470148324966,
      0.21538345515727997,
      -0.20848971605300903,
      0.01662716269493103,
      -0.17297600209712982,
      -0.1622801274061203,
      -0.09769493341445923,
