{
  "tempos": [
    0.0,
    0.5,
    1.0,
    1.5,
    2.0,
    2.5,
    3.0,
    3.5,
    4.0,
    4.5,
    5.0,
    5.5,
    6.0,
    6.5,
    7.0,
    7.5,
    8.0,
    8.5,
    9.0,
    9.5,
    10.0,
    10.5,
    11.0,
    11.5,
    12.0,
    12.5,
    13.0,
    13.5,
    14.0,
    14.5,
    15.0,
    15.5,
    16.0
  ],
  "engajamentoneural": [
    65.31893891767253,
    71.0725081898782,
    77.96656905753632,
    82.07323274864616,
    82.75184128771518,
    80.88904786386053,
    77.60890184901686,
    73.87420021943471,
    70.22586671968143,
    66.87012724079791,
    63.988857408203216,
    61.83331124953253,
    60.48990910041644,
    59.646797045842995,
    58.704621363140554,
    57.16419989792616,
    54.93844402080293,
    52.409712784538,
    50.32198912511795,
    49.563106856475336,
    50.748917797255054,
    53.67559897123435,
    57.11813797928751,
    59.47615250970188,
    59.81922471754394,
    58.321404148725506,
    55.91020379995071,
    53.61631039342868,
    52.11572807692845,
    51.61998611433485,
    51.92842853068994,
    52.563025982382925,
    53.02451957781278
  ],
  "cognitivedemand": [
    52.82473063825982,
    56.31151928732558,
    56.01962563508144,
    59.01440300007195,
    59.51444169954367,
    59.557246018311346,
    58.59435783737994,
    59.91561866524464,
    60.94575218088391,
    55.12918460327498,
    49.007009254033214,
    50.436455564813365,
    56.737519613327024,
    65.25955385525008,
    59.47988213519476,
    52.920448236395956,
    52.431500782548035,
    51.98405040112709,
    52.141962243506825,
    44.6036920319425,
    45.27829242155551,
    51.7449475304398,
    62.52296516958761,
    62.995969417898735,
    48.591412024301846,
    50.41954206913427,
    53.95834239051185,
    58.8613985846696,
    62.281192374451614,
    55.44917030985572,
    52.43167489859853,
    64.78440065120834,
    69.16765165460806
  ],
  "focus": [
    34.1358035365823,
    33.68496038059038,
    69.77559366828444,
    83.60093631803758,
    87.82897825941932,
    91.66329353300769,
    91.75525757036547,
    91.70652480849529,
    94.10611801894245,
    96.39088828570242,
    94.16303319207088,
    91.00714739540534,
    87.18793588695343,
    82.38466617315568,
    73.63556429068008,
    42.382717087470134,
    22.53000043612897,
    28.72853047116478,
    23.337552326462443,
    30.25334232473393,
    30.327414521789716,
    17.456701074580028,
    47.15003388009057,
    81.63954699779083,
    79.95323184840625,
    85.20381125246175,
    93.39463571715977,
    55.74186602307793,
    50.511621076462646,
    76.40136276146146,
    96.0949031989116,
    93.75251576076516,
    74.01110149970478
  ],
  "embeddings": [
    [
      0.20217283070087433,
      0.18632952868938446,
      -0.04151620343327522,
      0.2135559767484665,
      -0.2162749171257019,
      0.00880794320255518,
      -0.16128969192504883,
      -0.17291326820850372,
      -0.0871400460600853,
      -0.11170611530542374
    ],
    [
      0.1997012048959732,
      0.18792909383773804,
      -0.03852520138025284,
      0.21344207227230072,
      -0.21796172857284546,
      0.007121643517166376,
      -0.16129665076732635,
      -0.1711902618408203,
      -0.08880587667226791,
      -0.11434442549943924
    ],
    [
      0.19818902015686035,
      0.19332118332386017,
      -0.04498399794101715,
      0.21366262435913086,
      -0.2159261703491211,
      0.006969986017793417,
      -0.16782282292842865,
      -0.1611977368593216,
      -0.09932803362607956,
      -0.11024155467748642
    ],
    [
      0.19648213684558868,
      0.19866962730884552,
      -0.05061318352818489,
      0.21391801536083221,
      -0.2140493541955948,
      0.006450963672250509,
      -0.1740310937166214,
      -0.15178853273391724,
      -0.10969722270965576,
      -0.1064649298787117
    ],
    [
      0.1947200894355774,
      0.20138107240200043,
      -0.05167531967163086,
      0.21364380419254303,
      -0.21394753456115723,
      0.005309309344738722,
      -0.1768031120300293,
      -0.14659245312213898,
      -0.11508720368146896,
      -0.10638973861932755
    ],
    [
      0.1944996565580368,
      0.19968290627002716,
      -0.04926764965057373,
      0.21347911655902863,
      -0.21473650634288788,
      0.003779493970796466,
      -0.17506255209445953,
      -0.1484549194574356,
      -0.1133134737610817,
      -0.10874838382005692
    ],
    [
      0.19520795345306396,
      0.19536007940769196,
      -0.045884475111961365,
      0.21358127892017365,
      -0.21551407873630524,
      0.0012768283486366272,
      -0.17112968862056732,
      -0.15348581969738007,
      -0.1090087890625,
      -0.11220479756593704
    ],
    [
      0.19429552555084229,
      0.19260330498218536,
      -0.03766704723238945,
      0.21264944970607758,
      -0.21877478063106537,
      0.0008258376619778574,
      -0.16612227261066437,
      -0.1593153029680252,
      -0.10197985172271729,
      -0.11781109124422073
    ],
    [
      0.19365590810775757,
      0.19690649211406708,
      -0.04285277798771858,
      0.21305955946445465,
      -0.2171291559934616,
      0.0018384360009804368,
      -0.17116679251194,
      -0.15244482457637787,
      -0.10935863107442856,
      -0.11369451880455017
    ],
    [
      0.19364888966083527,
      0.19724898040294647,
      -0.044100429862737656,
      0.21307684481143951,
      -0.2166280299425125,
      0.0013820528984069824,
      -0.17199468612670898,
      -0.1511232852935791,
      -0.11072570085525513,
      -0.11324850469827652
    ],
    [
      0.1935786008834839,
      0.1983533501625061,
      -0.04597802460193634,
      0.2136361449956894,
      -0.21582365036010742,
      0.0014683430781587958,
      -0.17326772212982178,
      -0.14946790039539337,
      -0.11293593794107437,
      -0.11192720383405685
    ],
    [
      0.19303417205810547,
      0.19634787738323212,
      -0.04205065593123436,
      0.21285276114940643,
      -0.2173779010772705,
      -5.843894086865475e-06,
      -0.17103834450244904,
      -0.1514361947774887,
      -0.11053390055894852,
      -0.11539550870656967
    ],
    [
      0.19316484034061432,
      0.1958584189414978,
      -0.04290236532688141,
      0.21292968094348907,
      -0.2169284224510193,
      -0.0011703097261488438,
      -0.17138981819152832,
      -0.15086226165294647,
      -0.11169254034757614,
      -0.11536481231451035
    ],
    [
      0.19256557524204254,
      0.19531071186065674,
      -0.038995567709207535,
      0.21219176054000854,
      -0.21866410970687866,
      -0.00043107414967380464,
      -0.16943955421447754,
      -0.15316669642925262,
      -0.10807156562805176,
      -0.11780349165201187
    ],
    [
      0.18951070308685303,
      0.20584861934185028,
      -0.04865838214755058,
      0.21192209422588348,
      -0.21606886386871338,
      0.00018233549781143665,
      -0.18107372522354126,
      -0.1358914077281952,
      -0.12590494751930237,
      -0.11089498549699783
    ],
    [
      0.19072465598583221,
      0.20403294265270233,
      -0.04796984791755676,
      0.21252627670764923,
      -0.21596108376979828,
      0.0011068913154304028,
      -0.17873479425907135,
      -0.1398952454328537,
      -0.12186560779809952,
      -0.11094663292169571
    ],
    [
      0.190720796585083,
      0.20596598088741302,
      -0.051661860197782516,
      0.21294307708740234,
      -0.21456266939640045,
      0.0011270659742876887,
      -0.18155993521213531,
      -0.1361856460571289,
      -0.12608802318572998,
      -0.10847864300012589
    ],
    [
      0.19157350063323975,
      0.20129327476024628,
      -0.04668557271361351,
      0.2125324010848999,
      -0.21627753973007202,
      0.00017202987510245293,
      -0.17670254409313202,
      -0.14285852015018463,
      -0.1187780573964119,
      -0.11261308193206787
    ],
    [
      0.1960815042257309,
      0.19237661361694336,
      -0.04663429781794548,
