{
  "tempos": [
    0.0,
    0.5,
    1.0,
    1.5,
    2.0,
    2.5,
    3.0,
    3.5,
    4.0,
    4.5,
    5.0
  ],
  "engajamentoneural": [
    77.85722979583903,
    82.38120987325011,
    87.4321324551826,
    90.18836779902526,
    90.42138282815179,
    88.59063186031612,
    85.16110792892005,
    80.83911881129109,
    76.55903341117795,
    73.19239953834933,
    71.35311126893195
  ],
  "cognitivedemand": [
    74.40554574890137,
    74.7631585874438,
    76.26487798916322,
    78.64129465176663,
    78.8953120406541,
    76.86048859778086,
    75.90428097277069,
    46.86614915774113,
    47.0167176267243,
    62.57262085505815,
    62.162330725279766
  ],
  "focus": [
    10.896672108454208,
    11.244461216507261,
    10.31158248867996,
    8.38631699606425,
    32.71950650019682,
    67.4770881333274,
    65.57787611806411,
    45.06221145975852,
    9.890108454024787,
    18.99912947793032,
    11.505198688555703
  ],
  "embeddings": [
    [
      0.19549618661403656,
      0.18718205392360687,
      -0.036103636026382446,
      0.21099083125591278,
      -0.21889908611774445,
      -0.00415009306743741,
      -0.16377685964107513,
      -0.16131487488746643,
      -0.10034362226724625,
      -0.12157413363456726
    ],
    [
      0.1956106275320053,
      0.18381772935390472,
      -0.0279997531324625,
      0.2109239101409912,
      -0.22214488685131073,
      -0.002978227799758315,
      -0.15792930126190186,
      -0.16976608335971832,
      -0.0906185507774353,
      -0.12645761668682098
    ],
    [
      0.19462262094020844,
      0.18694186210632324,
      -0.030954455956816673,
      0.21130524575710297,
      -0.22131232917308807,
      -0.003445307957008481,
      -0.1615087240934372,
      -0.16482776403427124,
      -0.09645118564367294,
      -0.12417883425951004
    ],
    [
      0.19360166788101196,
      0.190729558467865,
      -0.03469443693757057,
      0.21116919815540314,
      -0.22023659944534302,
      -0.003475300734862685,
      -0.1659710705280304,
      -0.15832291543483734,
      -0.10303136706352234,
      -0.12157029658555984
    ],
    [
      0.19347669184207916,
      0.1925477236509323,
      -0.037601109594106674,
      0.211442232131958,
      -0.21913693845272064,
      -0.0030205873772501945,
      -0.16820836067199707,
      -0.15545301139354706,
      -0.1061704158782959,
      -0.1194671094417572
    ],
    [
      0.19296884536743164,
      0.1925971359014511,
      -0.03700616583228111,
      0.21103638410568237,
      -0.21945960819721222,
      -0.004003598820418119,
      -0.16846150159835815,
      -0.1545446664094925,
      -0.1070348396897316,
      -0.12030523270368576
    ],
    [
      0.19295692443847656,
      0.19257105886936188,
      -0.03611806035041809,
      0.21117611229419708,
      -0.21978728473186493,
      -0.0030615341383963823,
      -0.16764916479587555,
      -0.15581005811691284,
      -0.1054139956831932,
      -0.12050769478082657
    ],
    [
      0.1931215524673462,
      0.19482004642486572,
      -0.03936009481549263,
      0.211617574095726,
      -0.21861422061920166,
      -0.0015275306068360806,
      -0.1700037568807602,
      -0.1531926840543747,
      -0.10822810977697372,
      -0.11747916787862778
    ],
    [
      0.19315296411514282,
      0.19459129869937897,
      -0.039730675518512726,
      0.21179980039596558,
      -0.21838140487670898,
      -0.0019335439428687096,
      -0.170012965798378,
      -0.1529761552810669,
      -0.10873570293188095,
      -0.11751159280538559
    ],
    [
      0.19373734295368195,
      0.19294963777065277,
      -0.03824928030371666,
      0.21194325387477875,
      -0.21880565583705902,
      -0.001768155605532229,
      -0.16802559792995453,
      -0.1560027301311493,
      -0.10556349903345108,
      -0.11849813908338547
    ],
    [
      0.19488495588302612,
      0.1955135613679886,
      -0.042907726019620895,
      0.21292823553085327,
      -0.21701544523239136,
      0.0023060953244566917,
      -0.17002034187316895,
      -0.1553686261177063,
      -0.1060403510928154,
      -0.11331788450479507
    ],
    [
      0.19104476273059845,
      0.19705194234848022,
      -0.04003733769059181,
      0.2100587636232376,
      -0.2189459204673767,
      -0.004718467127531767,
      -0.17344968020915985,
      -0.14654693007469177,
      -0.11459576338529587,
      -0.11838533729314804
    ],
    [
      0.19038550555706024,
      0.19507254660129547,
      -0.03744089603424072,
      0.20894841849803925,
      -0.21999281644821167,
      -0.008126400411128998,
      -0.17248797416687012,
      -0.1465616673231125,
      -0.11454099416732788,
      -0.12166238576173782
    ],
    [
      0.19046300649642944,
      0.19198505580425262,
      -0.032520730048418045,
      0.20889104902744293,
      -0.22172366082668304,
      -0.008725482039153576,
      -0.1683412343263626,
      -0.15188851952552795,
      -0.10892266780138016,
      -0.12542963027954102
    ],
    [
      0.18963474035263062,
      0.19153739511966705,
      -0.029363425448536873,
      0.20798248052597046,
      -0.2231597900390625,
      -0.010159444063901901,
      -0.16749770939350128,
      -0.15206490457057953,
      -0.1082531213760376,
      -0.12785299122333527
    ]
  ]
}