{
  "tempos": [
    0.0,
    0.5,
    1.0,
    1.5,
    2.0,
    2.5,
    3.0,
    3.5,
    4.0,
    4.5,
    5.0,
    5.5,
    6.0,
    6.5,
    7.0,
    7.5,
    8.0,
    8.5,
    9.0,
    9.5,
    10.0,
    10.5,
    11.0,
    11.5,
    12.0,
    12.5,
    13.0,
    13.5,
    14.0,
    14.5,
    15.0
  ],
  "engajamentoneural": [
    55.50780560614205,
    61.38977703548658,
    69.13310426432656,
    74.52578903879132,
    76.28222042572558,
    75.1556726369492,
    72.35553595783699,
    68.76414838181128,
    64.52193177509736,
    59.12143880386026,
    52.17056850148716,
    44.586953757089795,
    39.05934951327637,
    38.69855472115697,
    45.25786025029919,
    57.34861934928569,
    69.62527052129818,
    77.42017419716163,
    80.22703845459935,
    79.37790818607402,
    76.19583040594861,
    71.93484686991623,
    67.82754223619489,
    64.87325550352452,
    63.63776852509906,
    64.16831224528748,
    66.00124154949702,
    68.31870756154261,
    70.30781399185479,
    71.5426404643838,
    72.060907444029
  ],
  "cognitivedemand": [
    37.18308091683948,
    43.878033017737515,
    40.23177820014907,
    45.70488852352027,
    47.38932162517264,
    43.36381363861834,
    39.92777187474377,
    46.96018295284287,
    44.2367221568613,
    44.28514837295663,
    38.34638512642686,
    56.91236289312537,
    59.130421988235966,
    62.28949724724017,
    74.06127802838351,
    73.47094851924552,
    71.7155549691493,
    70.54370721426709,
    70.52874322805575,
    66.58343470069144,
    67.1760178737509,
    58.23898155234888,
    41.773132483434985,
    48.81745874171797,
    49.36749620325667,
    48.003450059881125,
    48.73440237267973,
    55.592458224090045,
    64.42179146412799,
    60.84025632461309,
    62.715149385475186
  ],
  "focus": [
    8.972540014508585,
    17.267172657182275,
    33.256296381778334,
    37.666922380135674,
    40.42867854535312,
    54.03939384582203,
    44.31128497864289,
    24.2109461538161,
    32.65188428736218,
    39.239954663942974,
    13.875422641708173,
    10.640475006955038,
    10.993883418282145,
    11.408129681679545,
    7.929617189466775,
    8.96480075908126,
    12.976345302917876,
    17.847242755538456,
    31.788080048456923,
    11.278364546355844,
    25.97403239782229,
    18.161325068467445,
    8.94761415361646,
    27.789102595688608,
    48.526292730837106,
    46.40753804173422,
    50.13423739774476,
    44.02243519246573,
    13.746111135376438,
    9.93578550376185,
    12.5793374346651
  ],
  "embeddings": [
    [
      0.1986047774553299,
      0.19006069004535675,
      -0.039796989411115646,
      0.21218156814575195,
      -0.21780388057231903,
      0.006855103652924299,
      -0.1642678678035736,
      -0.1662461906671524,
      -0.09262176603078842,
      -0.11401497572660446
    ],
    [
      0.19558031857013702,
      0.1973792314529419,
      -0.04734037443995476,
      0.21354009211063385,
      -0.21515828371047974,
      0.004254308063536882,
      -0.17244403064250946,
      -0.15315689146518707,
      -0.10879407078027725,
      -0.1094403862953186
    ],
    [
      0.19594740867614746,
      0.19911880791187286,
      -0.05060034617781639,
      0.21389169991016388,
      -0.21399785578250885,
      0.005625614430755377,
      -0.17458684742450714,
      -0.15083922445774078,
      -0.11087635904550552,
      -0.10680162161588669
    ],
    [
      0.1957636922597885,
      0.1989973783493042,
      -0.051164668053388596,
      0.21408335864543915,
      -0.21367788314819336,
      0.004428161773830652,
      -0.17489667236804962,
      -0.14975017309188843,
      -0.11244232207536697,
      -0.10719845443964005
    ],
    [
      0.19672858715057373,
      0.19418127834796906,
      -0.04768307879567146,
      0.21408385038375854,
      -0.21460844576358795,
      0.0022076235618442297,
      -0.1706387996673584,
      -0.15564784407615662,
      -0.10708587616682053,
      -0.11068958044052124
    ],
    [
      0.19598086178302765,
      0.19043786823749542,
      -0.04002204164862633,
      0.21326059103012085,
      -0.21752488613128662,
      0.0002778585476335138,
      -0.16560940444469452,
      -0.16132241487503052,
      -0.10075897723436356,
      -0.11685451120138168
    ],
    [
      0.1962718814611435,
      0.19141966104507446,
      -0.04189614951610565,
      0.21333058178424835,
      -0.21685339510440826,
      0.001175559009425342,
      -0.16680115461349487,
      -0.16011206805706024,
      -0.10191348195075989,
      -0.11504331976175308
    ],
    [
      0.19526350498199463,
      0.19368456304073334,
      -0.042807403951883316,
      0.213114395737648,
      -0.21675626933574677,
      0.0012522366596385837,
      -0.16886039078235626,
      -0.15680307149887085,
      -0.10512354969978333,
      -0.11420291662216187
    ],
    [
      0.1956184357404709,
      0.19448703527450562,
      -0.045551758259534836,
      0.2136516571044922,
      -0.21555453538894653,
      0.0011855637421831489,
      -0.17036359012126923,
      -0.15498656034469604,
      -0.10754414647817612,
      -0.11235284805297852
    ],
    [
      0.1952756643295288,
      0.19247926771640778,
      -0.03936908766627312,
      0.21304763853549957,
      -0.2180783599615097,
      0.0017685909988358617,
      -0.16623352468013763,
      -0.16056829690933228,
      -0.10078555345535278,
      -0.11607327312231064
    ],
    [
      0.19529074430465698,
      0.19415397942066193,
      -0.042736027389764786,
      0.2134048342704773,
      -0.21675007045269012,
      0.0020089333411306143,
      -0.16888190805912018,
      -0.15684126317501068,
      -0.10504043102264404,
      -0.11387208849191666
    ],
    [
      0.1952434927225113,
      0.1958438754081726,
      -0.04451226070523262,
      0.2132275551557541,
      -0.21625588834285736,
      0.00303940218873322,
      -0.1706147938966751,
      -0.15477527678012848,
      -0.10673724859952927,
      -0.1120804026722908
    ],
    [
      0.19563297927379608,
      0.1960434466600418,
      -0.04618169367313385,
      0.21350537240505219,
      -0.21552468836307526,
      0.0030933350790292025,
      -0.17137686908245087,
      -0.153912752866745,
      -0.1079045906662941,
      -0.11102578788995743
    ],
    [
      0.19483990967273712,
      0.1980360746383667,
      -0.047322165220975876,
      0.21326661109924316,
      -0.21538449823856354,
      0.0033117076382040977,
      -0.17340289056301117,
      -0.1507004052400589,
      -0.11087349057197571,
      -0.11018446832895279
    ],
    [
      0.19421720504760742,
      0.20007014274597168,
      -0.050412897020578384,
      0.21369796991348267,
      -0.2142108678817749,
      0.0021811441984027624,
      -0.1762477159500122,
      -0.14638642966747284,
      -0.1161545142531395,
      -0.10854224115610123
    ],
    [
      0.19448362290859222,
      0.19914905726909637,
      -0.04953524097800255,
      0.21400870382785797,
      -0.21437527239322662,
      0.002675871131941676,
      -0.17483466863632202,
      -0.1488969773054123,
      -0.11381400376558304,
      -0.10898826271295547
    ],
    [
      0.19099192321300507,
      0.2019951492547989,
      -0.04320527985692024,
      0.21211767196655273,
      -0.21769745647907257,
      0.0019337511621415615,
      -0.17494510114192963,
      -0.14606957137584686,
      -0.11508417874574661,
      -0.11350848525762558
    ],
    [
      0.1898825317621231,
      0.20730076730251312,
      -0.05225152149796486,
      0.2126518338918686,
      -0.214463472366333,
      0.00030417079688049853,
      -0.1832149475812912,
      -0.13394932448863983,
      -0.1290440559387207,
      -0.10849237442016602
    ],
    [
      0.1890733689069748,
      0.2068444937467575,
      -0.05007809400558472,
      0.21218331158161163,
      -0.21536801755428314,
      -0.001084841787815094,
      -0.18240566551685333,
      -0.13406141102313995,
      -0.12867183983325958,
