{
  "tempos": [
    0.0,
    0.5,
    1.0,
    1.5,
    2.0,
    2.5,
    3.0,
    3.5,
    4.0,
    4.5,
    5.0
  ],
  "engajamentoneural": [
    64.42975648872597,
    70.26825779598857,
    77.30258812431327,
    81.48863909209177,
    82.05471861206432,
    79.73548583233868,
    75.48887554579682,
    70.27473006157358,
    65.00085838234577,
    60.609384282814005,
    58.07584226485466
  ],
  "cognitivedemand": [
    65.83069622521215,
    75.94219748710536,
    81.88849218507733,
    82.47321543910456,
    83.56255025991348,
    84.93723204166314,
    85.27316981073643,
    78.9204333245665,
    32.73774418249706,
    46.50586950569123,
    49.825484834629115
  ],
  "focus": [
    8.138553658021788,
    8.914832057406931,
    16.593639554582854,
    11.424185749605781,
    13.573040527462089,
    17.956165831418883,
    17.12599083845584,
    12.743767357185025,
    13.823644164956775,
    16.76522779416649,
    19.497483539484563
  ],
  "embeddings": [
    [
      0.20327357947826385,
      0.19426333904266357,
      -0.06176314875483513,
      0.21368832886219025,
      -0.20943839848041534,
      0.009893016889691353,
      -0.17629434168338776,
      -0.15449313819408417,
      -0.1066557765007019,
      -0.09810388088226318
    ],
    [
      0.20489895343780518,
      0.18830426037311554,
      -0.056199658662080765,
      0.2137611359357834,
      -0.21052978932857513,
      0.008737879805266857,
      -0.16889117658138275,
      -0.16518814861774445,
      -0.09566182643175125,
      -0.10257416218519211
    ],
    [
      0.20378156006336212,
      0.1843496561050415,
      -0.0437861867249012,
      0.21237795054912567,
      -0.2158486396074295,
      0.008430932648479939,
      -0.16166527569293976,
      -0.1734544187784195,
      -0.08551996201276779,
      -0.11065597087144852
    ],
    [
      0.20216941833496094,
      0.1890326738357544,
      -0.047708261758089066,
      0.21242107450962067,
      -0.21485309302806854,
      0.007965915836393833,
      -0.16688857972621918,
      -0.16538460552692413,
      -0.0941854938864708,
      -0.10792254656553268
    ],
    [
      0.20025281608104706,
      0.1912854164838791,
      -0.049053192138671875,
      0.211958646774292,
      -0.21459613740444183,
      0.005319572519510984,
      -0.1699851155281067,
      -0.15941841900348663,
      -0.10082461684942245,
      -0.10831009596586227
    ],
    [
      0.19925589859485626,
      0.1916646957397461,
      -0.04815005138516426,
      0.2118050456047058,
      -0.2150178998708725,
      0.004092886578291655,
      -0.1702573299407959,
      -0.15808922052383423,
      -0.10226739197969437,
      -0.10961314290761948
    ],
    [
      0.19912491738796234,
      0.19168122112751007,
      -0.047980621457099915,
      0.21198654174804688,
      -0.21501706540584564,
      0.0038024447858333588,
      -0.17019440233707428,
      -0.1580602079629898,
      -0.10244540125131607,
      -0.10985264927148819
    ],
    [
      0.19939352571964264,
      0.19149911403656006,
      -0.0481974333524704,
      0.21209277212619781,
      -0.2148755043745041,
      0.003735228208824992,
      -0.17014461755752563,
      -0.15838222205638885,
      -0.10216555744409561,
      -0.10966416448354721
    ],
    [
      0.19942468404769897,
      0.19122076034545898,
      -0.04757915064692497,
      0.21223430335521698,
      -0.2150019258260727,
      0.003922654781490564,
      -0.16949963569641113,
      -0.15933874249458313,
      -0.10129112005233765,
      -0.10994470119476318
    ],
    [
      0.19985954463481903,
      0.1914837807416916,
      -0.048158928751945496,
      0.21247868239879608,
      -0.21478141844272614,
      0.005099351983517408,
      -0.16946232318878174,
      -0.15994442999362946,
      -0.10045532137155533,
      -0.10900598764419556
    ],
    [
      0.19967062771320343,
      0.19270598888397217,
      -0.049637068063020706,
      0.2124648094177246,
      -0.21432627737522125,
      0.0053406269289553165,
      -0.1710129976272583,
      -0.15779821574687958,
      -0.10263679176568985,
      -0.10785707086324692
    ],
    [
      0.1991296261548996,
      0.1943753957748413,
      -0.051776815205812454,
      0.2127247303724289,
      -0.2135617583990097,
      0.005455476697534323,
      -0.1731286197900772,
      -0.15491469204425812,
      -0.10585123300552368,
      -0.10663170367479324
    ],
    [
      0.19907896220684052,
      0.1924327164888382,
      -0.049477506428956985,
      0.2124580293893814,
      -0.21432341635227203,
      0.003946748096495867,
      -0.17108391225337982,
      -0.15718191862106323,
      -0.10361486673355103,
      -0.1088050976395607
    ],
    [
      0.19805468618869781,
      0.19197504222393036,
      -0.04595133662223816,
      0.21159599721431732,
      -0.21587759256362915,
      0.0028638511430472136,
      -0.1699230819940567,
      -0.15764598548412323,
      -0.10257644206285477,
      -0.1115175113081932
    ],
    [
      0.19627787172794342,
      0.19197572767734528,
      -0.042588550597429276,
      0.2101684957742691,
      -0.21753732860088348,
      -0.0002918899117503315,
      -0.1700190156698227,
      -0.15547636151313782,
      -0.10440009832382202,
      -0.11493469029664993
    ]
  ]
}