{
  "tempos": [
    0.0,
    0.5,
    1.0,
    1.5,
    2.0,
    2.5,
    3.0,
    3.5,
    4.0,
    4.5,
    5.0
  ],
  "engajamentoneural": [
    72.59731486709921,
    78.26935739215787,
    84.6449077770965,
    88.08536691967832,
    88.28574580627829,
    85.86953563231432,
    81.53474314856263,
    76.2840540137556,
    71.2241010797626,
    67.25474814978203,
    65.05763986204298
  ],
  "cognitivedemand": [
    47.783216502672296,
    66.33676122761378,
    68.26160817253812,
    67.53260325929023,
    67.33564215645582,
    66.13029511481311,
    69.31177704254658,
    89.6397217500787,
    92.38001728252058,
    92.05419828187145,
    90.6414813544465
  ],
  "focus": [
    27.993373673049916,
    21.38481886168772,
    15.698861950161795,
    10.675256124880526,
    8.65810492765677,
    9.545112811025835,
    16.85631641845816,
    13.480290119175677,
    26.151624412468855,
    44.97232913887006,
    37.57663729771619
  ],
  "embeddings": [
    [
      0.1957051157951355,
      0.19103693962097168,
      -0.03986886143684387,
      0.21220362186431885,
      -0.2175329476594925,
      -0.0009478444117121398,
      -0.16669227182865143,
      -0.15920130908489227,
      -0.10300543904304504,
      -0.11707503348588943
    ],
    [
      0.19451665878295898,
      0.1877751499414444,
      -0.032681431621313095,
      0.211522176861763,
      -0.22039993107318878,
      -0.0023300221655517817,
      -0.16227877140045166,
      -0.1635846197605133,
      -0.09731712192296982,
      -0.12351713329553604
    ],
    [
      0.1936326026916504,
      0.18875610828399658,
      -0.033401962369680405,
      0.21178634464740753,
      -0.22027915716171265,
      -0.004159961361438036,
      -0.16371457278728485,
      -0.16094587743282318,
      -0.10103714466094971,
      -0.12340640276670456
    ],
    [
      0.19290363788604736,
      0.18842171132564545,
      -0.0318572111427784,
      0.21131844818592072,
      -0.2209755778312683,
      -0.005960415583103895,
      -0.16358016431331635,
      -0.16018559038639069,
      -0.10190484672784805,
      -0.1251506358385086
    ],
    [
      0.19235436618328094,
      0.18948324024677277,
      -0.0318836085498333,
      0.21120066940784454,
      -0.22113937139511108,
      -0.005906157195568085,
      -0.16441282629966736,
      -0.1588166505098343,
      -0.1030832827091217,
      -0.12499823421239853
    ],
    [
      0.19316674768924713,
      0.1890081912279129,
      -0.03317558392882347,
      0.21163584291934967,
      -0.22040629386901855,
      -0.005375642329454422,
      -0.1642848700284958,
      -0.15966077148914337,
      -0.10245545953512192,
      -0.12402842193841934
    ],
    [
      0.19400985538959503,
      0.18819613754749298,
      -0.03364037349820137,
      0.21196089684963226,
      -0.22009490430355072,
      -0.004884636495262384,
      -0.1636180579662323,
      -0.16127893328666687,
      -0.10095753520727158,
      -0.12343738228082657
    ],
    [
      0.19436675310134888,
      0.18782038986682892,
      -0.034370969980955124,
      0.21229274570941925,
      -0.21969060599803925,
      -0.005026749800890684,
      -0.1635386347770691,
      -0.161614790558815,
      -0.10102391242980957,
      -0.1230124905705452
    ],
    [
      0.19477905333042145,
      0.18749397993087769,
      -0.034363433718681335,
      0.21252892911434174,
      -0.21959523856639862,
      -0.004044642206281424,
      -0.16282756626605988,
      -0.16318564116954803,
      -0.09933000802993774,
      -0.1226515844464302
    ],
    [
      0.193739652633667,
      0.18800313770771027,
      -0.03172050788998604,
      0.21177498996257782,
      -0.22077959775924683,
      -0.004624564666301012,
      -0.16222716867923737,
      -0.1633843034505844,
      -0.09854940325021744,
      -0.1241677775979042
    ],
    [
      0.19162577390670776,
      0.18921618163585663,
      -0.029504841193556786,
      0.2101222425699234,
      -0.2221592217683792,
      -0.00806773453950882,
      -0.16402758657932281,
      -0.15861184895038605,
      -0.10301174968481064,
      -0.1268288791179657
    ],
    [
      0.18992944061756134,
      0.19015802443027496,
      -0.02781282179057598,
      0.20902752876281738,
      -0.22317451238632202,
      -0.010246639139950275,
      -0.165204256772995,
      -0.15521670877933502,
      -0.10600847005844116,
      -0.1289856880903244
    ],
    [
      0.18925094604492188,
      0.19054162502288818,
      -0.02736561745405197,
      0.20853537321090698,
      -0.22351963818073273,
      -0.011239408515393734,
      -0.1658353954553604,
      -0.15367870032787323,
      -0.10744274407625198,
      -0.1297372728586197
    ],
    [
      0.18883740901947021,
      0.19114261865615845,
      -0.027188891544938087,
      0.2081003189086914,
      -0.22380447387695312,
      -0.011498440988361835,
      -0.166464701294899,
      -0.15257717669010162,
      -0.10825133323669434,
      -0.12983156740665436
    ],
    [
      0.18810723721981049,
      0.19201438128948212,
      -0.02704652212560177,
      0.20725148916244507,
      -0.224117711186409,
      -0.012617495842278004,
      -0.16775809228420258,
      -0.15013645589351654,
      -0.11042886227369308,
      -0.13018333911895752
    ]
  ]
}