{
  "tempos": [
    0.0,
    0.5,
    1.0,
    1.5,
    2.0,
    2.5,
    3.0,
    3.5,
    4.0,
    4.5,
    5.0
  ],
  "engajamentoneural": [
    77.58264459374911,
    82.49419094192609,
    87.9995454670271,
    91.12594105235937,
    91.77894104056493,
    90.5481787903752,
    87.84657724304927,
    84.12726080006014,
    80.06528516550966,
    76.5411079711576,
    74.47110153609945
  ],
  "cognitivedemand": [
    51.3702680446124,
    61.703404723370596,
    69.98859646964142,
    70.1822149202044,
    70.58318763559316,
    73.87592574750528,
    74.11084160455118,
    68.36362425096279,
    44.74768228794761,
    52.8440988053872,
    51.72557427772452
  ],
  "focus": [
    34.59426199705084,
    23.346143227060097,
    31.988387635292753,
    23.10684127588283,
    18.01349951305333,
    30.44145364590016,
    50.229729400335344,
    51.46407600539352,
    34.42907275162617,
    19.812502796471342,
    21.696840689147418
  ],
  "embeddings": [
    [
      0.19422243535518646,
      0.18992607295513153,
      -0.03778299689292908,
      0.2112147957086563,
      -0.21851123869419098,
      -0.006260920315980911,
      -0.16715006530284882,
      -0.1561352163553238,
      -0.10641103237867355,
      -0.12062040716409683
    ],
    [
      0.1926635056734085,
      0.18434548377990723,
      -0.02574344165623188,
      0.21044857800006866,
      -0.2230999916791916,
      -0.008374088443815708,
      -0.1592307984828949,
      -0.16487939655780792,
      -0.09641463309526443,
      -0.13088107109069824
    ],
    [
      0.19321535527706146,
      0.18509019911289215,
      -0.02708061970770359,
      0.21097791194915771,
      -0.222678080201149,
      -0.007059451192617416,
      -0.15981382131576538,
      -0.16526730358600616,
      -0.09633710980415344,
      -0.128823384642601
    ],
    [
      0.19291645288467407,
      0.1882626861333847,
      -0.03136243298649788,
      0.21112710237503052,
      -0.22126007080078125,
      -0.006644248962402344,
      -0.16381244361400604,
      -0.16014479100704193,
      -0.10193508863449097,
      -0.12538427114486694
    ],
    [
      0.1924385279417038,
      0.19094538688659668,
      -0.03507108986377716,
      0.21149320900440216,
      -0.2199067920446396,
      -0.006416620220988989,
      -0.16701819002628326,
      -0.15580880641937256,
      -0.10692163556814194,
      -0.12269844859838486
    ],
    [
      0.1923309564590454,
      0.1896970123052597,
      -0.03352544084191322,
      0.2111206203699112,
      -0.22047729790210724,
      -0.007529637310653925,
      -0.1659514158964157,
      -0.15687663853168488,
      -0.105715312063694,
      -0.124371238052845
    ],
    [
      0.19261868298053741,
      0.1886640042066574,
      -0.03158886358141899,
      0.21110491454601288,
      -0.2211584448814392,
      -0.006789464503526688,
      -0.16409184038639069,
      -0.1596354991197586,
      -0.10240844637155533,
      -0.12542007863521576
    ],
    [
      0.19252406060695648,
      0.18975715339183807,
      -0.03255965933203697,
      0.21138717234134674,
      -0.22080683708190918,
      -0.005950698163360357,
      -0.1648273915052414,
      -0.1588066965341568,
      -0.10329350084066391,
      -0.12426480650901794
    ],
    [
      0.19150106608867645,
      0.1911560297012329,
      -0.03250976651906967,
      0.21104978024959564,
      -0.2210438847541809,
      -0.006575156003236771,
      -0.166146919131279,
      -0.15610045194625854,
      -0.10595720261335373,
      -0.12455490231513977
    ],
    [
      0.19176475703716278,
      0.19160188734531403,
      -0.03408180549740791,
      0.21119828522205353,
      -0.22043268382549286,
      -0.0063649676740169525,
      -0.16700458526611328,
      -0.15517820417881012,
      -0.1070469543337822,
      -0.12342396378517151
    ],
    [
      0.19215334951877594,
      0.19136081635951996,
      -0.03471347689628601,
      0.21142619848251343,
      -0.22011698782444,
      -0.006028853356838226,
      -0.16690899431705475,
      -0.155598446726799,
      -0.10668975859880447,
      -0.12290021777153015
    ],
    [
      0.19148093461990356,
      0.1915290504693985,
      -0.032390523701906204,
      0.21021614968776703,
      -0.22131921350955963,
      -0.006733503192663193,
      -0.16661867499351501,
      -0.15551288425922394,
      -0.10580024868249893,
      -0.12430795282125473
    ],
    [
      0.18996630609035492,
      0.1919146627187729,
      -0.03088202141225338,
      0.2090744972229004,
      -0.22226367890834808,
      -0.009618249721825123,
      -0.1677224487066269,
      -0.15225349366664886,
      -0.10894560813903809,
      -0.12657156586647034
    ],
    [
      0.1894499659538269,
      0.19153064489364624,
      -0.029340537264943123,
      0.2087307572364807,
      -0.22295528650283813,
      -0.010439418256282806,
      -0.16718316078186035,
      -0.1523735672235489,
      -0.1086438000202179,
      -0.1280830353498459
    ],
    [
      0.18858450651168823,
      0.1918746829032898,
      -0.02749880962073803,
      0.2075260877609253,
      -0.2239600569009781,
      -0.011993552558124065,
      -0.16762381792068481,
      -0.15077006816864014,
      -0.10965759307146072,
      -0.12959615886211395
    ]
  ]
}