{
  "tempos": [
    0.0,
    0.5,
    1.0,
    1.5,
    2.0,
    2.5,
    3.0,
    3.5,
    4.0,
    4.5,
    5.0
  ],
  "engajamentoneural": [
    62.59941317592293,
    68.75944351556555,
    76.39730883841386,
    81.23303214839441,
    82.38225604920576,
    80.6923503274177,
    77.36908502878998,
    73.64910740733137,
    70.43245257560686,
    68.13828247030847,
    66.9397544074058
  ],
  "cognitivedemand": [
    26.423994120379543,
    44.51841966159113,
    46.89589827727229,
    49.66577368819124,
    52.04572370312525,
    50.843974166669724,
    26.046120847073656,
    38.726376755624834,
    44.74461914991445,
    45.578650798408866,
    46.078076470850604
  ],
  "focus": [
    42.87600664926906,
    35.27990741786428,
    15.919192724570918,
    9.079625824391877,
    8.716446573582559,
    9.044836266033736,
    9.86965726388299,
    36.94441898981505,
    41.43205273115346,
    32.767879098117014,
    24.679174948166818
  ],
  "embeddings": [
    [
      0.20125316083431244,
      0.1943068504333496,
      -0.054606352001428604,
      0.21217036247253418,
      -0.2125314325094223,
      0.009392139501869678,
      -0.17348146438598633,
      -0.1565084159374237,
      -0.1026868224143982,
      -0.10289940237998962
    ],
    [
      0.20253609120845795,
      0.1933908462524414,
      -0.05649477243423462,
      0.21264959871768951,
      -0.211298406124115,
      0.009624761529266834,
      -0.17305289208889008,
      -0.1582275778055191,
      -0.1013353243470192,
      -0.10149302333593369
    ],
    [
      0.20224808156490326,
      0.19013001024723053,
      -0.05070822313427925,
      0.21245400607585907,
      -0.21352629363536835,
      0.008496202528476715,
      -0.16870152950286865,
      -0.1632274091243744,
      -0.09604794532060623,
      -0.10603797435760498
    ],
    [
      0.20201845467090607,
      0.19036512076854706,
      -0.05039309337735176,
      0.21246950328350067,
      -0.21376724541187286,
      0.008385565131902695,
      -0.1688140630722046,
      -0.16289079189300537,
      -0.09639450162649155,
      -0.10620319098234177
    ],
    [
      0.20188291370868683,
      0.19116473197937012,
      -0.051138315349817276,
      0.21243982017040253,
      -0.21355576813220978,
      0.00866261962801218,
      -0.16959531605243683,
      -0.16184423863887787,
      -0.09743013232946396,
      -0.10553047806024551
    ],
    [
      0.20155924558639526,
      0.19181548058986664,
      -0.05155933275818825,
      0.212418332695961,
      -0.2134871631860733,
      0.008632310666143894,
      -0.17024481296539307,
      -0.1607331782579422,
      -0.09849641472101212,
      -0.10529645532369614
    ],
    [
      0.2009509652853012,
      0.19215166568756104,
      -0.051043033599853516,
      0.21232791244983673,
      -0.21372269093990326,
      0.007896280847489834,
      -0.17050790786743164,
      -0.15970057249069214,
      -0.09958827495574951,
      -0.10594875365495682
    ],
    [
      0.20057685673236847,
      0.1937159150838852,
      -0.05262436345219612,
      0.21221554279327393,
      -0.2132529467344284,
      0.0077374340035021305,
      -0.1724786013364792,
      -0.15695299208164215,
      -0.1024743989109993,
      -0.10482156276702881
    ],
    [
      0.20049293339252472,
      0.19437944889068604,
      -0.05364494398236275,
      0.212400421500206,
      -0.2128513604402542,
      0.00804067775607109,
      -0.1732659786939621,
      -0.1560777723789215,
      -0.10356440395116806,
      -0.10411912202835083
    ],
    [
      0.20003801584243774,
      0.19407641887664795,
      -0.05238667502999306,
      0.21188034117221832,
      -0.2134586125612259,
      0.007120172958821058,
      -0.1729287952184677,
      -0.1558876931667328,
      -0.10351789742708206,
      -0.10532959550619125
    ],
    [
      0.19991709291934967,
      0.1927635669708252,
      -0.04982467368245125,
      0.21174173057079315,
      -0.21441251039505005,
      0.006646171677857637,
      -0.17101435363292694,
      -0.15811115503311157,
      -0.10108965635299683,
      -0.10726319998502731
    ],
    [
      0.19987590610980988,
      0.19285546243190765,
      -0.04979528486728668,
      0.21170079708099365,
      -0.2144969254732132,
      0.006496509071439505,
      -0.1711219996213913,
      -0.1578805297613144,
      -0.10131406784057617,
      -0.10725923627614975
    ],
    [
      0.20001886785030365,
      0.1929544061422348,
      -0.05054113268852234,
      0.21169699728488922,
      -0.21421413123607635,
      0.006340756546705961,
      -0.17153377830982208,
      -0.15736186504364014,
      -0.10190805047750473,
      -0.10684459656476974
    ],
    [
      0.1988537311553955,
      0.19256694614887238,
      -0.047857362776994705,
      0.2107992321252823,
      -0.2153494954109192,
      0.004114815965294838,
      -0.17109239101409912,
      -0.15648676455020905,
      -0.10256437212228775,
      -0.1095375120639801
    ]
  ]
}