{
  "tempos": [
    0.0,
    0.5,
    1.0,
    1.5,
    2.0,
    2.5,
    3.0,
    3.5,
    4.0,
    4.5,
    5.0,
    5.5,
    6.0
  ],
  "engajamentoneural": [
    67.68535399610971,
    74.23338424935957,
    81.96361678278406,
    86.60142117848741,
    87.75846658762735,
    86.37211977814623,
    83.33017362811556,
    79.47137542944982,
    75.46982952438759,
    71.70054714814215,
    68.37536258912886,
    65.77569515919231,
    64.30986813095157
  ],
  "cognitivedemand": [
    61.05647559480525,
    80.73909404573773,
    88.66528627857062,
    88.8239815158855,
    89.13289877752763,
    89.09975057715069,
    89.04880562139219,
    89.2309452636375,
    88.00913361592873,
    67.78886266260314,
    69.00423513107349,
    69.24026769100865,
    69.31209326117676
  ],
  "focus": [
    13.793972753524212,
    12.458422508571457,
    9.629042624772271,
    8.843517422164599,
    10.513808428695695,
    9.048964823995377,
    8.200180865428306,
    8.118652339225624,
    8.232481668415003,
    8.99436217282849,
    10.248086132683655,
    9.943482424974942,
    9.660344146820611
  ],
  "embeddings": [
    [
      0.20522908866405487,
      0.1879490166902542,
      -0.05203333497047424,
      0.21298646926879883,
      -0.21278046071529388,
      0.011601352132856846,
      -0.16679435968399048,
      -0.16821898519992828,
      -0.09036426991224289,
      -0.10387512296438217
    ],
    [
      0.20624129474163055,
      0.18640053272247314,
      -0.05548059567809105,
      0.2137889415025711,
      -0.21108704805374146,
      0.009989254176616669,
      -0.16725820302963257,
      -0.16814959049224854,
      -0.09200605750083923,
      -0.10282984375953674
    ],
    [
      0.20606420934200287,
      0.18517154455184937,
      -0.05296860635280609,
      0.21386249363422394,
      -0.21195805072784424,
      0.010167197324335575,
      -0.16506999731063843,
      -0.17080439627170563,
      -0.08927002549171448,
      -0.10446719080209732
    ],
    [
      0.2055875062942505,
      0.1852288693189621,
      -0.05131189897656441,
      0.21383394300937653,
      -0.21277940273284912,
      0.010082525201141834,
      -0.16453146934509277,
      -0.17113764584064484,
      -0.08864349871873856,
      -0.10531853884458542
    ],
    [
      0.2052427977323532,
      0.18604910373687744,
      -0.05186837539076805,
      0.21401607990264893,
      -0.21263669431209564,
      0.009602359496057034,
      -0.16544635593891144,
      -0.16964034736156464,
      -0.09042847901582718,
      -0.10497274994850159
    ],
    [
      0.20506732165813446,
      0.18638110160827637,
      -0.0521906353533268,
      0.21411769092082977,
      -0.21250276267528534,
      0.009328839369118214,
      -0.1658257693052292,
      -0.1689528077840805,
      -0.0913117304444313,
      -0.10487284511327744
    ],
    [
      0.20478256046772003,
      0.18626940250396729,
      -0.05152450129389763,
      0.21404628455638885,
      -0.21276628971099854,
      0.008921630680561066,
      -0.16557390987873077,
      -0.16899585723876953,
      -0.09130623191595078,
      -0.10551927238702774
    ],
    [
      0.20462514460086823,
      0.1865076869726181,
      -0.05160795524716377,
      0.21411484479904175,
      -0.21274256706237793,
      0.008830043487250805,
      -0.1657835990190506,
      -0.1686100959777832,
      -0.09178280830383301,
      -0.10552141070365906
    ],
    [
      0.2043752819299698,
      0.1867373138666153,
      -0.051521629095077515,
      0.21392607688903809,
      -0.2128458470106125,
      0.008406494744122028,
      -0.16613425314426422,
      -0.16791486740112305,
      -0.09244809299707413,
      -0.10569434612989426
    ],
    [
      0.20417487621307373,
      0.18638573586940765,
      -0.05071304365992546,
      0.2138085812330246,
      -0.21316243708133698,
      0.007951747626066208,
      -0.165723517537117,
      -0.1681654006242752,
      -0.09217194467782974,
      -0.10649078339338303
    ],
    [
      0.2041400521993637,
      0.1863640546798706,
      -0.05061250925064087,
      0.21389120817184448,
      -0.21318621933460236,
      0.007949593476951122,
      -0.16560214757919312,
      -0.16833706200122833,
      -0.09205126762390137,
      -0.10656711459159851
    ],
    [
      0.20390057563781738,
      0.18616937100887299,
      -0.0500202514231205,
      0.21378493309020996,
      -0.2134275883436203,
      0.007495574187487364,
      -0.1654164046049118,
      -0.16825388371944427,
      -0.09215420484542847,
      -0.10720894485712051
    ],
    [
      0.2035376876592636,
      0.18708567321300507,
      -0.050336647778749466,
      0.21352164447307587,
      -0.21351522207260132,
      0.007214411627501249,
      -0.16666549444198608,
      -0.16632886230945587,
      -0.09415612369775772,
      -0.10705190896987915
    ],
    [
      0.2012520581483841,
      0.1870182752609253,
      -0.04498041793704033,
      0.2120906114578247,
      -0.21589712798595428,
      0.004809063859283924,
      -0.16543084383010864,
      -0.1658375859260559,
      -0.09384816139936447,
      -0.1114426851272583
    ],
    [
      0.199599489569664,
      0.18816518783569336,
      -0.04298533871769905,
      0.2111331671476364,
      -0.2170497179031372,
      0.0032742649782449007,
      -0.16628001630306244,
      -0.16326439380645752,
      -0.09600415825843811,
      -0.11329475045204163
    ],
    [
      0.19871574640274048,
      0.18918542563915253,
      -0.042973462492227554,
      0.2108408659696579,
      -0.217240571975708,
      0.002320553408935666,
      -0.1673797369003296,
      -0.16104649007320404,
      -0.09828311204910278,
      -0.1136954054236412
    ],
    [
      0.19825221598148346,
      0.18951654434204102,
      -0.042558953166007996,
      0.21047283709049225,
      -0.21755152940750122,
      0.0016952484147623181,
      -0.1677866131067276,
      -0.16003702580928802,
      -0.09911421686410904,
      -0.11422824114561081
    ],
    [
      0.19769896566867828,
      0.1901513934135437,
      -0.042240630835294724,
      0.21001648902893066,
      -0.21785277128219604,
      0.001077840686775744,
      -0.16849327087402344,
      -0.15862531960010529,
      -0.10037487000226974,
      -0.114557646214962
    ]
  ]
}