{
  "tempos": [
    0.0,
    0.5,
    1.0,
    1.5,
    2.0,
    2.5,
    3.0,
    3.5,
    4.0,
    4.5,
    5.0
  ],
  "engajamentoneural": [
    64.1285885727751,
    70.51999807557964,
    78.34377923985588,
    83.26620490268392,
    84.57229642911936,
    83.13333079344203,
    79.93358082338993,
    75.90355491720588,
    71.86661175400404,
    68.55335895185317,
    66.65531412236061
  ],
  "cognitivedemand": [
    30.528333093899036,
    58.225427151830985,
    75.87580062986144,
    74.5541347464439,
    75.0067439876643,
    74.95192245678052,
    74.89921749640769,
    59.17568365990795,
    47.31514983090875,
    48.66641686263621,
    48.59877989208185
  ],
  "focus": [
    7.901258270258304,
    8.92979154864681,
    11.626658076807319,
    11.044621827937197,
    10.762290617270809,
    9.434623080403087,
    9.443506038146225,
    9.36245264172908,
    11.056997788736528,
    16.81650556170599,
    17.710437669207074
  ],
  "embeddings": [
    [
      0.20382720232009888,
      0.19036312401294708,
      -0.05306026339530945,
      0.21285025775432587,
      -0.21265150606632233,
      0.011104963719844818,
      -0.16909639537334442,
      -0.16421537101268768,
      -0.09489061683416367,
      -0.1032184436917305
    ],
    [
      0.2043159008026123,
      0.18922848999500275,
      -0.05498321354389191,
      0.2131563425064087,
      -0.21164755523204803,
      0.00976256001740694,
      -0.16925793886184692,
      -0.16402345895767212,
      -0.09584502130746841,
      -0.10286739468574524
    ],
    [
      0.20378857851028442,
      0.18774519860744476,
      -0.05131583288311958,
      0.21278750896453857,
      -0.2131660133600235,
      0.008777427487075329,
      -0.16714030504226685,
      -0.16612236201763153,
      -0.09344366937875748,
      -0.10572778433561325
    ],
    [
      0.20316219329833984,
      0.18814323842525482,
      -0.050388675183057785,
      0.21274562180042267,
      -0.21360576152801514,
      0.00780429458245635,
      -0.16736312210559845,
      -0.16518370807170868,
      -0.09452355653047562,
      -0.10652723163366318
    ],
    [
      0.2027558535337448,
      0.1886983960866928,
      -0.05056805536150932,
      0.21289967000484467,
      -0.21352846920490265,
      0.007276820484548807,
      -0.1679171323776245,
      -0.16410218179225922,
      -0.09589356184005737,
      -0.1065797209739685
    ],
    [
      0.20248369872570038,
      0.18890118598937988,
      -0.05056777596473694,
      0.2128906100988388,
      -0.2135365754365921,
      0.006764359772205353,
      -0.1682012528181076,
      -0.16351251304149628,
      -0.0966348946094513,
      -0.10677164793014526
    ],
    [
      0.20221690833568573,
      0.1885635256767273,
      -0.049584001302719116,
      0.21279452741146088,
      -0.21391718089580536,
      0.00625482015311718,
      -0.1677342653274536,
      -0.16380061209201813,
      -0.09632842987775803,
      -0.10766687989234924
    ],
    [
      0.20209582149982452,
      0.18823643028736115,
      -0.048825252801179886,
      0.21269334852695465,
      -0.21422214806079865,
      0.00589473731815815,
      -0.16729478538036346,
      -0.16421359777450562,
      -0.09586929529905319,
      -0.10829397290945053
    ],
    [
      0.20183499157428741,
      0.18820606172084808,
      -0.0482679046690464,
      0.21254783868789673,
      -0.21446101367473602,
      0.005477918777614832,
      -0.16723555326461792,
      -0.16397853195667267,
      -0.09609202295541763,
      -0.10883331298828125
    ],
    [
      0.20170660316944122,
      0.18821203708648682,
      -0.04823208972811699,
      0.21251316368579865,
      -0.21447943150997162,
      0.005188386421650648,
      -0.16734445095062256,
      -0.16371838748455048,
      -0.09641045331954956,
      -0.10902813076972961
    ],
    [
      0.2016391009092331,
      0.18823595345020294,
      -0.04832847788929939,
      0.21260374784469604,
      -0.21443666517734528,
      0.005043866112828255,
      -0.16745656728744507,
      -0.16353987157344818,
      -0.09668140858411789,
      -0.10908502340316772
    ],
    [
      0.20013634860515594,
      0.1875220388174057,
      -0.04383832588791847,
      0.21130859851837158,
      -0.21650372445583344,
      0.0029305927455425262,
      -0.16618527472019196,
      -0.16355864703655243,
      -0.09601353853940964,
      -0.11290208250284195
    ],
    [
      0.19909565150737762,
      0.18773488700389862,
      -0.04200171306729317,
      0.2109571248292923,
      -0.21740080416202545,
      0.002062247833237052,
      -0.1658979207277298,
      -0.16301314532756805,
      -0.09645017981529236,
      -0.11461973935365677
    ],
    [
      0.19843928515911102,
      0.18798251450061798,
      -0.04108910635113716,
      0.21052177250385284,
      -0.21796606481075287,
      0.0009718352812342346,
      -0.1662118136882782,
      -0.16189956665039062,
      -0.09747666865587234,
      -0.11560796946287155
    ],
    [
      0.19815178215503693,
      0.18865714967250824,
      -0.04126356169581413,
      0.20975816249847412,
      -0.21810561418533325,
      0.0001786298380466178,
      -0.16744625568389893,
      -0.15993604063987732,
      -0.09913653135299683,
      -0.11550355702638626
    ]
  ]
}