{
  "tempos": [
    0.0,
    0.5,
    1.0,
    1.5,
    2.0,
    2.5,
    3.0,
    3.5,
    4.0,
    4.5,
    5.0,
    5.5,
    6.0,
    6.5,
    7.0,
    7.5,
    8.0,
    8.5,
    9.0,
    9.5,
    10.0,
    10.5,
    11.0,
    11.5,
    12.0,
    12.5,
    13.0,
    13.5,
    14.0,
    14.5,
    15.0
  ],
  "engajamentoneural": [
    55.46967912565014,
    61.38754802368956,
    69.29339612685669,
    74.99317464449568,
    77.11512381831794,
    76.27430896298213,
    73.54587756051887,
    69.91291694103033,
    66.09630026525551,
    62.56350551837328,
    59.67043689126198,
    57.76371171020088,
    57.14308546902021,
    57.91577822360959,
    59.84467749922096,
    62.34289698892631,
    64.71459652775586,
    66.49740900433798,
    67.6209873148219,
    68.29267622413722,
    68.76451020078638,
    69.16588719110035,
    69.4712100509679,
    69.56750251688182,
    69.35990965086893,
    68.85372812665665,
    68.14482047637205,
    67.31953880585894,
    66.4098857869827,
    65.51693650177292,
    64.92342313293493
  ],
  "cognitivedemand": [
    26.171435683274957,
    35.577546680246435,
    37.24699985385436,
    93.85648529861815,
    94.40090196506843,
    91.46113192906755,
    52.32245020089229,
    55.6416471541866,
    58.18231869996378,
    57.95006872970453,
    42.27897715078693,
    47.51644799312124,
    47.58585564752653,
    49.02896719256349,
    31.953583771954513,
    34.42366899132969,
    34.42260467314155,
    34.45940616080337,
    32.73140792927479,
    34.97830117882701,
    35.00871086897745,
    35.0324462770507,
    34.86094017544395,
    34.82595494775855,
    34.90437801069314,
    32.08455280102385,
    33.43652517029359,
    39.96139354747067,
    40.31118275032472,
    40.36794075988701,
    40.22184307591002
  ],
  "focus": [
    8.121077166635146,
    18.495633951118073,
    40.67431565405013,
    35.04282254284382,
    19.30809771739117,
    14.352387935198406,
    10.841622249808054,
    29.729805639348466,
    37.370847066857124,
    23.055823549728505,
    16.06699084840794,
    23.34843214131775,
    40.29343687071335,
    34.12609256203777,
    16.692659091596987,
    12.739059308202329,
    21.233247233051227,
    22.905050949840266,
    13.01440222937436,
    13.153601103424265,
    24.296677963505665,
    25.82673836410906,
    21.408471469239366,
    14.865434571136772,
    14.505585457495847,
    15.31355481622676,
    18.68353084296621,
    22.698352695043777,
    20.5738485280025,
    16.206494884808652,
    14.011070950103901
  ],
  "embeddings": [
    [
      0.19708240032196045,
      0.1890629082918167,
      -0.03085649199783802,
      0.21055495738983154,
      -0.22126837074756622,
      0.0038434851448982954,
      -0.16083018481731415,
      -0.16833405196666718,
      -0.09003009647130966,
      -0.11881136149168015
    ],
    [
      0.197784885764122,
      0.19802045822143555,
      -0.05164914205670357,
      0.2119372934103012,
      -0.21412010490894318,
      0.006177462637424469,
      -0.1756855696439743,
      -0.15051688253879547,
      -0.10924652218818665,
      -0.10539519786834717
    ],
    [
      0.19957011938095093,
      0.19519878923892975,
      -0.05244985595345497,
      0.21231599152088165,
      -0.21335534751415253,
      0.00722266873344779,
      -0.17329047620296478,
      -0.15523937344551086,
      -0.10451298207044601,
      -0.10499158501625061
    ],
    [
      0.20126618444919586,
      0.1931726187467575,
      -0.052604664117097855,
      0.21322689950466156,
      -0.21298116445541382,
      0.00957990251481533,
      -0.1707831174135208,
      -0.1601720005273819,
      -0.0994906798005104,
      -0.10420208424329758
    ],
    [
      0.20317243039608002,
      0.1919357031583786,
      -0.05227905511856079,
      0.21463114023208618,
      -0.21276497840881348,
      0.013284015469253063,
      -0.16778825223445892,
      -0.1661982387304306,
      -0.09353067725896835,
      -0.10275564342737198
    ],
    [
      0.2033834606409073,
      0.19424711167812347,
      -0.05772346258163452,
      0.21503961086273193,
      -0.21071182191371918,
      0.013254616409540176,
      -0.17168818414211273,
      -0.1612256020307541,
      -0.09927243739366531,
      -0.09923284500837326
    ],
    [
      0.20437799394130707,
      0.1935098022222519,
      -0.058308567851781845,
      0.21555499732494354,
      -0.2103148102760315,
      0.01463279128074646,
      -0.1706908494234085,
      -0.16349215805530548,
      -0.09695171564817429,
      -0.09835650771856308
    ],
    [
      0.2045479416847229,
      0.19397981464862823,
      -0.05918819084763527,
      0.2155308872461319,
      -0.2100389450788498,
      0.015205773524940014,
      -0.17122608423233032,
      -0.16308744251728058,
      -0.09737181663513184,
      -0.09752202033996582
    ],
    [
      0.2076912671327591,
      0.1898089498281479,
      -0.06252270936965942,
      0.2162315845489502,
      -0.20802909135818481,
      0.013249997980892658,
      -0.17006658017635345,
      -0.16710920631885529,
      -0.0947306826710701,
      -0.09603659063577652
    ],
    [
      0.20938701927661896,
      0.1822691112756729,
      -0.049944013357162476,
      0.21544653177261353,
      -0.21274136006832123,
      0.01623784564435482,
      -0.15877042710781097,
      -0.18333204090595245,
      -0.07542625814676285,
      -0.10345208644866943
    ],
    [
      0.20999370515346527,
      0.1843021661043167,
      -0.05441967025399208,
      0.21598570048809052,
      -0.21099434792995453,
      0.017060283571481705,
      -0.16165173053741455,
      -0.18031810224056244,
      -0.07930281013250351,
      -0.0996055006980896
    ],
    [
      0.21058137714862823,
      0.18374185264110565,
      -0.05389483645558357,
      0.21617628633975983,
      -0.21125197410583496,
      0.01879894733428955,
      -0.16044612228870392,
      -0.18236540257930756,
      -0.07666456699371338,
      -0.09933418035507202
    ],
    [
      0.2087770253419876,
      0.18937020003795624,
      -0.057503074407577515,
      0.2160874605178833,
      -0.21023815870285034,
      0.020134080201387405,
      -0.16554634273052216,
      -0.1744900792837143,
      -0.0847087875008583,
      -0.09567632526159286
    ],
    [
      0.207656130194664,
      0.19563622772693634,
      -0.06605741381645203,
      0.21657387912273407,
      -0.20725566148757935,
      0.020390378311276436,
      -0.1736898422241211,
      -0.1633499413728714,
      -0.09680334478616714,
      -0.08984208852052689
    ],
    [
      0.20776991546154022,
      0.1971123218536377,
      -0.06874137371778488,
      0.21697907149791718,
      -0.2061638981103897,
      0.02091117389500141,
      -0.17537182569503784,
      -0.16142816841602325,
      -0.09896427392959595,
      -0.08771208673715591
    ],
    [
      0.20687627792358398,
      0.1979106217622757,
      -0.06630686670541763,
      0.21638943254947662,
      -0.2074083685874939,
      0.021984027698636055,
      -0.17479997873306274,
      -0.16167975962162018,
      -0.09789172559976578,
      -0.0887816920876503
    ],
    [
      0.2063426971435547,
      0.20001816749572754,
      -0.06968245655298233,
      0.2163211703300476,
      -0.2062244862318039,
      0.020894533023238182,
      -0.1783502697944641,
      -0.1564890295267105,
      -0.10357201099395752,
      -0.08695491403341293
    ],
    [
      0.2072451263666153,
      0.1973218321800232,
      -0.06662976741790771,
      0.21636565029621124,
      -0.2070557028055191,
      0.021715914830565453,
      -0.17450372874736786,
      -0.16235633194446564,
      -0.09718864411115646,
      -0.08856593817472458
    ],
    [
      0.2073049694299698,
      0.19801098108291626,
      -0.06821524351835251,
      0.21632589399814606,
      -0.2065584659576416,
      0.021638421341776848,
      -0.17585186660289764,
      -0.1606457233428955,
      -0.0989498496055603,
      -0.08768948912620544
    ],
    [
