{
  "tempos": [
    0.0,
    0.5,
    1.0,
    1.5,
    2.0,
    2.5,
    3.0,
    3.5,
    4.0,
    4.5,
    5.0
  ],
  "engajamentoneural": [
    68.33665693841593,
    73.80018758455859,
    80.36745024462795,
    84.38772268818,
    85.26805541979363,
    83.72627119028152,
    80.60377820033338,
    76.69705015922523,
    72.72516334476956,
    69.40154808928693,
    67.47208576389282
  ],
  "cognitivedemand": [
    50.31890019832,
    64.03360555722008,
    65.97974368364147,
    67.21989484637763,
    66.48257657387559,
    66.65425325424886,
    67.0654110502312,
    67.26038651240063,
    48.040244618653524,
    43.35531342081372,
    59.41388650653871
  ],
  "focus": [
    10.524029963092394,
    10.86342032751027,
    16.230053133241245,
    12.947000065103316,
    11.206268744742337,
    36.71560495869624,
    43.605934032100166,
    18.20392589993629,
    17.634940962599003,
    8.325393993309838,
    9.236382562942275
  ],
  "embeddings": [
    [
      0.19900734722614288,
      0.19075043499469757,
      -0.04562433436512947,
      0.21249157190322876,
      -0.2155258059501648,
      0.004555459599941969,
      -0.16754956543445587,
      -0.16126103699207306,
      -0.09918364882469177,
      -0.11117061227560043
    ],
    [
      0.19625486433506012,
      0.19042032957077026,
      -0.040798768401145935,
      0.21207194030284882,
      -0.2174633890390396,
      0.00013874245632905513,
      -0.16659905016422272,
      -0.1597132533788681,
      -0.10144868493080139,
      -0.11647254228591919
    ],
    [
      0.19580654799938202,
      0.18991614878177643,
      -0.03845159336924553,
      0.21198587119579315,
      -0.21843095123767853,
      -0.0007012449786998332,
      -0.16557812690734863,
      -0.16086675226688385,
      -0.10042103379964828,
      -0.1181035116314888
    ],
    [
      0.19479626417160034,
      0.1914297193288803,
      -0.037769585847854614,
      0.21171283721923828,
      -0.21897275745868683,
      -0.0008135942625813186,
      -0.16656360030174255,
      -0.1588965654373169,
      -0.10219983011484146,
      -0.1183788999915123
    ],
    [
      0.19392354786396027,
      0.19345702230930328,
      -0.038779571652412415,
      0.21162723004817963,
      -0.21880190074443817,
      -0.0009865326574072242,
      -0.16849513351917267,
      -0.15571284294128418,
      -0.10543641448020935,
      -0.11762797087430954
    ],
    [
      0.19296760857105255,
      0.19544504582881927,
      -0.040367692708969116,
      0.21149452030658722,
      -0.21837393939495087,
      -0.0016255482332780957,
      -0.17084570229053497,
      -0.15182290971279144,
      -0.10951784998178482,
      -0.11690046638250351
    ],
    [
      0.19294221699237823,
      0.19666683673858643,
      -0.042126644402742386,
      0.21138793230056763,
      -0.2178250402212143,
      -0.0011519711697474122,
      -0.17245978116989136,
      -0.14978383481502533,
      -0.11139986664056778,
      -0.11557259410619736
    ],
    [
      0.19245493412017822,
      0.19801898300647736,
      -0.04325961694121361,
      0.21135790646076202,
      -0.2175212949514389,
      -0.001109295873902738,
      -0.17387555539608002,
      -0.14761610329151154,
      -0.11353117972612381,
      -0.11485282331705093
    ],
    [
      0.1925702691078186,
      0.1978037804365158,
      -0.043674662709236145,
      0.21126405894756317,
      -0.21733368933200836,
      -0.0014821654185652733,
      -0.17403928935527802,
      -0.14748184382915497,
      -0.1137518584728241,
      -0.11478406190872192
    ],
    [
      0.19241797924041748,
      0.19718201458454132,
      -0.04248244687914848,
      0.21120889484882355,
      -0.2177317887544632,
      -0.0018027485348284245,
      -0.17317543923854828,
      -0.14840297400951385,
      -0.11282601952552795,
      -0.11577608436346054
    ],
    [
      0.19253145158290863,
      0.19663716852664948,
      -0.04218968749046326,
      0.21123170852661133,
      -0.2177891582250595,
      -0.002225549193099141,
      -0.17281419038772583,
      -0.14884762465953827,
      -0.11251547187566757,
      -0.11617176979780197
    ],
    [
      0.19245178997516632,
      0.1964997500181198,
      -0.04186110198497772,
      0.21118779480457306,
      -0.21794676780700684,
      -0.002550998702645302,
      -0.17274236679077148,
      -0.14879043400287628,
      -0.1125267744064331,
      -0.11647335439920425
    ],
    [
      0.19267864525318146,
      0.1968115121126175,
      -0.04355347156524658,
      0.21124710142612457,
      -0.21725575625896454,
      -0.002694791881367564,
      -0.17378073930740356,
      -0.14772236347198486,
      -0.11393407732248306,
      -0.11544004827737808
    ],
    [
      0.192613884806633,
      0.1961299628019333,
      -0.04172663390636444,
      0.21089518070220947,
      -0.21797193586826324,
      -0.002732892520725727,
      -0.17256243526935577,
      -0.14931069314479828,
      -0.11195254325866699,
      -0.11655036360025406
    ],
    [
      0.19167672097682953,
      0.19626377522945404,
      -0.03976857289671898,
      0.20981736481189728,
      -0.21901340782642365,
      -0.0043381983414292336,
      -0.1727408915758133,
      -0.14799730479717255,
      -0.1128254234790802,
      -0.11834153532981873
    ]
  ]
}