{
  "tempos": [
    0.0,
    0.5,
    1.0,
    1.5,
    2.0,
    2.5,
    3.0,
    3.5,
    4.0,
    4.5,
    5.0,
    5.5,
    6.0,
    6.5,
    7.0,
    7.5,
    8.0,
    8.5,
    9.0,
    9.5,
    10.0,
    10.5,
    11.0,
    11.5,
    12.0,
    12.5,
    13.0,
    13.5,
    14.0,
    14.5,
    15.0
  ],
  "engajamentoneural": [
    69.93989433108811,
    76.8135939191105,
    84.69715371836867,
    89.24966951332637,
    90.35232107444119,
    88.93811027100868,
    85.67413685393753,
    81.33696117091674,
    76.90400206549657,
    73.18922996801747,
    70.56487340235111,
    68.9722334956034,
    68.10549670062076,
    67.6304692599092,
    67.34662134910744,
    67.22978508683957,
    67.33545665720729,
    67.64449088808468,
    68.00926673165269,
    68.25826029319663,
    68.32925911321591,
    68.28105770352802,
    68.19322624936102,
    68.06327421811349,
    67.75299940881318,
    66.99128817601203,
    65.4712861858468,
    63.04943519863437,
    59.97098318742198,
    56.97744927446371,
    55.09769598291703
  ],
  "cognitivedemand": [
    54.145794449707374,
    53.70765503122662,
    62.99047145718512,
    64.30319241407148,
    64.53912948567638,
    64.30858378199403,
    64.44999346668762,
    64.80312067959935,
    46.27089814970351,
    66.10028721974643,
    69.27951302847542,
    69.65583609237736,
    72.5814117566871,
    72.5983124321762,
    72.56180237011849,
    54.40954269789219,
    63.314445644670236,
    67.6799569814761,
    67.74358066789546,
    67.68655972443258,
    62.341415329848935,
    69.79654152260208,
    77.20060517786254,
    64.00309285098108,
    75.00137550633762,
    76.8864957751077,
    76.337538026781,
    26.745361189582432,
    44.08440554806708,
    46.2216606895932,
    46.477755642347226
  ],
  "focus": [
    8.138082074727688,
    17.74909520563565,
    30.453364515896904,
    8.308806504437351,
    13.673418385054564,
    21.096428806027387,
    31.12557962089612,
    28.65678345604109,
    33.78232669285594,
    8.534167551681485,
    13.661887678483598,
    18.142559905735983,
    14.74392885525751,
    16.15988524798476,
    14.912837017790265,
    10.160337519671275,
    9.132667692173117,
    16.358372849771104,
    18.94415935455666,
    13.92706058901792,
    11.715550205621902,
    9.211747816342326,
    8.848664020474477,
    7.98010455525165,
    8.017134549819476,
    9.03122439943364,
    10.123915764412061,
    11.185445166885563,
    21.789040169919627,
    25.384032844599762,
    18.114817483893088
  ],
  "embeddings": [
    [
      0.20072172582149506,
      0.19130849838256836,
      -0.05094384774565697,
      0.2135266810655594,
      -0.21320267021656036,
      0.006373863201588392,
      -0.16929729282855988,
      -0.16050384938716888,
      -0.10030803084373474,
      -0.10721714049577713
    ],
    [
      0.2000853568315506,
      0.1878950446844101,
      -0.044146809726953506,
      0.21323144435882568,
      -0.21556691825389862,
      0.005227747838944197,
      -0.16432416439056396,
      -0.16639696061611176,
      -0.09415284544229507,
      -0.11270633339881897
    ],
    [
      0.20037758350372314,
      0.18830402195453644,
      -0.04423213005065918,
      0.2139441817998886,
      -0.21554778516292572,
      0.006236901041120291,
      -0.16396841406822205,
      -0.16753941774368286,
      -0.0933680310845375,
      -0.11162793636322021
    ],
    [
      0.20039211213588715,
      0.18995074927806854,
      -0.04725028574466705,
      0.2143034189939499,
      -0.21446092426776886,
      0.0061875213868916035,
      -0.1663029044866562,
      -0.16466130316257477,
      -0.09684053808450699,
      -0.10933485627174377
    ],
    [
      0.20056463778018951,
      0.18997178971767426,
      -0.047389935702085495,
      0.21434976160526276,
      -0.2143852859735489,
      0.0066519794054329395,
      -0.1661534160375595,
      -0.16518503427505493,
      -0.09621945768594742,
      -0.10898146778345108
    ],
    [
      0.20087869465351105,
      0.18889111280441284,
      -0.04623118042945862,
      0.2143755555152893,
      -0.21478445827960968,
      0.006774188484996557,
      -0.16489695012569427,
      -0.16703777015209198,
      -0.09423097223043442,
      -0.10981141775846481
    ],
    [
      0.2013108879327774,
      0.1887846440076828,
      -0.046554189175367355,
      0.21449792385101318,
      -0.2146156281232834,
      0.007448841352015734,
      -0.16470694541931152,
      -0.16769541800022125,
      -0.09350494295358658,
      -0.10926318168640137
    ],
    [
      0.20090334117412567,
      0.19063019752502441,
      -0.04858599975705147,
      0.21436022222042084,
      -0.21405063569545746,
      0.007704935502260923,
      -0.166892871260643,
      -0.1645810753107071,
      -0.096519835293293,
      -0.1076568067073822
    ],
    [
      0.2009279727935791,
      0.1914754956960678,
      -0.049553316086530685,
      0.21427874267101288,
      -0.21376000344753265,
      0.008300838991999626,
      -0.16775023937225342,
      -0.16362424194812775,
      -0.09728258848190308,
      -0.10670178383588791
    ],
    [
      0.20135891437530518,
      0.19201481342315674,
      -0.050888895988464355,
      0.21437136828899384,
      -0.21325625479221344,
      0.009301518090069294,
      -0.16838699579238892,
      -0.16332271695137024,
      -0.09740001708269119,
      -0.10536489635705948
    ],
    [
      0.20178790390491486,
      0.1924123764038086,
      -0.05300053954124451,
      0.2145736813545227,
      -0.21240663528442383,
      0.009565426968038082,
      -0.16949009895324707,
      -0.16226504743099213,
      -0.09871562570333481,
      -0.10389234870672226
    ],
    [
      0.20229589939117432,
      0.19168086349964142,
      -0.05239877104759216,
      0.21468424797058105,
      -0.21254664659500122,
      0.01060948520898819,
      -0.1682281494140625,
      -0.16451828181743622,
      -0.09619840234518051,
      -0.10386509448289871
    ],
    [
      0.20096303522586823,
      0.19292055070400238,
      -0.05085388198494911,
      0.21409034729003906,
      -0.21342109143733978,
      0.009739764966070652,
      -0.16907565295696259,
      -0.16220086812973022,
      -0.09821287542581558,
      -0.10506606847047806
    ],
    [
      0.20028042793273926,
      0.1946144551038742,
      -0.052914395928382874,
      0.21405695378780365,
      -0.21271657943725586,
      0.009276595897972584,
      -0.17129872739315033,
      -0.15871302783489227,
      -0.1020951196551323,
      -0.103981614112854
    ],
    [
      0.19990380108356476,
      0.19339756667613983,
      -0.051364269107580185,
      0.2136191725730896,
      -0.21326838433742523,
      0.007321534678339958,
      -0.1705680638551712,
      -0.15894688665866852,
      -0.10194283723831177,
      -0.10605031996965408
    ],
    [
      0.19954240322113037,
      0.19221197068691254,
      -0.04915830120444298,
      0.2134682983160019,
      -0.2140277773141861,
      0.006322413217276335,
      -0.16915927827358246,
      -0.16031652688980103,
      -0.10061962157487869,
      -0.10807523131370544
    ],
    [
      0.19907589256763458,
      0.19205999374389648,
      -0.048135142773389816,
      0.21314549446105957,
      -0.21452094614505768,
      0.005234949756413698,
      -0.16915445029735565,
      -0.15975850820541382,
      -0.10118173807859421,
      -0.10915086418390274
    ],
    [
      0.19911426305770874,
      0.19241870939731598,
      -0.049840811640024185,
      0.2133663445711136,
      -0.21376492083072662,
      0.004578097257763147,
      -0.17023931443691254,
      -0.15823549032211304,
      -0.1032266691327095,
      -0.10831395536661148
    ],
    [
      0.19891655445098877,
      0.19138364493846893,
      -0.047709982842206955,
      0.2131594866514206,
      -0.21452586352825165,
      0.004136263858526945,
      -0.16870033740997314,
      -0.16005052626132965,
      -0.101249098777771,
