{
  "tempos": [
    0.0,
    0.5,
    1.0,
    1.5,
    2.0,
    2.5,
    3.0,
    3.5,
    4.0,
    4.5,
    5.0,
    5.5,
    6.0,
    6.5,
    7.0,
    7.5,
    8.0,
    8.5,
    9.0,
    9.5,
    10.0,
    10.5,
    11.0,
    11.5,
    12.0,
    12.5,
    13.0,
    13.5,
    14.0,
    14.5,
    15.0
  ],
  "engajamentoneural": [
    62.96521730098586,
    69.86227092052304,
    78.5181310382613,
    84.26099445079478,
    86.32573029336581,
    85.73718683039839,
    83.59828501919313,
    80.92542486164379,
    78.55182328729946,
    76.9414336236896,
    76.16934213181017,
    76.05119557759537,
    76.31388857199627,
    76.72904855640282,
    77.16522854227324,
    77.56970748883485,
    77.92508592675988,
    78.21234074733812,
    78.3858029873436,
    78.36083599881121,
    78.02493573573548,
    77.283116890642,
    76.12874162907337,
    74.69979769466349,
    73.25574542443712,
    72.04417702163414,
    71.1393249985298,
    70.4080334442754,
    69.66893093472414,
    68.92202420235506,
    68.41350755476755
  ],
  "cognitivedemand": [
    53.03040668140774,
    54.94037030166575,
    69.61030078384437,
    69.42686823199881,
    70.53372151850017,
    72.26890969095321,
    72.24804838472643,
    72.08997050755431,
    68.25484260050558,
    71.16271433366414,
    86.09507419818473,
    87.46885308433959,
    88.04262546091608,
    88.10427356322573,
    87.70310851467937,
    88.16308264458726,
    88.51058304395245,
    88.47816847458255,
    88.08622322752797,
    88.28232014705303,
    64.14083616826511,
    75.21474470124213,
    74.4029924523376,
    56.90993828467134,
    51.405430206392545,
    70.93405009390047,
    73.12226433287628,
    74.06029322658581,
    73.55451845911148,
    66.42924904474728,
    66.56479539363616
  ],
  "focus": [
    23.21562843271093,
    26.754357414513592,
    10.23655265931879,
    8.57278526316705,
    9.812542373997465,
    11.846720597920076,
    10.884819522621552,
    10.90020193210169,
    9.792061094675097,
    9.338022115371137,
    10.589675845084868,
    18.99327239935012,
    12.31844681813059,
    11.75842269017845,
    10.500066110260425,
    12.273256094636487,
    12.65965093720807,
    11.890916620407612,
    10.069412413873797,
    9.64783354578503,
    9.811537840804819,
    11.979958273807613,
    10.420753778459206,
    9.460808834666711,
    7.85464283473493,
    9.526190725396662,
    13.445304900549852,
    13.359172835294286,
    9.727424514095748,
    8.826205956268248,
    8.891565680231729
  ],
  "embeddings": [
    [
      0.20147179067134857,
      0.19380827248096466,
      -0.054684143513441086,
      0.21137551963329315,
      -0.21271616220474243,
      0.008422940969467163,
      -0.17367470264434814,
      -0.15605522692203522,
      -0.10296422243118286,
      -0.10286063700914383
    ],
    [
      0.2026715874671936,
      0.18955881893634796,
      -0.05020004138350487,
      0.21142230927944183,
      -0.2138053923845291,
      0.008215478621423244,
      -0.16835445165634155,
      -0.1638690084218979,
      -0.09480174630880356,
      -0.1061646118760109
    ],
    [
      0.2036568522453308,
      0.18693871796131134,
      -0.049333978444337845,
      0.21343223750591278,
      -0.2135249227285385,
      0.009364823810756207,
      -0.16483162343502045,
      -0.16942822933197021,
      -0.09023132175207138,
      -0.10709419846534729
    ],
    [
      0.20389379560947418,
      0.18545959889888763,
      -0.04696952924132347,
      0.213701069355011,
      -0.21441251039505005,
      0.009478363208472729,
      -0.1627275049686432,
      -0.17225070297718048,
      -0.08735615015029907,
      -0.10870710760354996
    ],
    [
      0.20400643348693848,
      0.18651990592479706,
      -0.04894433543086052,
      0.21414001286029816,
      -0.21365243196487427,
      0.009641983546316624,
      -0.1640944629907608,
      -0.17071811854839325,
      -0.08947485685348511,
      -0.10711576789617538
    ],
    [
      0.2033623456954956,
      0.18687300384044647,
      -0.04728922247886658,
      0.21354840695858002,
      -0.2144896537065506,
      0.009780527092516422,
      -0.16381041705608368,
      -0.17085379362106323,
      -0.08885584026575089,
      -0.1079181656241417
    ],
    [
      0.20331282913684845,
      0.1868760585784912,
      -0.048368263989686966,
      0.21347737312316895,
      -0.2140188217163086,
      0.00857558473944664,
      -0.164776012301445,
      -0.16915200650691986,
      -0.0908358171582222,
      -0.10798308998346329
    ],
    [
      0.20399631559848785,
      0.18485461175441742,
      -0.046432506293058395,
      0.21353624761104584,
      -0.21459822356700897,
      0.00877299252897501,
      -0.16242891550064087,
      -0.17272745072841644,
      -0.08702915906906128,
      -0.10933492332696915
    ],
    [
      0.20399577915668488,
      0.1866845339536667,
      -0.04847051575779915,
      0.21378350257873535,
      -0.21393023431301117,
      0.009894082322716713,
      -0.16409586369991302,
      -0.17087304592132568,
      -0.08892514556646347,
      -0.10711687803268433
    ],
    [
      0.20408785343170166,
      0.18751277029514313,
      -0.05046572908759117,
      0.21394170820713043,
      -0.21311955153942108,
      0.00980456080287695,
      -0.16550952196121216,
      -0.1690223664045334,
      -0.09103548526763916,
      -0.10584191232919693
    ],
    [
      0.20445136725902557,
      0.1865864396095276,
      -0.05022425577044487,
      0.2140030711889267,
      -0.21309109032154083,
      0.00982602033764124,
      -0.16474182903766632,
      -0.170221209526062,
      -0.08983337879180908,
      -0.10621970891952515
    ],
    [
      0.20412711799144745,
      0.18541111052036285,
      -0.04785684868693352,
      0.21365046501159668,
      -0.21402738988399506,
      0.00922632496803999,
      -0.1632358580827713,
      -0.17173723876476288,
      -0.08802813291549683,
      -0.1082567647099495
    ],
    [
      0.20450372993946075,
      0.18606525659561157,
      -0.0470234751701355,
      0.21412135660648346,
      -0.21430210769176483,
      0.0119919553399086,
      -0.1620333194732666,
      -0.17401456832885742,
      -0.08519091457128525,
      -0.10726142674684525
    ],
    [
      0.20436418056488037,
      0.18902496993541718,
      -0.05287902429699898,
      0.21429459750652313,
      -0.21224482357501984,
      0.011423502117395401,
      -0.16687394678592682,
      -0.16762368381023407,
      -0.09239981323480606,
      -0.10333281755447388
    ],
    [
      0.2042248398065567,
      0.18947148323059082,
      -0.05498608574271202,
      0.21421344578266144,
      -0.21142061054706573,
      0.010146655142307281,
      -0.16865044832229614,
      -0.16489195823669434,
      -0.09557539969682693,
      -0.10275626927614212
    ],
    [
      0.203801691532135,
      0.1880316287279129,
      -0.05221496894955635,
      0.2137511521577835,
      -0.21250201761722565,
      0.009004920721054077,
      -0.16702131927013397,
      -0.16638392210006714,
      -0.09382037073373795,
      -0.10528390854597092
    ],
    [
      0.20344126224517822,
      0.18723277747631073,
      -0.05042867735028267,
      0.2134292870759964,
      -0.21322302520275116,
      0.008246992714703083,
      -0.1660556048154831,
      -0.16721326112747192,
      -0.09281426668167114,
      -0.10690322518348694
    ],
    [
      0.20304150879383087,
      0.18704359233379364,
      -0.04938078299164772,
      0.213306725025177,
      -0.21362937986850739,
      0.007684143725782633,
      -0.16568945348262787,
      -0.16730433702468872,
      -0.0927656814455986,
      -0.1078670397400856
    ],
    [
      0.20318926870822906,
      0.18695245683193207,
      -0.049555543810129166,
      0.21331630647182465,
      -0.2135576605796814,
      0.007927696220576763,
      -0.16553710401058197,
      -0.16768944263458252,
      -0.09233257919549942,
      -0.10763097554445267
    ],
    [
