{
  "tempos": [
    0.0,
    0.5,
    1.0,
    1.5,
    2.0,
    2.5,
    3.0,
    3.5,
    4.0,
    4.5,
    5.0,
    5.5,
    6.0,
    6.5,
    7.0,
    7.5,
    8.0,
    8.5,
    9.0,
    9.5,
    10.0,
    10.5,
    11.0,
    11.5,
    12.0,
    12.5,
    13.0,
    13.5,
    14.0,
    14.5,
    15.0
  ],
  "engajamentoneural": [
    46.77782586879028,
    52.08673902918637,
    59.84238505255854,
    66.40852174053573,
    70.02585101667394,
    70.97152532692895,
    70.32982965106008,
    69.19981232464075,
    68.33247108178043,
    67.99666030182973,
    68.08376613958364,
    68.36833980638048,
    68.72711197558108,
    69.16354800796805,
    69.66753761833128,
    70.10077767828807,
    70.2627942569878,
    70.07111449922768,
    69.65805647592937,
    69.28560575434999,
    69.1601534316494,
    69.30048837796916,
    69.54377696290207,
    69.67367091199354,
    69.58336919677109,
    69.3455210174552,
    69.10527412882963,
    68.89274978386821,
    68.59916117402851,
    68.1874451356243,
    67.85356986643787
  ],
  "cognitivedemand": [
    29.15821521745158,
    40.70142976485802,
    36.67882528790339,
    39.544150883417785,
    60.106773638233186,
    55.03476219521475,
    49.43957466423587,
    54.45912301056731,
    61.89199478935206,
    78.00103648758186,
    82.66773959109071,
    50.16841445227553,
    81.5389724862974,
    67.45161824934219,
    68.46553140714296,
    76.75573611085855,
    63.101845101573005,
    46.647157711237234,
    50.05629041333233,
    54.044824422009164,
    58.354791152552046,
    59.92366634570803,
    62.15236306704559,
    66.42672095678664,
    63.358084559163956,
    28.812682218973467,
    41.768013971786125,
    53.63420167697588,
    55.78086773081806,
    52.46513982638546,
    52.897885656076554
  ],
  "focus": [
    39.82612316364197,
    41.078443899691955,
    45.02596159959426,
    40.54536587448847,
    66.93445013681936,
    73.18954438983972,
    65.8256758669057,
    47.5912888172381,
    56.44387384661237,
    43.923147237228925,
    42.10988296471411,
    49.193315478786126,
    45.83000145605116,
    12.450270705011398,
    11.084215674560426,
    10.563812024020057,
    51.495767557056574,
    61.494939019353474,
    14.818519624375112,
    11.698185887737923,
    12.473225477221675,
    15.981196132568812,
    15.146410838448425,
    12.288553189476286,
    13.435965797582554,
    12.196338847212964,
    39.103789373166414,
    54.090864378340534,
    38.83307951410024,
    27.62452991062741,
    24.677501562469214
  ],
  "embeddings": [
    [
      0.20225967466831207,
      0.19444797933101654,
      -0.060674797743558884,
      0.21297012269496918,
      -0.20956452190876007,
      0.004968652967363596,
      -0.17669744789600372,
      -0.1519758552312851,
      -0.10971071571111679,
      -0.10061213374137878
    ],
    [
      0.20311973989009857,
      0.18762685358524323,
      -0.04979034140706062,
      0.21291016042232513,
      -0.21328969299793243,
      0.008278263732790947,
      -0.16594643890857697,
      -0.16781532764434814,
      -0.09181132912635803,
      -0.10715507715940475
    ],
    [
      0.20306849479675293,
      0.18884915113449097,
      -0.04846024513244629,
      0.21330799162387848,
      -0.21410249173641205,
      0.011500733904540539,
      -0.16522617638111115,
      -0.16933153569698334,
      -0.08965309709310532,
      -0.10618636757135391
    ],
    [
      0.2004060298204422,
      0.19582664966583252,
      -0.05265875533223152,
      0.21245931088924408,
      -0.21328677237033844,
      0.010600938461720943,
      -0.17317956686019897,
      -0.15689916908740997,
      -0.10229623317718506,
      -0.10313388705253601
    ],
    [
      0.20086312294006348,
      0.19737349450588226,
      -0.056148380041122437,
      0.21380484104156494,
      -0.21164192259311676,
      0.011810882948338985,
      -0.17460310459136963,
      -0.15553666651248932,
      -0.10455372929573059,
      -0.1002582386136055
    ],
    [
      0.20267510414123535,
      0.1946903020143509,
      -0.05880766734480858,
      0.21460218727588654,
      -0.21019478142261505,
      0.01077993679791689,
      -0.1737164705991745,
      -0.1578105092048645,
      -0.10350274294614792,
      -0.09945780038833618
    ],
    [
      0.2043156772851944,
      0.18941889703273773,
      -0.05487292632460594,
      0.21458905935287476,
      -0.21130645275115967,
      0.010558499954640865,
      -0.16840815544128418,
      -0.16578339040279388,
      -0.09525865316390991,
      -0.10269633680582047
    ],
    [
      0.2065809965133667,
      0.18565790355205536,
      -0.05420049652457237,
      0.21512873470783234,
      -0.21120494604110718,
      0.011383000761270523,
      -0.16498355567455292,
      -0.17163781821727753,
      -0.0891883373260498,
      -0.10305605083703995
    ],
    [
      0.20656900107860565,
      0.18450991809368134,
      -0.05242935195565224,
      0.2147480845451355,
      -0.21189075708389282,
      0.010522927157580853,
      -0.16383107006549835,
      -0.17311835289001465,
      -0.08778858184814453,
      -0.10430893301963806
    ],
    [
      0.2069714069366455,
      0.18502701818943024,
      -0.05412263050675392,
      0.2150450199842453,
      -0.21116989850997925,
      0.01075167115777731,
      -0.16475659608840942,
      -0.17237144708633423,
      -0.08885052055120468,
      -0.1029684841632843
    ],
    [
      0.2058226317167282,
      0.1848234385251999,
      -0.05221807584166527,
      0.21447210013866425,
      -0.21193380653858185,
      0.009696770459413528,
      -0.16430220007896423,
      -0.1717325896024704,
      -0.08915261179208755,
      -0.1054086908698082
    ],
    [
      0.20476336777210236,
      0.18352295458316803,
      -0.04788883030414581,
      0.21399223804473877,
      -0.21364332735538483,
      0.008734062314033508,
      -0.1620178073644638,
      -0.1736520528793335,
      -0.08679550886154175,
      -0.1090666875243187
    ],
    [
      0.2046082466840744,
      0.18511080741882324,
      -0.04930874705314636,
      0.21437549591064453,
      -0.21310271322727203,
      0.009356329217553139,
      -0.16322533786296844,
      -0.17249299585819244,
      -0.08849544078111649,
      -0.1071324273943901
    ],
    [
      0.20395754277706146,
      0.18711502850055695,
      -0.05109015479683876,
      0.2144591063261032,
      -0.2125915139913559,
      0.009110757149755955,
      -0.16548609733581543,
      -0.16905732452869415,
      -0.09217456728219986,
      -0.1059652641415596
    ],
    [
      0.20384494960308075,
      0.1872130185365677,
      -0.04973069205880165,
      0.214522123336792,
      -0.2131301909685135,
      0.009779698215425014,
      -0.16454508900642395,
      -0.17051976919174194,
      -0.09037267416715622,
      -0.10617620497941971
    ],
    [
      0.20603223145008087,
      0.18635143339633942,
      -0.05555238947272301,
      0.2154281586408615,
      -0.21059764921665192,
      0.00845468882471323,
      -0.1665389984846115,
      -0.1689944714307785,
      -0.0930715799331665,
      -0.10300753265619278
    ],
    [
      0.2049449235200882,
      0.180951789021492,
      -0.041775334626436234,
      0.21374379098415375,
      -0.21606840193271637,
      0.008973188698291779,
      -0.15731440484523773,
      -0.18047268688678741,
      -0.07917401194572449,
      -0.11214622855186462
    ],
    [
      0.20460152626037598,
      0.18553109467029572,
      -0.04717111587524414,
      0.2143993377685547,
      -0.214243546128273,
      0.010731768794357777,
      -0.162149116396904,
      -0.17404364049434662,
      -0.08611535280942917,
      -0.10725810378789902
    ],
    [
      0.2060449719429016,
      0.1868131011724472,
      -0.05230231210589409,
      0.21536822617053986,
      -0.21215997636318207,
      0.012508208863437176,
      -0.16447874903678894,
      -0.1722390204668045,
      -0.08820565789937973,
