{
  "tempos": [
    0.0,
    0.5,
    1.0,
    1.5,
    2.0,
    2.5,
    3.0,
    3.5,
    4.0,
    4.5,
    5.0
  ],
  "engajamentoneural": [
    77.9649722052141,
    82.45110281753686,
    87.36300193239353,
    89.87950493785752,
    89.75845711904775,
    87.43266943760241,
    83.45437483975967,
    78.71461001927382,
    74.23608791244473,
    70.81698591405858,
    68.97087453557629
  ],
  "cognitivedemand": [
    57.62171938633103,
    58.99735217819112,
    62.83417126463521,
    67.52694892220673,
    66.56484757979989,
    64.02762101960722,
    59.283721475334666,
    36.96737789377375,
    53.143518816301224,
    56.924708762029525,
    54.93429901084887
  ],
  "focus": [
    12.881760703523017,
    24.64249135490367,
    19.760425347416778,
    14.92047854857455,
    33.5888144818658,
    45.451886897837795,
    52.021144155300185,
    24.40885530568188,
    28.764178908070857,
    36.83093526425019,
    33.15165822551729
  ],
  "embeddings": [
    [
      0.1962224394083023,
      0.19175855815410614,
      -0.03748069331049919,
      0.21232415735721588,
      -0.21837152540683746,
      0.003067775396630168,
      -0.1654273420572281,
      -0.16201098263263702,
      -0.09868737310171127,
      -0.116123266518116
    ],
    [
      0.1951022893190384,
      0.19261221587657928,
      -0.03820524737238884,
      0.21277742087841034,
      -0.21845102310180664,
      0.0014318457106128335,
      -0.16658663749694824,
      -0.15964028239250183,
      -0.10187489539384842,
      -0.11683393269777298
    ],
    [
      0.19573688507080078,
      0.1930815726518631,
      -0.040396805852651596,
      0.21305935084819794,
      -0.21767829358577728,
      0.002649786649271846,
      -0.16714565455913544,
      -0.15950848162174225,
      -0.10179933160543442,
      -0.11503832787275314
    ],
    [
      0.19485819339752197,
      0.19619737565517426,
      -0.04379052296280861,
      0.21271632611751556,
      -0.21680031716823578,
      0.002346981782466173,
      -0.17110919952392578,
      -0.15356303751468658,
      -0.10779386013746262,
      -0.1128186360001564
    ],
    [
      0.19524216651916504,
      0.19762592017650604,
      -0.046714991331100464,
      0.21304529905319214,
      -0.21567733585834503,
      0.0036855777725577354,
      -0.17286469042301178,
      -0.15188196301460266,
      -0.10944944620132446,
      -0.11030284315347672
    ],
    [
      0.19593660533428192,
      0.19707389175891876,
      -0.04704510048031807,
      0.21318775415420532,
      -0.21546339988708496,
      0.0046205646358430386,
      -0.17227648198604584,
      -0.1533142328262329,
      -0.10790711641311646,
      -0.10966956615447998
    ],
    [
      0.19679874181747437,
      0.19591383635997772,
      -0.045663077384233475,
      0.21313375234603882,
      -0.21593578159809113,
      0.0057318806648254395,
      -0.17052103579044342,
      -0.15640795230865479,
      -0.10442734509706497,
      -0.10982620716094971
    ],
    [
      0.19590730965137482,
      0.19873344898223877,
      -0.049114346504211426,
      0.21286797523498535,
      -0.21492457389831543,
      0.00524167949333787,
      -0.17440573871135712,
      -0.15054312348365784,
      -0.11041367799043655,
      -0.10792704671621323
    ],
    [
      0.19544567167758942,
      0.19883756339550018,
      -0.049688246101140976,
      0.21258048713207245,
      -0.21477128565311432,
      0.003835429670289159,
      -0.17526869475841522,
      -0.1488015204668045,
      -0.11233807355165482,
      -0.10835229605436325
    ],
    [
      0.19605465233325958,
      0.19947294890880585,
      -0.051394399255514145,
      0.21292953193187714,
      -0.21407009661197662,
      0.00530388206243515,
      -0.1756916046142578,
      -0.14902763068675995,
      -0.11186420917510986,
      -0.10648723691701889
    ],
    [
      0.19280600547790527,
      0.19910390675067902,
      -0.045313794165849686,
      0.21035726368427277,
      -0.2170405238866806,
      -0.0006900898297317326,
      -0.17584900557994843,
      -0.14541374146938324,
      -0.11511709541082382,
      -0.1130983829498291
    ],
    [
      0.190904900431633,
      0.19800128042697906,
      -0.0412476472556591,
      0.2085120528936386,
      -0.21891701221466064,
      -0.005614857655018568,
      -0.17567622661590576,
      -0.1432955414056778,
      -0.11719274520874023,
      -0.1177126094698906
    ],
    [
      0.19030117988586426,
      0.19501884281635284,
      -0.035558536648750305,
      0.20815443992614746,
      -0.22096793353557587,
      -0.007546273525804281,
      -0.1718054860830307,
      -0.1474081575870514,
      -0.11287438124418259,
      -0.12248256057500839
    ],
    [
      0.18977874517440796,
      0.19472508132457733,
      -0.033905524760484695,
      0.20802521705627441,
      -0.2216976284980774,
      -0.008227868936955929,
      -0.17112290859222412,
      -0.14787662029266357,
      -0.11242123693227768,
      -0.12384665757417679
    ],
    [
      0.18875795602798462,
      0.19485555589199066,
      -0.03192142769694328,
      0.20688538253307343,
      -0.2227068394422531,
      -0.010580956935882568,
      -0.17154031991958618,
      -0.1460137516260147,
      -0.11400938034057617,
      -0.12583839893341064
    ]
  ]
}