{
  "tempos": [
    0.0,
    0.5,
    1.0,
    1.5,
    2.0,
    2.5,
    3.0,
    3.5,
    4.0,
    4.5,
    5.0
  ],
  "engajamentoneural": [
    60.48056963995988,
    66.12469249589921,
    73.29773804966341,
    78.04477934705399,
    79.40942303140766,
    78.3022300192061,
    76.12394522213279,
    74.0990361920691,
    72.80253318229546,
    72.17442553163224,
    71.9432687004865
  ],
  "cognitivedemand": [
    30.812961041569537,
    44.113506667108844,
    47.220886116403975,
    49.83663807164364,
    50.5855139459699,
    54.095497682492606,
    27.664248525427745,
    42.46343816215172,
    59.16336886670987,
    57.90371629897518,
    57.17788589443123
  ],
  "focus": [
    13.483586763084201,
    20.439812473125745,
    18.003801593321686,
    35.82823283190007,
    36.11849283416023,
    20.258424922425725,
    10.979119857627866,
    21.23739954097888,
    21.409861574005564,
    11.917885683350033,
    8.954057070539552
  ],
  "embeddings": [
    [
      0.1971321702003479,
      0.1951286792755127,
      -0.050245676189661026,
      0.20983947813510895,
      -0.21486033499240875,
      0.00015885492030065507,
      -0.17622144520282745,
      -0.14746586978435516,
      -0.11263743042945862,
      -0.1094156801700592
    ],
    [
      0.19821281731128693,
      0.1917879581451416,
      -0.04638474062085152,
      0.2099807858467102,
      -0.21556317806243896,
      0.0019395077833905816,
      -0.17073972523212433,
      -0.15625669062137604,
      -0.1030060350894928,
      -0.11143303662538528
    ],
    [
      0.19875295460224152,
      0.1895628720521927,
      -0.042825568467378616,
      0.21081572771072388,
      -0.21686159074306488,
      0.0035710849333554506,
      -0.16694951057434082,
      -0.16184981167316437,
      -0.09724093228578568,
      -0.11326989531517029
    ],
    [
      0.1986815482378006,
      0.19097375869750977,
      -0.044670719653367996,
      0.21129603683948517,
      -0.2162608951330185,
      0.0035265025217086077,
      -0.1687009334564209,
      -0.15959501266479492,
      -0.09987474232912064,
      -0.11179172247648239
    ],
    [
      0.19862103462219238,
      0.19199778139591217,
      -0.04648022726178169,
      0.21165914833545685,
      -0.21555204689502716,
      0.0037628512363880873,
      -0.1699429601430893,
      -0.1580849438905716,
      -0.10163897275924683,
      -0.11051378399133682
    ],
    [
      0.19849644601345062,
      0.19237953424453735,
      -0.04714762791991234,
      0.21162547171115875,
      -0.2153458446264267,
      0.003682680195197463,
      -0.17049729824066162,
      -0.15730907022953033,
      -0.10242805629968643,
      -0.1101568341255188
    ],
    [
      0.19832442700862885,
      0.19276082515716553,
      -0.04729651287198067,
      0.2113984078168869,
      -0.21536333858966827,
      0.0036857249215245247,
      -0.1709088534116745,
      -0.15667222440242767,
      -0.10287892818450928,
      -0.10998722910881042
    ],
    [
      0.1987067312002182,
      0.19324184954166412,
      -0.04867188632488251,
      0.21187724173069,
      -0.21473699808120728,
      0.004412837326526642,
      -0.17145474255084991,
      -0.1564556509256363,
      -0.10330897569656372,
      -0.10870928317308426
    ],
    [
      0.1979479342699051,
      0.19541187584400177,
      -0.0515216700732708,
      0.21148286759853363,
      -0.21385972201824188,
      0.004012077581137419,
      -0.17466016113758087,
      -0.15175849199295044,
      -0.10832983255386353,
      -0.1073833480477333
    ],
    [
      0.19761715829372406,
      0.19369006156921387,
      -0.04762081429362297,
      0.21056003868579865,
      -0.21539686620235443,
      0.0028976642061024904,
      -0.17223121225833893,
      -0.15427160263061523,
      -0.10510409623384476,
      -0.11014494299888611
    ],
    [
      0.19707924127578735,
      0.1932304948568344,
      -0.045006196945905685,
      0.21047110855579376,
      -0.2165553718805313,
      0.002541707130149007,
      -0.17088155448436737,
      -0.1554822325706482,
      -0.10367310792207718,
      -0.11195198446512222
    ],
    [
      0.19675606489181519,
      0.1930982619524002,
      -0.04526809975504875,
      0.21071839332580566,
      -0.21641427278518677,
      0.0013874713331460953,
      -0.17110581696033478,
      -0.15472577512264252,
      -0.10503529757261276,
      -0.11245045065879822
    ],
    [
      0.19619470834732056,
      0.19286303222179413,
      -0.044155389070510864,
      0.21066564321517944,
      -0.2168697565793991,
      0.0005013938061892986,
      -0.17071743309497833,
      -0.15462692081928253,
      -0.10531383752822876,
      -0.11366049200296402
    ],
    [
      0.1957683116197586,
      0.1920384168624878,
      -0.04243989661335945,
      0.21019184589385986,
      -0.2175988405942917,
      -0.001054253545589745,
      -0.1700444221496582,
      -0.15482832491397858,
      -0.10506262630224228,
      -0.11541378498077393
    ],
    [
      0.1945115327835083,
      0.19168983399868011,
      -0.03905876353383064,
      0.20911844074726105,
      -0.219027578830719,
      -0.0032911936286836863,
      -0.16944347321987152,
      -0.15413804352283478,
      -0.10537569969892502,
      -0.11837948113679886
    ]
  ]
}