{
  "tempos": [
    0.0,
    0.5,
    1.0,
    1.5,
    2.0,
    2.5,
    3.0,
    3.5,
    4.0,
    4.5,
    5.0,
    5.5,
    6.0,
    6.5,
    7.0,
    7.5,
    8.0,
    8.5,
    9.0,
    9.5,
    10.0,
    10.5,
    11.0,
    11.5,
    12.0,
    12.5,
    13.0,
    13.5,
    14.0,
    14.5,
    15.0,
    15.5,
    16.0,
    16.5,
    17.0,
    17.5,
    18.0,
    18.5,
    19.0,
    19.5
  ],
  "engajamentoneural": [
    63.998795612603956,
    69.62275300015155,
    76.31573737009951,
    80.13670623783445,
    80.38010423670548,
    77.99052270661697,
    74.33885227060566,
    70.6993036047664,
    67.8062712800907,
    65.81246932534985,
    64.54927826872124,
    63.7508014518634,
    63.16505012991445,
    62.62732000189739,
    62.112400336000185,
    61.7179560200205,
    61.5627640998732,
    61.66596512186809,
    61.90298258152529,
    62.07233300232671,
    62.01244936766326,
    61.67000288822588,
    61.0715974506577,
    60.23589912148508,
    59.11528247936625,
    57.648047716378755,
    55.92515397156744,
    54.3529135561207,
    53.63746446016342,
    54.51582670671316,
    57.3199594144019,
    61.584337367571365,
    66.07584647860372,
    69.47447252093495,
    71.14057489254509,
    71.2537146141077,
    70.43580616226424,
    69.3169462341078,
    68.33192674400996,
    67.75810992674708
  ],
  "cognitivedemand": [
    64.76242102604527,
    67.20342994238754,
    68.1187803757893,
    71.66103916791738,
    75.03665200942169,
    78.28664792953842,
    81.05713603865394,
    82.91574878586701,
    84.27478672680294,
    84.4185998575409,
    82.8653627377341,
    81.71794100286299,
    82.73987291369978,
    82.22089263731314,
    82.2405751326959,
    82.22638956037022,
    82.05668252450975,
    75.6842632025666,
    73.11288927801867,
    74.38207142505355,
    73.19205360932257,
    70.94856064422945,
    77.84649845730887,
    78.10217964118584,
    78.44332564916796,
    77.76687435634585,
    48.86154509271936,
    49.881200005013596,
    51.77201187562548,
    51.955159876508276,
    50.22876123535938,
    68.20433881724341,
    77.03669168547052,
    76.98899499035754,
    71.00853928278076,
    72.25815039203573,
    75.00290197153547,
    78.52588266732874,
    81.24354373129326,
    83.13554633369569
  ],
  "focus": [
    41.130405585059634,
    28.713242594596608,
    50.944204905940595,
    24.30194829047825,
    62.75118889731646,
    87.43062733402598,
    88.02314253586702,
    71.05458844996376,
    64.70732878035138,
    63.324113032304176,
    72.94163797173442,
    77.54457623144846,
    54.03404747025794,
    27.772443097436415,
    48.00361624169974,
    36.986956974975804,
    14.401696873976526,
    11.912103594415049,
    9.129182963444995,
    37.08857507736516,
    58.58280907656608,
    12.771598798829606,
    9.278895902898132,
    15.13375568831878,
    30.13156622933629,
    67.46624444523938,
    56.51935448447114,
    71.05340210723224,
    80.74003150304215,
    77.32103425852453,
    59.50851026558927,
    57.42379132194531,
    76.14876869951871,
    93.91655873235564,
    94.16396684854433,
    90.21574742181338,
    84.98273582827558,
    88.17052567165406,
    71.52805131755781,
    62.817605525027176
  ],
  "embeddings": [
    [
      0.2033025622367859,
      0.1848074346780777,
      -0.04567578434944153,
      0.21323055028915405,
      -0.21467582881450653,
      0.007602326106280088,
      -0.16234250366687775,
      -0.17156387865543365,
      -0.08801867812871933,
      -0.11100310832262039
    ],
    [
      0.20232033729553223,
      0.18052975833415985,
      -0.03359478339552879,
      0.2119290679693222,
      -0.21956755220890045,
      0.007574545219540596,
      -0.15475516021251678,
      -0.18069207668304443,
      -0.07658657431602478,
      -0.11931648850440979
    ],
    [
      0.19957073032855988,
      0.19082613289356232,
      -0.04585416615009308,
      0.2126326560974121,
      -0.21549631655216217,
      0.005701179150491953,
      -0.16751523315906525,
      -0.16218097507953644,
      -0.0979984775185585,
      -0.11055747419595718
    ],
    [
      0.19676350057125092,
      0.19414043426513672,
      -0.044998135417699814,
      0.21181868016719818,
      -0.2163597196340561,
      0.004206710495054722,
      -0.17033441364765167,
      -0.15610410273075104,
      -0.10381826013326645,
      -0.11178664118051529
    ],
    [
      0.1948569267988205,
      0.2000998705625534,
      -0.05095037817955017,
      0.21210332214832306,
      -0.21439343690872192,
      0.0035992737393826246,
      -0.17720645666122437,
      -0.14569492638111115,
      -0.11536238342523575,
      -0.10778246074914932
    ],
    [
      0.19654428958892822,
      0.19601382315158844,
      -0.05105900764465332,
      0.2129659503698349,
      -0.21366186439990997,
      0.0014813569141551852,
      -0.17441165447235107,
      -0.14997179806232452,
      -0.1124698743224144,
      -0.10877462476491928
    ],
    [
      0.19726087152957916,
      0.1849963515996933,
      -0.036414191126823425,
      0.2123168259859085,
      -0.21849964559078217,
      -0.001477334531955421,
      -0.16128842532634735,
      -0.16678546369075775,
      -0.09446060657501221,
      -0.1212095394730568
    ],
    [
      0.19642294943332672,
      0.18597741425037384,
      -0.03326867148280144,
      0.2120913714170456,
      -0.2200683355331421,
      -0.0007658380200155079,
      -0.16058944165706635,
      -0.1674870401620865,
      -0.09288456290960312,
      -0.12237716466188431
    ],
    [
      0.19676625728607178,
      0.18747925758361816,
      -0.03740331158041954,
      0.21275387704372406,
      -0.2183481603860855,
      -0.000654884846881032,
      -0.162961944937706,
      -0.16472242772579193,
      -0.09704238176345825,
      -0.11910918354988098
    ],
    [
      0.19595156610012054,
      0.18903033435344696,
      -0.037427376955747604,
      0.2126915454864502,
      -0.21857838332653046,
      -0.0004256446845829487,
      -0.16412930190563202,
      -0.16294452548027039,
      -0.09855427592992783,
      -0.1189911961555481
    ],
    [
      0.19677112996578217,
      0.18985837697982788,
      -0.0408441461622715,
      0.21311096847057343,
      -0.2172088772058487,
      0.0005101172719150782,
      -0.16570083796977997,
      -0.16170115768909454,
      -0.10031646490097046,
      -0.11606409400701523
    ],
    [
      0.1965881586074829,
      0.18987588584423065,
      -0.04040740802884102,
      0.2130776196718216,
      -0.21740825474262238,
      0.000568027317058295,
      -0.16544975340366364,
      -0.1619168221950531,
      -0.09998362511396408,
      -0.11637166142463684
    ],
    [
      0.19629524648189545,
      0.18860489130020142,
      -0.0385391004383564,
      0.21287953853607178,
      -0.2180178314447403,
      -0.0007347172941081226,
      -0.16419751942157745,
      -0.1630178987979889,
      -0.09905943274497986,
      -0.11837970465421677
    ],
    [
      0.1959722638130188,
      0.18798010051250458,
      -0.03641897067427635,
      0.21263469755649567,
      -0.21887803077697754,
      -0.0010230484185740352,
      -0.16309387981891632,
      -0.16424214839935303,
      -0.09751806408166885,
      -0.11994150280952454
    ],
    [
      0.19656120240688324,
      0.18754525482654572,
      -0.03690551593899727,
      0.21283097565174103,
      -0.21863694489002228,
      -0.0004807038640137762,
      -0.16283012926578522,
      -0.16510750353336334,
      -0.09665632247924805,
      -0.11941608041524887
    ],
    [
      0.19681866466999054,
      0.18570514023303986,
      -0.03510832041501999,
      0.2128249853849411,
      -0.21912717819213867,
      -0.0012425276217982173,
      -0.16095875203609467,
      -0.16764508187770844,
      -0.09429716318845749,
      -0.12112382799386978
    ],
    [
      0.19625188410282135,
      0.18695980310440063,
      -0.03456845134496689,
      0.21255075931549072,
