{
  "engajamentoneural": 78.68342718876944,
  "cognitivedemand": 84.52392769257699,
  "focus": 24.289556919493716
}