{
  "engajamentoneural": 71.8285885149933,
  "cognitivedemand": 83.84800539332483,
  "focus": 8.06223180239558
}