{
  "engajamentoneural": 83.26077992885233,
  "cognitivedemand": 88.69662540265799,
  "focus": 16.108294079962793
}