{
  "engajamentoneural": 78.81399772946298,
  "cognitivedemand": 85.48417573659871,
  "focus": 32.315541408128404
}