{
  "engajamentoneural": 75.59066831407138,
  "cognitivedemand": 68.70494247117466,
  "focus": 12.459242557928185
}