{
  "engajamentoneural": 72.87644765170856,
  "cognitivedemand": 55.60605095000529,
  "focus": 9.469134859691586
}