{
  "engajamentoneural": 80.9906370818975,
  "cognitivedemand": 78.7183798586506,
  "focus": 7.93251015524874
}