{
  "engajamentoneural": 78.77749206740057,
  "cognitivedemand": 79.03664792277226,
  "focus": 8.58736405182774
}