{
  "engajamentoneural": 77.1647814998905,
  "cognitivedemand": 78.50813800601821,
  "focus": 7.843971830640073
}