{
  "engajamentoneural": 70.37756605565096,
  "cognitivedemand": 66.96149536109361,
  "focus": 16.02156271370838
}