{
  "engajamentoneural": 71.79726780177432,
  "cognitivedemand": 75.86131361669618,
  "focus": 13.552650213634365
}