{
  "engajamentoneural": 76.80192762067594,
  "cognitivedemand": 73.85164423054078,
  "focus": 14.02078620727889
}