{
  "engajamentoneural": 70.76374113749443,
  "cognitivedemand": 96.74372234579877,
  "focus": 8.976184029196643
}