{
  "engajamentoneural": 74.8012596395343,
  "cognitivedemand": 64.32535670335268,
  "focus": 30.582036537989744
}