{
  "engajamentoneural": 79.46921941712617,
  "cognitivedemand": 69.63710182555538,
  "focus": 8.432855618889
}