{
  "engajamentoneural": 75.05273573154548,
  "cognitivedemand": 64.17888481251728,
  "focus": 12.315103730377519
}