{
  "engajamentoneural": 76.07120731243697,
  "cognitivedemand": 66.60767599221663,
  "focus": 9.076967526006708
}