{
  "engajamentoneural": 72.24238871440419,
  "cognitivedemand": 74.84143945662227,
  "focus": 8.738778213938115
}