{
  "engajamentoneural": 74.62933746557952,
  "cognitivedemand": 78.94158299165431,
  "focus": 7.900394971373692
}