{
  "engajamentoneural": 59.91960243946172,
  "cognitivedemand": 93.39899613716267,
  "focus": 7.823393068281548
}