{
  "engajamentoneural": 74.45357524822492,
  "cognitivedemand": 80.9604355834035,
  "focus": 7.939399986637086
}