{
  "engajamentoneural": 78.88315222949262,
  "cognitivedemand": 68.52409596621041,
  "focus": 9.521007110018642
}