{
  "engajamentoneural": 48.633262742944424,
  "cognitivedemand": 88.6136473982495,
  "focus": 7.823243529721768
}