{
  "engajamentoneural": 73.52338041586029,
  "cognitivedemand": 74.51000847575223,
  "focus": 8.161443857278062
}