{
  "engajamentoneural": 72.5406653886194,
  "cognitivedemand": 71.30974616366998,
  "focus": 8.138118007383888
}