{
  "engajamentoneural": 75.38105779139339,
  "cognitivedemand": 79.69364425654965,
  "focus": 13.138566923713713
}