{
  "engajamentoneural": 75.24752037553648,
  "cognitivedemand": 79.33160473312932,
  "focus": 11.401197902325633
}