{
  "engajamentoneural": 76.8152337757105,
  "cognitivedemand": 83.13516680153019,
  "focus": 28.70789471722228
}