{
  "engajamentoneural": 83.14578825329883,
  "cognitivedemand": 78.74268445446698,
  "focus": 8.831156539124517
}