{
  "engajamentoneural": 68.67389993684426,
  "cognitivedemand": 80.35373627435136,
  "focus": 42.99686945233334
}