{
  "engajamentoneural": 79.24411720302997,
  "cognitivedemand": 82.61990186781577,
  "focus": 8.127548074611912
}