{
  "engajamentoneural": 78.8651914863562,
  "cognitivedemand": 67.99840311886702,
  "focus": 7.940510483132113
}