{
  "engajamentoneural": 81.74875603348994,
  "cognitivedemand": 71.3648039990925,
  "focus": 8.476656670444417
}