{
  "engajamentoneural": 68.72749825381301,
  "cognitivedemand": 50.74155644536742,
  "focus": 25.058742867472162
}