{
  "engajamentoneural": 80.50875426736108,
  "cognitivedemand": 37.26302524173209,
  "focus": 39.017669749233384
}