{
  "engajamentoneural": 75.71341398691237,
  "cognitivedemand": 72.604947486574,
  "focus": 7.969251475429973
}