{
  "engajamentoneural": 71.46618918529796,
  "cognitivedemand": 77.25166078589571,
  "focus": 15.810065266759077
}