{
  "engajamentoneural": 62.40818910859204,
  "cognitivedemand": 53.85062186333276,
  "focus": 21.39762436924968
}