{
  "engajamentoneural": 75.0042232112969,
  "cognitivedemand": 75.87836890837704,
  "focus": 10.551112355517978
}