{
  "engajamentoneural": 92.13435344705306,
  "cognitivedemand": 71.56410436298792,
  "focus": 8.286768667721155
}