{
  "engajamentoneural": 75.53105774210572,
  "cognitivedemand": 84.71947277270382,
  "focus": 40.57700966338956
}