{
  "engajamentoneural": 75.21170700272484,
  "cognitivedemand": 69.2616173586812,
  "focus": 8.765777671484276
}