{
  "engajamentoneural": 77.66383846973339,
  "cognitivedemand": 71.62652522736201,
  "focus": 46.775377922508575
}