{
  "engajamentoneural": 84.9975666583318,
  "cognitivedemand": 79.66337673700083,
  "focus": 8.099001310999299
}