{
  "engajamentoneural": 78.22721877135882,
  "cognitivedemand": 95.87902546651061,
  "focus": 9.17057429278454
}