{
  "engajamentoneural": 88.74756138542341,
  "cognitivedemand": 80.17895634537948,
  "focus": 8.229465726065023
}