{
  "engajamentoneural": 89.6358037985,
  "cognitivedemand": 76.98743581498574,
  "focus": 29.63596106586628
}