{
  "engajamentoneural": 86.11388394428074,
  "cognitivedemand": 85.76250118424737,
  "focus": 7.929014684420399
}