{
  "engajamentoneural": 72.64544101070484,
  "cognitivedemand": 86.23718769972986,
  "focus": 17.994582887912024
}