{
  "engajamentoneural": 55.479427772701825,
  "cognitivedemand": 36.44741686902904,
  "focus": 35.06252633347603
}