{
  "engajamentoneural": 84.58947092650064,
  "cognitivedemand": 82.35562974975198,
  "focus": 9.46236394084301
}