{
  "engajamentoneural": 72.12753020673672,
  "cognitivedemand": 81.89401720994854,
  "focus": 10.403896359329657
}