{
  "engajamentoneural": 73.90197251707879,
  "cognitivedemand": 95.2715551750763,
  "focus": 8.279229255695931
}