{
  "engajamentoneural": 73.42935558691622,
  "cognitivedemand": 63.776770533752824,
  "focus": 10.892898547542362
}