{
  "engajamentoneural": 77.13246426358565,
  "cognitivedemand": 76.59969187685468,
  "focus": 11.015342654317806
}