{
  "engajamentoneural": 79.00268235407289,
  "cognitivedemand": 37.954617917009884,
  "focus": 28.90649916975012
}