{
  "engajamentoneural": 71.1783914545413,
  "cognitivedemand": 69.02614727619599,
  "focus": 8.780631476134548
}