{
  "engajamentoneural": 71.80062209353186,
  "cognitivedemand": 62.78128067959033,
  "focus": 25.79041682065745
}