{
  "engajamentoneural": 46.49822629059277,
  "cognitivedemand": 70.92327942838374,
  "focus": 96.68471207324312
}