{
  "engajamentoneural": 67.70018107969243,
  "cognitivedemand": 74.43791873966539,
  "focus": 11.538877240755374
}