{
  "engajamentoneural": 76.10798173387822,
  "cognitivedemand": 60.25268967504761,
  "focus": 9.609071660256019
}