{
  "engajamentoneural": 74.91094804579068,
  "cognitivedemand": 83.2694562892843,
  "focus": 8.26103065376702
}