{
  "engajamentoneural": 90.53761392070227,
  "cognitivedemand": 87.97780704358719,
  "focus": 41.51006091922127
}