{
  "engajamentoneural": 65.30750083621307,
  "cognitivedemand": 64.8635967324324,
  "focus": 9.32914900768964
}