{
  "engajamentoneural": 81.25451509108754,
  "cognitivedemand": 78.16288152615304,
  "focus": 8.223832050543223
}