{
  "engajamentoneural": 51.485447478558314,
  "cognitivedemand": 74.50593766548825,
  "focus": 18.14637219115052
}