{
  "engajamentoneural": 77.04095139125296,
  "cognitivedemand": 69.67781782617983,
  "focus": 7.857814342036473
}