{
  "engajamentoneural": 77.41476618055779,
  "cognitivedemand": 86.36238356121683,
  "focus": 9.134316799534425
}