{
  "engajamentoneural": 58.52328122626196,
  "cognitivedemand": 81.29326657032391,
  "focus": 40.25727944155872
}