{
  "engajamentoneural": 84.6447242800014,
  "cognitivedemand": 72.9480253640429,
  "focus": 9.193834011579405
}