{
  "engajamentoneural": 74.19808650180293,
  "cognitivedemand": 70.5430600527107,
  "focus": 8.07963940250378
}