{
  "engajamentoneural": 75.43227846994638,
  "cognitivedemand": 69.07273521964169,
  "focus": 19.275058543365887
}