{
  "engajamentoneural": 89.09921663902188,
  "cognitivedemand": 61.55281247256554,
  "focus": 9.341201362755447
}