{
  "engajamentoneural": 69.63738791486816,
  "cognitivedemand": 79.22170468954685,
  "focus": 19.743855023722045
}