{
  "engajamentoneural": 72.09204401700615,
  "cognitivedemand": 73.71112000444258,
  "focus": 7.940525290626299
}