{
  "engajamentoneural": 74.54095828220787,
  "cognitivedemand": 54.89065932690773,
  "focus": 11.136925797870312
}