{
  "engajamentoneural": 75.15428884819548,
  "cognitivedemand": 83.86301627500308,
  "focus": 8.01476528200995
}