{
  "engajamentoneural": 69.50808449031949,
  "cognitivedemand": 65.06922497254172,
  "focus": 22.83994703939061
}