{
  "engajamentoneural": 85.99998549982017,
  "cognitivedemand": 86.57609749755896,
  "focus": 7.874415024722414
}