{
  "engajamentoneural": 74.47381515421942,
  "cognitivedemand": 46.77872687698568,
  "focus": 74.2892326320145
}