{
  "engajamentoneural": 77.05362586909754,
  "cognitivedemand": 64.5075305498531,
  "focus": 13.005967523501049
}