{
  "engajamentoneural": 79.29123646917982,
  "cognitivedemand": 68.78294958620985,
  "focus": 7.844612304384824
}