{
  "engajamentoneural": 82.15449990257692,
  "cognitivedemand": 81.3039131953529,
  "focus": 7.845633484487302
}