{
  "engajamentoneural": 80.11249951071322,
  "cognitivedemand": 85.25236891479678,
  "focus": 12.35490729708657
}