{
  "engajamentoneural": 94.80666268445906,
  "cognitivedemand": 74.73550611553155,
  "focus": 8.176008649076216
}