{
  "engajamentoneural": 71.459600369171,
  "cognitivedemand": 33.59516614003911,
  "focus": 88.83553863162223
}