{
  "engajamentoneural": 77.6405998012008,
  "cognitivedemand": 42.67235780372914,
  "focus": 58.10331902948217
}