{
  "engajamentoneural": 83.7686357747097,
  "cognitivedemand": 77.14182452379215,
  "focus": 8.6104862722856
}