{
  "engajamentoneural": 76.86892424296417,
  "cognitivedemand": 70.54071804039158,
  "focus": 12.483420166257098
}