{
  "engajamentoneural": 69.16637599711846,
  "cognitivedemand": 52.51302265403495,
  "focus": 21.108981095398114
}