{
  "engajamentoneural": 65.2352027461038,
  "cognitivedemand": 41.72963377895577,
  "focus": 28.68597463572463
}