{
  "engajamentoneural": 74.74701287587347,
  "cognitivedemand": 66.9086161220878,
  "focus": 68.95863667474413
}