{
  "engajamentoneural": 85.58248198915828,
  "cognitivedemand": 76.1354571296549,
  "focus": 8.114989240862291
}