{
  "engajamentoneural": 75.92631031784411,
  "cognitivedemand": 66.56723104691653,
  "focus": 22.353664639122115
}