{
  "engajamentoneural": 72.15520498273891,
  "cognitivedemand": 80.82218150745669,
  "focus": 7.965527525323957
}