{
  "engajamentoneural": 77.76027667522646,
  "cognitivedemand": 69.91056328936111,
  "focus": 7.858526392552978
}