{
  "engajamentoneural": 71.52158024839981,
  "cognitivedemand": 74.8385270566657,
  "focus": 11.601483465234551
}