{
  "engajamentoneural": 69.59734125123228,
  "cognitivedemand": 52.493616228662376,
  "focus": 14.45554536559952
}