{
  "engajamentoneural": 58.20860622011171,
  "cognitivedemand": 73.38772516323019,
  "focus": 55.8405315354883
}