{
  "engajamentoneural": 68.7907662522298,
  "cognitivedemand": 48.46901997512564,
  "focus": 10.678924536656954
}