{
  "engajamentoneural": 80.31139821217425,
  "cognitivedemand": 68.18810155533647,
  "focus": 8.862348476160875
}