{
  "engajamentoneural": 90.12475108166117,
  "cognitivedemand": 81.75251566980144,
  "focus": 7.838095174750381
}