{
  "engajamentoneural": 79.91839366799007,
  "cognitivedemand": 75.21924947308108,
  "focus": 9.423327990062337
}