{
  "engajamentoneural": 80.2545075787663,
  "cognitivedemand": 68.30454114670805,
  "focus": 10.246805704032557
}