{
  "engajamentoneural": 75.54892518165475,
  "cognitivedemand": 77.8494438858911,
  "focus": 8.17964340086994
}