{
  "engajamentoneural": 86.62228720601834,
  "cognitivedemand": 83.00717709682607,
  "focus": 8.286599468347532
}