{
  "engajamentoneural": 91.93802754801155,
  "cognitivedemand": 89.43566533030867,
  "focus": 8.822877685252429
}