{
  "engajamentoneural": 66.02754982275785,
  "cognitivedemand": 58.90861442440295,
  "focus": 13.735916139810222
}