{
  "engajamentoneural": 82.32271435769091,
  "cognitivedemand": 88.72416463645772,
  "focus": 10.207795004652098
}