{
  "engajamentoneural": 81.04797424044041,
  "cognitivedemand": 71.2213245046597,
  "focus": 7.899309803197019
}