{
  "engajamentoneural": 68.44306201357236,
  "cognitivedemand": 57.85920094067378,
  "focus": 9.794306999477165
}