{
  "engajamentoneural": 10.789376535444156,
  "cognitivedemand": 27.168267432241528,
  "focus": 7.871951058722049
}