{
  "engajamentoneural": 66.6467845208038,
  "cognitivedemand": 69.38696016162108,
  "focus": 16.808926909626077
}