{
  "engajamentoneural": 69.67897696112776,
  "cognitivedemand": 85.01995363918418,
  "focus": 16.874070277985
}