{
  "engajamentoneural": 69.99108250179813,
  "cognitivedemand": 52.253511060763735,
  "focus": 9.698445584729164
}