{
  "engajamentoneural": 74.73237871747249,
  "cognitivedemand": 50.72457563588425,
  "focus": 7.983347208659075
}