{
  "engajamentoneural": 75.419773366113,
  "cognitivedemand": 76.60208698070137,
  "focus": 14.506315680618776
}