{
  "engajamentoneural": 89.06493530322194,
  "cognitivedemand": 76.29124118222279,
  "focus": 8.12236899872314
}