{
  "engajamentoneural": 69.5472529694955,
  "cognitivedemand": 46.24879712786626,
  "focus": 23.001348217787797
}