{
  "engajamentoneural": 74.2528088628728,
  "cognitivedemand": 69.39140214261627,
  "focus": 13.456338503330812
}