{
  "engajamentoneural": 69.49327152492403,
  "cognitivedemand": 59.77128506667283,
  "focus": 11.689194055312836
}