{
  "engajamentoneural": 69.46243695745937,
  "cognitivedemand": 47.20420408121863,
  "focus": 24.326007162624887
}