{
  "engajamentoneural": 77.2568258682249,
  "cognitivedemand": 75.1473645019612,
  "focus": 29.209687562438226
}