{
  "engajamentoneural": 79.81418780834306,
  "cognitivedemand": 89.53916179193197,
  "focus": 7.830006733982797
}