{
  "engajamentoneural": 79.69672286490575,
  "cognitivedemand": 72.72244427762396,
  "focus": 8.451691487627745
}