{
  "engajamentoneural": 82.30101290164826,
  "cognitivedemand": 91.47862965108628,
  "focus": 8.307243564372179
}