{
  "engajamentoneural": 74.05168364360756,
  "cognitivedemand": 73.16545399419951,
  "focus": 43.863620870345585
}