{
  "engajamentoneural": 91.93742857613216,
  "cognitivedemand": 78.80296635471412,
  "focus": 47.73087515758429
}