{
  "engajamentoneural": 74.09869272909555,
  "cognitivedemand": 71.64884222297377,
  "focus": 7.884753643792908
}