{
  "engajamentoneural": 82.66971212846748,
  "cognitivedemand": 78.56619488695455,
  "focus": 8.02508931499295
}