{
  "engajamentoneural": 85.78040021941771,
  "cognitivedemand": 71.6549071152634,
  "focus": 8.376418200131575
}