{
  "engajamentoneural": 92.84986540938598,
  "cognitivedemand": 83.08449562339325,
  "focus": 18.458346664184333
}