{
  "engajamentoneural": 39.570720887425566,
  "cognitivedemand": 86.56099773149754,
  "focus": 29.58425125152335
}