{
  "engajamentoneural": 77.94469135872959,
  "cognitivedemand": 82.82143488007672,
  "focus": 7.824471778724296
}