{
  "engajamentoneural": 69.90375048468617,
  "cognitivedemand": 54.09262612590149,
  "focus": 39.795819225342356
}