{
  "engajamentoneural": 78.3055074721516,
  "cognitivedemand": 71.53748662068122,
  "focus": 9.177813462995822
}