{
  "engajamentoneural": 86.0915939065497,
  "cognitivedemand": 80.81335880467267,
  "focus": 7.846573092524434
}