{
  "engajamentoneural": 82.23002449925451,
  "cognitivedemand": 37.293061865336526,
  "focus": 39.113724956527086
}