{
  "engajamentoneural": 69.49106444324434,
  "cognitivedemand": 59.77128506667283,
  "focus": 11.688873011187573
}