{
  "engajamentoneural": 78.09699278869307,
  "cognitivedemand": 70.50034828302418,
  "focus": 8.118816911538328
}