{
  "engajamentoneural": 62.6272533982855,
  "cognitivedemand": 68.57758269119779,
  "focus": 8.648079225477545
}