{
  "engajamentoneural": 86.62902245586254,
  "cognitivedemand": 80.76640834195813,
  "focus": 15.287803380816033
}