{
  "engajamentoneural": 79.42799713677131,
  "cognitivedemand": 66.6381079827692,
  "focus": 38.68090564886231
}