{
  "engajamentoneural": 79.38079041966853,
  "cognitivedemand": 64.4218814817295,
  "focus": 8.944220786139812
}