{
  "engajamentoneural": 85.60711433314232,
  "cognitivedemand": 73.9386335766315,
  "focus": 8.063075792440255
}