{
  "engajamentoneural": 79.4790576720158,
  "cognitivedemand": 63.027365798995106,
  "focus": 25.035797907376057
}