{
  "engajamentoneural": 83.70994500624852,
  "cognitivedemand": 76.25960713312698,
  "focus": 8.419987704599219
}