{
  "engajamentoneural": 69.04853657843387,
  "cognitivedemand": 84.56964251301915,
  "focus": 7.877185898981409
}