{
  "engajamentoneural": 79.05772259401249,
  "cognitivedemand": 89.88754354177465,
  "focus": 37.53589030994596
}