{
  "engajamentoneural": 92.77190034599387,
  "cognitivedemand": 88.39148991355935,
  "focus": 8.496729007440852
}