{
  "engajamentoneural": 71.82785802362119,
  "cognitivedemand": 66.7604139547805,
  "focus": 7.9376055093318465
}