{
  "engajamentoneural": 67.60944230071452,
  "cognitivedemand": 75.35741585218997,
  "focus": 12.2020663563696
}