{
  "engajamentoneural": 47.20571185464214,
  "cognitivedemand": 76.90228753781572,
  "focus": 15.982727420567521
}