{
  "engajamentoneural": 69.35228155693167,
  "cognitivedemand": 81.55988369803305,
  "focus": 10.250950389714419
}