{
  "engajamentoneural": 79.53046583888627,
  "cognitivedemand": 63.0276404653994,
  "focus": 25.123823682103907
}