{
  "engajamentoneural": 89.06015796502167,
  "cognitivedemand": 81.7957335566185,
  "focus": 8.296390357141913
}