{
  "engajamentoneural": 82.5090706801109,
  "cognitivedemand": 83.87421618912072,
  "focus": 7.8395488127076085
}