{
  "engajamentoneural": 76.98793684057543,
  "cognitivedemand": 69.67244858694657,
  "focus": 7.857802330910779
}