{
  "engajamentoneural": 74.58876079584395,
  "cognitivedemand": 66.87776171810879,
  "focus": 70.67981056509932
}