{
  "engajamentoneural": 76.96590000461462,
  "cognitivedemand": 71.95647100502913,
  "focus": 11.992367262945546
}