{
  "engajamentoneural": 81.05270245171803,
  "cognitivedemand": 59.19369204992947,
  "focus": 11.012306152939356
}