{
  "engajamentoneural": 72.31800098509598,
  "cognitivedemand": 76.18804903112199,
  "focus": 8.216588307398688
}