{
  "engajamentoneural": 83.39602862048385,
  "cognitivedemand": 57.26513957427228,
  "focus": 39.88339803250788
}