{
  "engajamentoneural": 88.34993235147871,
  "cognitivedemand": 71.51256290556087,
  "focus": 17.592277125676613
}