{
  "engajamentoneural": 73.72800165463701,
  "cognitivedemand": 61.74358383923021,
  "focus": 8.280696133230837
}