{
  "engajamentoneural": 84.45110581064642,
  "cognitivedemand": 81.06392709843107,
  "focus": 9.001603802822512
}