{
  "engajamentoneural": 66.53735175806005,
  "cognitivedemand": 43.58905687827354,
  "focus": 25.75546068236394
}