{
  "engajamentoneural": 81.87790070580014,
  "cognitivedemand": 77.82195493170003,
  "focus": 8.019993007038329
}