{
  "engajamentoneural": 82.4262754736498,
  "cognitivedemand": 67.06093471238545,
  "focus": 9.468309831237608
}