{
  "engajamentoneural": 88.18202964182899,
  "cognitivedemand": 93.63341915350576,
  "focus": 8.411897153477387
}