{
  "engajamentoneural": 88.64015072495567,
  "cognitivedemand": 82.04617922947038,
  "focus": 8.560695466426104
}