{
  "engajamentoneural": 79.61813600333151,
  "cognitivedemand": 83.23423346757305,
  "focus": 8.01543418576145
}