{
  "engajamentoneural": 76.28831183491755,
  "cognitivedemand": 75.03614764729257,
  "focus": 7.9650430672078
}