{
  "engajamentoneural": 70.44016412258188,
  "cognitivedemand": 86.46289879913141,
  "focus": 8.032855769565517
}