{
  "engajamentoneural": 77.20142083637174,
  "cognitivedemand": 73.48987034644956,
  "focus": 21.37545769222353
}