{
  "engajamentoneural": 78.93070603894132,
  "cognitivedemand": 69.52216604629862,
  "focus": 8.10801560636294
}