{
  "engajamentoneural": 75.61224134063396,
  "cognitivedemand": 63.248271540980205,
  "focus": 14.217316755107356
}