{
  "engajamentoneural": 80.11586368145977,
  "cognitivedemand": 76.0920859890054,
  "focus": 11.464137696289555
}