{
  "engajamentoneural": 73.39162905463016,
  "cognitivedemand": 82.51292145248998,
  "focus": 7.883659506789553
}