{
  "engajamentoneural": 75.72843725291207,
  "cognitivedemand": 76.30422293191427,
  "focus": 7.947433112705049
}