{
  "engajamentoneural": 81.4748380524193,
  "cognitivedemand": 80.94386789017116,
  "focus": 8.188514284543945
}