{
  "engajamentoneural": 68.22840621122698,
  "cognitivedemand": 36.02241347392799,
  "focus": 65.36474808164245
}