{
  "engajamentoneural": 92.97571792248459,
  "cognitivedemand": 86.48400621339434,
  "focus": 13.59317938025204
}