{
  "engajamentoneural": 83.89266789299923,
  "cognitivedemand": 58.39018734504319,
  "focus": 37.44271297063947
}