{
  "engajamentoneural": 94.48916955740034,
  "cognitivedemand": 79.83734834582972,
  "focus": 8.791020744407717
}