{
  "engajamentoneural": 80.4993719087457,
  "cognitivedemand": 64.76522778363227,
  "focus": 10.737342345338053
}