{
  "engajamentoneural": 68.16831795245976,
  "cognitivedemand": 68.18058587287864,
  "focus": 31.80562938005559
}