{
  "engajamentoneural": 84.54079352960306,
  "cognitivedemand": 86.60125605297921,
  "focus": 20.48115112789082
}