{
  "engajamentoneural": 70.42254107752929,
  "cognitivedemand": 54.320229240877836,
  "focus": 17.885755653234114
}