{
  "engajamentoneural": 88.6372327872524,
  "cognitivedemand": 81.58454154640818,
  "focus": 8.47992020956514
}