{
  "engajamentoneural": 67.21488729894918,
  "cognitivedemand": 71.01918590856387,
  "focus": 17.549465937984277
}