{
  "engajamentoneural": 73.97212894341145,
  "cognitivedemand": 86.1377703113835,
  "focus": 32.26191597569657
}