{
  "engajamentoneural": 79.51421180890682,
  "cognitivedemand": 79.63032812581015,
  "focus": 10.595297813685667
}