{
  "engajamentoneural": 75.2705890468257,
  "cognitivedemand": 77.95736975139108,
  "focus": 7.824397916481729
}