{
  "engajamentoneural": 72.96103322730278,
  "cognitivedemand": 54.859675548239714,
  "focus": 37.225928657190344
}