{
  "engajamentoneural": 70.86065301339929,
  "cognitivedemand": 91.05771808929514,
  "focus": 15.503169635511993
}