{
  "engajamentoneural": 71.8315164259429,
  "cognitivedemand": 65.71398832932772,
  "focus": 9.098210407435236
}