{
  "engajamentoneural": 72.06450306784986,
  "cognitivedemand": 81.84509157388882,
  "focus": 7.963993084893706
}