{
  "engajamentoneural": 76.36284479637861,
  "cognitivedemand": 67.73238292938316,
  "focus": 8.0012706353507
}