{
  "engajamentoneural": 70.49077672903323,
  "cognitivedemand": 76.21013827426354,
  "focus": 9.455789430710016
}