{
  "engajamentoneural": 64.1466069071189,
  "cognitivedemand": 91.89542933661534,
  "focus": 8.155647910540843
}