{
  "engajamentoneural": 68.66988950823571,
  "cognitivedemand": 66.26895180103628,
  "focus": 10.91985321900244
}