{
  "engajamentoneural": 75.70024001823434,
  "cognitivedemand": 83.10709412337431,
  "focus": 7.9439878533656305
}