{
  "engajamentoneural": 84.74054003041,
  "cognitivedemand": 66.0858029512427,
  "focus": 8.14099993997539
}