{
  "engajamentoneural": 78.67689347120093,
  "cognitivedemand": 71.74584265419671,
  "focus": 10.21092209929526
}