{
  "engajamentoneural": 78.00147830574986,
  "cognitivedemand": 64.49832570743702,
  "focus": 19.06170428415963
}