{
  "engajamentoneural": 76.21222271604613,
  "cognitivedemand": 87.4212792803177,
  "focus": 18.596641082015818
}