{
  "engajamentoneural": 87.00559851035648,
  "cognitivedemand": 71.66550338956044,
  "focus": 15.681767206309317
}