{
  "engajamentoneural": 83.64029796814975,
  "cognitivedemand": 68.50041298971634,
  "focus": 8.654027682925403
}