{
  "engajamentoneural": 85.2073997760679,
  "cognitivedemand": 84.67315697485095,
  "focus": 7.859671231924525
}