{
  "engajamentoneural": 72.7200190399201,
  "cognitivedemand": 75.39451311880443,
  "focus": 7.902442904608509
}