{
  "engajamentoneural": 75.16643193906332,
  "cognitivedemand": 62.2685553762963,
  "focus": 10.74408221092822
}