{
  "engajamentoneural": 82.41546016870018,
  "cognitivedemand": 69.68597245500415,
  "focus": 8.818842096372803
}