{
  "engajamentoneural": 56.07985815204116,
  "cognitivedemand": 48.7739368950596,
  "focus": 19.06992213933232
}