{
  "engajamentoneural": 74.68987170884182,
  "cognitivedemand": 91.22354683468139,
  "focus": 9.869120725678759
}