{
  "engajamentoneural": 67.62718487106065,
  "cognitivedemand": 78.87576026651756,
  "focus": 58.73491285197083
}