{
  "engajamentoneural": 70.32123463727437,
  "cognitivedemand": 70.63599891684585,
  "focus": 9.163884019174318
}