{
  "engajamentoneural": 82.6673940847032,
  "cognitivedemand": 63.21287831173505,
  "focus": 8.669872395551458
}