{
  "engajamentoneural": 68.46893592613056,
  "cognitivedemand": 68.12910175115533,
  "focus": 8.291222017790577
}