{
  "engajamentoneural": 83.25488927171969,
  "cognitivedemand": 75.33911167578862,
  "focus": 9.048911156849249
}