{
  "engajamentoneural": 77.44652129827877,
  "cognitivedemand": 63.39857836901987,
  "focus": 20.37126409658083
}