{
  "engajamentoneural": 79.50922947232502,
  "cognitivedemand": 79.4906865055807,
  "focus": 10.707514287848463
}