{
  "engajamentoneural": 78.3604828777368,
  "cognitivedemand": 72.69883052940789,
  "focus": 8.006037019875434
}