{
  "engajamentoneural": 66.44434822501341,
  "cognitivedemand": 78.27643230022919,
  "focus": 10.980173329132903
}