{
  "engajamentoneural": 91.60409816113612,
  "cognitivedemand": 86.43420786925589,
  "focus": 8.009519269046406
}