{
  "engajamentoneural": 74.47604415324679,
  "cognitivedemand": 94.9186659387364,
  "focus": 8.580431321596604
}