{
  "engajamentoneural": 57.76930722068845,
  "cognitivedemand": 67.07020021297613,
  "focus": 20.605718055296073
}