{
  "engajamentoneural": 80.29347002861837,
  "cognitivedemand": 64.79924720378338,
  "focus": 8.028033101691822
}