{
  "engajamentoneural": 80.82938168807179,
  "cognitivedemand": 75.04699594783716,
  "focus": 10.766919342195958
}