{
  "engajamentoneural": 76.36758724243674,
  "cognitivedemand": 81.91195393576707,
  "focus": 41.36010383314611
}