{
  "engajamentoneural": 70.18649632461485,
  "cognitivedemand": 61.91016474575098,
  "focus": 29.73584587470477
}