{
  "engajamentoneural": 71.33532042257481,
  "cognitivedemand": 60.34924270720382,
  "focus": 11.568114654184146
}