{
  "engajamentoneural": 71.90711830178036,
  "cognitivedemand": 75.30152788542267,
  "focus": 8.100715692996596
}