{
  "engajamentoneural": 83.06744504295672,
  "cognitivedemand": 51.36097369700635,
  "focus": 12.511514551456537
}