{
  "engajamentoneural": 69.81299976337405,
  "cognitivedemand": 55.002405880519,
  "focus": 14.692399189592953
}