{
  "engajamentoneural": 81.5054165194766,
  "cognitivedemand": 74.97092045975859,
  "focus": 10.970760563578551
}