{
  "engajamentoneural": 69.71129157522917,
  "cognitivedemand": 63.310712388629966,
  "focus": 14.786110416343746
}