{
  "engajamentoneural": 71.94298752387608,
  "cognitivedemand": 71.76797506251165,
  "focus": 8.499538798045702
}