{
  "engajamentoneural": 74.01629211727908,
  "cognitivedemand": 75.66645152984849,
  "focus": 8.113701251343963
}