{
  "engajamentoneural": 84.70088266596349,
  "cognitivedemand": 92.14297284960584,
  "focus": 10.881664157801275
}