{
  "engajamentoneural": 66.5397056651143,
  "cognitivedemand": 75.86928447492784,
  "focus": 8.629919191379543
}