{
  "engajamentoneural": 68.97373652571058,
  "cognitivedemand": 48.43738469485632,
  "focus": 10.705226873806017
}