{
  "engajamentoneural": 72.98906505083148,
  "cognitivedemand": 57.37853514404559,
  "focus": 10.678482721507176
}