{
  "engajamentoneural": 90.30640360756631,
  "cognitivedemand": 81.80773748885782,
  "focus": 7.840435980225036
}