{
  "engajamentoneural": 30.798050993249216,
  "cognitivedemand": 62.06528378837773,
  "focus": 73.2395469402024
}