{
  "engajamentoneural": 68.8723410522825,
  "cognitivedemand": 63.55759177050444,
  "focus": 8.292712611505193
}