{
  "engajamentoneural": 79.50722482245116,
  "cognitivedemand": 89.58161153247941,
  "focus": 7.829557771328433
}