{
  "engajamentoneural": 69.48601106592753,
  "cognitivedemand": 72.26771490103052,
  "focus": 7.998223946177974
}