{
  "engajamentoneural": 73.55242528677638,
  "cognitivedemand": 62.10263501293972,
  "focus": 9.618571599905579
}