{
  "engajamentoneural": 55.02908190801461,
  "cognitivedemand": 57.61135224456021,
  "focus": 30.73565398951087
}