{
  "engajamentoneural": 73.73885235059674,
  "cognitivedemand": 78.70347703951667,
  "focus": 17.176823222998138
}