{
  "engajamentoneural": 76.59464954473765,
  "cognitivedemand": 74.99740090420211,
  "focus": 7.8626657789489185
}