{
  "engajamentoneural": 89.33213134363321,
  "cognitivedemand": 89.6507131301011,
  "focus": 32.790932422484346
}