{
  "engajamentoneural": 39.55065730880277,
  "cognitivedemand": 86.56239682055666,
  "focus": 29.573527803072686
}