{
  "engajamentoneural": 4.088907284982096,
  "cognitivedemand": 31.700981946943944,
  "focus": 8.197439548024654
}