{
  "engajamentoneural": 65.13242818641258,
  "cognitivedemand": 66.81537274285205,
  "focus": 36.83610855108329
}