{
  "engajamentoneural": 86.29254461767,
  "cognitivedemand": 68.97430834580804,
  "focus": 8.075003863856578
}