{
  "engajamentoneural": 77.02192237375422,
  "cognitivedemand": 83.35991254256243,
  "focus": 7.971747590781719
}