{
  "engajamentoneural": 81.03057631594648,
  "cognitivedemand": 75.46595291402384,
  "focus": 13.29591649577948
}