{
  "engajamentoneural": 93.68996200567847,
  "cognitivedemand": 75.04253430268132,
  "focus": 13.425292219976303
}