{
  "engajamentoneural": 81.97605603599466,
  "cognitivedemand": 82.51531628005738,
  "focus": 29.82450203490954
}