{
  "engajamentoneural": 81.03762228548995,
  "cognitivedemand": 71.3924238502778,
  "focus": 10.49829572594916
}