{
  "engajamentoneural": 80.00128783699006,
  "cognitivedemand": 64.30792550119385,
  "focus": 36.304584308176025
}