{
  "engajamentoneural": 72.04081270946811,
  "cognitivedemand": 48.53206949729096,
  "focus": 26.48119034776203
}