{
  "engajamentoneural": 87.25457819854755,
  "cognitivedemand": 67.649689668037,
  "focus": 23.345786344621988
}