{
  "engajamentoneural": 87.45522054664401,
  "cognitivedemand": 80.77225053032925,
  "focus": 18.44968930012143
}