{
  "engajamentoneural": 78.82945718991492,
  "cognitivedemand": 65.23538389927087,
  "focus": 20.4006980895185
}