{
  "engajamentoneural": 81.35992898865541,
  "cognitivedemand": 54.463345687811014,
  "focus": 32.35599670669159
}