{
  "engajamentoneural": 87.46283048508063,
  "cognitivedemand": 48.06678348586513,
  "focus": 11.27020764455262
}