{
  "engajamentoneural": 84.30245566851603,
  "cognitivedemand": 54.68815817494177,
  "focus": 16.458055204192014
}