{
  "engajamentoneural": 79.97729418054244,
  "cognitivedemand": 59.90383722720427,
  "focus": 11.088026016338471
}