{
  "engajamentoneural": 91.45635742929505,
  "cognitivedemand": 64.5781746949779,
  "focus": 11.512433983546444
}