{
  "engajamentoneural": 78.72598558387416,
  "cognitivedemand": 59.07359016495979,
  "focus": 10.32999697663708
}