{
  "engajamentoneural": 54.71001270279383,
  "cognitivedemand": 54.42262451403227,
  "focus": 8.866857516122394
}