{
  "engajamentoneural": 92.42747966478801,
  "cognitivedemand": 61.798400855111225,
  "focus": 14.698229053574297
}