{
  "engajamentoneural": 87.02036864164972,
  "cognitivedemand": 59.25212582720702,
  "focus": 26.451963587413307
}