{
  "engajamentoneural": 88.0634361567098,
  "cognitivedemand": 60.073081909427714,
  "focus": 16.111430447876774
}