{
  "engajamentoneural": 52.627049292671494,
  "cognitivedemand": 45.51961989252311,
  "focus": 34.80604373002322
}