{
  "engajamentoneural": 86.47031526316131,
  "cognitivedemand": 80.84547305483478,
  "focus": 7.891909287044663
}