{
  "engajamentoneural": 92.33553021235893,
  "cognitivedemand": 73.85356851308569,
  "focus": 8.582080753135202
}