{
  "engajamentoneural": 91.17188167057755,
  "cognitivedemand": 60.378400042640976,
  "focus": 8.043595647210022
}