{
  "engajamentoneural": 91.76148402896189,
  "cognitivedemand": 82.98977323846579,
  "focus": 7.858413101644057
}