{
  "engajamentoneural": 85.01443075708859,
  "cognitivedemand": 70.69139803386014,
  "focus": 8.097572140408648
}