{
  "engajamentoneural": 82.3331777573963,
  "cognitivedemand": 73.69428905250524,
  "focus": 8.318605864824026
}