{
  "engajamentoneural": 90.81411069506409,
  "cognitivedemand": 63.60861766437756,
  "focus": 18.406376573440085
}