{
  "engajamentoneural": 87.29830995043592,
  "cognitivedemand": 58.41423339524864,
  "focus": 8.550130764511565
}