{
  "engajamentoneural": 91.46259759170783,
  "cognitivedemand": 64.69829636290498,
  "focus": 13.203844457761814
}