{
  "engajamentoneural": 91.50330355467962,
  "cognitivedemand": 61.0658618324862,
  "focus": 7.831715407111028
}