{
  "engajamentoneural": 92.79791877255363,
  "cognitivedemand": 68.71194523873761,
  "focus": 10.250873109605374
}