{
  "engajamentoneural": 95.51663535660519,
  "cognitivedemand": 66.26533525008935,
  "focus": 11.162022469231236
}