{
  "engajamentoneural": 88.50657027443565,
  "cognitivedemand": 66.08735907885716,
  "focus": 31.999116764313428
}