{
  "engajamentoneural": 90.42739387186845,
  "cognitivedemand": 79.86931272564235,
  "focus": 14.736697633911122
}