{
  "engajamentoneural": 75.68648557832566,
  "cognitivedemand": 73.9407402805998,
  "focus": 11.508932505100521
}