{
  "engajamentoneural": 89.12105687256903,
  "cognitivedemand": 66.33914996338947,
  "focus": 7.92867067630556
}