{
  "engajamentoneural": 83.3535274342689,
  "cognitivedemand": 71.92847832735818,
  "focus": 13.913927936083127
}