{
  "engajamentoneural": 92.76047063790071,
  "cognitivedemand": 76.35502593143514,
  "focus": 14.800623421235093
}