{
  "engajamentoneural": 82.34463383929338,
  "cognitivedemand": 71.26883465116953,
  "focus": 8.414062907617325
}