{
  "engajamentoneural": 89.12445447558908,
  "cognitivedemand": 61.87192003493674,
  "focus": 10.66100648590842
}