{
  "engajamentoneural": 89.68381585441973,
  "cognitivedemand": 85.0174185876892,
  "focus": 25.45519397629975
}