{
  "engajamentoneural": 67.78528304776914,
  "cognitivedemand": 39.107293157556086,
  "focus": 79.66686259974549
}