{
  "engajamentoneural": 78.00485595974149,
  "cognitivedemand": 79.01906038737245,
  "focus": 41.92989241560774
}