{
  "engajamentoneural": 81.74689591035167,
  "cognitivedemand": 44.715078568764234,
  "focus": 44.773159649037666
}