{
  "engajamentoneural": 70.21632637486647,
  "cognitivedemand": 64.00121240332898,
  "focus": 55.393837002457694
}