{
  "engajamentoneural": 68.2388376847127,
  "cognitivedemand": 62.37631617808649,
  "focus": 48.36988474863346
}