{
  "engajamentoneural": 3.4826420586999114,
  "cognitivedemand": 28.61337835704727,
  "focus": 7.825999960688135
}