{
  "engajamentoneural": 79.55689185711927,
  "cognitivedemand": 76.70782034696062,
  "focus": 18.671557833766105
}