{
  "engajamentoneural": 66.31722183019971,
  "cognitivedemand": 85.27712248151653,
  "focus": 22.68128715350275
}