{
  "engajamentoneural": 81.85424302294186,
  "cognitivedemand": 75.50668250542263,
  "focus": 11.685691075559369
}