{
  "engajamentoneural": 56.626067583593766,
  "cognitivedemand": 57.06858940237357,
  "focus": 11.751330310678298
}