{
  "engajamentoneural": 61.04706613694789,
  "cognitivedemand": 72.54491799421506,
  "focus": 9.582744808323174
}