{
  "engajamentoneural": 77.50858130625792,
  "cognitivedemand": 61.25222383192912,
  "focus": 7.850756066596176
}