{
  "engajamentoneural": 5.621816783613994,
  "cognitivedemand": 30.39815607361395,
  "focus": 18.706371187266168
}