{
  "engajamentoneural": 76.7824061778051,
  "cognitivedemand": 86.32135924171314,
  "focus": 8.270787064058482
}