{
  "engajamentoneural": 73.54821041666695,
  "cognitivedemand": 79.9736871050487,
  "focus": 8.157787222444867
}