{
  "engajamentoneural": 59.391062939196324,
  "cognitivedemand": 55.24617347340563,
  "focus": 22.3454949738333
}