{
  "engajamentoneural": 63.50673983389373,
  "cognitivedemand": 69.55394350166492,
  "focus": 13.506825104060605
}