{
  "engajamentoneural": 71.11522596810906,
  "cognitivedemand": 86.79626497795162,
  "focus": 11.083251819099216
}