{
  "engajamentoneural": 80.07547099387965,
  "cognitivedemand": 83.06897117731387,
  "focus": 19.998826698909046
}