{
  "engajamentoneural": 80.68547108866649,
  "cognitivedemand": 98.80985646010508,
  "focus": 16.97340074170972
}