{
  "engajamentoneural": 36.77604714105706,
  "cognitivedemand": 86.43383664606456,
  "focus": 8.57778645263354
}