{
  "engajamentoneural": 80.45820007905736,
  "cognitivedemand": 44.33374712311738,
  "focus": 21.21332554326123
}