{
  "engajamentoneural": 69.84815411514191,
  "cognitivedemand": 54.26401667855879,
  "focus": 12.055343539827312
}