{
  "engajamentoneural": 14.990314030987722,
  "cognitivedemand": 46.69562294358219,
  "focus": 8.716126957588521
}