{
  "engajamentoneural": 63.94735940839132,
  "cognitivedemand": 49.75786555096944,
  "focus": 51.22751168190782
}