{
  "engajamentoneural": 69.48401467069286,
  "cognitivedemand": 58.42355499007841,
  "focus": 15.019608972306342
}