{
  "engajamentoneural": 66.64862057127408,
  "cognitivedemand": 69.52557218330341,
  "focus": 21.746306598506937
}