{
  "engajamentoneural": 47.302137392912314,
  "cognitivedemand": 47.54284213137493,
  "focus": 60.53522137162168
}