{
  "engajamentoneural": 9.720689340163325,
  "cognitivedemand": 99.89274637805325,
  "focus": 7.854836284520772
}