{
  "engajamentoneural": 82.12588788266406,
  "cognitivedemand": 54.52550626163863,
  "focus": 8.923467058390223
}