{
  "engajamentoneural": 74.63223122446728,
  "cognitivedemand": 56.1722063775879,
  "focus": 61.06634009147021
}