{
  "engajamentoneural": 44.99154140974249,
  "cognitivedemand": 70.25220358154718,
  "focus": 8.190339227895315
}