{
  "engajamentoneural": 73.15206281111823,
  "cognitivedemand": 43.54082395974257,
  "focus": 44.72628702985478
}