{
  "engajamentoneural": 70.460414365497,
  "cognitivedemand": 63.37794491987795,
  "focus": 9.844236374708304
}