{
  "engajamentoneural": 74.30965555652584,
  "cognitivedemand": 56.51402922802544,
  "focus": 17.62728202369772
}