{
  "engajamentoneural": 75.88333872027901,
  "cognitivedemand": 70.24857840867305,
  "focus": 16.39751550227764
}