{
  "engajamentoneural": 72.43960859428351,
  "cognitivedemand": 81.24166804719225,
  "focus": 8.319586493053045
}