{
  "engajamentoneural": 72.59869269242967,
  "cognitivedemand": 59.412581770641204,
  "focus": 10.230925351222563
}