{
  "engajamentoneural": 79.86327845165171,
  "cognitivedemand": 94.92989947550689,
  "focus": 38.503712527345115
}