{
  "engajamentoneural": 71.29501856978145,
  "cognitivedemand": 69.88739482937126,
  "focus": 12.065268089136705
}