{
  "engajamentoneural": 85.71896928539996,
  "cognitivedemand": 86.2124537883153,
  "focus": 8.319540525508451
}