{
  "engajamentoneural": 76.14844459688459,
  "cognitivedemand": 85.05662691651551,
  "focus": 8.780758400817401
}