{
  "engajamentoneural": 83.31844931335488,
  "cognitivedemand": 59.09057483079303,
  "focus": 27.0513940813202
}