{
  "engajamentoneural": 63.998869200626274,
  "cognitivedemand": 71.3264261759353,
  "focus": 11.581893710166158
}