{
  "engajamentoneural": 89.23842492772344,
  "cognitivedemand": 89.29413227679143,
  "focus": 15.78289567840847
}