{
  "engajamentoneural": 73.89968666693163,
  "cognitivedemand": 87.68116188781119,
  "focus": 7.874143090795682
}