{
  "engajamentoneural": 72.7167464014737,
  "cognitivedemand": 64.66053820423919,
  "focus": 8.976501328216568
}