{
  "engajamentoneural": 60.71426491419457,
  "cognitivedemand": 84.03243839547146,
  "focus": 12.019668133993955
}