{
  "engajamentoneural": 60.65637068690835,
  "cognitivedemand": 76.48970748891405,
  "focus": 22.8946275278469
}