{
  "engajamentoneural": 55.82061454317851,
  "cognitivedemand": 62.153306553907036,
  "focus": 18.516769680403854
}