{
  "engajamentoneural": 78.61669551123339,
  "cognitivedemand": 88.74909599188295,
  "focus": 66.15411291159148
}