{
  "engajamentoneural": 91.31476071512766,
  "cognitivedemand": 87.24857326539023,
  "focus": 7.887346959000818
}