{
  "engajamentoneural": 81.81165741260114,
  "cognitivedemand": 64.725267913733,
  "focus": 16.70995009977738
}