{
  "engajamentoneural": 82.93365907439437,
  "cognitivedemand": 77.48242550218474,
  "focus": 8.190156268676452
}