{
  "engajamentoneural": 68.08712485684195,
  "cognitivedemand": 56.9004859269707,
  "focus": 13.852931233794719
}