{
  "engajamentoneural": 57.152564404707604,
  "cognitivedemand": 67.75861512932305,
  "focus": 10.166364713148713
}