{
  "engajamentoneural": 79.41076778966324,
  "cognitivedemand": 92.1440279960099,
  "focus": 10.625235999377324
}