{
  "engajamentoneural": 70.77810851247474,
  "cognitivedemand": 70.0359591467285,
  "focus": 9.895820543894708
}