{
  "engajamentoneural": 71.3630746120832,
  "cognitivedemand": 67.73154228952626,
  "focus": 28.192974011896332
}