{
  "engajamentoneural": 64.79647815443643,
  "cognitivedemand": 55.91312526284581,
  "focus": 10.193166573088908
}