{
  "engajamentoneural": 66.54426027438357,
  "cognitivedemand": 71.20616198892063,
  "focus": 14.608126095010142
}