{
  "engajamentoneural": 55.54412315792222,
  "cognitivedemand": 67.99136065740294,
  "focus": 8.312233893733168
}