{
  "engajamentoneural": 86.94666972525076,
  "cognitivedemand": 74.75972891373385,
  "focus": 8.461338708022016
}