{
  "engajamentoneural": 63.58283610151626,
  "cognitivedemand": 47.77978229003703,
  "focus": 7.929763300058212
}