{
  "engajamentoneural": 67.97819077907812,
  "cognitivedemand": 66.36329615333946,
  "focus": 8.025072223448948
}