{
  "engajamentoneural": 79.36855967713483,
  "cognitivedemand": 72.9651931811646,
  "focus": 52.83400870877449
}