{
  "engajamentoneural": 80.01875889655017,
  "cognitivedemand": 78.34998394896118,
  "focus": 8.614716080711249
}