{
  "engajamentoneural": 60.09376547333679,
  "cognitivedemand": 71.59350009698375,
  "focus": 12.024357789544894
}