{
  "engajamentoneural": 73.20538809256246,
  "cognitivedemand": 63.97040976201727,
  "focus": 8.886509464829517
}