{
  "engajamentoneural": 74.99938208724286,
  "cognitivedemand": 87.78642669824963,
  "focus": 24.413808522108116
}