{
  "engajamentoneural": 75.81962836592835,
  "cognitivedemand": 83.96032311468785,
  "focus": 14.913698644803187
}