{
  "engajamentoneural": 63.280250775884575,
  "cognitivedemand": 80.41065449509769,
  "focus": 9.108518049976212
}