{
  "engajamentoneural": 76.6743642284549,
  "cognitivedemand": 88.79145498950426,
  "focus": 13.5461309644747
}