{
  "engajamentoneural": 66.98250245907525,
  "cognitivedemand": 59.025428887257036,
  "focus": 59.31859682419815
}