{
  "engajamentoneural": 65.787160578076,
  "cognitivedemand": 59.52239929637856,
  "focus": 33.20281553942542
}