{
  "engajamentoneural": 74.68657720904356,
  "cognitivedemand": 88.4550615161503,
  "focus": 13.712765965865703
}