{
  "engajamentoneural": 73.9867879013092,
  "cognitivedemand": 87.71989050374498,
  "focus": 7.8770212859870625
}