{
  "engajamentoneural": 74.41364550211821,
  "cognitivedemand": 62.20464184373338,
  "focus": 28.29513887047107
}