{
  "engajamentoneural": 90.14554372980822,
  "cognitivedemand": 83.86230334759487,
  "focus": 7.888308800476818
}