{
  "engajamentoneural": 92.10825772924846,
  "cognitivedemand": 69.05594944777553,
  "focus": 8.530099809238578
}