{
  "engajamentoneural": 87.83908546775446,
  "cognitivedemand": 78.7012223542333,
  "focus": 24.863317401258477
}