{
  "engajamentoneural": 11.301540971692281,
  "cognitivedemand": 46.315659905063136,
  "focus": 7.866408970648475
}