{
  "engajamentoneural": 65.44007943360498,
  "cognitivedemand": 67.23467872692152,
  "focus": 11.87488679631372
}