{
  "engajamentoneural": 48.868931170774914,
  "cognitivedemand": 65.9340234297277,
  "focus": 10.673235742644538
}