{
  "engajamentoneural": 75.72425540931427,
  "cognitivedemand": 79.75916598290824,
  "focus": 8.010107967469793
}