{
  "engajamentoneural": 84.79197516314218,
  "cognitivedemand": 75.97799947048004,
  "focus": 23.961498386295254
}