{
  "engajamentoneural": 75.91691216051551,
  "cognitivedemand": 80.43991672803165,
  "focus": 7.947490203167762
}