{
  "engajamentoneural": 83.59980305536047,
  "cognitivedemand": 88.90971034823811,
  "focus": 7.826543828759935
}