{
  "engajamentoneural": 49.79203779755679,
  "cognitivedemand": 28.997425051845067,
  "focus": 14.28642148712489
}