{
  "engajamentoneural": 84.6874426730988,
  "cognitivedemand": 62.99090141239536,
  "focus": 8.214687040550528
}