{
  "engajamentoneural": 69.2838360457017,
  "cognitivedemand": 77.34681488450379,
  "focus": 9.949667127404815
}