{
  "engajamentoneural": 71.10193243033113,
  "cognitivedemand": 73.9303672795076,
  "focus": 18.992595810715173
}