{
  "engajamentoneural": 87.20664973916234,
  "cognitivedemand": 81.75402644122474,
  "focus": 7.934444916338657
}