{
  "engajamentoneural": 57.32332105894038,
  "cognitivedemand": 43.77137205904965,
  "focus": 8.320073578994226
}