{
  "engajamentoneural": 84.18264988917254,
  "cognitivedemand": 46.774200222511666,
  "focus": 7.926093883923335
}