{
  "engajamentoneural": 57.47513007631634,
  "cognitivedemand": 55.34914694338477,
  "focus": 30.840142553016825
}