{
  "engajamentoneural": 89.26943175077437,
  "cognitivedemand": 79.78848116139685,
  "focus": 8.12022080756134
}