{
  "engajamentoneural": 86.47343597113948,
  "cognitivedemand": 55.791132531663,
  "focus": 12.556741909523584
}