{
  "engajamentoneural": 69.7964903981197,
  "cognitivedemand": 69.20769643082816,
  "focus": 7.833698336453532
}