{
  "engajamentoneural": 90.14898536017128,
  "cognitivedemand": 89.73309970496506,
  "focus": 7.828303475078036
}