{
  "engajamentoneural": 88.41699978749037,
  "cognitivedemand": 77.67256346743471,
  "focus": 7.938175603140896
}