{
  "engajamentoneural": 53.97546738930671,
  "cognitivedemand": 39.58497034197483,
  "focus": 15.60915589832188
}