{
  "engajamentoneural": 53.003813135765554,
  "cognitivedemand": 72.05983298229467,
  "focus": 13.051147350508941
}