{
  "engajamentoneural": 74.82528217648539,
  "cognitivedemand": 93.19566790567002,
  "focus": 10.418790079740713
}