{
  "engajamentoneural": 64.08862569586638,
  "cognitivedemand": 73.53529687801564,
  "focus": 17.032516310350854
}