{
  "engajamentoneural": 62.024414563263484,
  "cognitivedemand": 52.79603255468462,
  "focus": 10.05949745389254
}