{
  "engajamentoneural": 79.49293154187713,
  "cognitivedemand": 95.12172372873046,
  "focus": 9.639311422217101
}