{
  "engajamentoneural": 63.378723581244444,
  "cognitivedemand": 67.04670120431008,
  "focus": 12.414446792209288
}