{
  "engajamentoneural": 34.10599790923902,
  "cognitivedemand": 41.2948466417946,
  "focus": 41.31591321943223
}