{
  "engajamentoneural": 63.38905493359874,
  "cognitivedemand": 82.3132091972942,
  "focus": 10.33702103729115
}