{
  "engajamentoneural": 76.49474444600008,
  "cognitivedemand": 78.48136201455522,
  "focus": 7.84441769756703
}