{
  "engajamentoneural": 68.74052074768528,
  "cognitivedemand": 87.43983256477425,
  "focus": 9.52330065417637
}