{
  "engajamentoneural": 68.600693131049,
  "cognitivedemand": 79.17522507949809,
  "focus": 7.914033004007814
}