{
  "engajamentoneural": 43.242122084314985,
  "cognitivedemand": 67.9168331785469,
  "focus": 9.13640203837267
}