{
  "engajamentoneural": 51.51847184783893,
  "cognitivedemand": 83.97661938150206,
  "focus": 19.72805087957825
}