{
  "engajamentoneural": 71.17880036342656,
  "cognitivedemand": 96.277140842705,
  "focus": 13.954408572257515
}