{
  "engajamentoneural": 83.72741201152014,
  "cognitivedemand": 67.4981222366091,
  "focus": 13.328675227094466
}