{
  "engajamentoneural": 75.95447982651831,
  "cognitivedemand": 72.505518316292,
  "focus": 10.43573405758693
}