{
  "engajamentoneural": 83.78414681881938,
  "cognitivedemand": 77.88547612207456,
  "focus": 8.01371161767712
}