{
  "engajamentoneural": 74.7564568110656,
  "cognitivedemand": 54.52902276844506,
  "focus": 39.8327491375555
}