{
  "engajamentoneural": 87.17054947087574,
  "cognitivedemand": 95.25470805079911,
  "focus": 7.839247710659714
}