{
  "engajamentoneural": 75.68637174893415,
  "cognitivedemand": 66.83897721101697,
  "focus": 35.06525542084072
}