{
  "engajamentoneural": 50.21932233022021,
  "cognitivedemand": 77.34558919210997,
  "focus": 7.840136179793888
}