{
  "engajamentoneural": 64.34276643063575,
  "cognitivedemand": 41.43144219169045,
  "focus": 49.616233037493274
}