{
  "engajamentoneural": 87.91519696185375,
  "cognitivedemand": 89.37919661613142,
  "focus": 9.33371492711046
}