{
  "engajamentoneural": 27.863163313779083,
  "cognitivedemand": 97.62165914701413,
  "focus": 7.9650773252867735
}