{
  "engajamentoneural": 74.97960710671748,
  "cognitivedemand": 66.98957765392498,
  "focus": 23.35171556150345
}