{
  "engajamentoneural": 46.923605146003986,
  "cognitivedemand": 48.119741132827606,
  "focus": 20.00635840905549
}