{
  "engajamentoneural": 48.19669330250851,
  "cognitivedemand": 81.75098223743275,
  "focus": 8.758459827281605
}