{
  "engajamentoneural": 11.111037497886993,
  "cognitivedemand": 77.68558043792437,
  "focus": 7.915396216880444
}