{
  "engajamentoneural": 83.18685603963192,
  "cognitivedemand": 96.19032949993486,
  "focus": 7.845505037615408
}