{
  "engajamentoneural": 75.30848129324255,
  "cognitivedemand": 94.0226137749434,
  "focus": 8.164116860223093
}