{
  "engajamentoneural": 64.56687162257136,
  "cognitivedemand": 78.9309462452682,
  "focus": 38.69627810580276
}