{
  "engajamentoneural": 44.567796322700964,
  "cognitivedemand": 50.77495519405969,
  "focus": 47.25120012691806
}