{
  "engajamentoneural": 83.57048295787625,
  "cognitivedemand": 74.51249464981008,
  "focus": 40.28002738827217
}