{
  "engajamentoneural": 88.08585568660854,
  "cognitivedemand": 63.80845468942638,
  "focus": 19.81513899295324
}