{
  "engajamentoneural": 51.19793888826049,
  "cognitivedemand": 41.39109933976013,
  "focus": 47.465791469540044
}