{
  "engajamentoneural": 44.22313953150233,
  "cognitivedemand": 50.33731161911783,
  "focus": 23.43007743531259
}