{
  "engajamentoneural": 17.333933000208834,
  "cognitivedemand": 52.91720563271449,
  "focus": 15.251641339095269
}