{
  "engajamentoneural": 68.36240778558648,
  "cognitivedemand": 42.64655508397232,
  "focus": 40.41529922578463
}