{
  "engajamentoneural": 68.58323072823596,
  "cognitivedemand": 92.8727311592853,
  "focus": 7.906807930618842
}