{
  "engajamentoneural": 88.22222226403461,
  "cognitivedemand": 92.03150650966963,
  "focus": 10.32283766181672
}