{
  "engajamentoneural": 84.41779507017887,
  "cognitivedemand": 89.60047087718118,
  "focus": 8.143107875855682
}