{
  "engajamentoneural": 48.961108904684984,
  "cognitivedemand": 51.52791690898698,
  "focus": 11.281016908132347
}