{
  "engajamentoneural": 45.86622776366826,
  "cognitivedemand": 85.33218047768474,
  "focus": 8.086845715413293
}