{
  "engajamentoneural": 51.6627104642215,
  "cognitivedemand": 91.54170389862318,
  "focus": 16.778197326606282
}