{
  "engajamentoneural": 69.94992274403835,
  "cognitivedemand": 87.4203279114919,
  "focus": 14.827437361843977
}