{
  "engajamentoneural": 68.48291201657919,
  "cognitivedemand": 42.45442630937243,
  "focus": 8.692378721764339
}