{
  "engajamentoneural": 63.620214632714166,
  "cognitivedemand": 43.62619145568272,
  "focus": 38.650504820595714
}