{
  "engajamentoneural": 62.47212547778636,
  "cognitivedemand": 70.70569844239063,
  "focus": 14.941229090633135
}