{
  "engajamentoneural": 67.77256937716913,
  "cognitivedemand": 42.270455250672555,
  "focus": 46.34050477909252
}