{
  "engajamentoneural": 79.51902416685756,
  "cognitivedemand": 29.375058030922368,
  "focus": 9.808229054317419
}