{
  "engajamentoneural": 34.438233492532724,
  "cognitivedemand": 37.55766677914781,
  "focus": 46.67918026953398
}