{
  "engajamentoneural": 67.79811752222648,
  "cognitivedemand": 62.41895382908994,
  "focus": 64.37364772766979
}