{
  "engajamentoneural": 79.93631113730748,
  "cognitivedemand": 72.15381154776308,
  "focus": 7.8552789808795875
}