{
  "engajamentoneural": 57.89118783225177,
  "cognitivedemand": 49.29342332895115,
  "focus": 59.922262400173544
}