{
  "engajamentoneural": 76.50447613714219,
  "cognitivedemand": 39.49634468095016,
  "focus": 22.744670347144137
}