{
  "engajamentoneural": 51.02907649280284,
  "cognitivedemand": 67.1972877488549,
  "focus": 10.15625409618024
}