{
  "engajamentoneural": 80.01924754712711,
  "cognitivedemand": 94.34129055794943,
  "focus": 7.831052108142833
}