{
  "engajamentoneural": 65.09936856386116,
  "cognitivedemand": 85.37986888310557,
  "focus": 11.015096653626566
}