{
  "engajamentoneural": 73.35095630967064,
  "cognitivedemand": 62.73935673591312,
  "focus": 17.507699232763606
}