{
  "engajamentoneural": 83.81765155972228,
  "cognitivedemand": 95.7585112714654,
  "focus": 9.034441244096358
}