{
  "engajamentoneural": 49.24446209506335,
  "cognitivedemand": 78.00523493407188,
  "focus": 25.577949324215645
}