{
  "engajamentoneural": 67.06848849216944,
  "cognitivedemand": 80.52610405109533,
  "focus": 8.435731320920326
}