{
  "engajamentoneural": 29.565480490889296,
  "cognitivedemand": 95.63272713275454,
  "focus": 7.838883006492758
}