{
  "engajamentoneural": 63.75794264472414,
  "cognitivedemand": 53.777176934684924,
  "focus": 12.861301926327041
}