{
  "engajamentoneural": 60.04645480490147,
  "cognitivedemand": 65.92856562052106,
  "focus": 7.828956123406283
}