{
  "engajamentoneural": 36.3879719703732,
  "cognitivedemand": 37.62567329210423,
  "focus": 47.43412587706209
}