{
  "engajamentoneural": 72.00330477648784,
  "cognitivedemand": 79.51130232149355,
  "focus": 28.055397414773953
}