{
  "engajamentoneural": 71.34718359774374,
  "cognitivedemand": 56.944864359615046,
  "focus": 16.758745908866636
}