{
  "engajamentoneural": 89.31522077761775,
  "cognitivedemand": 56.89982107836302,
  "focus": 63.52682029305251
}