{
  "engajamentoneural": 75.05516496233491,
  "cognitivedemand": 74.79450236064989,
  "focus": 9.700935664087762
}