{
  "engajamentoneural": 65.46115093839492,
  "cognitivedemand": 71.09952101028792,
  "focus": 8.822579006372822
}