{
  "engajamentoneural": 72.78978362483603,
  "cognitivedemand": 94.47402522498025,
  "focus": 8.519709123521668
}