{
  "engajamentoneural": 47.33068567744252,
  "cognitivedemand": 47.51224596957776,
  "focus": 8.885018486496389
}