{
  "engajamentoneural": 89.83586183688983,
  "cognitivedemand": 77.39586926941118,
  "focus": 43.14022296411366
}