{
  "engajamentoneural": 42.35741695253573,
  "cognitivedemand": 86.52325678839131,
  "focus": 18.24733846297244
}