{
  "engajamentoneural": 65.67696730081232,
  "cognitivedemand": 89.58124027216486,
  "focus": 14.094705142241004
}