{
  "engajamentoneural": 82.87600005509468,
  "cognitivedemand": 84.8983384876108,
  "focus": 21.29388965123904
}