{
  "engajamentoneural": 74.18675033232911,
  "cognitivedemand": 87.96129525215724,
  "focus": 9.588332587705683
}