{
  "engajamentoneural": 94.03391624964296,
  "cognitivedemand": 95.66212004242078,
  "focus": 15.750817177822075
}