{
  "engajamentoneural": 77.34435047703535,
  "cognitivedemand": 96.69326514035046,
  "focus": 10.966238917842341
}