{
  "engajamentoneural": 63.29017046347896,
  "cognitivedemand": 44.79821538305927,
  "focus": 14.685013027422356
}