{
  "engajamentoneural": 74.87012111930959,
  "cognitivedemand": 87.47185055721344,
  "focus": 10.72752586267618
}