{
  "engajamentoneural": 83.14851511179451,
  "cognitivedemand": 66.33777976814613,
  "focus": 9.660834073094794
}