{
  "engajamentoneural": 73.28304696765025,
  "cognitivedemand": 68.21238234572674,
  "focus": 15.562953250569356
}