{
  "engajamentoneural": 83.2048261299926,
  "cognitivedemand": 50.72311911478494,
  "focus": 8.987451650469659
}