{
  "engajamentoneural": 70.94595773714993,
  "cognitivedemand": 87.8851173680505,
  "focus": 9.775805165454798
}