{
  "engajamentoneural": 73.98483658489776,
  "cognitivedemand": 69.33602727952092,
  "focus": 19.522156673423098
}