{
  "engajamentoneural": 79.58818470958613,
  "cognitivedemand": 75.09573689059897,
  "focus": 7.941635285765192
}