{
  "engajamentoneural": 77.4257569952735,
  "cognitivedemand": 83.4394547777289,
  "focus": 10.40374403356077
}