{
  "engajamentoneural": 74.789573923915,
  "cognitivedemand": 70.91572272727657,
  "focus": 8.272496779959738
}