{
  "engajamentoneural": 73.21148563084708,
  "cognitivedemand": 76.61069002732167,
  "focus": 21.006568686114345
}