{
  "engajamentoneural": 82.14865969351912,
  "cognitivedemand": 88.03136900391058,
  "focus": 9.153616052391822
}