{
  "engajamentoneural": 67.88695262338712,
  "cognitivedemand": 70.5579571380316,
  "focus": 12.86335102941476
}