{
  "engajamentoneural": 76.35764789987553,
  "cognitivedemand": 68.38696447560156,
  "focus": 12.992642747926041
}