{
  "engajamentoneural": 91.41831223373646,
  "cognitivedemand": 94.27909252773877,
  "focus": 9.67336667478218
}