{
  "engajamentoneural": 79.54866888560005,
  "cognitivedemand": 66.95138171402773,
  "focus": 9.676214620978008
}