{
  "engajamentoneural": 62.3383830635599,
  "cognitivedemand": 53.84613202276495,
  "focus": 63.716266699075355
}