{
  "engajamentoneural": 66.7076249642274,
  "cognitivedemand": 60.327062530076084,
  "focus": 51.35778876213802
}