{
  "engajamentoneural": 72.3271366996799,
  "cognitivedemand": 88.95388489299,
  "focus": 8.582254498056653
}