{
  "engajamentoneural": 64.31746902911175,
  "cognitivedemand": 82.25498221509558,
  "focus": 9.210593494228213
}