{
  "engajamentoneural": 66.31209153443743,
  "cognitivedemand": 60.3155224050428,
  "focus": 17.703215044530452
}