{
  "engajamentoneural": 86.69277957770632,
  "cognitivedemand": 63.12838510936225,
  "focus": 14.95846594783985
}