{
  "engajamentoneural": 67.8454584641966,
  "cognitivedemand": 43.26060920962141,
  "focus": 9.621801778979822
}