{
  "engajamentoneural": 78.82612071505059,
  "cognitivedemand": 89.22744581915994,
  "focus": 7.873937535011621
}