{
  "engajamentoneural": 72.5191477451019,
  "cognitivedemand": 82.62686532556036,
  "focus": 8.593071095891226
}