{
  "engajamentoneural": 80.58053598369503,
  "cognitivedemand": 67.89941717739651,
  "focus": 9.890041710550278
}