{
  "engajamentoneural": 66.2381108767857,
  "cognitivedemand": 94.16195267958287,
  "focus": 39.8042085967999
}