{
  "engajamentoneural": 87.00862858273824,
  "cognitivedemand": 79.52958129712046,
  "focus": 9.036682741329894
}