{
  "engajamentoneural": 78.8063561951164,
  "cognitivedemand": 88.95731569849386,
  "focus": 9.690429412651614
}