{
  "engajamentoneural": 88.63522065895883,
  "cognitivedemand": 85.37511033185385,
  "focus": 8.616855709148808
}