{
  "engajamentoneural": 79.33590349874649,
  "cognitivedemand": 77.75744264436536,
  "focus": 9.248339744274347
}