{
  "engajamentoneural": 77.78356151860399,
  "cognitivedemand": 86.92555803939396,
  "focus": 8.125018216564438
}