{
  "engajamentoneural": 69.45113473006266,
  "cognitivedemand": 88.63392689944364,
  "focus": 8.400663125034779
}