{
  "engajamentoneural": 84.4956032609251,
  "cognitivedemand": 69.26735672208417,
  "focus": 9.445282039869184
}