{
  "engajamentoneural": 66.48298764091582,
  "cognitivedemand": 43.401819911668134,
  "focus": 9.532915224227324
}