{
  "engajamentoneural": 83.50922069056142,
  "cognitivedemand": 69.96887802767144,
  "focus": 14.196716194362002
}