{
  "engajamentoneural": 68.63053504803301,
  "cognitivedemand": 88.74945295617755,
  "focus": 10.858072322074985
}