{
  "engajamentoneural": 73.2559239115681,
  "cognitivedemand": 73.45023868735903,
  "focus": 9.343243625807919
}