{
  "engajamentoneural": 65.74586008748096,
  "cognitivedemand": 72.93993005417548,
  "focus": 16.040552738959633
}