{
  "engajamentoneural": 51.90892811416621,
  "cognitivedemand": 53.91149360401456,
  "focus": 63.87871203324185
}