{
  "engajamentoneural": 75.62873152602482,
  "cognitivedemand": 76.71079634636013,
  "focus": 15.051522345643175
}