{
  "engajamentoneural": 80.2486966255935,
  "cognitivedemand": 85.10399204445352,
  "focus": 8.139559357919968
}