{
  "engajamentoneural": 85.11381503209302,
  "cognitivedemand": 75.60161548950575,
  "focus": 11.288090426207598
}