{
  "engajamentoneural": 81.77958147745126,
  "cognitivedemand": 62.4304049377067,
  "focus": 53.267055079178796
}