{
  "engajamentoneural": 71.77865866537184,
  "cognitivedemand": 75.28191117551123,
  "focus": 8.273452627028476
}