{
  "engajamentoneural": 74.73216347594173,
  "cognitivedemand": 61.78378839199249,
  "focus": 16.399853800283324
}