{
  "engajamentoneural": 67.58544394614549,
  "cognitivedemand": 49.13227569054188,
  "focus": 17.389580061298492
}