{
  "engajamentoneural": 77.77218535541876,
  "cognitivedemand": 91.77755964389159,
  "focus": 7.885405242346222
}