{
  "engajamentoneural": 76.53476327948717,
  "cognitivedemand": 89.22822921493295,
  "focus": 8.797655160892903
}