{
  "engajamentoneural": 64.448194543398,
  "cognitivedemand": 87.87119801514682,
  "focus": 8.357321514454341
}