{
  "engajamentoneural": 92.57176256584138,
  "cognitivedemand": 94.1306937806225,
  "focus": 8.092665630821404
}