{
  "engajamentoneural": 81.85848698908605,
  "cognitivedemand": 95.49302472856795,
  "focus": 9.050351999400895
}