{
  "engajamentoneural": 78.0732994900777,
  "cognitivedemand": 89.64370912058945,
  "focus": 9.114464912296372
}