{
  "engajamentoneural": 79.88706271899004,
  "cognitivedemand": 97.53450366087756,
  "focus": 8.247896629834429
}