{
  "engajamentoneural": 79.54398752442226,
  "cognitivedemand": 70.73227999076306,
  "focus": 9.467400087258838
}