{
  "engajamentoneural": 77.0789052527477,
  "cognitivedemand": 59.86037646565324,
  "focus": 24.53635381340603
}