{
  "engajamentoneural": 82.31746417658161,
  "cognitivedemand": 89.56000570142656,
  "focus": 14.88391596268066
}