{
  "engajamentoneural": 85.88661178791324,
  "cognitivedemand": 89.74116668592423,
  "focus": 13.013470018352734
}