{
  "engajamentoneural": 75.97965982532855,
  "cognitivedemand": 72.71686170659417,
  "focus": 7.904803383991932
}