{
  "engajamentoneural": 84.3402046146982,
  "cognitivedemand": 86.17934875066523,
  "focus": 8.100966493054873
}