{
  "engajamentoneural": 68.87841720338483,
  "cognitivedemand": 64.12489230844423,
  "focus": 14.503180675856985
}