{
  "engajamentoneural": 66.11118079828637,
  "cognitivedemand": 50.23104319230287,
  "focus": 48.385828691511676
}