{
  "engajamentoneural": 76.1752095088124,
  "cognitivedemand": 59.191652443313544,
  "focus": 9.963417044190104
}