{
  "engajamentoneural": 75.82879974069844,
  "cognitivedemand": 78.39233696360985,
  "focus": 68.27129097874159
}