{
  "engajamentoneural": 82.33068903538897,
  "cognitivedemand": 82.10366292413036,
  "focus": 8.02754024719956
}