{
  "engajamentoneural": 82.9660146557962,
  "cognitivedemand": 89.58739655426024,
  "focus": 12.045001373347919
}