{
  "engajamentoneural": 72.47958928429476,
  "cognitivedemand": 65.95483908292134,
  "focus": 46.592141638628156
}