{
  "engajamentoneural": 71.11127303505758,
  "cognitivedemand": 73.0881862661367,
  "focus": 9.6119039402512
}