{
  "engajamentoneural": 84.30135856996085,
  "cognitivedemand": 82.83183363302953,
  "focus": 8.092294502038367
}