{
  "engajamentoneural": 67.49868220617566,
  "cognitivedemand": 95.9893786481031,
  "focus": 43.19173565642897
}