{
  "engajamentoneural": 84.22833284863205,
  "cognitivedemand": 96.71137728092513,
  "focus": 8.29058842788568
}