{
  "engajamentoneural": 65.9020242661368,
  "cognitivedemand": 81.58694174451504,
  "focus": 15.32743281462201
}