{
  "engajamentoneural": 74.13896987607413,
  "cognitivedemand": 91.6581372467511,
  "focus": 15.815160399657424
}