{
  "engajamentoneural": 59.96645729618872,
  "cognitivedemand": 86.2610823715736,
  "focus": 9.774161166189543
}