{
  "engajamentoneural": 88.21352655571776,
  "cognitivedemand": 87.7813095264617,
  "focus": 7.923363966512098
}