{
  "engajamentoneural": 70.85476964363865,
  "cognitivedemand": 96.96802606415832,
  "focus": 7.870173063826358
}