{
  "engajamentoneural": 70.90991902584878,
  "cognitivedemand": 95.22490813604401,
  "focus": 10.260543220179507
}