{
  "engajamentoneural": 69.56055238481017,
  "cognitivedemand": 65.79514476610501,
  "focus": 8.740468333073359
}