{
  "engajamentoneural": 40.85726616009961,
  "cognitivedemand": 55.539988665197505,
  "focus": 10.000281368801556
}