{
  "engajamentoneural": 90.56759494285144,
  "cognitivedemand": 88.4843380361055,
  "focus": 18.307115660885188
}