{
  "engajamentoneural": 74.24921542124909,
  "cognitivedemand": 86.1196716799245,
  "focus": 10.164171854362491
}