{
  "engajamentoneural": 66.0944840639663,
  "cognitivedemand": 88.20910579397272,
  "focus": 10.17527828847542
}