{
  "engajamentoneural": 75.44890348122576,
  "cognitivedemand": 88.82238465261445,
  "focus": 8.770586345811404
}