{
  "engajamentoneural": 66.99839572798793,
  "cognitivedemand": 90.22643117254489,
  "focus": 57.574691706716344
}