{
  "engajamentoneural": 57.86441031624372,
  "cognitivedemand": 56.35978999432726,
  "focus": 17.732768062819826
}