{
  "engajamentoneural": 76.72467067656177,
  "cognitivedemand": 71.00519986202258,
  "focus": 8.127353693196127
}