{
  "engajamentoneural": 75.75902387562516,
  "cognitivedemand": 83.31765835547486,
  "focus": 12.306677609436845
}