{
  "engajamentoneural": 62.83622110353667,
  "cognitivedemand": 95.18780641757745,
  "focus": 8.3924846192313
}