{
  "engajamentoneural": 66.96712331170941,
  "cognitivedemand": 77.01195715359273,
  "focus": 13.093706772801482
}