{
  "engajamentoneural": 81.21425663555435,
  "cognitivedemand": 77.86630119899016,
  "focus": 8.396296025399796
}