{
  "engajamentoneural": 73.62647584094475,
  "cognitivedemand": 90.28455659721415,
  "focus": 12.589851083162419
}