{
  "engajamentoneural": 79.83304478989795,
  "cognitivedemand": 74.37445205932586,
  "focus": 8.50605067215453
}