{
  "engajamentoneural": 81.21425663555435,
  "cognitivedemand": 77.86627546213009,
  "focus": 8.396296025399796
}