{
  "engajamentoneural": 50.33044596294383,
  "cognitivedemand": 76.07758877780492,
  "focus": 31.866005340741786
}