{
  "engajamentoneural": 82.61661798783084,
  "cognitivedemand": 79.68508977181838,
  "focus": 12.74460353941822
}