{
  "engajamentoneural": 50.822223757756646,
  "cognitivedemand": 55.88973823238661,
  "focus": 14.972671943582538
}