{
  "engajamentoneural": 73.91706622860754,
  "cognitivedemand": 92.21157000753789,
  "focus": 10.624434198821909
}