{
  "engajamentoneural": 67.9475650709472,
  "cognitivedemand": 75.91236779769778,
  "focus": 11.078759559835882
}