{
  "engajamentoneural": 90.36141693483444,
  "cognitivedemand": 93.56177093885574,
  "focus": 9.495773895597015
}