{
  "engajamentoneural": 79.6613695610919,
  "cognitivedemand": 94.13830299836955,
  "focus": 7.94292884357064
}