{
  "engajamentoneural": 85.53091555190225,
  "cognitivedemand": 58.655123728338964,
  "focus": 82.93416991307339
}