{
  "engajamentoneural": 69.32886899590525,
  "cognitivedemand": 72.46753318337042,
  "focus": 42.71191437082636
}