{
  "engajamentoneural": 79.63050463921789,
  "cognitivedemand": 95.8764157704064,
  "focus": 7.931049014986868
}