{
  "engajamentoneural": 94.16829889744717,
  "cognitivedemand": 78.90578607195896,
  "focus": 47.66996341442176
}