{
  "engajamentoneural": 41.35938387626811,
  "cognitivedemand": 76.69262671724312,
  "focus": 44.48734632166615
}