{
  "engajamentoneural": 65.81307664802918,
  "cognitivedemand": 60.42855694660971,
  "focus": 14.649333862250625
}