{
  "engajamentoneural": 83.88217232380785,
  "cognitivedemand": 89.41544079314863,
  "focus": 7.948971579933484
}