{
  "engajamentoneural": 72.8177041503495,
  "cognitivedemand": 85.5518481111534,
  "focus": 68.57078565957809
}