{
  "engajamentoneural": 74.49698296397969,
  "cognitivedemand": 81.2961737523049,
  "focus": 15.087842571937514
}