{
  "engajamentoneural": 62.257108143389736,
  "cognitivedemand": 84.14664171035662,
  "focus": 8.38959511546662
}