{
  "engajamentoneural": 72.12016442406734,
  "cognitivedemand": 56.943067842433514,
  "focus": 51.85527024233535
}