{
  "engajamentoneural": 71.20811057221114,
  "cognitivedemand": 95.59771045054256,
  "focus": 8.06016233271938
}