{
  "engajamentoneural": 78.5735006223574,
  "cognitivedemand": 80.86374162671073,
  "focus": 8.09111146819359
}