{
  "engajamentoneural": 71.3495287692593,
  "cognitivedemand": 82.8255286962835,
  "focus": 10.865971367012929
}