{
  "engajamentoneural": 74.81561224467072,
  "cognitivedemand": 97.39585355982918,
  "focus": 27.07179889009964
}