{
  "engajamentoneural": 80.26239020844459,
  "cognitivedemand": 73.84844768464747,
  "focus": 26.146160171252752
}