{
  "engajamentoneural": 68.09388974625152,
  "cognitivedemand": 51.381289976148615,
  "focus": 10.76410170637978
}