{
  "engajamentoneural": 80.36531656162774,
  "cognitivedemand": 86.63233473637678,
  "focus": 8.883968668108388
}