{
  "engajamentoneural": 79.14585687794211,
  "cognitivedemand": 88.61415765766384,
  "focus": 7.849365572113176
}