{
  "engajamentoneural": 72.03205415047233,
  "cognitivedemand": 53.77935416673112,
  "focus": 60.37603171867227
}