{
  "engajamentoneural": 84.07521773065956,
  "cognitivedemand": 59.64625811424732,
  "focus": 28.910504258842117
}