{
  "engajamentoneural": 73.7856280655496,
  "cognitivedemand": 89.9865112922494,
  "focus": 8.171286765079632
}