{
  "engajamentoneural": 74.5709404697746,
  "cognitivedemand": 67.87597223273893,
  "focus": 7.934900792781963
}