{
  "engajamentoneural": 70.6482470383678,
  "cognitivedemand": 64.58534568692947,
  "focus": 18.338020823714697
}