{
  "engajamentoneural": 88.02500964540624,
  "cognitivedemand": 92.07200690897228,
  "focus": 9.96261119941748
}