{
  "engajamentoneural": 81.14275308060404,
  "cognitivedemand": 60.441352330039614,
  "focus": 9.343361085071876
}