{
  "engajamentoneural": 82.43171928186456,
  "cognitivedemand": 92.5505700757882,
  "focus": 7.864210322024712
}