{
  "engajamentoneural": 72.26674859550691,
  "cognitivedemand": 52.046578015190256,
  "focus": 9.169790211563079
}