{
  "engajamentoneural": 80.47867830128375,
  "cognitivedemand": 91.58304080391663,
  "focus": 8.384332494696922
}