{
  "engajamentoneural": 81.84433172859431,
  "cognitivedemand": 66.84848238314247,
  "focus": 8.13675026500773
}