{
  "engajamentoneural": 89.85271214367971,
  "cognitivedemand": 92.83596060734418,
  "focus": 8.794730832156183
}