{
  "engajamentoneural": 68.2102565894032,
  "cognitivedemand": 76.83746715463016,
  "focus": 14.137542074175524
}