{
  "engajamentoneural": 60.84396590604453,
  "cognitivedemand": 50.293352978160634,
  "focus": 15.097613889793138
}