{
  "engajamentoneural": 68.33696993980652,
  "cognitivedemand": 48.34455831456337,
  "focus": 8.590123376758552
}