{
  "engajamentoneural": 56.714690943592714,
  "cognitivedemand": 87.33315783303436,
  "focus": 10.620003223710505
}