{
  "engajamentoneural": 76.39503388657434,
  "cognitivedemand": 90.80958700807135,
  "focus": 22.33813322317405
}