{
  "engajamentoneural": 69.94788192372555,
  "cognitivedemand": 71.5145887102545,
  "focus": 41.76333827984797
}