{
  "engajamentoneural": 73.20230764736704,
  "cognitivedemand": 86.75109590684237,
  "focus": 27.082305711360423
}