{
  "engajamentoneural": 78.90791437097796,
  "cognitivedemand": 79.88154715866087,
  "focus": 13.481453582548353
}