{
  "engajamentoneural": 81.40070747660181,
  "cognitivedemand": 51.112042576060645,
  "focus": 11.977732873799818
}