{
  "engajamentoneural": 68.92157475938305,
  "cognitivedemand": 65.02494820058844,
  "focus": 9.433943000332846
}