{
  "engajamentoneural": 68.54168278844477,
  "cognitivedemand": 77.99752050524411,
  "focus": 10.96761779195916
}