{
  "engajamentoneural": 65.38718736053544,
  "cognitivedemand": 73.87366769421182,
  "focus": 7.921954223858774
}