{
  "engajamentoneural": 68.34186320097962,
  "cognitivedemand": 83.40098325360763,
  "focus": 9.350954174727534
}