{
  "engajamentoneural": 78.53721154390496,
  "cognitivedemand": 90.71026565607264,
  "focus": 7.896426316425043
}