{
  "engajamentoneural": 76.016029424715,
  "cognitivedemand": 77.35456761613426,
  "focus": 7.904215186458563
}