{
  "engajamentoneural": 80.12644453006016,
  "cognitivedemand": 87.74449526695274,
  "focus": 7.943760977483905
}