{
  "engajamentoneural": 70.54669689006363,
  "cognitivedemand": 55.80230715978376,
  "focus": 8.884894071012074
}