{
  "engajamentoneural": 59.60249307007557,
  "cognitivedemand": 66.05944084827073,
  "focus": 21.28843414398862
}