{
  "engajamentoneural": 70.21292629614337,
  "cognitivedemand": 81.85444878005079,
  "focus": 12.540635479866635
}