{
  "engajamentoneural": 88.30455359341296,
  "cognitivedemand": 92.09694385291952,
  "focus": 15.665746783342316
}