{
  "engajamentoneural": 80.04967646948195,
  "cognitivedemand": 81.32518076782532,
  "focus": 9.971645931850869
}