{
  "engajamentoneural": 72.67946381652366,
  "cognitivedemand": 58.662705298424655,
  "focus": 32.02913123335428
}