{
  "engajamentoneural": 92.16893201228604,
  "cognitivedemand": 92.39612944801772,
  "focus": 10.645482334159851
}