{
  "engajamentoneural": 71.14244765017807,
  "cognitivedemand": 64.74387603259547,
  "focus": 8.706735219061024
}