{
  "engajamentoneural": 83.31802314534806,
  "cognitivedemand": 74.31865438489417,
  "focus": 28.228130741447433
}