{
  "engajamentoneural": 76.3630230380376,
  "cognitivedemand": 97.0020929742205,
  "focus": 9.212652787347263
}