{
  "engajamentoneural": 89.63931204904625,
  "cognitivedemand": 94.43395148893589,
  "focus": 11.606871004792453
}