{
  "engajamentoneural": 68.13018417652788,
  "cognitivedemand": 97.11933842469107,
  "focus": 9.067162715671984
}