{
  "engajamentoneural": 72.99386076787884,
  "cognitivedemand": 86.238364706694,
  "focus": 22.010026533180348
}