{
  "engajamentoneural": 72.26710208137686,
  "cognitivedemand": 76.5238653940921,
  "focus": 11.33960175286941
}