{
  "engajamentoneural": 67.53860786039536,
  "cognitivedemand": 86.6242813318697,
  "focus": 13.127143745355419
}