{
  "engajamentoneural": 72.65060616427047,
  "cognitivedemand": 56.752587345939,
  "focus": 8.495669436396192
}