{
  "engajamentoneural": 91.59184347690028,
  "cognitivedemand": 93.58371538112851,
  "focus": 9.900758607026084
}