{
  "engajamentoneural": 75.79065452012877,
  "cognitivedemand": 83.57220253459921,
  "focus": 12.835875518168116
}