{
  "engajamentoneural": 51.39490554749614,
  "cognitivedemand": 37.36348745365948,
  "focus": 19.146051830565682
}