{
  "engajamentoneural": 52.58803660330321,
  "cognitivedemand": 87.33991294338466,
  "focus": 9.738149779485372
}