{
  "engajamentoneural": 7.615344203769031,
  "cognitivedemand": 66.05346255148542,
  "focus": 8.238331019618839
}