{
  "engajamentoneural": 57.77619365299312,
  "cognitivedemand": 63.91392798081657,
  "focus": 65.25815187203156
}