{
  "engajamentoneural": 87.28068275137757,
  "cognitivedemand": 89.31360024437308,
  "focus": 8.213265742516729
}