{
  "engajamentoneural": 67.02380843466568,
  "cognitivedemand": 60.60882091090102,
  "focus": 18.026412747665766
}