{
  "engajamentoneural": 74.63901064553612,
  "cognitivedemand": 83.10872731024841,
  "focus": 9.550084074742538
}