{
  "engajamentoneural": 76.03983395240735,
  "cognitivedemand": 79.57413235730637,
  "focus": 21.84604382429287
}