{
  "engajamentoneural": 87.26703109965945,
  "cognitivedemand": 88.6205614780177,
  "focus": 9.463379257002735
}