{
  "engajamentoneural": 76.92455073694026,
  "cognitivedemand": 92.51363786234523,
  "focus": 10.53829457738269
}