{
  "engajamentoneural": 83.03225298205561,
  "cognitivedemand": 85.55166149462475,
  "focus": 7.965169842295894
}