{
  "engajamentoneural": 91.17376497963501,
  "cognitivedemand": 96.10009744136423,
  "focus": 10.12267782549352
}