{
  "engajamentoneural": 80.78685934161696,
  "cognitivedemand": 83.03021938301637,
  "focus": 9.66809474934247
}