{
  "engajamentoneural": 58.833137484355355,
  "cognitivedemand": 67.33629757342034,
  "focus": 8.562865192329605
}