{
  "engajamentoneural": 57.609616280233666,
  "cognitivedemand": 37.81956395332999,
  "focus": 30.651968619931857
}