{
  "engajamentoneural": 73.44651529465968,
  "cognitivedemand": 91.18118644304786,
  "focus": 9.471757830470096
}