{
  "engajamentoneural": 72.39298219027957,
  "cognitivedemand": 79.19192518463424,
  "focus": 8.754977852547263
}