{
  "engajamentoneural": 49.566427258621545,
  "cognitivedemand": 42.150207359911136,
  "focus": 25.841009898774804
}