{
  "engajamentoneural": 79.57137660919977,
  "cognitivedemand": 77.69738447757933,
  "focus": 8.039857535283868
}