{
  "engajamentoneural": 94.06143619092467,
  "cognitivedemand": 93.82473508771227,
  "focus": 8.70921992708309
}