{
  "engajamentoneural": 79.01901380004868,
  "cognitivedemand": 98.9289006560108,
  "focus": 10.919449858940222
}