{
  "engajamentoneural": 71.9764058472881,
  "cognitivedemand": 59.07910994694174,
  "focus": 27.55031058365285
}