{
  "engajamentoneural": 53.42609645474064,
  "cognitivedemand": 47.969388356429185,
  "focus": 27.498387408982474
}