{
  "engajamentoneural": 84.8452009068663,
  "cognitivedemand": 60.85729868955283,
  "focus": 19.535794087582413
}