{
  "engajamentoneural": 73.7136432611385,
  "cognitivedemand": 75.98874666063784,
  "focus": 26.679292141671297
}