{
  "engajamentoneural": 80.66011069033021,
  "cognitivedemand": 67.5013831504836,
  "focus": 14.989145325500886
}