{
  "engajamentoneural": 52.935145594613985,
  "cognitivedemand": 62.68577197858398,
  "focus": 12.425726384583168
}