{
  "engajamentoneural": 79.71309238042538,
  "cognitivedemand": 95.9642515725832,
  "focus": 7.922250230945349
}