{
  "engajamentoneural": 89.06852401785301,
  "cognitivedemand": 67.82941948080278,
  "focus": 26.02377288647023
}