{
  "engajamentoneural": 84.06116642048245,
  "cognitivedemand": 88.30982423184291,
  "focus": 7.924953742141505
}