{
  "engajamentoneural": 83.98209777940984,
  "cognitivedemand": 95.50665454411765,
  "focus": 10.666783578650897
}