{
  "engajamentoneural": 2.583881451445214,
  "cognitivedemand": 20.591046101339757,
  "focus": 11.486414764312203
}