{
  "engajamentoneural": 73.01117147508538,
  "cognitivedemand": 71.53853069181729,
  "focus": 7.879387778801306
}