{
  "engajamentoneural": 70.70162021017751,
  "cognitivedemand": 73.40157707215396,
  "focus": 29.042604679549456
}