{
  "engajamentoneural": 72.04594731674808,
  "cognitivedemand": 59.339601703576065,
  "focus": 48.927298062399316
}