{
  "engajamentoneural": 81.37997372038971,
  "cognitivedemand": 89.3459638121003,
  "focus": 8.664386601790873
}