{
  "engajamentoneural": 77.13360620035196,
  "cognitivedemand": 91.83727233865872,
  "focus": 8.044177970086142
}