{
  "engajamentoneural": 85.76621043687834,
  "cognitivedemand": 80.55995758814863,
  "focus": 10.364700551743834
}