{
  "engajamentoneural": 81.27135318928626,
  "cognitivedemand": 96.66126906315581,
  "focus": 8.193186513915096
}