{
  "engajamentoneural": 78.56663785991367,
  "cognitivedemand": 84.62492013467676,
  "focus": 9.391306199901518
}