{
  "engajamentoneural": 69.92832088906778,
  "cognitivedemand": 84.43871106690543,
  "focus": 7.841707852817303
}