{
  "engajamentoneural": 71.99700459849927,
  "cognitivedemand": 59.15734740190056,
  "focus": 8.01373835791399
}