{
  "engajamentoneural": 69.33178030075722,
  "cognitivedemand": 69.5582274864498,
  "focus": 7.918302088461671
}