{
  "engajamentoneural": 77.96529723363052,
  "cognitivedemand": 57.88136103067988,
  "focus": 12.548251548537781
}