{
  "engajamentoneural": 56.892188461752,
  "cognitivedemand": 70.68906273782993,
  "focus": 10.213813388426685
}