{
  "engajamentoneural": 64.66191122113874,
  "cognitivedemand": 41.46563372265099,
  "focus": 28.129835539943194
}