{
  "engajamentoneural": 67.61404272977522,
  "cognitivedemand": 83.11031014858156,
  "focus": 9.363779783296899
}