{
  "engajamentoneural": 75.81227502012975,
  "cognitivedemand": 65.87486992994872,
  "focus": 72.99176238941129
}