{
  "engajamentoneural": 70.3013058253485,
  "cognitivedemand": 84.07682186393653,
  "focus": 9.574973519989992
}