{
  "engajamentoneural": 84.56344522467234,
  "cognitivedemand": 87.7106023525202,
  "focus": 8.66038588224769
}