{
  "engajamentoneural": 85.73622486850786,
  "cognitivedemand": 90.32386410730051,
  "focus": 7.936091772051346
}