{
  "engajamentoneural": 84.40999184654069,
  "cognitivedemand": 81.36379875544787,
  "focus": 8.106424052394923
}