{
  "engajamentoneural": 62.83642731737835,
  "cognitivedemand": 85.90998620441589,
  "focus": 10.146296518934484
}