{
  "engajamentoneural": 82.29718567409454,
  "cognitivedemand": 86.76621758218603,
  "focus": 8.511949931105445
}