{
  "engajamentoneural": 65.62225151983797,
  "cognitivedemand": 89.55214610247386,
  "focus": 8.199355934747565
}