{
  "engajamentoneural": 67.42242227534365,
  "cognitivedemand": 75.42174151870414,
  "focus": 10.952093355507952
}