{
  "engajamentoneural": 72.41862562926967,
  "cognitivedemand": 70.3452798161747,
  "focus": 18.501283001427126
}