{
  "engajamentoneural": 63.798094271388294,
  "cognitivedemand": 74.72173437077066,
  "focus": 27.1276509153371
}