{
  "engajamentoneural": 77.56970570436042,
  "cognitivedemand": 66.2395562702635,
  "focus": 68.2963201161593
}