{
  "engajamentoneural": 82.54895817205193,
  "cognitivedemand": 68.77487357906038,
  "focus": 56.596610749577025
}