{
  "engajamentoneural": 86.49185726479554,
  "cognitivedemand": 83.67625788094215,
  "focus": 8.160613409907569
}