{
  "engajamentoneural": 91.04996840662916,
  "cognitivedemand": 89.01617089884093,
  "focus": 8.220347681251239
}