{
  "engajamentoneural": 73.34560126199527,
  "cognitivedemand": 63.067930814676565,
  "focus": 52.98438903449673
}