{
  "engajamentoneural": 73.90121703562255,
  "cognitivedemand": 84.31033353622708,
  "focus": 8.13155800497547
}