{
  "engajamentoneural": 79.59989211722551,
  "cognitivedemand": 74.07093422755392,
  "focus": 17.39274114011615
}