{
  "engajamentoneural": 79.1353425685859,
  "cognitivedemand": 70.53120535020426,
  "focus": 13.536420883053712
}