{
  "engajamentoneural": 73.56830258320693,
  "cognitivedemand": 81.08696143391082,
  "focus": 18.450748088729174
}