{
  "engajamentoneural": 70.97357877002125,
  "cognitivedemand": 62.132653356342956,
  "focus": 17.626909861223194
}