{
  "engajamentoneural": 74.10793646428208,
  "cognitivedemand": 94.67104085746398,
  "focus": 10.859491159759106
}