{
  "engajamentoneural": 82.25943947533925,
  "cognitivedemand": 79.63495008434136,
  "focus": 14.722399375343143
}