{
  "engajamentoneural": 75.07971318830225,
  "cognitivedemand": 56.468231868392024,
  "focus": 50.311291598820915
}