{
  "engajamentoneural": 73.30385829289159,
  "cognitivedemand": 73.54660985993858,
  "focus": 19.5783307775786
}