{
  "engajamentoneural": 75.41005482551,
  "cognitivedemand": 91.75161033744492,
  "focus": 16.944899526246825
}