{
  "engajamentoneural": 65.33699869307891,
  "cognitivedemand": 86.22938088357331,
  "focus": 7.848168796887989
}