{
  "engajamentoneural": 67.882805919018,
  "cognitivedemand": 70.11912378806106,
  "focus": 8.127660915516532
}