{
  "engajamentoneural": 86.79482368685156,
  "cognitivedemand": 92.71098189268056,
  "focus": 8.094335243665363
}