{
  "engajamentoneural": 87.29424727270269,
  "cognitivedemand": 86.90258724709004,
  "focus": 8.104673307425614
}