{
  "engajamentoneural": 83.4324996280237,
  "cognitivedemand": 55.02955571902051,
  "focus": 22.85588566133192
}