{
  "engajamentoneural": 70.88900483825765,
  "cognitivedemand": 58.36059289308167,
  "focus": 12.133665587242803
}