{
  "engajamentoneural": 69.10604996095168,
  "cognitivedemand": 90.25039632756837,
  "focus": 73.10357796198403
}