{
  "engajamentoneural": 81.19370317149708,
  "cognitivedemand": 65.35842306567841,
  "focus": 10.360198469859094
}