{
  "engajamentoneural": 72.75821446053874,
  "cognitivedemand": 57.822744708781904,
  "focus": 10.32986961710829
}