{
  "engajamentoneural": 67.17743322582575,
  "cognitivedemand": 83.70459383716337,
  "focus": 11.169571429095804
}