{
  "engajamentoneural": 80.82446969838877,
  "cognitivedemand": 77.59396364643713,
  "focus": 9.663521599712954
}