{
  "engajamentoneural": 79.7783387035028,
  "cognitivedemand": 91.9893976319846,
  "focus": 7.8660517347281855
}