{
  "engajamentoneural": 75.20584070901128,
  "cognitivedemand": 90.11866126790441,
  "focus": 10.364252691969611
}