{
  "engajamentoneural": 86.25709015139459,
  "cognitivedemand": 82.0069451036047,
  "focus": 15.948332786705466
}