{
  "engajamentoneural": 89.44959704975004,
  "cognitivedemand": 87.67505787428857,
  "focus": 11.410851548427804
}