{
  "engajamentoneural": 89.68257669953692,
  "cognitivedemand": 89.51761725686359,
  "focus": 8.074530200623498
}