{
  "engajamentoneural": 74.92349377011595,
  "cognitivedemand": 53.23965362053025,
  "focus": 12.510630513680553
}