{
  "engajamentoneural": 69.24053646160407,
  "cognitivedemand": 84.25625256721287,
  "focus": 8.223305759137878
}