{
  "engajamentoneural": 90.92584922374805,
  "cognitivedemand": 88.24141487802297,
  "focus": 8.52487016362069
}