{
  "engajamentoneural": 70.27749543788003,
  "cognitivedemand": 92.58189277359475,
  "focus": 8.9218246618058
}