{
  "engajamentoneural": 79.44774687770435,
  "cognitivedemand": 60.78770334799227,
  "focus": 9.179799928224908
}