{
  "engajamentoneural": 80.54597563446163,
  "cognitivedemand": 82.62851844640757,
  "focus": 9.740862316574294
}