{
  "engajamentoneural": 75.4477197987177,
  "cognitivedemand": 94.73254669809099,
  "focus": 9.332855767260417
}