{
  "engajamentoneural": 12.753298750554897,
  "cognitivedemand": 42.70865408498107,
  "focus": 44.46279953956916
}