{
  "engajamentoneural": 69.85191154868559,
  "cognitivedemand": 76.46220627455097,
  "focus": 9.669023402898102
}