{
  "engajamentoneural": 81.631205629529,
  "cognitivedemand": 65.28731555313063,
  "focus": 8.649278788120363
}