{
  "engajamentoneural": 82.93276844178673,
  "cognitivedemand": 75.5225764454942,
  "focus": 20.956155266595154
}