{
  "engajamentoneural": 55.32330871682961,
  "cognitivedemand": 84.96614041162942,
  "focus": 7.984996597825966
}