{
  "engajamentoneural": 72.90681138575017,
  "cognitivedemand": 84.45800304798519,
  "focus": 7.843909880670297
}