{
  "engajamentoneural": 71.39751173057019,
  "cognitivedemand": 83.60163529154492,
  "focus": 7.917925158714478
}