{
  "engajamentoneural": 72.34559116244014,
  "cognitivedemand": 86.3601482723158,
  "focus": 9.199661005137294
}