{
  "engajamentoneural": 65.31189535463201,
  "cognitivedemand": 84.75029071183997,
  "focus": 9.128586063046672
}