{
  "engajamentoneural": 87.3735968194937,
  "cognitivedemand": 72.08897384847577,
  "focus": 17.142773396559342
}