{
  "engajamentoneural": 69.18155036948707,
  "cognitivedemand": 56.59560005084675,
  "focus": 12.501120180117642
}