{
  "engajamentoneural": 81.919800949049,
  "cognitivedemand": 85.08209406154778,
  "focus": 11.653785767944624
}