{
  "engajamentoneural": 71.60998999734073,
  "cognitivedemand": 76.47933794765814,
  "focus": 9.439751033748212
}