{
  "engajamentoneural": 90.41937177189784,
  "cognitivedemand": 95.31646497371715,
  "focus": 10.352041632292819
}