{
  "engajamentoneural": 79.15819458606761,
  "cognitivedemand": 63.614746513471275,
  "focus": 13.53519106685772
}