{
  "engajamentoneural": 81.80656895351278,
  "cognitivedemand": 55.668451967625835,
  "focus": 60.393355652687106
}