{
  "engajamentoneural": 70.35884383175322,
  "cognitivedemand": 65.70581953332882,
  "focus": 7.889934693519662
}