{
  "engajamentoneural": 77.30535997889487,
  "cognitivedemand": 81.73251987221602,
  "focus": 18.12637196115372
}