{
  "engajamentoneural": 84.73026785889756,
  "cognitivedemand": 38.97787422916647,
  "focus": 21.617785989774173
}