{
  "engajamentoneural": 75.7995991879926,
  "cognitivedemand": 90.5442734865386,
  "focus": 43.7610624979684
}