{
  "engajamentoneural": 79.98103107637309,
  "cognitivedemand": 84.74527311952727,
  "focus": 7.907648172315351
}