{
  "engajamentoneural": 77.46118067899823,
  "cognitivedemand": 72.26989441049133,
  "focus": 8.97147957492621
}