{
  "engajamentoneural": 73.88860464642664,
  "cognitivedemand": 53.60455229206658,
  "focus": 91.23242872191261
}