{
  "engajamentoneural": 76.43050863973642,
  "cognitivedemand": 90.71105867622506,
  "focus": 23.008051596399326
}