{
  "engajamentoneural": 66.89407729138019,
  "cognitivedemand": 89.66035610282484,
  "focus": 14.40260547797816
}