{
  "engajamentoneural": 79.29660279735018,
  "cognitivedemand": 88.48003762886717,
  "focus": 11.949163412549746
}