{
  "engajamentoneural": 65.26559404154801,
  "cognitivedemand": 59.47547098070747,
  "focus": 16.74409460157278
}