{
  "engajamentoneural": 89.24854499494732,
  "cognitivedemand": 96.6027587087857,
  "focus": 8.365607869285796
}