{
  "engajamentoneural": 52.13279738682658,
  "cognitivedemand": 45.930102019861366,
  "focus": 22.580043093469136
}