{
  "engajamentoneural": 64.48727096900403,
  "cognitivedemand": 56.64953120797666,
  "focus": 7.84776001670322
}