{
  "engajamentoneural": 81.62912418848187,
  "cognitivedemand": 89.06585987064703,
  "focus": 8.97479965303023
}