{
  "engajamentoneural": 66.94510168896774,
  "cognitivedemand": 54.554743015662034,
  "focus": 8.333041141622722
}