{
  "engajamentoneural": 76.63238669903554,
  "cognitivedemand": 59.257579628606415,
  "focus": 11.742775766976866
}