{
  "engajamentoneural": 71.55870214309437,
  "cognitivedemand": 80.71177538315305,
  "focus": 7.843077257050801
}