{
  "engajamentoneural": 76.2490735593501,
  "cognitivedemand": 69.51431702877689,
  "focus": 10.272130977549843
}