{
  "engajamentoneural": 67.13453891957377,
  "cognitivedemand": 88.66429488051043,
  "focus": 8.435890269227864
}