{
  "engajamentoneural": 68.52446034329213,
  "cognitivedemand": 67.39281812344427,
  "focus": 26.405891818819015
}