{
  "engajamentoneural": 83.84022426175702,
  "cognitivedemand": 79.53127407536053,
  "focus": 12.242562642721833
}