{
  "engajamentoneural": 69.91236703066306,
  "cognitivedemand": 77.83351243767046,
  "focus": 24.03698103251548
}