{
  "engajamentoneural": 85.78700365053476,
  "cognitivedemand": 83.23423346757305,
  "focus": 9.624491799979484
}