{
  "engajamentoneural": 82.88912735054093,
  "cognitivedemand": 93.44900730799705,
  "focus": 7.844975248887209
}