{
  "engajamentoneural": 73.3193624800177,
  "cognitivedemand": 68.86927667294164,
  "focus": 8.4901886926672
}