{
  "engajamentoneural": 89.36256455636439,
  "cognitivedemand": 91.32954543040428,
  "focus": 8.623206655790305
}