{
  "engajamentoneural": 81.27602931300362,
  "cognitivedemand": 96.32037529621739,
  "focus": 9.16905854046297
}