{
  "engajamentoneural": 76.0815916779857,
  "cognitivedemand": 83.64294927044776,
  "focus": 10.062026959951599
}