{
  "engajamentoneural": 86.63039287980536,
  "cognitivedemand": 82.45638675305453,
  "focus": 8.04936986338436
}