{
  "engajamentoneural": 73.87725081817906,
  "cognitivedemand": 84.76206838742421,
  "focus": 8.641288869966735
}