{
  "engajamentoneural": 74.80666305466525,
  "cognitivedemand": 85.89532873354183,
  "focus": 8.404040665623768
}