{
  "engajamentoneural": 60.64397325585895,
  "cognitivedemand": 84.95355016606328,
  "focus": 9.967057289847814
}