{
  "engajamentoneural": 86.18399253790241,
  "cognitivedemand": 91.42007415962792,
  "focus": 8.425935132102857
}