{
  "engajamentoneural": 93.52888142969611,
  "cognitivedemand": 93.49693796398381,
  "focus": 23.772581009204373
}