{
  "engajamentoneural": 7.459718810284299,
  "cognitivedemand": 49.03042884033215,
  "focus": 28.480934262804503
}