{
  "engajamentoneural": 67.04917229660204,
  "cognitivedemand": 51.270819063814876,
  "focus": 21.334104503911888
}