{
  "engajamentoneural": 81.75858163983594,
  "cognitivedemand": 95.70371625221216,
  "focus": 8.329464147282085
}