{
  "engajamentoneural": 51.97509662962329,
  "cognitivedemand": 56.514005641235975,
  "focus": 23.276800106406593
}