{
  "engajamentoneural": 82.86251913436122,
  "cognitivedemand": 79.87152663051371,
  "focus": 8.596175485272383
}