{
  "engajamentoneural": 91.74343831460196,
  "cognitivedemand": 88.11635691765717,
  "focus": 18.16042463418144
}