{
  "engajamentoneural": 77.35740408393632,
  "cognitivedemand": 91.85143590386957,
  "focus": 18.395877072470167
}