{
  "engajamentoneural": 57.207084528018335,
  "cognitivedemand": 54.743882548594435,
  "focus": 16.891363333508693
}