{
  "engajamentoneural": 91.32695702928604,
  "cognitivedemand": 95.65004113215524,
  "focus": 8.2730293585902
}