{
  "engajamentoneural": 64.07130031486652,
  "cognitivedemand": 59.87902436641351,
  "focus": 12.084599260981111
}