{
  "engajamentoneural": 84.06006841053083,
  "cognitivedemand": 96.91024939031087,
  "focus": 12.441919319435769
}