{
  "engajamentoneural": 70.99416455089269,
  "cognitivedemand": 54.45601911374987,
  "focus": 8.639846879691548
}