{
  "engajamentoneural": 65.22733028316672,
  "cognitivedemand": 82.59053213310888,
  "focus": 8.740052679912559
}