{
  "engajamentoneural": 67.19344694187693,
  "cognitivedemand": 76.1107079025487,
  "focus": 18.480146361678095
}