{
  "engajamentoneural": 69.48424647269611,
  "cognitivedemand": 86.11516758720273,
  "focus": 15.980991940356159
}