{
  "engajamentoneural": 69.97219140666299,
  "cognitivedemand": 93.0514129905772,
  "focus": 12.203934110863424
}