{
  "engajamentoneural": 54.32287455190982,
  "cognitivedemand": 56.43717307279377,
  "focus": 14.402775349561825
}