{
  "engajamentoneural": 69.51022631216108,
  "cognitivedemand": 72.27506651935059,
  "focus": 8.540573848241873
}