{
  "engajamentoneural": 79.05297848959503,
  "cognitivedemand": 64.02076218725374,
  "focus": 81.21277832523022
}