{
  "engajamentoneural": 80.5251988084902,
  "cognitivedemand": 84.83735836804041,
  "focus": 7.907563415489105
}