{
  "engajamentoneural": 68.15820322316932,
  "cognitivedemand": 75.975596268129,
  "focus": 9.471040272742348
}