{
  "engajamentoneural": 77.78031000402024,
  "cognitivedemand": 95.37273503824622,
  "focus": 16.50985369214233
}