{
  "engajamentoneural": 68.44824705485614,
  "cognitivedemand": 86.18339150190742,
  "focus": 7.86837112479537
}