{
  "engajamentoneural": 94.2912547805364,
  "cognitivedemand": 86.43083260335654,
  "focus": 16.157845224737265
}