{
  "engajamentoneural": 80.36846175597528,
  "cognitivedemand": 95.18682931968799,
  "focus": 9.718266542745035
}