{
  "engajamentoneural": 55.5055322565161,
  "cognitivedemand": 84.40742789185843,
  "focus": 20.231282798904804
}