{
  "engajamentoneural": 82.70772244807982,
  "cognitivedemand": 83.00344265151833,
  "focus": 8.83463157081803
}