{
  "engajamentoneural": 77.68354583075437,
  "cognitivedemand": 93.3749883927835,
  "focus": 11.612872774799454
}