{
  "engajamentoneural": 78.89882156482238,
  "cognitivedemand": 87.37264636109043,
  "focus": 7.985764049232502
}