{
  "engajamentoneural": 86.40069721223595,
  "cognitivedemand": 85.13518007501409,
  "focus": 8.231628029823934
}