{
  "engajamentoneural": 85.05622099142232,
  "cognitivedemand": 85.60253596949985,
  "focus": 14.803731404833243
}