{
  "engajamentoneural": 83.4614707750583,
  "cognitivedemand": 79.86516117914545,
  "focus": 11.88128536690054
}