{
  "engajamentoneural": 76.05946228101534,
  "cognitivedemand": 76.11476265756727,
  "focus": 11.014692494658185
}