{
  "engajamentoneural": 69.18777942964215,
  "cognitivedemand": 73.07797570618744,
  "focus": 12.812835875418106
}