{
  "engajamentoneural": 79.17509228968976,
  "cognitivedemand": 58.44827025549305,
  "focus": 17.848148266943365
}