{
  "engajamentoneural": 91.40094035905838,
  "cognitivedemand": 79.79376621795242,
  "focus": 20.901050813046453
}