{
  "engajamentoneural": 87.68882778808711,
  "cognitivedemand": 88.33914567984371,
  "focus": 8.70120868127966
}