{
  "engajamentoneural": 71.13521686105088,
  "cognitivedemand": 55.425349859621164,
  "focus": 9.563048708026379
}