{
  "engajamentoneural": 73.04260189138098,
  "cognitivedemand": 71.44641305552688,
  "focus": 9.63049510907541
}