{
  "tempos": [
    0.0,
    0.5,
    1.0,
    1.5,
    2.0,
    2.5,
    3.0,
    3.5,
    4.0,
    4.5,
    5.0,
    5.5,
    6.0,
    6.5,
    7.0,
    7.5,
    8.0,
    8.5,
    9.0,
    9.5,
    10.0,
    10.5,
    11.0,
    11.5,
    12.0,
    12.5,
    13.0,
    13.5,
    14.0,
    14.5,
    15.0
  ],
  "engajamentoneural": [
    60.81226666546231,
    69.09958688268148,
    79.61330882787408,
    86.6567669160596,
    89.52094373218031,
    89.58313476186356,
    87.92227244281233,
    85.31991586049608,
    82.48896538189705,
    80.01893734657016,
    78.27936042563095,
    77.37196169226728,
    77.13305417804625,
    77.23287702619214,
    77.37203701359793,
    77.45771095046082,
    77.61332983357174,
    77.99147242163768,
    78.55581441813591,
    79.05339529633451,
    79.18711050227917,
    78.80437517725728,
    77.98014492079388,
    76.98620423719738,
    76.14691736731336,
    75.62829804427413,
    75.31646237008873,
    74.91274320635797,
    74.19691949249354,
    73.27662630161656,
    72.59810900691612
  ],
  "cognitivedemand": [
    45.38620404721756,
    49.55154904898367,
    56.1397623315807,
    62.6412809538123,
    65.2133371315736,
    65.41758888488937,
    65.4592934448728,
    65.47630647604369,
    54.461223145000034,
    48.249567106209945,
    58.62098581093669,
    60.482604641780576,
    61.601625650268026,
    61.79605758514379,
    60.143026947105945,
    30.89121409875162,
    31.264547682183306,
    49.71182934619781,
    53.46666903483747,
    55.27349490806008,
    55.47086493374692,
    55.38893484377386,
    48.35613459138176,
    26.9973150582425,
    42.744539893980864,
    54.451734888757485,
    56.37317694929661,
    56.56054288736339,
    56.56055530891478,
    56.560667157655466,
    56.560555308505585
  ],
  "focus": [
    7.877935536786172,
    8.453739152866946,
    14.305847098556415,
    9.654026776248337,
    14.31345856505622,
    11.986534146093037,
    8.498402238692345,
    8.246502600506975,
    8.534093792616428,
    15.995497424575742,
    24.485376460607863,
    15.720008629569644,
    12.658734775466558,
    11.793813593661007,
    10.89981640416579,
    10.723758686886777,
    13.871629929545074,
    24.75858681673072,
    34.714850623717375,
    32.867791295945096,
    28.877976551431004,
    24.34937411344552,
    22.632598412620567,
    18.914410296794745,
    11.924123859434678,
    19.471791090204075,
    15.76021818289695,
    12.925582972041534,
    10.906250442895786,
    10.550153860651129,
    10.664525117118654
  ]
}