{
  "engajamentoneural": 75.57110928163651,
  "cognitivedemand": 80.69732732438187,
  "focus": 9.310352321721993
}