{
  "engajamentoneural": 77.45897612116404,
  "cognitivedemand": 72.33093909876364,
  "focus": 58.70312529929584
}