{
  "engajamentoneural": 68.25228766429879,
  "cognitivedemand": 80.6963966885368,
  "focus": 8.398524446106247
}