{
  "engajamentoneural": 74.3858571793243,
  "cognitivedemand": 90.99775558710348,
  "focus": 8.122272010457232
}