{
  "engajamentoneural": 77.38967623596086,
  "cognitivedemand": 77.33116271149666,
  "focus": 8.030835809779614
}