{
  "engajamentoneural": 74.72536287027044,
  "cognitivedemand": 73.81393065467556,
  "focus": 7.968726497912426
}