{
  "engajamentoneural": 84.00476693180826,
  "cognitivedemand": 69.76643786800996,
  "focus": 10.456354800759794
}