{
  "engajamentoneural": 78.95191109469508,
  "cognitivedemand": 70.06733676773311,
  "focus": 21.487020764027932
}