{
  "engajamentoneural": 78.3844001618317,
  "cognitivedemand": 74.20010819441104,
  "focus": 8.49593336586203
}