{
  "engajamentoneural": 78.13319189613199,
  "cognitivedemand": 86.09425407928485,
  "focus": 8.25023340418527
}