{
  "engajamentoneural": 75.72419015231165,
  "cognitivedemand": 72.9601798627488,
  "focus": 24.270053523
}