{
  "tempos": [
    0.0,
    0.5,
    1.0,
    1.5,
    2.0,
    2.5,
    3.0,
    3.5,
    4.0,
    4.5,
    5.0,
    5.5,
    6.0,
    6.5,
    7.0,
    7.5,
    8.0,
    8.5,
    9.0,
    9.5,
    10.0,
    10.5,
    11.0,
    11.5,
    12.0,
    12.5,
    13.0,
    13.5,
    14.0,
    14.5,
    15.0
  ],
  "engajamentoneural": [
    61.65117254911425,
    69.84682681213816,
    80.08923860706322,
    86.77246905768256,
    89.27308210728543,
    88.90481737957492,
    86.68521270555168,
    83.4436560677551,
    80.01064591334027,
    77.04571359335773,
    74.88251624439235,
    73.52945878391294,
    72.76608668450744,
    72.29042527994822,
    71.88344381910034,
    71.52017435127405,
    71.3438482661841,
    71.49359160991072,
    71.92531283847539,
    72.40112752158898,
    72.65011823262525,
    72.54567537112044,
    72.17734396032422,
    71.79081840455119,
    71.62174635604435,
    71.72002376783513,
    71.90467250557884,
    71.89440185203414,
    71.52390243471238,
    70.91027659451984,
    70.42847292399796
  ],
  "cognitivedemand": [
    45.06602332868033,
    49.948850221013835,
    57.77833322666682,
    66.46236664988551,
    70.07719795132084,
    70.3717802240788,
    70.39993800984486,
    70.41972494819322,
    59.05626279837943,
    54.03843074766472,
    59.92078660522606,
    59.92089715573925,
    60.6228116580138,
    59.91382604741251,
    59.06788140841985,
    31.907508981401648,
    34.44113735428093,
    58.69669777646341,
    63.25483074974216,
    65.78815772500386,
    66.00337729591686,
    65.9086389869866,
    56.91295714524714,
    28.385387913856082,
    49.32816631157039,
    64.27819717511052,
    66.56114768029188,
    66.77446811663297,
    66.77448412881297,
    66.77268234031317,
    66.77200811457978
  ],
  "focus": [
    7.869889161643998,
    8.662720233345413,
    11.458794754024177,
    8.887488029457643,
    13.814822831661793,
    10.442908391565139,
    8.319836251753076,
    8.034495628487969,
    8.920489290081804,
    8.677396344794362,
    9.586478030463752,
    10.928663684583531,
    9.34639968361011,
    8.70910413745963,
    8.38236615010284,
    8.641826753450573,
    8.289865619262308,
    12.448505052728219,
    15.05911302145877,
    15.213390602557398,
    17.102990136311476,
    11.768618139031064,
    10.349031457325612,
    9.670451960830064,
    11.320842813060903,
    22.89451369373361,
    20.38010416670358,
    15.737885965018336,
    13.078887514710386,
    13.080460188794264,
    13.403659753038154
  ]
}