{
  "engajamentoneural": 73.96740096209098,
  "cognitivedemand": 75.00982304286318,
  "focus": 8.915484247494575
}