{
  "engajamentoneural": 70.13641087052349,
  "cognitivedemand": 80.1685485906114,
  "focus": 8.662512266724098
}