{
  "engajamentoneural": 81.91423261171735,
  "cognitivedemand": 55.58135590006822,
  "focus": 13.407333895834551
}