{
  "engajamentoneural": 66.67940261402696,
  "cognitivedemand": 80.54049769506717,
  "focus": 32.65097471869115
}