{
  "engajamentoneural": 74.90451641038926,
  "cognitivedemand": 67.01180063787557,
  "focus": 71.26296752460945
}