{
  "engajamentoneural": 79.44541468403645,
  "cognitivedemand": 83.26236980580293,
  "focus": 17.247351605369452
}