{
  "engajamentoneural": 79.00130817999766,
  "cognitivedemand": 86.64960878489187,
  "focus": 33.252207088793014
}