{
  "tempos": [
    0.0,
    0.5,
    1.0,
    1.5,
    2.0,
    2.5,
    3.0,
    3.5,
    4.0,
    4.5,
    5.0,
    5.5,
    6.0,
    6.5,
    7.0,
    7.5,
    8.0,
    8.5,
    9.0,
    9.5,
    10.0,
    10.5,
    11.0,
    11.5,
    12.0,
    12.5,
    13.0,
    13.5,
    14.0,
    14.5,
    15.0
  ],
  "engajamentoneural": [
    62.05896261970841,
    70.10205025522343,
    80.09506285671048,
    86.54919703226257,
    88.84637939803459,
    88.23272685166563,
    85.7088470149319,
    82.17286988257145,
    78.55944866699146,
    75.58635210002375,
    73.56683635002584,
    72.43615412378864,
    71.88937439946137,
    71.545473408848,
    71.09310174750514,
    70.38113677843545,
    69.42965748078797,
    68.36329767186358,
    67.31379780225461,
    66.36318725122688,
    65.56653962474302,
    65.02192113270402,
    64.89725796309908,
    65.33771916371609,
    66.29662590999871,
    67.46234119781404,
    68.39111848673133,
    68.74256361063595,
    68.45394975703748,
    67.79523021762749,
    67.26141858259763
  ],
  "cognitivedemand": [
    44.929428469180806,
    50.35242889504626,
    58.29410652004269,
    66.83456918790087,
    69.76467732964687,
    69.99493619981773,
    70.03491942883096,
    70.06273864805281,
    58.81332523147298,
    54.35834437506741,
    60.375605889058164,
    60.36774009472095,
    61.079617512458476,
    60.3625568574508,
    59.50875301710276,
    32.03650452870007,
    35.52320413473768,
    47.415172838950014,
    48.61051164274906,
    48.6102671603554,
    48.60811758763237,
    48.60804740186536,
    43.46897848697722,
    28.24770637993566,
    49.559395636780124,
    64.61944110570346,
    66.91417042553701,
    67.14002467477768,
    67.14002902003583,
    67.13463762592995,
    67.13311297440404
  ],
  "focus": [
    7.891714556145568,
    8.53889181700734,
    11.567806978368337,
    8.700777003859908,
    13.628158033489854,
    11.404090058653386,
    8.601941669845505,
    8.122520281583775,
    8.947557458544837,
    8.653367802083542,
    9.862595815085239,
    10.876825115308622,
    9.417913306329892,
    8.704049094847239,
    8.383631848320329,
    8.726353867665841,
    9.251020695325419,
    11.649948289450904,
    14.273935140371353,
    13.606067565124855,
    12.856759065598446,
    12.44988132512686,
    12.640520014742151,
    11.766401964182672,
    16.989272026450234,
    28.260308728668853,
    22.8993988666333,
    16.049109853403465,
    13.442741295506044,
    13.516639287333884,
    13.803095456012615
  ]
}