{
  "tempos": [
    0.0,
    0.5,
    1.0,
    1.5,
    2.0,
    2.5,
    3.0,
    3.5,
    4.0,
    4.5,
    5.0,
    5.5,
    6.0,
    6.5,
    7.0,
    7.5,
    8.0,
    8.5,
    9.0,
    9.5,
    10.0,
    10.5,
    11.0,
    11.5,
    12.0,
    12.5,
    13.0,
    13.5,
    14.0,
    14.5,
    15.0
  ],
  "engajamentoneural": [
    65.02301923143577,
    71.34426214945191,
    78.90987593857007,
    83.4068876035646,
    84.17675921185639,
    82.12091550084624,
    78.40598176467616,
    74.24960786544648,
    70.52020777944968,
    67.53355271780104,
    65.28636708378176,
    63.74121764392916,
    62.8958511085444,
    62.702406769620225,
    63.01238763979047,
    63.625691789970006,
    64.38280792985654,
    65.20077886971067,
    66.0297014366673,
    66.7959820491132,
    67.39787427697638,
    67.74381887869733,
    67.78232686408295,
    67.50464482565472,
    66.9332758600186,
    66.10223729166019,
    65.02736735827473,
    63.698594765940044,
    62.16160039362194,
    60.67149718428959,
    59.71346279926598
  ],
  "cognitivedemand": [
    30.8018338376717,
    66.7730190837108,
    77.50391550364263,
    78.44589162372458,
    78.97930770927866,
    78.60256337192794,
    79.57283836056152,
    80.01308475759845,
    80.52063024412391,
    69.3035578790672,
    38.425028476791006,
    46.30646196694752,
    55.94941180445696,
    58.220688759111184,
    58.05616345916128,
    58.06031854310125,
    57.85807602508548,
    42.38049904298043,
    50.374465916824825,
    56.261748218745794,
    55.262958445109945,
    55.24756384650881,
    55.23370921608251,
    50.54683402174257,
    41.2471425409725,
    49.750357832439356,
    50.51361459087222,
    49.512991479428216,
    50.15363364049847,
    50.49826587156499,
    50.4982766503224
  ],
  "focus": [
    7.915593411279122,
    8.723005398153834,
    10.00741264751983,
    8.745288273742757,
    9.558423669262421,
    12.156749740846504,
    12.36022757034775,
    12.760207915359322,
    12.44276425601729,
    14.7586856634553,
    18.271618426309175,
    16.226149464439967,
    50.04754019648558,
    52.14930544746564,
    44.61103656649578,
    38.35305027142603,
    35.94427547439513,
    35.310529983424544,
    31.488282917548872,
    17.445091632918192,
    12.402124604338711,
    12.83962727402116,
    12.701810745059937,
    13.52120234488536,
    21.602425941999606,
    37.65552515001808,
    33.32310581108582,
    27.75534026900013,
    23.330909280189807,
    20.580027198057103,
    19.140730031095387
  ]
}