{
  "tempos": [
    0.0,
    0.5,
    1.0,
    1.5,
    2.0,
    2.5,
    3.0,
    3.5,
    4.0,
    4.5,
    5.0,
    5.5,
    6.0,
    6.5,
    7.0,
    7.5,
    8.0,
    8.5,
    9.0,
    9.5,
    10.0,
    10.5,
    11.0,
    11.5,
    12.0,
    12.5,
    13.0,
    13.5,
    14.0,
    14.5,
    15.0
  ],
  "engajamentoneural": [
    69.06193789250335,
    75.6749332253085,
    83.3162081274234,
    87.72644519979539,
    88.63926989440223,
    86.97023508867619,
    83.56458327958161,
    79.3370537281077,
    75.10712300243051,
    71.35885175094499,
    68.33678744424007,
    66.20797526474604,
    65.03689502612598,
    64.69485349586763,
    64.8898494205299,
    65.3047181215578,
    65.71568984053636,
    66.02620490108511,
    66.23803682217981,
    66.39861952850909,
    66.55137439723266,
    66.71421094826312,
    66.8939346426379,
    67.10479082178665,
    67.34703832907097,
    67.55460206802563,
    67.57494497922598,
    67.2321937051037,
    66.47254445328656,
    65.51433021382476,
    64.82770216746042
  ],
  "cognitivedemand": [
    32.13486415740651,
    70.61671790366604,
    83.96211295034057,
    84.98892001990366,
    85.62388532400304,
    85.15064655940606,
    85.80243491718156,
    86.1528293094851,
    85.97225906232715,
    51.7171039894748,
    36.49974087085119,
    47.30349959011571,
    56.33085499885199,
    58.39296619885472,
    58.23098748586952,
    58.221605215605365,
    58.03215870181862,
    43.851948507542865,
    56.54818912281272,
    63.566833467523715,
    62.31814429235447,
    62.28346013942307,
    62.270912552939706,
    55.6549654159862,
    42.34632302429988,
    50.47487724373571,
    51.280263964869256,
    50.25663073353291,
    50.92276216019693,
    51.276140140644266,
    51.27613758607077
  ],
  "focus": [
    34.41660252766419,
    17.05642899907326,
    9.444444139261357,
    12.968949027735771,
    27.448381474967256,
    21.72402022034779,
    16.916619321393533,
    11.40692755980506,
    10.372585201509455,
    9.292514154283072,
    16.04207901873525,
    48.763515472870154,
    66.1716653872816,
    57.079079078582325,
    32.611346223493896,
    32.41066364742161,
    37.99195633313923,
    43.19726900905549,
    28.27846509028631,
    11.94005734185814,
    19.132755536381786,
    14.0300990604239,
    12.875189775155329,
    10.466188336168395,
    16.927458685880637,
    36.97922632730735,
    46.74619238124705,
    43.40060442276308,
    40.36808119322975,
    36.208038581294424,
    37.580914430992
  ]
}