{
  "engajamentoneural": 68.66842343392375,
  "cognitivedemand": 76.29528488286593,
  "focus": 7.951203867234202
}