{
  "engajamentoneural": 77.37564868449755,
  "cognitivedemand": 72.55969998243653,
  "focus": 19.756103496214838
}