{
  "engajamentoneural": 86.05441268236217,
  "cognitivedemand": 59.39837689096472,
  "focus": 10.03160169634234
}