{
  "engajamentoneural": 79.37635480785497,
  "cognitivedemand": 78.17502849048422,
  "focus": 8.035929503037242
}