{
  "engajamentoneural": 58.63261239933577,
  "cognitivedemand": 65.50485656885922,
  "focus": 44.40676347483762
}