{
  "engajamentoneural": 65.99046312600544,
  "cognitivedemand": 74.2682402783481,
  "focus": 8.480608586223216
}