{
  "engajamentoneural": 75.04439706506281,
  "cognitivedemand": 68.94364212850826,
  "focus": 41.46827123970224
}