{
  "engajamentoneural": 73.69695869345847,
  "cognitivedemand": 67.67133580464734,
  "focus": 71.15329219289971
}