{
  "engajamentoneural": 66.99912533717571,
  "cognitivedemand": 80.83896285411178,
  "focus": 33.263561493191126
}