{
  "engajamentoneural": 88.36799285699192,
  "cognitivedemand": 71.70366409869713,
  "focus": 8.606222892799575
}