{
  "engajamentoneural": 75.33626986451422,
  "cognitivedemand": 75.6886179424437,
  "focus": 8.750574017777124
}