{
  "tempos": [
    0.0,
    0.5,
    1.0,
    1.5,
    2.0,
    2.5,
    3.0,
    3.5,
    4.0,
    4.5,
    5.0,
    5.5,
    6.0,
    6.5,
    7.0,
    7.5,
    8.0,
    8.5,
    9.0,
    9.5,
    10.0,
    10.5,
    11.0,
    11.5,
    12.0,
    12.5,
    13.0,
    13.5,
    14.0,
    14.5,
    15.0
  ],
  "engajamentoneural": [
    55.70764385652856,
    63.40947032032187,
    73.61499758006103,
    80.83143896468485,
    83.73292769084182,
    83.44814871379171,
    81.39866092676814,
    78.93046335748622,
    77.07399876879926,
    76.23958229926427,
    76.26215080362027,
    76.70121034768442,
    77.11227754828471,
    77.18828781228979,
    76.8242409266072,
    76.13544573797506,
    75.38328580420486,
    74.79521835019743,
    74.4093389496047,
    74.08998959487543,
    73.67470029535173,
    73.09438968481456,
    72.39296027121081,
    71.68537516361256,
    71.09950844770415,
    70.70318848329727,
    70.43069027706564,
    70.08973936953514,
    69.5170959737833,
    68.78968118405083,
    68.25478915216998
  ],
  "cognitivedemand": [
    22.516479520708028,
    34.01141447308245,
    65.43319504575022,
    70.85266996091923,
    71.73139034017662,
    71.75221667871224,
    66.8598674033021,
    39.9052778981018,
    64.07666862846659,
    76.09515394943435,
    80.53320380555618,
    81.1189171944793,
    81.11647959243025,
    80.52194311271344,
    48.3036673522293,
    35.63241110844148,
    52.96057881201284,
    65.13968550772913,
    70.35577391795925,
    70.4928530124762,
    70.4935507260379,
    70.80246474863831,
    70.9426998858489,
    70.85482376034793,
    70.37759773962273,
    35.6427593113843,
    46.045832588015664,
    64.34809153449133,
    67.66297480448249,
    67.6901194618574,
    67.69566552528175
  ],
  "focus": [
    8.166429841845687,
    12.330338477506096,
    15.38520158497723,
    10.52537893848535,
    17.75581462864359,
    22.64356221771809,
    17.629546973984112,
    8.094155769213843,
    12.658823858791678,
    8.87765497808002,
    7.858299063646852,
    7.831637829364388,
    7.844771681792347,
    7.866035103696047,
    7.874511836743414,
    7.8361434391355225,
    7.893246128497436,
    16.676492608932136,
    31.46757236070793,
    19.516848231339452,
    14.02528749847842,
    12.804153750669487,
    12.617654375390435,
    11.977917599310908,
    12.329716362576523,
    13.668984770088977,
    12.371437994769558,
    29.291014081433964,
    39.1333830089284,
    30.624201015089717,
    20.262836727451383
  ]
}