{
  "engajamentoneural": 79.59593548813882,
  "cognitivedemand": 77.47698420437655,
  "focus": 14.05938155232147
}