{
  "engajamentoneural": 85.61682042117332,
  "cognitivedemand": 80.35404362610888,
  "focus": 14.71963944044088
}