{
  "engajamentoneural": 62.65127340611858,
  "cognitivedemand": 49.43361497047591,
  "focus": 82.87426244801858
}