{
  "engajamentoneural": 55.02043029374667,
  "cognitivedemand": 44.04812834388536,
  "focus": 94.82622853245086
}