{
  "tempos": [
    0.0,
    0.5,
    1.0,
    1.5,
    2.0,
    2.5,
    3.0,
    3.5,
    4.0,
    4.5,
    5.0,
    5.5,
    6.0,
    6.5,
    7.0,
    7.5,
    8.0,
    8.5,
    9.0,
    9.5,
    10.0,
    10.5,
    11.0,
    11.5,
    12.0,
    12.5,
    13.0,
    13.5,
    14.0,
    14.5,
    15.0
  ],
  "engajamentoneural": [
    48.80693164831039,
    56.46661813582463,
    67.30131024200897,
    75.66321174151504,
    79.48651965735783,
    79.7151068816002,
    78.00624999348375,
    75.96275359488509,
    74.71034097615859,
    74.58592175311402,
    75.28279212364264,
    76.25271952189013,
    77.01568294230015,
    77.28112359499039,
    76.97710732496152,
    76.24821130600859,
    75.38344735910772,
    74.64679282748557,
    74.11861161604988,
    73.69176164847381,
    73.20381942414302,
    72.56180321841455,
    71.77894466369104,
    70.95335776218596,
    70.22973285770826,
    69.73232879325604,
    69.4627085223602,
    69.25289344881138,
    68.89364692289028,
    68.37428089893038,
    67.96371647983891
  ],
  "cognitivedemand": [
    22.82715028198912,
    31.36383453681516,
    55.84121827972441,
    58.02567743884081,
    58.21404229809236,
    58.27303355147508,
    55.32183089034602,
    35.35499885539336,
    53.29144305527221,
    64.77856227172384,
    69.79152181868902,
    70.57940114967131,
    70.56990303145056,
    69.96353800388484,
    42.44481196591262,
    32.81203444992406,
    46.35131517923468,
    56.94359111845984,
    61.355876119167064,
    61.47116347844375,
    61.47181439753013,
    61.76904129566438,
    61.91835258087197,
    61.81984510115919,
    61.35778019719837,
    32.44182193464559,
    40.87886193398029,
    54.24805812369312,
    56.35129968997828,
    56.37473080517846,
    56.374737338212384
  ],
  "focus": [
    7.901665233415017,
    15.574541654966557,
    11.022873648854192,
    9.04503704437859,
    9.546322890969792,
    10.300812989848383,
    9.439013048803488,
    7.949894836409454,
    11.853910050526176,
    11.511440265313782,
    9.275816606907515,
    7.931933708099612,
    7.910171488752418,
    7.892723011901932,
    7.891533948907694,
    7.843172053229715,
    8.207348857477495,
    15.310238200469746,
    33.68857187653853,
    20.47442643932236,
    12.529414485517748,
    11.059372922434171,
    11.802496744751396,
    11.847979305454437,
    11.483561846687854,
    11.151007679009682,
    15.282302194051802,
    38.05711870328946,
    42.24513077884028,
    32.88219148489629,
    16.389266808209783
  ]
}