{
  "engajamentoneural": 75.15254442295091,
  "cognitivedemand": 78.37857813132918,
  "focus": 7.938466911668951
}