{
  "engajamentoneural": 67.2513739920179,
  "cognitivedemand": 70.6421036552351,
  "focus": 27.940469648990153
}