{
  "engajamentoneural": 71.8877943106624,
  "cognitivedemand": 77.79622353115145,
  "focus": 23.54406565428485
}