{
  "engajamentoneural": 69.35475669962827,
  "cognitivedemand": 80.7884396260031,
  "focus": 14.28628857309957
}