{
  "engajamentoneural": 66.4518465433814,
  "cognitivedemand": 70.61081155289038,
  "focus": 14.145894126505354
}