{
  "engajamentoneural": 74.2702472036466,
  "cognitivedemand": 73.96813209637128,
  "focus": 7.956245012904906
}