{
  "engajamentoneural": 74.91099358981691,
  "cognitivedemand": 80.61427451101513,
  "focus": 15.361927281494058
}